# DreamTalk FLAME 3D Face Mesh (textured)
# 5023 vertices, 9976 faces
mtllib generated_head.mtl
usemtl face_texture

v 0.206987 -0.017644 -0.143908
v 0.215778 -0.019937 -0.139380
v 0.216918 -0.016927 -0.138502
v 0.208006 -0.015460 -0.143234
v 0.235059 -0.020275 -0.163853
v 0.240873 -0.010584 -0.152025
v 0.239693 -0.004622 -0.149475
v 0.240671 -0.005165 -0.156908
v 0.086790 -0.106519 -0.320684
v 0.043385 -0.106334 -0.332326
v 0.045710 -0.131300 -0.326351
v 0.087046 -0.137066 -0.311910
v 0.149961 -0.169414 -0.261060
v 0.134123 -0.154148 -0.275997
v 0.127184 -0.173994 -0.285694
v 0.155530 -0.182328 -0.258509
v 0.111511 0.127096 0.111266
v 0.132609 0.123634 0.094532
v 0.129483 0.107372 0.103191
v -0.215842 -0.035273 -0.132967
v -0.225111 -0.036897 -0.129682
v -0.226189 -0.033786 -0.129396
v -0.216962 -0.033190 -0.132796
v -0.237183 -0.035667 -0.156605
v -0.239147 -0.025898 -0.145723
v -0.237977 -0.019766 -0.143850
v -0.236053 -0.020422 -0.152052
v 0.108712 0.107528 0.115061
v 0.265153 0.034618 -0.192794
v 0.264314 0.027783 -0.196118
v 0.264890 0.023430 -0.191139
v 0.265370 0.029371 -0.187362
v 0.255782 -0.009166 -0.190089
v 0.257643 0.008682 -0.193362
v 0.260594 0.014865 -0.194783
v 0.260391 0.009161 -0.192726
v 0.253934 -0.035565 -0.183683
v 0.251402 -0.033553 -0.183202
v 0.254013 -0.022369 -0.188323
v 0.256836 -0.023346 -0.188816
v 0.225440 -0.083947 -0.122684
v 0.230850 -0.078271 -0.129046
v 0.230645 -0.085408 -0.133341
v 0.220419 -0.090409 -0.129045
v 0.214189 -0.085944 -0.132866
v 0.222866 -0.089402 -0.144598
v 0.221950 -0.079655 -0.149000
v 0.214958 -0.078304 -0.140146
v 0.258578 0.062190 -0.157813
v 0.259275 0.052103 -0.155628
v 0.257438 0.049535 -0.149252
v 0.256409 0.059491 -0.150091
v 0.221781 -0.018539 -0.188014
v 0.217338 -0.036008 -0.186225
v 0.232019 -0.024514 -0.190374
v 0.234385 -0.017207 -0.188979
v 0.257790 0.035624 -0.172577
v 0.256100 0.036628 -0.181688
v 0.256116 0.031040 -0.185127
v 0.255883 0.028761 -0.179078
v 0.259619 0.038549 -0.195324
v 0.258737 0.030605 -0.199022
v 0.224921 -0.062361 -0.118991
v 0.224963 -0.053415 -0.114209
v 0.226027 -0.048653 -0.117454
v 0.224703 -0.052350 -0.123957
v 0.234229 -0.020154 -0.154581
v 0.238790 -0.008140 -0.148115
v 0.245795 -0.063206 -0.172776
v 0.246007 -0.057874 -0.169529
v 0.251310 -0.047424 -0.177213
v 0.251211 -0.051665 -0.181813
v 0.239398 -0.050137 -0.163040
v 0.244788 -0.042792 -0.171402
v 0.246933 -0.041749 -0.175885
v 0.244642 -0.047111 -0.170621
v 0.258385 0.040433 -0.176893
v 0.256538 0.047314 -0.163983
v 0.258926 0.045441 -0.161006
v 0.261801 0.038927 -0.171916
v 0.241246 0.012566 -0.186694
v 0.239364 0.026194 -0.179831
v 0.237246 0.024856 -0.180570
v 0.238622 0.013090 -0.186913
v 0.259313 0.033380 -0.188890
v 0.259693 0.027511 -0.192131
v 0.256507 0.024764 -0.189090
v 0.240996 0.030019 -0.139539
v 0.244995 0.033037 -0.145958
v 0.245292 0.028534 -0.147980
v 0.244571 0.025511 -0.145716
v 0.229577 -0.089519 -0.143193
v 0.215235 -0.059427 -0.170123
v 0.218894 -0.059229 -0.173904
v 0.225118 -0.048390 -0.180862
v 0.221256 -0.044795 -0.182468
v 0.217159 -0.079280 -0.117234
v 0.224349 -0.078453 -0.117887
v 0.224763 -0.081297 -0.120221
v 0.217245 -0.084387 -0.121853
v 0.246451 0.041722 -0.147327
v 0.251502 0.039186 -0.152204
v 0.247349 0.037245 -0.150449
v 0.244431 0.038599 -0.146389
v 0.255159 0.004833 -0.189757
v 0.254624 0.022037 -0.184380
v 0.253810 -0.016626 -0.177455
v 0.252428 -0.016482 -0.184497
v 0.251505 -0.026542 -0.180275
v -0.073009 -0.109152 -0.317250
v -0.028596 -0.107285 -0.331150
v -0.030247 -0.132434 -0.324501
v -0.072179 -0.139725 -0.307605
v 0.251575 -0.026325 -0.174063
v 0.255236 0.003870 -0.177517
v 0.254530 0.002920 -0.185472
v 0.261484 0.022265 -0.187367
v 0.261146 0.007221 -0.190059
v 0.260640 0.024307 -0.189558
v 0.238503 0.034953 -0.170697
v 0.240556 0.043081 -0.180067
v 0.234319 0.027419 -0.188392
v 0.237940 0.028410 -0.176974
v 0.228545 -0.037091 -0.116240
v 0.230223 -0.031195 -0.119875
v 0.227517 -0.036271 -0.124785
v 0.226159 -0.042761 -0.123828
v 0.226874 -0.054717 -0.177996
v 0.220592 -0.063127 -0.172521
v 0.221840 -0.065657 -0.171101
v 0.227910 -0.060078 -0.175162
v 0.255419 0.041060 -0.158113
v 0.256000 0.029935 -0.160900
v 0.253054 0.029795 -0.156796
v 0.232554 -0.047303 -0.145159
v 0.233124 -0.043931 -0.150094
v 0.235803 -0.051546 -0.153054
v 0.235171 -0.057569 -0.148949
v 0.238711 -0.080738 -0.157778
v 0.231633 -0.081518 -0.161236
v 0.227706 -0.085620 -0.151575
v 0.234337 -0.085743 -0.150284
v 0.226354 -0.047075 -0.123764
v 0.227151 -0.044192 -0.116895
v 0.243929 0.012431 -0.192528
v 0.243241 0.028572 -0.184168
v 0.257079 0.025814 -0.173258
v 0.256134 0.019791 -0.178358
v 0.232557 -0.004628 -0.130369
v 0.228911 -0.003886 -0.135327
v 0.229895 -0.006072 -0.134995
v 0.234385 -0.008408 -0.129670
v 0.231740 -0.005600 -0.126708
v 0.233174 -0.009761 -0.126458
v 0.231035 -0.009738 -0.124527
v 0.229975 -0.007518 -0.124044
v 0.227443 -0.003020 -0.136693
v 0.228372 -0.004023 -0.135983
v 0.228693 -0.002614 -0.136017
v 0.237378 0.003515 -0.167358
v 0.234077 -0.015843 -0.170966
v 0.231932 -0.019285 -0.171183
v 0.241645 -0.004577 -0.164066
v 0.253171 -0.014542 -0.187914
v 0.251067 0.051308 -0.137961
v 0.249705 0.059057 -0.136556
v 0.256008 0.064648 -0.148539
v 0.223189 -0.039329 -0.153000
v 0.230339 -0.039011 -0.148494
v 0.230829 -0.039036 -0.142998
v 0.224850 -0.039280 -0.148410
v 0.229035 -0.026157 -0.132585
v 0.224030 -0.033691 -0.132165
v 0.231697 -0.030114 -0.126538
v 0.231420 0.009615 -0.125362
v 0.231477 -0.000326 -0.132549
v 0.230997 -0.002730 -0.129411
v 0.230093 -0.001862 -0.125722
v 0.253370 -0.037949 -0.188100
v 0.255518 -0.024570 -0.193271
v 0.253047 -0.025958 -0.198483
v 0.251207 -0.040047 -0.193055
v 0.221317 -0.069682 -0.113871
v 0.212161 -0.075593 -0.121794
v 0.219729 -0.063730 -0.110626
v 0.265068 0.052865 -0.179391
v 0.261959 0.057180 -0.179394
v 0.261538 0.051564 -0.185690
v 0.265645 0.047292 -0.184921
v 0.234151 0.011199 -0.145954
v 0.233637 0.005647 -0.144720
v 0.233652 0.008764 -0.141442
v 0.232667 0.014542 -0.141905
v 0.158944 -0.074202 -0.271476
v 0.184433 -0.074937 -0.222452
v 0.194652 -0.042619 -0.241179
v 0.173560 -0.042601 -0.281192
v 0.239063 -0.071379 -0.154710
v 0.238899 -0.076998 -0.148451
v 0.237841 0.028991 -0.120540
v 0.236809 0.032859 -0.116113
v 0.239232 0.047612 -0.120453
v 0.240695 0.039771 -0.122739
v 0.259048 0.010628 -0.202852
v 0.263277 0.009271 -0.199312
v 0.244278 0.041550 -0.143603
v 0.249294 0.048731 -0.152498
v 0.246184 0.043656 -0.148640
v 0.243478 0.040195 -0.143408
v 0.244958 0.019780 -0.132684
v 0.246969 0.022829 -0.132913
v 0.241847 0.025868 -0.134654
v 0.239516 0.022360 -0.134890
v 0.238854 0.044624 -0.110806
v 0.240282 0.058949 -0.119394
v 0.210399 -0.057501 -0.169693
v 0.243243 0.025485 -0.125901
v 0.244910 0.032225 -0.126988
v 0.248007 0.027430 -0.132956
v -0.137020 -0.174322 -0.252138
v -0.120960 -0.158884 -0.267627
v -0.112555 -0.176196 -0.278395
v -0.140867 -0.185826 -0.250128
v 0.224443 -0.052450 -0.106784
v 0.226299 -0.046735 -0.112381
v 0.243006 0.039343 -0.142679
v 0.241612 0.036042 -0.141733
v 0.238807 0.025843 -0.136428
v 0.240836 0.022607 -0.142960
v 0.246737 0.007406 -0.167925
v 0.247410 -0.014097 -0.170161
v 0.205413 -0.043899 -0.204791
v 0.200250 -0.066650 -0.170940
v 0.238829 0.027350 -0.135734
v 0.239166 0.028684 -0.135980
v 0.238396 0.026686 -0.134588
v 0.236880 0.024321 -0.136472
v 0.236303 -0.081242 -0.142466
v 0.248463 0.022403 -0.159233
v 0.241998 0.017726 -0.153767
v 0.246783 0.022109 -0.151978
v 0.258320 -0.012185 -0.189281
v 0.262572 0.006509 -0.190090
v 0.264498 0.005893 -0.193324
v 0.259771 -0.012624 -0.191595
v 0.211912 -0.081966 -0.128574
v 0.235308 0.003736 -0.148264
v 0.236814 0.000116 -0.146137
v 0.237245 0.018516 -0.143822
v 0.235488 0.021786 -0.136312
v 0.225644 -0.037778 -0.110623
v 0.258374 0.042963 -0.181517
v 0.259016 0.038846 -0.185213
v 0.256992 0.040627 -0.177962
v 0.256699 0.043729 -0.174144
v 0.255610 0.050717 -0.170116
v 0.253631 0.051090 -0.169261
v 0.257889 0.047181 -0.177075
v 0.242262 0.020003 -0.146566
v 0.245543 0.023066 -0.148401
v 0.232255 -0.051548 -0.142447
v 0.232834 -0.066585 -0.142298
v 0.249335 -0.035284 -0.174737
v 0.247604 -0.033095 -0.168416
v 0.247876 -0.011392 -0.201697
v 0.248662 0.011332 -0.200736
v 0.245914 0.011792 -0.197096
v 0.246371 -0.010457 -0.199063
v 0.236055 -0.002614 -0.189350
v 0.228472 0.000983 -0.189057
v 0.228589 -0.005532 -0.122550
v 0.226166 0.004436 -0.115819
v 0.233688 0.016344 -0.141593
v 0.234312 0.021126 -0.137468
v 0.235690 -0.049073 -0.184511
v 0.226019 -0.066014 -0.164734
v 0.235430 -0.054155 -0.179288
v 0.217263 -0.065794 -0.160131
v 0.216712 -0.067152 -0.153560
v 0.221778 -0.068722 -0.157316
v 0.240040 -0.044545 -0.161079
v 0.244664 -0.041533 -0.167634
v 0.229218 -0.004046 -0.137922
v 0.226403 -0.008721 -0.142003
v 0.224534 -0.004672 -0.137501
v 0.252729 0.005593 -0.172963
v 0.252577 -0.015049 -0.173379
v 0.245330 0.028814 -0.135592
v 0.238569 0.005090 -0.133527
v 0.239873 0.014004 -0.128752
v 0.251361 0.036429 -0.137420
v 0.248576 0.032765 -0.137885
v 0.247409 0.030257 -0.136641
v 0.249490 0.031705 -0.134124
v 0.213723 -0.024947 -0.141715
v 0.219235 -0.029468 -0.136290
v 0.223156 -0.022526 -0.135011
v 0.253488 0.050385 -0.162231
v 0.255469 0.046088 -0.164692
v 0.245366 0.029345 -0.188836
v 0.246308 0.033621 -0.148608
v 0.246285 0.029772 -0.151300
v 0.247919 0.065502 -0.158329
v 0.248984 0.059078 -0.149209
v 0.247766 0.059478 -0.145453
v 0.247331 0.071817 -0.143476
v 0.215604 -0.073694 -0.143864
v 0.221010 -0.073975 -0.150705
v 0.220125 -0.070702 -0.152659
v 0.216443 -0.069971 -0.148150
v 0.230572 -0.038751 -0.140304
v 0.225644 -0.039506 -0.145362
v 0.249892 -0.032794 -0.182009
v 0.249300 -0.034763 -0.179302
v 0.251766 -0.024782 -0.184831
v 0.251518 -0.021560 -0.187523
v 0.234324 0.013461 -0.155809
v 0.235662 0.010589 -0.152298
v 0.241957 0.045447 -0.159324
v 0.247138 0.049031 -0.162687
v 0.248136 0.055406 -0.152231
v 0.243908 0.052065 -0.152315
v 0.248118 0.030040 -0.193703
v 0.246028 0.026012 -0.151313
v 0.246529 0.026605 -0.154214
v 0.246001 0.026988 -0.149324
v 0.237417 0.020138 -0.135541
v 0.242972 0.016677 -0.134955
v 0.250118 0.037382 -0.141911
v 0.254790 0.046062 -0.150121
v 0.253898 0.047012 -0.153724
v 0.248758 0.040154 -0.142454
v 0.241656 0.033137 -0.137173
v 0.047587 -0.078346 -0.346140
v 0.052253 -0.054760 -0.361427
v -0.115110 0.128542 0.109820
v -0.135601 0.124309 0.092670
v -0.131486 0.108998 0.099582
v -0.111657 0.110729 0.111699
v 0.248451 0.057871 -0.133107
v 0.249079 0.061263 -0.142564
v 0.250820 0.063609 -0.145852
v 0.249438 0.060206 -0.135759
v 0.256779 0.040908 -0.172749
v 0.259946 0.031059 -0.187300
v 0.238380 -0.004770 -0.142688
v 0.231345 -0.011134 -0.145409
v 0.207581 -0.012015 -0.144137
v 0.208332 -0.009434 -0.143510
v 0.210046 -0.010383 -0.145965
v 0.209708 -0.012426 -0.147020
v 0.217578 -0.024902 -0.148993
v 0.223473 -0.026732 -0.146795
v 0.221436 -0.029863 -0.141968
v 0.216751 -0.026698 -0.145973
v 0.206382 -0.017399 -0.145585
v 0.206994 -0.014418 -0.144721
v 0.208660 -0.015919 -0.148505
v 0.208222 -0.019277 -0.150662
v 0.251758 0.051477 -0.157856
v 0.255154 0.050002 -0.163513
v 0.263416 0.026827 -0.183507
v 0.263008 0.021424 -0.186926
v 0.260093 0.041413 -0.179760
v 0.260158 0.036461 -0.183356
v 0.228748 -0.024671 -0.119859
v 0.232062 -0.024015 -0.124012
v 0.231789 -0.028104 -0.123814
v 0.265888 0.033305 -0.183264
v 0.265502 0.040852 -0.188656
v 0.225771 -0.069925 -0.118083
v 0.223350 -0.072741 -0.115852
v 0.152009 -0.228483 -0.070675
v 0.179245 -0.211867 -0.108471
v 0.175728 -0.226239 -0.107701
v 0.147771 -0.240605 -0.072786
v 0.248622 0.046232 -0.133777
v 0.245466 0.054022 -0.132683
v 0.206809 -0.022739 -0.146067
v 0.206790 -0.022387 -0.145853
v 0.213517 -0.026417 -0.144309
v 0.217951 -0.013847 -0.138352
v 0.209199 -0.012809 -0.142496
v 0.218719 -0.021466 -0.149525
v 0.218196 -0.009479 -0.143734
v 0.217756 -0.006636 -0.141306
v 0.222332 -0.038091 -0.135288
v 0.224966 -0.039573 -0.139573
v 0.227977 -0.041329 -0.132045
v 0.209169 -0.023527 -0.149722
v 0.236983 0.017034 -0.149804
v 0.225767 -0.021229 -0.147528
v 0.229060 -0.027009 -0.152732
v 0.226901 -0.030677 -0.151115
v 0.224060 -0.025047 -0.148176
v 0.236526 -0.052515 -0.156651
v 0.236314 -0.047524 -0.156828
v 0.222488 -0.038098 -0.158943
v 0.229187 -0.038801 -0.155622
v 0.238113 0.001820 -0.142522
v 0.240688 0.009812 -0.137101
v 0.231142 -0.004152 -0.139392
v 0.226147 -0.016214 -0.144288
v 0.230864 -0.022138 -0.150217
v 0.218143 -0.011493 -0.139079
v 0.225851 -0.010312 -0.135083
v 0.225267 -0.007672 -0.136046
v 0.218046 -0.009214 -0.139795
v 0.250290 0.029823 -0.154489
v 0.242864 0.048421 -0.126951
v 0.246913 0.039315 -0.129813
v 0.245150 0.072234 -0.185737
v 0.238775 0.050282 -0.203593
v 0.246089 0.056601 -0.171942
v 0.220607 -0.018243 -0.147427
v 0.208651 -0.008757 -0.143574
v 0.210489 -0.010186 -0.143131
v 0.248836 -0.043953 -0.176386
v 0.228430 -0.044330 -0.131980
v 0.234870 0.015156 -0.136771
v 0.246554 -0.024557 -0.199413
v 0.244608 -0.038229 -0.193496
v 0.234036 0.018940 -0.137468
v 0.234589 0.021665 -0.137753
v 0.225458 -0.039998 -0.143025
v 0.230281 -0.040268 -0.136492
v 0.235380 0.022377 -0.137009
v 0.233536 -0.025193 -0.127434
v 0.257643 0.029347 -0.169240
v 0.227189 -0.074501 -0.163521
v 0.224276 -0.077182 -0.155399
v 0.210221 -0.010691 -0.142145
v 0.218489 -0.028513 -0.139802
v 0.218975 -0.013600 -0.144769
v 0.230826 -0.015876 -0.132898
v 0.230224 -0.021175 -0.132043
v 0.233229 -0.019479 -0.127179
v 0.230356 -0.037923 -0.160650
v 0.222135 -0.032695 -0.165154
v 0.224683 -0.030725 -0.170673
v 0.234959 -0.034942 -0.163660
v 0.241150 -0.051007 -0.187124
v 0.236270 -0.062477 -0.179514
v 0.242320 -0.067566 -0.178704
v 0.247728 -0.054477 -0.186236
v 0.241472 0.114190 -0.204185
v 0.246788 0.087646 -0.164322
v 0.243359 0.131368 -0.171901
v 0.250331 0.051862 -0.179244
v 0.249039 0.045449 -0.183959
v 0.260515 0.045498 -0.190819
v 0.244751 0.065854 -0.131084
v 0.246746 0.059283 -0.141542
v 0.249588 0.058510 -0.139358
v 0.255468 -0.013021 -0.201241
v 0.235141 0.019598 -0.121372
v 0.240960 0.019482 -0.126349
v 0.233630 -0.044970 -0.186154
v 0.236352 -0.038962 -0.158363
v 0.242146 -0.036877 -0.162529
v 0.260968 0.051983 -0.162688
v 0.256988 0.046823 -0.155499
v 0.041930 -0.267521 0.018542
v 0.041583 -0.270581 0.001743
v 0.027614 -0.044425 0.158724
v 0.030339 -0.045199 0.155482
v 0.026545 -0.041570 0.151891
v 0.025585 -0.041463 0.153472
v 0.028486 -0.065727 0.159896
v 0.027162 -0.062541 0.157839
v 0.030752 -0.063153 0.155636
v 0.032867 -0.065073 0.157317
v 0.023467 -0.041553 0.152566
v 0.020777 -0.044947 0.159864
v 0.023066 -0.044847 0.161844
v 0.024176 -0.041781 0.153280
v 0.263042 0.059935 -0.164224
v 0.039330 -0.063412 0.158714
v 0.036359 -0.059865 0.156853
v 0.037224 -0.057942 0.161407
v 0.042996 -0.059982 0.163591
v 0.017028 -0.060339 0.181746
v 0.020846 -0.054993 0.180887
v 0.018220 -0.057519 0.174802
v 0.016916 -0.062657 0.174418
v 0.026865 -0.054031 0.178824
v 0.032142 -0.053580 0.184800
v 0.037362 -0.053733 0.179024
v 0.031438 -0.055571 0.174454
v 0.020562 -0.054093 0.162118
v 0.022267 -0.058954 0.165989
v 0.018209 -0.051732 0.169776
v 0.036026 -0.053568 0.156968
v 0.035389 -0.056168 0.154297
v 0.030544 -0.047510 0.152680
v 0.031232 -0.047086 0.152446
v 0.171695 -0.201230 -0.067139
v 0.187183 -0.186461 -0.110795
v 0.101216 0.007907 0.096352
v 0.098643 -0.000200 0.099287
v 0.087095 0.002403 0.101430
v 0.089940 0.009636 0.098860
v 0.233125 -0.014486 -0.125636
v 0.230397 -0.012485 -0.123272
v 0.247751 0.038119 -0.188821
v 0.257397 0.043996 -0.178016
v 0.251910 0.056399 -0.173305
v 0.251493 0.061662 -0.160274
v 0.249442 0.058306 -0.156162
v 0.248586 0.052934 -0.167758
v 0.264474 0.043817 -0.175112
v 0.228623 -0.049651 -0.133663
v 0.251401 0.020669 -0.165565
v 0.251578 0.063073 -0.152632
v 0.257625 0.065616 -0.155868
v 0.255272 -0.011145 -0.188907
v 0.265282 0.039738 -0.179732
v 0.262676 0.035886 -0.176056
v 0.252538 0.042656 -0.140071
v 0.231134 -0.024046 -0.172517
v 0.244525 -0.022923 -0.166302
v 0.240353 -0.030307 -0.165014
v -0.267592 0.023172 -0.184024
v -0.267562 0.016330 -0.186398
v -0.270050 0.012018 -0.181956
v -0.269609 0.017852 -0.178643
v -0.262395 -0.022082 -0.180420
v -0.263291 -0.004342 -0.185133
v -0.265276 0.002192 -0.186764
v -0.266163 -0.003478 -0.184165
v 0.229007 -0.029360 -0.172803
v 0.237948 0.007004 -0.149995
v 0.225569 -0.037398 -0.104511
v 0.236147 -0.065029 -0.150252
v -0.261317 -0.048030 -0.173576
v -0.258799 -0.046370 -0.172654
v -0.261907 -0.035068 -0.177037
v -0.265429 -0.035913 -0.178433
v 0.237146 -0.061675 -0.155831
v 0.092806 -0.077168 -0.330585
v 0.103382 -0.051337 -0.343602
v 0.259042 -0.013136 -0.197107
v 0.254053 0.053265 -0.161067
v 0.230525 -0.051565 -0.139572
v 0.229659 -0.065427 -0.134216
v 0.228262 -0.064097 -0.128285
v 0.246817 0.027659 -0.152801
v 0.231917 -0.040928 -0.186470
v 0.231353 -0.034367 -0.189189
v 0.210444 -0.009118 -0.145254
v 0.235323 -0.057942 -0.178896
v 0.226825 -0.069501 -0.163509
v 0.185927 -0.172555 -0.151993
v 0.177687 -0.160044 -0.197573
v -0.231629 -0.092058 -0.109821
v -0.238214 -0.086659 -0.116567
v -0.237478 -0.094113 -0.119988
v -0.226688 -0.097278 -0.115549
v 0.179703 -0.183146 -0.191098
v 0.186096 -0.196600 -0.148936
v 0.223676 -0.001614 -0.106020
v 0.224824 -0.018141 -0.113789
v 0.224719 -0.022210 -0.108592
v 0.093071 -0.254339 0.002736
v 0.077543 -0.263961 -0.014564
v 0.223659 -0.037872 -0.093672
v 0.221583 -0.039102 -0.057930
v 0.224048 0.002288 -0.059314
v 0.222877 -0.011795 -0.089977
v 0.175630 0.078966 0.042444
v 0.181022 0.082801 0.030626
v 0.181592 0.057837 0.027026
v 0.175463 0.059668 0.038397
v 0.056050 0.231197 0.091996
v 0.027405 0.233530 0.097646
v 0.026874 0.251015 0.087260
v 0.056384 0.248091 0.081112
v 0.108990 -0.031541 -0.349461
v 0.113498 -0.005572 -0.356256
v 0.057985 -0.013123 -0.376341
v 0.055128 -0.036800 -0.368224
v 0.059058 0.293141 0.024397
v 0.028436 0.296923 0.031294
v 0.029587 0.310241 0.005990
v -0.218760 -0.092400 -0.118900
v -0.227959 -0.094516 -0.130282
v -0.225631 -0.085944 -0.135004
v -0.218250 -0.085092 -0.126450
v 0.060740 0.305889 -0.000060
v 0.153839 0.005349 0.065918
v 0.162336 -0.007812 0.067189
v 0.150930 -0.010817 0.076701
v 0.144448 0.002793 0.074113
v 0.230238 -0.075207 -0.125972
v 0.228342 -0.073057 -0.122724
v -0.258341 0.051313 -0.151395
v -0.259256 0.041014 -0.149682
v -0.256257 0.038186 -0.144926
v -0.255706 0.048373 -0.144571
v -0.219775 -0.027926 -0.174074
v -0.215996 -0.044698 -0.171504
v -0.231603 -0.033793 -0.175459
v -0.233898 -0.027068 -0.174537
v 0.030971 0.321655 -0.023619
v 0.062828 0.316927 -0.028623
v 0.037730 0.028537 0.118222
v -0.257473 0.022814 -0.167660
v -0.258025 0.023493 -0.175844
v -0.259116 0.017930 -0.178302
v -0.258275 0.015360 -0.172304
v -0.260445 0.026805 -0.186001
v -0.260509 0.019072 -0.189255
v -0.230108 -0.072453 -0.108672
v -0.229811 -0.063991 -0.105374
v -0.232791 -0.059972 -0.108023
v -0.231599 -0.063316 -0.113503
v -0.240090 -0.036496 -0.145767
v -0.240428 -0.023564 -0.141649
v -0.252351 -0.073137 -0.160669
v -0.253350 -0.068147 -0.157231
v -0.258049 -0.058554 -0.166142
v -0.256912 -0.061824 -0.170132
v 0.039186 0.033307 0.110163
v 0.049657 0.022961 0.106996
v 0.048132 0.017187 0.113376
v 0.020680 0.160301 0.126796
v 0.023143 0.180818 0.119246
v 0.049121 0.181670 0.116406
v 0.045566 0.161503 0.125891
v 0.062973 0.016148 0.103698
v 0.060127 0.010461 0.108385
v 0.027101 0.267761 0.070567
v 0.057263 0.264534 0.063661
v 0.061421 0.332641 -0.155415
v -0.248495 -0.062409 -0.150627
v -0.253886 -0.055601 -0.159438
v -0.254809 -0.054281 -0.164496
v -0.253640 -0.059610 -0.158761
v 0.063809 0.333410 -0.133662
v 0.031571 0.339808 -0.134647
v -0.258754 0.028966 -0.170717
v -0.256211 0.036427 -0.158635
v -0.259608 0.034434 -0.154857
v -0.263331 0.027097 -0.164823
v 0.033305 0.337449 -0.166633
v 0.209918 0.002658 -0.253509
v 0.221605 -0.002529 -0.214385
v 0.229954 0.028278 -0.214670
v 0.221263 0.044447 -0.254925
v 0.130433 -0.234731 -0.025114
v 0.115804 -0.248226 -0.038881
v -0.239492 0.001582 -0.174350
v -0.236797 0.014932 -0.168879
v -0.235117 0.013169 -0.167971
v -0.237356 0.001486 -0.172420
v -0.262057 0.020412 -0.182052
v -0.263597 0.014619 -0.184849
v -0.260500 0.011646 -0.181706
v -0.238685 0.016641 -0.136625
v -0.242295 0.019540 -0.142960
v -0.241003 0.015510 -0.145261
v -0.241825 0.011973 -0.142798
v -0.235360 -0.096611 -0.129508
v -0.215387 -0.065832 -0.154557
v -0.219029 -0.065541 -0.157906
v -0.225388 -0.055973 -0.165544
v -0.220758 -0.052555 -0.167330
v 0.151878 0.139513 0.064581
v 0.156737 0.153473 0.056093
v 0.167443 0.134914 0.044179
v 0.162735 0.123338 0.054365
v 0.016344 0.126225 0.135435
v 0.038396 0.126379 0.135574
v 0.033385 0.109128 0.135834
v 0.014427 0.109261 0.136853
v -0.221431 -0.087402 -0.104303
v -0.229909 -0.086714 -0.105743
v -0.230948 -0.089601 -0.107936
v -0.222351 -0.092745 -0.108219
v 0.173443 0.039380 0.037016
v 0.181245 0.033605 0.028997
v 0.178762 0.013290 0.041038
v 0.168278 0.021226 0.046277
v 0.160266 0.009466 0.058830
v -0.243875 0.028620 -0.144543
v -0.248450 0.026669 -0.149873
v -0.243861 0.024517 -0.148247
v -0.241554 0.025495 -0.143811
v 0.169683 -0.003766 0.059021
v -0.261468 -0.008238 -0.181168
v -0.259536 0.008600 -0.176497
v 0.053283 0.206669 0.106918
v 0.025536 0.207318 0.110737
v 0.175869 0.110522 0.035029
v 0.171313 0.102447 0.046872
v 0.029415 0.038164 0.125022
v 0.032290 0.041825 0.114786
v 0.024192 0.054464 0.124837
v -0.260752 -0.029967 -0.166553
v -0.260190 -0.030042 -0.174059
v -0.260022 -0.039937 -0.169074
v -0.258856 -0.039306 -0.162495
v 0.012744 0.055657 0.140032
v 0.011233 0.065778 0.136609
v 0.021530 0.064368 0.127700
v 0.095866 0.161568 0.108290
v 0.100054 0.180175 0.098882
v 0.121538 0.176666 0.084783
v 0.117046 0.158858 0.093468
v 0.058077 0.279240 0.045161
v -0.260031 -0.009560 -0.167965
v -0.260653 -0.010403 -0.176484
v 0.027588 0.282699 0.052249
v 0.011773 0.088777 0.135315
v 0.026118 0.087963 0.130891
v 0.023101 0.078807 0.128111
v -0.265873 0.010089 -0.179065
v -0.267247 -0.005014 -0.181179
v -0.265044 0.012059 -0.181746
v -0.234907 0.023322 -0.160772
v -0.235874 0.031194 -0.170485
v -0.230059 0.016018 -0.177039
v -0.234233 0.016641 -0.165625
v 0.011108 0.080396 0.134616
v 0.073504 0.005633 0.104679
v 0.076233 0.012083 0.101397
v 0.210273 -0.071502 -0.142206
v 0.213419 -0.076399 -0.138775
v 0.235398 0.043940 -0.093482
v 0.226174 0.016278 -0.090432
v 0.228156 0.037143 -0.061450
v 0.227330 0.070928 -0.067457
v 0.232827 0.103591 -0.075024
v 0.230299 0.123090 -0.084391
v 0.239372 0.080695 -0.105946
v 0.239962 0.067744 -0.099017
v 0.168321 -0.173857 -0.229388
v 0.160731 -0.153956 -0.239052
v 0.011303 0.047752 0.148029
v 0.011063 0.039827 0.155348
v 0.063314 0.093283 -0.388809
v -0.235857 -0.049762 -0.108024
v -0.238618 -0.044537 -0.111972
v -0.237106 -0.049881 -0.116230
v -0.235814 -0.056027 -0.113896
v 0.062024 0.058385 -0.389408
v 0.119536 0.069404 -0.365906
v 0.119961 0.102888 -0.364201
v 0.201214 -0.024188 -0.247743
v -0.227866 -0.061949 -0.162826
v -0.221544 -0.068514 -0.156202
v -0.223180 -0.070746 -0.155116
v -0.229371 -0.066355 -0.159685
v 0.212766 -0.024679 -0.210760
v 0.033520 -0.050992 0.161620
v 0.026275 -0.041261 0.149851
v 0.027829 -0.047622 0.153976
v 0.026252 -0.041449 0.149924
v 0.035276 -0.056542 0.168512
v 0.042151 -0.055683 0.172464
v 0.029022 -0.058852 0.153856
v 0.026545 -0.058424 0.155083
v 0.026214 -0.046974 0.154591
v 0.027045 -0.041324 0.150230
v 0.005189 -0.064061 0.189101
v 0.006924 -0.060339 0.198174
v 0.020649 -0.056781 0.194565
v 0.016230 -0.061131 0.188485
v 0.024409 -0.040931 0.151937
v 0.021823 -0.046406 0.157047
v 0.020067 -0.050051 0.173766
v 0.025163 -0.044469 0.161164
v 0.024850 -0.041588 0.153533
v 0.025322 -0.049423 0.171255
v 0.021130 -0.064151 0.167553
v 0.029486 -0.049908 0.167016
v -0.252818 0.028582 -0.154934
v -0.254506 0.016911 -0.156371
v -0.250523 0.017026 -0.153531
v -0.242474 -0.059221 -0.132288
v -0.243994 -0.055742 -0.136937
v -0.244912 -0.063518 -0.140431
v -0.243350 -0.068763 -0.136301
v 0.233617 -0.041614 -0.154746
v 0.201775 -0.155791 -0.094091
v 0.206029 -0.120228 -0.117925
v 0.200685 -0.114934 -0.136975
v -0.243954 -0.088928 -0.144685
v -0.237087 -0.090221 -0.148091
v -0.232761 -0.093344 -0.138373
v -0.239772 -0.093773 -0.137096
v -0.235344 -0.059277 -0.113345
v -0.234336 -0.056260 -0.107842
v -0.244135 0.001161 -0.179040
v -0.243291 0.017096 -0.173002
v 0.193128 -0.150609 -0.124040
v 0.249790 0.026083 -0.156377
v 0.195931 0.155047 -0.005784
v 0.197234 0.183054 -0.025773
v 0.216371 0.153451 -0.058685
v -0.257691 0.012234 -0.166856
v -0.258655 0.006340 -0.170669
v 0.220532 0.128092 -0.050202
v 0.199133 0.209041 -0.044718
v 0.215789 0.181902 -0.074332
v 0.229290 0.150714 -0.101932
v 0.243184 0.096994 -0.140857
v 0.122211 0.041648 0.084701
v 0.122558 0.041310 0.084669
v 0.118385 0.040932 0.088045
v -0.240185 -0.020204 -0.122485
v -0.236432 -0.020339 -0.127060
v -0.237845 -0.022219 -0.126934
v -0.242578 -0.023499 -0.121950
v 0.118512 0.041285 0.087853
v 0.121257 0.042161 0.083352
v 0.116931 0.041792 0.085984
v -0.239215 -0.020453 -0.119165
v -0.241461 -0.024225 -0.118663
v -0.239193 -0.024070 -0.116556
v -0.237855 -0.021979 -0.116214
v 0.124090 0.042395 0.080931
v 0.125021 0.042130 0.081997
v 0.125794 0.041505 0.081956
v 0.076097 0.045813 0.092882
v 0.078544 0.046878 0.091139
v 0.084926 0.044317 0.091959
v 0.082878 0.044161 0.094919
v 0.075558 0.045264 0.093779
v 0.082895 0.043480 0.095742
v -0.235428 -0.020276 -0.127724
v -0.236193 -0.020720 -0.127532
v -0.236323 -0.019505 -0.127374
v -0.235901 -0.012632 -0.160716
v -0.238898 -0.031326 -0.162909
v -0.237481 -0.034549 -0.164438
v -0.239141 -0.019787 -0.160215
v 0.086950 0.049897 0.076551
v 0.085467 0.050821 0.076130
v -0.260477 -0.027821 -0.178101
v 0.089045 0.048848 0.077221
v 0.071284 0.049714 0.086528
v 0.070675 0.054301 0.085644
v -0.250160 0.039342 -0.133891
v -0.249610 0.047527 -0.131312
v -0.255443 0.053633 -0.142430
v 0.083880 0.054826 0.076117
v 0.084381 0.051742 0.075931
v 0.072445 0.048343 0.087267
v -0.234412 -0.051275 -0.139646
v -0.241618 -0.050369 -0.135597
v -0.241010 -0.050358 -0.131135
v -0.236194 -0.051630 -0.135593
v -0.239228 -0.040975 -0.124620
v -0.234357 -0.048100 -0.123634
v -0.241967 -0.044242 -0.118576
v -0.235475 -0.005228 -0.120026
v -0.238243 -0.016426 -0.124825
v -0.237975 -0.018238 -0.121904
v -0.236859 -0.016787 -0.118714
v -0.260545 -0.049589 -0.177076
v -0.263409 -0.036971 -0.182769
v -0.259379 -0.037366 -0.186216
v -0.256459 -0.050947 -0.181318
v 0.068087 0.047744 0.087080
v 0.065315 0.049202 0.085033
v -0.225473 -0.078604 -0.101767
v -0.211579 -0.083989 -0.109354
v -0.224062 -0.073513 -0.100895
v -0.265295 0.041498 -0.172159
v -0.261013 0.045664 -0.172277
v -0.260909 0.039993 -0.177854
v -0.266195 0.035784 -0.177237
v -0.234242 -0.003592 -0.141029
v -0.235189 -0.009172 -0.139547
v -0.234985 -0.006431 -0.136353
v -0.233423 0.000145 -0.137156
v 0.065045 0.054228 0.084938
v 0.096226 0.040559 0.095861
v 0.096860 0.038445 0.096064
v 0.084674 0.039788 0.096565
v 0.083663 0.042087 0.096253
v 0.095627 0.041704 0.095679
v 0.104710 0.041477 0.093269
v 0.104927 0.040241 0.093474
v 0.105502 0.038140 0.093544
v -0.150547 -0.080228 -0.263151
v -0.179639 -0.082387 -0.211250
v -0.189959 -0.049886 -0.230129
v -0.166372 -0.049007 -0.272480
v -0.246454 -0.081209 -0.142394
v -0.245165 -0.086395 -0.136277
v -0.235981 0.015657 -0.120035
v -0.234036 0.019973 -0.115716
v -0.237262 0.035212 -0.118899
v -0.237652 0.026974 -0.121948
v 0.076229 0.042339 0.095702
v 0.075976 0.044411 0.094713
v 0.105857 0.036248 0.093318
v 0.097704 0.036429 0.095992
v -0.262319 -0.001113 -0.191699
v -0.268427 -0.002338 -0.189062
v 0.085238 0.037790 0.096523
v 0.076044 0.041093 0.095959
v 0.068652 0.044012 0.093761
v 0.071843 0.044728 0.094036
v 0.098300 0.034185 0.095290
v 0.098062 0.031630 0.095227
v 0.085279 0.032708 0.096524
v 0.085511 0.035281 0.096474
v -0.242902 0.028781 -0.140060
v -0.247330 0.036384 -0.149191
v -0.244109 0.031037 -0.145681
v -0.241213 0.027410 -0.140494
v -0.245128 0.006431 -0.130069
v -0.246124 0.010146 -0.130570
v -0.240999 0.012542 -0.131346
v -0.239301 0.008674 -0.131678
v 0.106319 0.034129 0.092473
v 0.106507 0.031660 0.092026
v -0.235096 0.032360 -0.110708
v -0.237362 0.047341 -0.118140
v 0.129294 0.041342 0.076859
v 0.130729 0.042493 0.074450
v 0.130900 0.041121 0.074405
v -0.208821 -0.064902 -0.155255
v 0.129886 0.040084 0.075607
v 0.137487 0.035475 0.065159
v 0.140307 0.039779 0.063446
v 0.144587 0.039119 0.058491
v -0.242506 0.012526 -0.124242
v -0.242650 0.019524 -0.125938
v -0.246621 0.015134 -0.130866
v -0.228093 -0.062897 -0.099160
v -0.230912 -0.058033 -0.104247
v -0.240481 0.026236 -0.139967
v -0.239400 0.022822 -0.139013
v -0.237224 0.012351 -0.133239
v -0.239500 0.008832 -0.139793
v 0.141527 0.034124 0.061265
v -0.249820 -0.007189 -0.157764
v -0.253157 -0.028156 -0.160016
v 0.165226 0.014520 0.051711
v 0.147607 0.027947 0.059314
v 0.151463 0.032187 0.054622
v 0.127702 0.040911 0.079174
v 0.125762 0.040459 0.081754
v 0.127515 0.041820 0.079431
v 0.128921 0.042513 0.076832
v 0.128182 0.039315 0.077937
v 0.126102 0.038787 0.080970
v 0.122723 0.040393 0.084427
v 0.122846 0.038466 0.084065
v 0.118569 0.038002 0.087709
v 0.118198 0.040007 0.087898
v 0.112515 0.040084 0.090972
v -0.204466 -0.051181 -0.190725
v -0.197392 -0.075891 -0.158918
v 0.113414 0.041054 0.090575
v 0.112973 0.037927 0.090625
v 0.119135 0.036313 0.086884
v 0.113586 0.036085 0.090308
v 0.123247 0.036750 0.082775
v 0.126687 0.037301 0.079370
v 0.129020 0.038057 0.076312
v 0.131036 0.038977 0.074129
v 0.132146 0.040769 0.072474
v 0.130313 0.036648 0.074370
v 0.132310 0.034898 0.071748
v 0.128923 0.033600 0.075593
v 0.127687 0.035689 0.077718
v 0.132656 0.038019 0.071830
v 0.134950 0.036742 0.068669
v -0.237754 0.013787 -0.132122
v -0.237963 0.015344 -0.132439
v -0.237123 0.013415 -0.131174
v -0.236124 0.010476 -0.132842
v 0.124502 0.035002 0.081405
v 0.125217 0.032921 0.079867
v 0.120007 0.032391 0.084310
v 0.119708 0.034451 0.085781
v -0.242809 -0.090158 -0.130122
v -0.247782 0.009053 -0.152691
v -0.241182 0.005284 -0.149259
v -0.243910 0.009311 -0.148145
v 0.114077 0.034194 0.089270
v 0.114791 0.031752 0.088045
v -0.266187 -0.024562 -0.179255
v -0.270039 -0.005436 -0.181402
v -0.272352 -0.005186 -0.183580
v -0.268968 -0.025007 -0.181863
v 0.095465 0.041560 0.095470
v 0.094946 0.042378 0.092166
v 0.103939 0.041505 0.091097
v 0.105075 0.041250 0.092806
v 0.113641 0.041080 0.090319
v -0.214929 -0.089345 -0.115186
v -0.235701 -0.011307 -0.142763
v -0.238305 -0.015306 -0.140520
v 0.111844 0.041782 0.088742
v 0.103901 0.040804 0.088406
v 0.099690 0.046531 0.077316
v 0.103075 0.046667 0.076539
v 0.111085 0.040834 0.086576
v -0.236185 0.004174 -0.140208
v -0.234945 0.008041 -0.132545
v 0.095878 0.041553 0.089473
v 0.095787 0.046936 0.077960
v 0.087421 0.043726 0.089190
v -0.232127 -0.050188 -0.102712
v 0.091961 0.047822 0.077781
v 0.080499 0.045911 0.089427
v 0.099150 0.076110 0.092285
v 0.098421 0.077455 0.093977
v 0.114310 0.075110 0.092291
v 0.112979 0.073390 0.090760
v 0.150716 0.003025 -0.327173
v 0.155630 0.040711 -0.336473
v 0.118075 0.028809 -0.363321
v 0.119411 0.066910 0.088887
v 0.119124 0.069437 0.088474
v 0.125876 0.066023 0.084643
v 0.125631 0.063531 0.084728
v 0.119494 0.064186 0.089860
v -0.259085 0.030533 -0.176176
v -0.260851 0.025869 -0.178997
v -0.256811 0.028050 -0.172970
v -0.256326 0.031364 -0.169358
v -0.254444 0.038415 -0.165378
v -0.252884 0.039601 -0.164155
v -0.257712 0.035065 -0.172450
v -0.240660 0.007290 -0.143762
v -0.242245 0.010094 -0.145303
v 0.125145 0.060678 0.085294
v 0.112240 0.067731 0.094035
v -0.242220 -0.062559 -0.129156
v -0.240995 -0.076284 -0.129506
v -0.257144 -0.048048 -0.163085
v -0.256990 -0.046200 -0.155693
v -0.252201 -0.022768 -0.187625
v -0.251885 -0.000642 -0.188473
v -0.248407 0.000167 -0.183672
v -0.249196 -0.021145 -0.184803
v 0.112242 0.070579 0.092694
v 0.112144 0.072531 0.091552
v 0.122310 0.056874 0.076171
v 0.120639 0.058797 0.077661
v -0.235066 -0.013302 -0.174665
v -0.226286 -0.009507 -0.175413
v -0.235533 -0.019861 -0.115250
v -0.231795 -0.009499 -0.110285
v -0.234103 0.002277 -0.137332
v -0.234360 0.007094 -0.133865
v -0.237365 -0.056959 -0.169783
v -0.229183 -0.073086 -0.150147
v -0.238350 -0.062449 -0.164935
v -0.219204 -0.073049 -0.145710
v -0.219029 -0.074755 -0.139804
v -0.224986 -0.076352 -0.143514
v 0.122559 0.058004 0.080713
v 0.125089 0.056556 0.077905
v 0.124265 0.055402 0.074748
v 0.126592 0.055227 0.075865
v 0.110248 0.054678 0.070702
v 0.109381 0.055277 0.071359
v 0.108291 0.056242 0.072355
v -0.248918 -0.057144 -0.148970
v -0.252882 -0.054129 -0.155599
v 0.110831 0.053886 0.070217
v -0.237135 -0.021469 -0.129211
v -0.234527 -0.026498 -0.132664
v -0.232720 -0.021706 -0.128496
v -0.257190 -0.008667 -0.163001
v -0.259308 -0.028789 -0.162313
v -0.244239 0.016034 -0.133029
v 0.111075 0.052747 0.069875
v -0.242511 -0.010092 -0.127955
v -0.242328 -0.000351 -0.124561
v -0.250193 0.024446 -0.133917
v -0.247448 0.020471 -0.134591
v -0.246051 0.017889 -0.133952
v -0.247800 0.019582 -0.131805
v -0.223185 -0.042110 -0.131562
v -0.229503 -0.045476 -0.126592
v -0.233112 -0.038488 -0.126102
v 0.110902 0.051399 0.069864
v 0.110610 0.050472 0.070533
v 0.179146 -0.024326 0.055267
v 0.175178 0.002952 0.050360
v -0.252940 0.038307 -0.157958
v -0.254331 0.033482 -0.160197
v -0.245589 0.017837 -0.177301
v 0.185124 -0.016439 0.044637
v 0.126671 0.042653 0.079353
v -0.243224 0.020255 -0.145623
v -0.241962 0.016933 -0.148577
v 0.128161 0.043523 0.076803
v -0.242393 0.053533 -0.152316
v -0.244913 0.047321 -0.143650
v -0.243999 0.047846 -0.140702
v -0.242096 0.059774 -0.139573
v 0.125854 0.043169 0.078575
v -0.218474 -0.080846 -0.130156
v -0.224400 -0.081736 -0.137389
v -0.223263 -0.078432 -0.139112
v -0.219109 -0.077203 -0.134263
v -0.240496 -0.050737 -0.129179
v -0.236766 -0.052168 -0.133105
v 0.127078 0.044347 0.076544
v -0.257053 -0.045710 -0.171348
v -0.256659 -0.047526 -0.168024
v -0.258735 -0.037926 -0.174270
v -0.258911 -0.034831 -0.176707
v 0.129642 0.045015 0.074303
v 0.130769 0.044107 0.073849
v 0.119993 0.042327 0.081599
v 0.107796 0.047707 0.074308
v 0.109118 0.048176 0.073330
v -0.232075 -0.001088 -0.151966
v -0.233569 -0.004296 -0.147706
v -0.238406 0.034470 -0.151694
v -0.243455 0.038370 -0.155994
v -0.244649 0.044702 -0.146973
v -0.240810 0.040935 -0.145762
v -0.249037 0.018499 -0.182861
v 0.122374 0.043417 0.079175
v 0.115802 0.041748 0.083823
v 0.105643 0.047176 0.075468
v 0.109773 0.049034 0.072597
v 0.110317 0.049624 0.071477
v -0.242575 0.013030 -0.147954
v -0.243685 0.013544 -0.150131
v 0.123073 0.044762 0.077792
v -0.241960 0.013949 -0.146476
v 0.124008 0.046112 0.075892
v 0.127727 0.046250 0.075007
v -0.237895 0.005959 -0.132180
v -0.244098 0.002609 -0.131516
v -0.249296 0.025299 -0.137769
v -0.254659 0.034204 -0.145608
v -0.252368 0.035135 -0.149687
v -0.248044 0.027617 -0.138634
v 0.125116 0.049072 0.072979
v 0.125447 0.051261 0.072965
v 0.128006 0.047498 0.073975
v -0.239507 0.019935 -0.134154
v 0.128256 0.049973 0.073640
v 0.124648 0.047650 0.074091
v -0.033848 -0.079503 -0.344569
v -0.039281 -0.056013 -0.359753
v 0.125118 0.053539 0.073595
v 0.127856 0.052502 0.074374
v 0.131646 0.042990 0.073050
v 0.131604 0.045577 0.072533
v 0.132620 0.048789 0.070593
v 0.132947 0.043465 0.071374
v -0.247564 0.046225 -0.128535
v -0.247176 0.049919 -0.137422
v -0.249376 0.052243 -0.140307
v -0.248677 0.048633 -0.130428
v -0.256268 0.028357 -0.168063
v 0.134903 0.044174 0.069203
v 0.133888 0.040383 0.069881
v 0.135496 0.051566 0.069455
v 0.139874 0.053675 0.068027
v -0.263115 0.018677 -0.179902
v -0.242226 -0.020262 -0.136656
v -0.238534 -0.028331 -0.136639
v 0.138041 0.045069 0.066126
v 0.136345 0.040364 0.066731
v 0.130704 0.047094 0.072880
v -0.216348 -0.029792 -0.133295
v -0.216871 -0.027153 -0.132879
v -0.218501 -0.027982 -0.135344
v -0.218288 -0.030157 -0.135984
v 0.130667 0.048990 0.072194
v 0.133851 0.054547 0.073184
v -0.226967 -0.041517 -0.138057
v -0.232933 -0.042037 -0.136078
v -0.231574 -0.045183 -0.131946
v -0.226375 -0.043931 -0.136185
v 0.136123 0.057422 0.072860
v 0.131949 0.052515 0.073545
v 0.130566 0.055142 0.076923
v 0.132120 0.057361 0.076836
v -0.215699 -0.035502 -0.134056
v -0.216004 -0.032353 -0.133660
v -0.217612 -0.033622 -0.137180
v -0.217065 -0.036974 -0.138524
v 0.133685 0.059715 0.076708
v 0.129747 0.060093 0.080709
v -0.250924 0.039611 -0.153483
v -0.254519 0.038904 -0.158786
v 0.130663 0.062613 0.080609
v 0.128496 0.057654 0.080781
v 0.130121 0.051429 0.073943
v -0.267359 0.015106 -0.175289
v -0.268224 0.009652 -0.177941
v -0.260905 0.029469 -0.173718
v -0.262204 0.024149 -0.176556
v 0.128864 0.053952 0.076327
v 0.126854 0.056613 0.079517
v 0.123932 0.058631 0.084244
v -0.237232 -0.038244 -0.111847
v -0.241526 -0.037911 -0.116156
v -0.241311 -0.041875 -0.115967
v -0.269231 0.021728 -0.175080
v -0.266817 0.029181 -0.180514
v -0.231817 -0.078545 -0.106367
v -0.229055 -0.081198 -0.103526
v -0.128962 -0.233378 -0.066980
v -0.156351 -0.217084 -0.103413
v -0.151707 -0.232514 -0.103120
v -0.125939 -0.246492 -0.068020
v -0.247467 0.033966 -0.130495
v -0.245166 0.042085 -0.128404
v 0.119009 0.061497 0.089220
v 0.117452 0.060512 0.085189
v 0.111773 0.065107 0.093340
v -0.215754 -0.040457 -0.135230
v -0.216127 -0.040533 -0.134751
v -0.222994 -0.044203 -0.134089
v -0.226850 -0.030729 -0.129582
v -0.217601 -0.030338 -0.132600
v 0.110075 0.062859 0.089117
v 0.098943 0.081220 0.096689
v 0.116305 0.079238 0.094693
v 0.109215 0.063751 0.085422
v 0.103131 0.058628 0.076107
v 0.099099 0.058968 0.077694
v 0.101655 0.063988 0.088305
v -0.227549 -0.038553 -0.138094
v 0.072120 0.057346 0.087307
v 0.074888 0.059947 0.089262
v -0.226458 -0.027092 -0.133886
v -0.225768 -0.023722 -0.131647
v -0.232543 -0.052455 -0.125473
v -0.234992 -0.053570 -0.128992
v -0.238533 -0.054386 -0.121662
v -0.218435 -0.041508 -0.138328
v -0.235790 0.002292 -0.146310
v 0.086369 0.057035 0.077969
v 0.084716 0.056153 0.077059
v 0.068355 0.057217 0.088076
v 0.071821 0.060001 0.090186
v -0.234221 -0.037521 -0.137504
v -0.237406 -0.042557 -0.142030
v -0.235998 -0.044763 -0.139922
v -0.233524 -0.040688 -0.136937
v -0.245616 -0.064776 -0.143945
v -0.246055 -0.059904 -0.144011
v -0.231817 -0.050295 -0.145891
v -0.239133 -0.050190 -0.142701
v -0.240266 -0.013478 -0.137397
v -0.243086 -0.005140 -0.132523
v -0.238525 -0.021460 -0.131055
v -0.234620 -0.032980 -0.135236
v -0.239102 -0.038381 -0.140754
v -0.226672 -0.028436 -0.130153
v -0.234602 -0.026740 -0.126917
v -0.233755 -0.024309 -0.127485
v -0.226254 -0.026350 -0.130569
v -0.246210 0.017358 -0.152225
v -0.240826 0.036447 -0.124365
v -0.244193 0.027170 -0.127952
v -0.240110 0.063244 -0.179847
v -0.234170 0.041363 -0.195281
v -0.241096 0.044784 -0.164272
v -0.228714 -0.035653 -0.137797
v -0.217224 -0.026263 -0.132721
v -0.218478 -0.027806 -0.133386
v -0.255887 -0.056613 -0.166089
v -0.238229 -0.057162 -0.121172
v -0.236203 0.000498 -0.132656
v -0.250817 -0.035068 -0.185654
v -0.248362 -0.048387 -0.180911
v -0.234602 0.004587 -0.133538
v -0.234594 0.007303 -0.133983
v -0.236322 -0.053055 -0.131263
v -0.239889 -0.052468 -0.125920
v -0.235134 0.008224 -0.133501
v -0.244048 -0.039568 -0.119698
v -0.258131 0.016044 -0.163533
v 0.085988 0.062842 0.090382
v 0.091575 0.058102 0.079098
v -0.232259 -0.082914 -0.150033
v -0.228931 -0.085129 -0.141909
v 0.088596 0.057618 0.078668
v -0.218385 -0.028116 -0.132360
v 0.080559 0.061551 0.089614
v -0.228426 -0.045304 -0.130019
v -0.227435 -0.030718 -0.134966
v 0.083495 0.064816 0.093358
v 0.076546 0.062644 0.091563
v 0.101993 0.064705 0.091857
v -0.240094 -0.031160 -0.125193
v -0.240085 -0.036172 -0.124193
v -0.242963 -0.033961 -0.119408
v 0.066139 0.185388 -0.371467
v 0.065407 0.144993 -0.384211
v -0.239728 -0.049604 -0.147687
v -0.230928 -0.045388 -0.152316
v -0.233124 -0.044935 -0.158389
v -0.243492 -0.046906 -0.151158
v -0.245375 -0.060635 -0.174119
v -0.241006 -0.071774 -0.166324
v -0.246711 -0.076742 -0.166370
v -0.252491 -0.064297 -0.174223
v 0.120208 0.150827 -0.359763
v 0.119264 0.186041 -0.348929
v -0.234706 0.106179 -0.200412
v -0.241867 0.078453 -0.160123
v -0.237183 0.123032 -0.169393
v -0.248660 0.040186 -0.171069
v -0.247760 0.033839 -0.175191
v -0.260958 0.033606 -0.182343
v -0.241478 0.054625 -0.128264
v -0.243155 0.047708 -0.137572
v -0.247610 0.047447 -0.135131
v -0.260834 -0.024687 -0.188820
v 0.115504 0.061422 0.081708
v 0.106050 0.057601 0.074176
v 0.148523 0.189831 -0.327706
v 0.144904 0.212272 -0.317748
v 0.119545 0.216387 -0.332728
v 0.118779 -0.141299 -0.287170
v 0.090331 -0.165074 -0.306191
v -0.235996 0.005625 -0.118861
v -0.241691 0.005848 -0.123708
v 0.063121 0.056154 0.091446
v -0.234398 -0.053104 -0.171441
v 0.068127 0.059714 0.092336
v -0.245980 -0.051318 -0.145591
v -0.251157 -0.049567 -0.150179
v -0.262159 0.040640 -0.155643
v -0.257464 0.035092 -0.150048
v 0.059762 0.052796 0.090784
v 0.057389 0.052097 0.090923
v 0.060643 0.056135 0.091177
v 0.065072 0.060239 0.091959
v 0.074131 0.062649 0.093349
v 0.071787 0.064067 0.093928
v 0.081246 0.067789 0.096311
v 0.081656 0.065375 0.095971
v 0.100925 0.067319 0.095590
v 0.101094 0.070056 0.096188
v 0.079377 0.070241 0.094508
v 0.069704 0.065501 0.092460
v 0.076933 0.072971 0.093051
v 0.068855 0.068337 0.091693
v 0.100898 0.074843 0.093364
v 0.101369 0.072553 0.094607
v 0.068195 0.046329 0.092434
v 0.061996 0.047078 0.091739
v 0.069628 0.047308 0.092244
v 0.063161 0.048097 0.091196
v 0.072895 0.047459 0.089890
v 0.060443 0.049376 0.090426
v 0.058240 0.048465 0.091019
v -0.023052 -0.268957 0.020294
v -0.021455 -0.271494 0.003311
v 0.075231 0.047385 0.088511
v 0.058160 0.055822 0.090116
v 0.054334 0.051126 0.090859
v 0.054336 0.056743 0.088618
v 0.051661 0.050934 0.090229
v 0.061321 0.064037 0.089237
v 0.062559 0.060526 0.089907
v 0.055319 0.047641 0.090975
v 0.057634 0.046355 0.091460
v 0.052849 0.047069 0.090676
v 0.055310 0.045266 0.091211
v 0.075348 0.039034 0.096077
v 0.074585 0.036723 0.096087
v 0.066412 0.042349 0.094056
v 0.064467 0.040585 0.093870
v 0.097367 0.028915 0.094522
v 0.106204 0.028809 0.091764
v 0.096384 0.025446 0.094603
v -0.028603 -0.043625 0.159151
v -0.031052 -0.044312 0.155723
v -0.026932 -0.040928 0.152395
v -0.026165 -0.040778 0.154128
v 0.105803 0.025255 0.091411
v 0.082590 0.027076 0.096830
v 0.084263 0.030115 0.096524
v 0.113058 -0.255706 -0.044947
v 0.134482 0.032955 0.069127
v 0.137560 0.030764 0.066285
v 0.133071 0.028269 0.071452
v 0.130632 0.031431 0.073440
v 0.125996 0.030353 0.078014
v -0.029788 -0.064761 0.160123
v -0.028339 -0.061650 0.158261
v -0.031824 -0.062048 0.155535
v -0.034234 -0.063839 0.157648
v 0.127429 0.027065 0.077204
v 0.120841 0.026230 0.082353
v 0.120156 0.029599 0.083294
v 0.114839 0.029041 0.087293
v 0.114370 0.025136 0.086979
v 0.142939 0.044448 0.062831
v 0.146324 0.053848 0.063840
v 0.147511 0.043256 0.059586
v 0.152882 0.052855 0.058803
v 0.048287 0.059096 0.089797
v -0.024132 -0.040731 0.153042
v -0.021887 -0.044399 0.160265
v -0.024294 -0.044190 0.162250
v -0.025049 -0.040779 0.153883
v 0.048052 0.051410 0.090090
v 0.043402 0.060979 0.094073
v 0.043166 0.052833 0.092421
v 0.046754 0.068858 0.098445
v 0.053264 0.067178 0.091389
v 0.050116 0.046756 0.090476
v 0.052795 0.043859 0.090834
v 0.046410 0.045965 0.091385
v 0.049777 0.041979 0.091714
v 0.072802 0.034036 0.095886
v 0.071030 0.030962 0.096080
v 0.062427 0.038495 0.094231
v 0.059562 0.035640 0.094497
v 0.147230 -0.024372 -0.318961
v 0.157512 0.081204 -0.337818
v 0.135662 0.090352 0.093445
v 0.128633 0.082344 0.092864
v 0.119093 0.085440 0.097225
v 0.123542 0.094416 0.101303
v 0.144927 0.101291 0.090219
v 0.152894 0.091641 0.081249
v 0.144389 0.084123 0.085359
v 0.136592 0.077891 0.087652
v 0.149567 0.061573 0.067365
v 0.143596 0.061417 0.070876
v 0.143509 0.066721 0.075425
v 0.149332 0.068408 0.071879
v 0.156105 0.061573 0.061709
v 0.157023 0.070316 0.066892
v 0.147510 0.075485 0.077937
v 0.140992 0.072084 0.081475
v 0.155979 0.079817 0.073882
v 0.069536 0.084811 0.102802
v 0.071150 0.080903 0.096321
v 0.064316 0.073618 0.092829
v 0.059701 0.075300 0.097165
v 0.065359 0.086863 0.108377
v 0.052934 0.076760 0.102812
v 0.104219 0.095724 0.107037
v 0.101925 0.088436 0.101038
v 0.075703 0.074837 0.091966
v 0.070432 0.071286 0.092134
v 0.073902 0.075085 0.092313
v 0.068578 0.070889 0.092059
v 0.167485 0.241352 -0.269263
v 0.174733 0.256932 -0.236662
v 0.127986 0.284030 -0.251934
v 0.125088 0.264437 -0.284747
v 0.118820 0.070610 0.089318
v 0.121120 0.072373 0.089472
v 0.127697 0.069180 0.085862
v 0.125760 0.067581 0.085606
v 0.131403 0.064371 0.081024
v 0.133232 0.066337 0.081695
v 0.136513 0.063567 0.077831
v 0.134791 0.061935 0.077398
v 0.136748 0.059796 0.074262
v 0.138402 0.060520 0.073417
v 0.068168 0.073325 0.092638
v 0.073168 0.077067 0.093791
v 0.153325 0.158909 -0.334501
v 0.128022 0.196287 0.072941
v 0.148502 0.186385 0.055054
v 0.141097 0.169630 0.069706
v 0.123432 0.076235 0.092121
v 0.130814 0.072880 0.087675
v 0.136173 0.069105 0.082483
v 0.139470 0.065320 0.078056
v 0.140677 0.062327 0.074307
v 0.225249 -0.029817 -0.108795
v 0.225507 -0.028483 -0.114022
v 0.240138 -0.004829 -0.189525
v 0.236648 0.013210 -0.187297
v 0.235559 0.022277 -0.182491
v 0.245578 0.042419 -0.142855
v 0.250329 0.049738 -0.151848
v 0.245000 -0.052070 -0.168776
v 0.237386 -0.055984 -0.158296
v -0.263511 0.049310 -0.157710
v 0.244279 -0.049442 -0.169656
v 0.261358 0.037162 -0.176880
v 0.261720 0.032701 -0.180463
v 0.263301 0.031556 -0.179558
v 0.126981 -0.074956 -0.303754
v 0.141492 -0.045608 -0.313956
v 0.261651 0.027941 -0.184184
v 0.228427 -0.016316 -0.121387
v 0.241838 -0.006575 -0.190137
v 0.244112 -0.008838 -0.195885
v 0.245373 -0.022885 -0.197101
v 0.244148 -0.021035 -0.194858
v 0.243296 -0.035859 -0.191884
v 0.242252 -0.033486 -0.190838
v 0.247741 -0.042403 -0.176130
v 0.247374 -0.031657 -0.183733
v 0.252183 0.050345 -0.155809
v 0.252295 0.048733 -0.153578
v 0.253762 0.049938 -0.157010
v 0.231662 -0.019431 -0.124768
v 0.242316 0.036102 -0.141722
v 0.241391 0.031861 -0.136701
v 0.240772 0.033277 -0.138233
v 0.228471 -0.006663 -0.135130
v 0.227762 -0.004661 -0.135891
v 0.231078 -0.010884 -0.134265
v 0.234718 -0.013826 -0.128234
v 0.222354 -0.031714 -0.133364
v 0.221993 -0.033118 -0.137170
v 0.221397 -0.035566 -0.135527
v 0.259428 0.064913 -0.164648
v 0.242005 0.029085 -0.135152
v 0.244771 0.031518 -0.136470
v 0.245715 0.034695 -0.137925
v 0.254754 0.047900 -0.157226
v 0.246453 0.037171 -0.139030
v 0.244363 0.037609 -0.139399
v 0.247223 0.041583 -0.142368
v 0.242842 0.037960 -0.140614
v 0.230674 -0.027656 -0.171972
v 0.229957 -0.027767 -0.165567
v 0.229721 0.022753 -0.107185
v 0.230575 0.018880 -0.114676
v 0.236266 -0.058063 -0.153021
v 0.239444 0.038703 -0.163373
v 0.243623 0.046684 -0.166995
v 0.251757 -0.021519 -0.188225
v 0.238929 -0.034935 -0.161676
v 0.233921 -0.037816 -0.158901
v 0.244397 -0.031301 -0.165407
v 0.249151 -0.024905 -0.170713
v 0.234249 0.013670 -0.146446
v 0.254701 0.025082 -0.164647
v 0.254288 0.019674 -0.169353
v 0.252169 0.025455 -0.160443
v 0.247339 0.055876 -0.159140
v 0.246851 0.055479 -0.152788
v 0.238509 0.045838 -0.160616
v 0.245309 0.050744 -0.152775
v 0.226608 -0.023789 -0.132785
v 0.222924 -0.037265 -0.142136
v 0.226552 -0.034340 -0.146496
v 0.224114 -0.038882 -0.145852
v 0.226840 -0.037516 -0.150577
v 0.226660 -0.034827 -0.154882
v 0.227428 -0.030828 -0.157948
v 0.232113 -0.026174 -0.156695
v 0.225674 -0.014087 -0.134701
v 0.242110 0.056342 -0.127939
v 0.224719 -0.018203 -0.134645
v 0.229147 -0.010052 -0.134522
v 0.228925 -0.014412 -0.133620
v 0.227817 -0.018864 -0.132714
v 0.231142 -0.045096 -0.143580
v 0.231184 -0.040960 -0.149674
v 0.230455 -0.043626 -0.140633
v 0.231641 -0.039850 -0.155061
v 0.229918 -0.041952 -0.137786
v 0.243525 0.041696 -0.160465
v 0.246183 0.049542 -0.157796
v 0.224204 -0.022092 -0.103772
v 0.189430 -0.003165 0.031219
v 0.192213 0.020709 0.016507
v 0.076712 -0.136104 0.090828
v 0.074752 -0.143436 0.091959
v 0.170450 -0.032138 0.066105
v 0.157855 -0.042546 0.080322
v 0.071897 -0.124818 0.116904
v 0.069321 -0.126610 0.119142
v 0.066823 -0.124115 0.120798
v 0.069415 -0.123897 0.118553
v 0.064352 -0.119640 0.117452
v 0.067655 -0.121648 0.114888
v 0.067315 -0.121715 0.118081
v 0.064149 -0.120392 0.120321
v 0.084764 -0.088278 0.118221
v 0.096099 -0.077424 0.114681
v 0.104697 -0.088489 0.112013
v 0.094968 -0.097101 0.116249
v 0.071078 -0.127644 0.096772
v 0.070825 -0.123471 0.097605
v 0.069332 -0.122594 0.104955
v 0.068879 -0.124362 0.104327
v 0.070952 -0.130314 0.096829
v 0.068394 -0.125407 0.104356
v 0.076418 -0.131732 0.090476
v 0.075530 -0.124829 0.090465
v 0.101021 -0.143434 0.112040
v 0.088520 -0.137364 0.112467
v 0.091149 -0.128716 0.111442
v 0.103981 -0.130968 0.110698
v 0.076352 -0.057300 0.117401
v 0.087935 -0.066221 0.116674
v 0.077513 -0.079184 0.117800
v 0.067509 -0.067717 0.118146
v 0.056901 -0.056256 0.120829
v 0.065778 -0.046640 0.118942
v 0.054071 -0.034657 0.134478
v 0.056475 -0.045930 0.139613
v 0.054634 -0.049615 0.151448
v 0.056072 -0.041501 0.147169
v 0.048495 -0.062321 0.147847
v 0.055829 -0.054178 0.135868
v 0.036371 -0.064620 0.147880
v -0.041122 -0.061919 0.158919
v -0.037737 -0.058547 0.157015
v -0.038893 -0.056618 0.161514
v -0.045171 -0.058345 0.163511
v 0.035429 -0.064942 0.152480
v 0.048910 -0.061756 0.140925
v -0.019455 -0.060373 0.181669
v -0.023542 -0.054952 0.180589
v -0.020127 -0.057367 0.174791
v -0.018737 -0.062401 0.174266
v 0.048957 -0.062902 0.133145
v 0.037891 -0.064860 0.142898
v 0.033946 -0.065839 0.156839
v 0.042244 -0.064355 0.156849
v -0.029426 -0.053421 0.178427
v -0.035068 -0.051934 0.184279
v -0.040131 -0.051779 0.178511
v -0.033865 -0.054048 0.174181
v -0.021720 -0.053826 0.162676
v -0.023128 -0.058697 0.166127
v -0.019905 -0.051426 0.170194
v -0.037022 -0.052372 0.156991
v -0.036390 -0.055058 0.154388
v -0.031181 -0.046818 0.153203
v -0.031593 -0.046267 0.152787
v 0.047070 -0.057650 0.160805
v 0.014234 -0.063269 0.181410
v 0.018748 -0.059562 0.187296
v 0.028459 0.032745 0.134274
v 0.037336 0.021613 0.125665
v 0.029096 0.025050 0.140413
v 0.036953 0.015044 0.131685
v 0.045285 -0.051831 0.170567
v 0.049633 -0.042850 0.164565
v 0.038269 -0.049080 0.181494
v 0.039848 -0.037772 0.178974
v 0.010691 0.073599 0.134976
v 0.005941 -0.070342 0.167302
v 0.007066 -0.069929 0.163890
v 0.004369 -0.068021 0.173139
v 0.067236 0.244695 -0.333353
v 0.068316 0.276851 -0.302805
v 0.066868 0.312397 -0.240027
v 0.059717 0.324031 -0.206961
v 0.017325 -0.107598 0.152353
v 0.016739 -0.101067 0.152700
v 0.038299 -0.118157 0.113182
v 0.023579 -0.118835 0.116469
v 0.023015 -0.122502 0.125474
v 0.037944 -0.122286 0.121962
v 0.048099 -0.121481 0.118197
v 0.050196 -0.117627 0.109720
v 0.039144 -0.114403 0.106545
v 0.023914 -0.114824 0.108335
v 0.036282 -0.125344 0.137063
v 0.021843 -0.125713 0.142801
v 0.020199 -0.121762 0.148770
v 0.034894 -0.121776 0.142284
v 0.055768 -0.073412 0.127350
v 0.044660 -0.072163 0.136889
v 0.032208 -0.072050 0.147333
v 0.021464 -0.072878 0.154631
v 0.019089 -0.068760 0.156482
v 0.027668 -0.066841 0.150278
v 0.017679 -0.067806 0.158971
v 0.026106 -0.066266 0.153514
v 0.025218 -0.066506 0.156621
v 0.028070 -0.066870 0.159760
v 0.022550 -0.066373 0.163108
v 0.024808 -0.065100 0.163183
v 0.016905 -0.067688 0.161354
v 0.012415 0.010616 0.176041
v 0.011733 0.020886 0.168350
v 0.030861 -0.096669 0.150911
v 0.016859 -0.095871 0.153459
v 0.013617 -0.086109 0.155740
v 0.027638 -0.085646 0.153068
v 0.041318 -0.087267 0.145977
v 0.044878 -0.100440 0.144041
v 0.008632 -0.070816 0.161013
v 0.031148 -0.102284 0.149530
v 0.031951 -0.108859 0.148722
v 0.045358 -0.106358 0.142821
v 0.045728 -0.112113 0.141690
v 0.057315 -0.106308 0.134840
v 0.056005 -0.091955 0.136615
v 0.071683 -0.096911 0.126835
v 0.067828 -0.112062 0.126358
v 0.090130 -0.120304 0.113648
v 0.076005 -0.126030 0.114774
v 0.075611 -0.122242 0.116065
v 0.074881 -0.119104 0.118064
v 0.089714 -0.112518 0.117587
v 0.102125 -0.118963 0.112132
v 0.100740 -0.107580 0.115013
v 0.084220 -0.104781 0.121085
v 0.072918 -0.115934 0.121015
v 0.072171 -0.122566 0.117653
v 0.069785 -0.123051 0.118473
v 0.071185 -0.121054 0.119456
v 0.068937 -0.122481 0.119527
v 0.069607 -0.119585 0.121659
v 0.067316 -0.121991 0.121310
v 0.064152 -0.120779 0.124507
v 0.065999 -0.117234 0.125755
v 0.065609 -0.123111 0.116678
v 0.062048 -0.124082 0.118520
v 0.061387 -0.124616 0.120980
v 0.064726 -0.124205 0.118566
v 0.068275 -0.122439 0.115279
v 0.066872 -0.123351 0.117693
v 0.068020 -0.122122 0.106223
v 0.066094 -0.121717 0.107393
v -0.146467 -0.203389 -0.062984
v -0.165762 -0.191109 -0.104616
v 0.069280 -0.121704 0.114390
v 0.069072 -0.122467 0.116679
v 0.067784 -0.122603 0.119298
v 0.067307 -0.123251 0.119021
v 0.065550 -0.123574 0.120199
v 0.062468 -0.123253 0.122670
v 0.045773 -0.117478 0.139402
v 0.055686 -0.116368 0.133366
v 0.054904 -0.120539 0.130650
v 0.045563 -0.122685 0.135231
v 0.054199 -0.123778 0.127663
v 0.052190 -0.113888 0.102742
v 0.045938 -0.125113 0.130549
v 0.060830 -0.117778 0.103959
v 0.063521 -0.114763 0.097368
v 0.058069 -0.121353 0.112245
v 0.069920 -0.120827 0.099302
v 0.068178 -0.119352 0.099761
v 0.073855 -0.120122 0.091439
v 0.071349 -0.116960 0.093000
v 0.054580 -0.124585 0.124068
v 0.056790 -0.111739 0.134486
v 0.033227 -0.115346 0.146260
v 0.018732 -0.114299 0.151057
v -0.104320 0.009518 0.096377
v -0.102281 0.001670 0.099997
v -0.090865 0.004686 0.102491
v -0.093212 0.011601 0.099075
v 0.013412 -0.015368 0.195691
v 0.013069 -0.001005 0.184615
v 0.064965 -0.122075 0.121522
v 0.041988 -0.271463 -0.011859
v -0.241783 -0.028570 -0.117771
v -0.238638 -0.026599 -0.115295
v -0.248266 0.026269 -0.178908
v 0.073321 -0.129265 0.116834
v 0.069733 -0.135562 0.097389
v 0.066514 -0.127212 0.105240
v 0.093904 -0.155537 0.118566
v 0.079290 -0.163283 0.129564
v 0.071753 -0.152112 0.128975
v 0.083166 -0.146292 0.118988
v 0.061782 -0.135509 0.131151
v 0.068827 -0.132040 0.121953
v -0.257301 0.032917 -0.172852
v 0.065089 -0.127739 0.124676
v 0.058176 -0.128598 0.132751
v 0.055648 -0.123229 0.132821
v 0.062558 -0.123861 0.125580
v 0.051206 -0.113323 0.129790
v 0.039430 -0.110799 0.135859
v 0.039032 -0.122568 0.121723
v 0.051438 -0.124684 0.116001
v 0.063225 -0.126215 0.108374
v 0.060667 -0.117230 0.120386
v -0.249741 0.044915 -0.166166
v -0.250369 0.050279 -0.153800
v -0.246466 0.047652 -0.150425
v -0.245692 0.041836 -0.160916
v 0.052064 -0.114905 0.131566
v 0.060112 -0.117500 0.124131
v 0.040503 -0.112112 0.139274
v 0.077122 -0.266887 -0.025471
v 0.061221 -0.120448 0.125187
v 0.053621 -0.118035 0.131975
v 0.042326 -0.115692 0.141071
v 0.044788 -0.122125 0.142848
v 0.047400 -0.129155 0.144611
v 0.049621 -0.137354 0.144590
v 0.058082 -0.158647 0.144946
v 0.065025 -0.173008 0.147702
v 0.039802 -0.160310 0.156794
v 0.046403 -0.175654 0.164537
v 0.035597 -0.138168 0.154065
v 0.034382 -0.128768 0.154239
v 0.032365 -0.120770 0.151832
v 0.030590 -0.113903 0.149087
v 0.011000 -0.074050 0.158765
v 0.018198 -0.066197 0.167033
v 0.014151 -0.064996 0.173454
v 0.025550 -0.055282 0.189426
v 0.004495 -0.066209 0.180580
v 0.033858 -0.050121 0.187829
v 0.028372 -0.051728 0.192635
v 0.030093 -0.044852 0.194665
v 0.033718 -0.042071 0.190200
v 0.023082 -0.053777 0.197214
v 0.026776 -0.045870 0.198665
v 0.008370 -0.057214 0.203299
v 0.011416 -0.046111 0.209573
v 0.013591 -0.027342 0.203752
v 0.012671 -0.038186 0.209030
v 0.030402 -0.039527 0.195790
v 0.033542 -0.032918 0.188899
v -0.265930 0.031994 -0.167714
v 0.033252 -0.022782 0.180024
v 0.040461 -0.028541 0.169696
v 0.034419 0.338262 -0.094454
v 0.028661 -0.109989 0.146650
v 0.026372 -0.108904 0.141559
v -0.237619 -0.061552 -0.122114
v -0.252084 0.006650 -0.157531
v 0.039092 -0.151114 0.104463
v 0.038977 -0.138241 0.110114
v 0.025537 -0.137901 0.113864
v -0.250091 0.052058 -0.146563
v -0.257365 0.054546 -0.149811
v 0.025356 -0.150800 0.108815
v 0.015832 -0.108056 0.144640
v -0.262395 -0.023774 -0.178581
v -0.267285 0.027804 -0.172270
v -0.264640 0.023791 -0.168624
v -0.251944 0.030484 -0.136257
v -0.238313 -0.038750 -0.162602
v -0.251561 -0.036926 -0.157531
v -0.248245 -0.043437 -0.154144
v -0.236469 -0.042976 -0.160837
v -0.234715 -0.007527 -0.145866
v 0.015450 -0.120726 0.128195
v 0.025945 -0.120873 0.125952
v 0.016426 -0.109166 0.150092
v 0.017816 -0.112578 0.153655
v 0.019117 -0.119466 0.156357
v 0.015281 -0.137844 0.115399
v 0.015070 -0.151383 0.110338
v -0.229828 -0.048921 -0.097431
v 0.065541 -0.138373 0.100017
v -0.243352 -0.075556 -0.137877
v -0.245055 -0.072804 -0.143654
v -0.079941 -0.079671 -0.327455
v -0.091535 -0.054091 -0.340031
v -0.266057 -0.025195 -0.186544
v 0.067508 -0.148603 0.094537
v 0.052751 -0.140636 0.106207
v 0.053809 -0.149944 0.100716
v 0.025368 -0.173182 0.174209
v 0.021506 -0.159322 0.164739
v 0.020637 -0.128164 0.158235
v 0.020557 -0.138319 0.157989
v 0.068212 0.297514 -0.273086
v 0.180335 0.200858 -0.004722
v 0.177468 0.184928 0.012723
v -0.252050 0.040780 -0.157315
v 0.156912 0.203698 0.033181
v 0.161160 0.215820 0.016311
v 0.183272 0.221635 -0.025101
v 0.163671 0.233887 -0.003112
v 0.117619 0.317850 -0.145448
v 0.119478 0.316599 -0.108847
v 0.066047 0.331961 -0.097700
v 0.103164 0.317263 -0.181600
v 0.137741 0.295842 -0.206980
v 0.145331 0.303355 -0.156967
v 0.144868 0.303500 -0.117219
v -0.239949 -0.062587 -0.126559
v -0.237765 -0.075488 -0.121693
v -0.234786 -0.074494 -0.116974
v -0.242960 0.014616 -0.149625
v 0.089337 -0.166027 -0.309585
v 0.156578 0.114062 -0.336522
v 0.141315 0.301188 -0.081839
v 0.117798 0.312101 -0.073817
v 0.116176 0.304215 -0.042523
v 0.137728 0.295408 -0.052128
v 0.064540 0.325748 -0.061293
v 0.032374 0.331045 -0.056556
v 0.060696 0.018464 -0.384998
v 0.011334 0.031314 0.161419
v 0.149886 -0.112977 -0.261249
v 0.179569 -0.104722 -0.214313
v 0.188344 -0.212260 -0.147723
v 0.215688 -0.064882 -0.162873
v 0.214939 -0.062484 -0.164480
v 0.188667 -0.141134 -0.158846
v 0.193852 -0.109977 -0.163529
v 0.120278 -0.110037 -0.293171
v 0.235651 -0.036312 -0.188479
v 0.237698 -0.026387 -0.190206
v 0.238694 -0.039622 -0.188094
v 0.240345 -0.028775 -0.190672
v 0.241306 -0.017335 -0.191490
v 0.239762 -0.044522 -0.185857
v 0.245232 0.054492 -0.147055
v 0.249048 0.057976 -0.145232
v -0.231376 -0.048799 -0.171695
v -0.230441 -0.042876 -0.174569
v 0.214529 -0.066657 -0.151046
v 0.214168 -0.064891 -0.155606
v -0.218819 -0.026586 -0.134545
v 0.213092 -0.065508 -0.153683
v 0.212916 -0.066569 -0.149863
v 0.214444 -0.068802 -0.146435
v 0.212976 -0.068024 -0.146619
v 0.239936 0.095231 -0.118378
v 0.210418 -0.064281 -0.156772
v 0.213434 -0.062652 -0.163468
v 0.213325 -0.063548 -0.159419
v 0.212348 -0.064676 -0.155637
v 0.212136 -0.067094 -0.149852
v 0.212249 -0.069405 -0.144614
v 0.213454 -0.071766 -0.142876
v -0.239224 -0.066728 -0.165076
v -0.230898 -0.077684 -0.149962
v -0.174437 -0.180424 -0.143570
v -0.167794 -0.169240 -0.186956
v -0.167024 -0.190478 -0.182284
v -0.168973 -0.203575 -0.141601
v -0.230270 -0.014684 -0.100982
v -0.232572 -0.031700 -0.106185
v -0.231214 -0.035149 -0.101309
v 0.239894 -0.047681 -0.186282
v 0.223033 -0.072255 -0.156894
v -0.071848 -0.254819 0.003568
v -0.055720 -0.265441 -0.013606
v 0.239702 0.037403 -0.168754
v 0.239722 0.031807 -0.173963
v 0.244586 0.034746 -0.177813
v 0.244596 0.040596 -0.172985
v 0.178819 -0.022054 -0.288125
v 0.184092 0.005205 -0.295956
v 0.048239 -0.165485 -0.321948
v 0.047927 -0.160013 -0.321792
v 0.228284 0.087949 -0.247338
v 0.240366 0.041460 -0.164068
v 0.245592 0.045351 -0.168093
v 0.239555 -0.015531 -0.190474
v 0.236891 0.040796 -0.165414
v 0.237290 0.036343 -0.169840
v 0.247550 0.048802 -0.172840
v 0.246305 0.043401 -0.177787
v 0.245061 0.037000 -0.183070
v 0.237219 0.031083 -0.174846
v -0.227989 -0.048174 -0.087860
v -0.227667 -0.047173 -0.053773
v -0.234026 -0.006849 -0.056580
v -0.230316 -0.022810 -0.085819
v 0.246486 0.051467 -0.165368
v 0.237456 0.168597 -0.175112
v 0.235162 0.152975 -0.213302
v 0.224432 0.212477 -0.180329
v 0.221829 0.199022 -0.221077
v 0.209060 0.183101 -0.263761
v 0.220777 0.134244 -0.257215
v 0.246119 0.055145 -0.148633
v 0.250085 0.060463 -0.148984
v 0.185217 0.238751 -0.044154
v 0.200367 0.226341 -0.063409
v 0.165027 0.249589 -0.020968
v 0.165222 0.263584 -0.037649
v 0.183977 0.254726 -0.061382
v 0.205074 0.237424 -0.093559
v 0.238905 0.144408 -0.138781
v 0.231614 0.182915 -0.137123
v 0.221177 0.193735 -0.100672
v -0.176603 0.076808 0.040468
v -0.182512 0.079084 0.029377
v -0.184388 0.053995 0.027100
v -0.176484 0.056973 0.037027
v 0.217698 0.225648 -0.138589
v 0.192799 0.260841 -0.108776
v 0.202462 0.251660 -0.146256
v 0.172636 0.282321 -0.117853
v 0.178797 0.277088 -0.155852
v 0.177430 0.270119 -0.196960
v 0.207487 0.241203 -0.185802
v 0.178980 0.268896 -0.076656
v 0.161385 0.276051 -0.051187
v 0.164672 0.285176 -0.084979
v 0.155415 0.286348 -0.062596
v 0.213520 0.198417 -0.080846
v 0.204565 -0.079001 -0.141557
v 0.214860 -0.086441 -0.125839
v -0.058127 0.230778 0.091372
v -0.028712 0.233212 0.097331
v -0.029933 0.251225 0.086139
v -0.059991 0.248520 0.079408
v 0.221084 -0.060504 -0.098424
v -0.097714 -0.034612 -0.345865
v -0.102361 -0.008690 -0.353075
v -0.046041 -0.014661 -0.374657
v -0.042780 -0.038243 -0.366451
v 0.203685 0.003240 -0.000788
v 0.201813 0.036184 -0.007972
v 0.219347 0.015735 -0.033911
v 0.217013 -0.023442 -0.028372
v -0.059075 0.292181 0.023205
v -0.029098 0.296571 0.030647
v -0.028745 0.309651 0.005386
v -0.059150 0.304496 -0.001188
v -0.157072 0.004858 0.069538
v -0.164674 -0.008951 0.071238
v -0.153026 -0.011208 0.080345
v -0.147292 0.003017 0.077405
v 0.200617 0.072871 -0.011370
v 0.216819 0.053190 -0.038135
v 0.218934 0.092541 -0.042743
v 0.202141 0.111852 -0.010313
v 0.184231 0.168536 -0.304132
v 0.190582 0.125173 -0.302902
v -0.236753 -0.083387 -0.114161
v -0.235087 -0.081109 -0.110889
v 0.194157 0.092009 -0.302284
v 0.136428 0.153935 0.078209
v -0.028536 0.320851 -0.024198
v -0.059668 0.315173 -0.029709
v 0.066795 0.221015 -0.352159
v 0.134404 0.215211 0.053491
v 0.158676 0.221829 -0.298470
v 0.008392 -0.158712 -0.325366
v 0.121206 0.236386 -0.315343
v 0.205242 0.228461 -0.225533
v 0.195361 0.214483 -0.261493
v 0.174103 0.197397 -0.301495
v 0.192749 0.050071 -0.302857
v 0.138771 0.285085 -0.033077
v 0.164038 0.061136 0.054401
v 0.160369 0.049155 0.050260
v 0.165728 0.073317 0.059375
v 0.153831 0.036830 0.052654
v 0.047261 0.011398 0.118970
v 0.045524 0.005770 0.125078
v 0.045008 -0.000843 0.129534
v 0.055110 -0.002287 0.118962
v 0.054076 -0.010111 0.123236
v 0.036349 -0.000214 0.144898
v 0.036933 0.007875 0.137737
v 0.043931 -0.008044 0.134932
v 0.044207 -0.016784 0.139269
v 0.037083 -0.007862 0.150306
v 0.056253 -0.052352 0.126958
v 0.058239 -0.037766 0.122269
v 0.051684 -0.026810 0.129169
v 0.065574 -0.017076 0.119522
v 0.062617 -0.026328 0.121505
v 0.052367 -0.017654 0.126117
v 0.067738 -0.008916 0.115019
v 0.048427 -0.025798 0.146094
v 0.050879 -0.035867 0.156836
v 0.038123 -0.017763 0.159186
v 0.032086 -0.012804 0.168782
v 0.031257 -0.002027 0.159789
v 0.057671 0.004284 0.113815
v 0.070834 -0.001748 0.109508
v 0.074317 -0.034116 0.120771
v 0.088213 -0.041383 0.120382
v 0.079880 -0.022386 0.117971
v 0.093225 -0.027870 0.116990
v 0.081377 -0.013653 0.112671
v 0.095373 -0.018435 0.111186
v 0.099457 -0.051971 0.119214
v 0.110550 -0.062010 0.115517
v 0.118419 -0.077502 0.110641
v 0.119034 -0.047422 0.111995
v 0.130760 -0.061346 0.106265
v 0.123669 -0.032226 0.104318
v 0.137064 -0.046168 0.099406
v -0.044267 0.031283 0.121748
v -0.045427 0.036362 0.113995
v -0.055547 0.026094 0.110459
v -0.054326 0.020236 0.116558
v -0.023960 0.160118 0.125410
v -0.025960 0.180408 0.118498
v -0.051866 0.180750 0.115128
v -0.048645 0.161082 0.123824
v 0.107386 -0.035613 0.114734
v 0.110247 -0.024994 0.108342
v 0.096590 -0.009920 0.104149
v 0.083748 -0.005747 0.106427
v 0.122610 -0.005317 0.091346
v 0.123862 -0.018918 0.097031
v 0.110661 -0.014018 0.101484
v 0.110751 -0.002865 0.096200
v 0.139802 -0.027091 0.091022
v 0.136128 -0.008517 0.084867
v 0.132716 0.003653 0.081764
v 0.094250 0.020095 0.096155
v 0.080495 0.021956 0.098024
v 0.104280 0.019529 0.093204
v 0.121262 0.004732 0.088614
v 0.111736 0.006102 0.093260
v 0.142616 0.024457 0.064859
v 0.136777 0.021828 0.071233
v 0.121310 0.019216 0.084362
v 0.113408 0.019047 0.089148
v 0.129465 0.020185 0.078160
v 0.068005 0.025807 0.097849
v 0.055019 0.031117 0.097941
v 0.176749 -0.132464 -0.205122
v 0.029815 0.007139 0.153932
v 0.029837 0.015875 0.146749
v 0.044874 0.076844 0.109065
v 0.038519 0.068949 0.106605
v 0.020571 0.071877 0.127856
v 0.055669 0.087753 0.116944
v 0.045546 0.038359 0.097420
v -0.067722 0.019082 0.106091
v -0.065643 0.013554 0.111274
v 0.040027 0.045283 0.097269
v 0.036502 0.053031 0.099990
v 0.035879 0.061585 0.102778
v -0.029900 0.267865 0.069713
v -0.060075 0.264599 0.062225
v -0.054191 0.330975 -0.156013
v -0.057455 0.331348 -0.134507
v -0.025168 0.338827 -0.135049
v -0.026024 0.336810 -0.166870
v 0.087114 0.127388 0.125467
v 0.077458 0.108034 0.128362
v 0.168006 0.166731 0.037889
v 0.180074 0.144818 0.024570
v 0.147264 0.116003 0.082391
v 0.158098 0.103511 0.072932
v 0.164112 0.088646 0.064788
v 0.187131 0.114099 0.014282
v 0.190111 0.080979 0.010449
v 0.190931 0.049508 0.010506
v -0.203826 -0.004779 -0.244720
v -0.218253 -0.010749 -0.202768
v -0.225281 0.019964 -0.205042
v -0.214509 0.037110 -0.247782
v 0.139492 0.244134 0.019401
v -0.107554 -0.237067 -0.023325
v -0.093823 -0.251967 -0.036064
v 0.007869 -0.167107 -0.324976
v 0.140225 0.259409 0.002026
v 0.137301 0.227658 0.037860
v 0.114802 0.293468 -0.018756
v 0.114222 0.281651 0.002444
v 0.140110 0.273150 -0.015265
v 0.114501 0.267861 0.020947
v 0.114429 0.252720 0.038427
v 0.112328 0.236800 0.057203
v 0.110546 0.223762 0.071475
v 0.105370 0.201928 0.088116
v 0.151080 -0.127932 -0.256101
v 0.026513 -0.041004 0.150458
v 0.025203 -0.041313 0.151799
v -0.151556 0.136762 0.061003
v -0.155513 0.149939 0.051555
v -0.165861 0.130923 0.040369
v -0.162677 0.120595 0.051546
v 0.025944 -0.041148 0.149908
v 0.024457 -0.041229 0.151469
v 0.025670 -0.041610 0.151387
v 0.024763 -0.061097 0.161420
v 0.022811 -0.056160 0.158430
v 0.023935 -0.047126 0.155023
v 0.219111 -0.077218 -0.106944
v -0.020503 0.126959 0.135070
v -0.042551 0.127729 0.134467
v -0.037910 0.111151 0.134929
v -0.018999 0.110375 0.136567
v -0.176364 0.036728 0.037388
v -0.185858 0.030129 0.030664
v -0.183943 0.010507 0.043678
v -0.173168 0.019144 0.048625
v -0.164299 0.008484 0.062301
v -0.173155 -0.005174 0.062853
v -0.055414 0.205592 0.106236
v -0.027374 0.206802 0.110565
v -0.175299 0.106482 0.032473
v -0.172235 0.099908 0.044802
v -0.036338 0.040700 0.128267
v -0.038610 0.044549 0.118521
v -0.030221 0.056562 0.127271
v -0.018477 0.056653 0.141448
v -0.016587 0.066622 0.137193
v -0.027505 0.066078 0.129559
v -0.098763 0.160607 0.106193
v -0.102824 0.178569 0.097252
v -0.123424 0.174290 0.082214
v -0.119037 0.157283 0.090920
v -0.059618 0.278789 0.043873
v -0.029525 0.282600 0.051530
v -0.016269 0.089850 0.135304
v -0.030534 0.090038 0.131017
v -0.027923 0.080589 0.129029
v -0.015781 0.081398 0.134793
v -0.078273 0.008309 0.106579
v -0.080396 0.014427 0.102721
v -0.207874 -0.078127 -0.130504
v -0.214704 -0.083336 -0.125797
v -0.235677 0.032764 -0.092561
v -0.232652 0.004665 -0.088063
v -0.235269 0.027313 -0.059715
v -0.227270 0.061762 -0.067941
v -0.228391 0.094250 -0.076507
v -0.228118 0.114527 -0.084418
v -0.237905 0.070874 -0.104589
v -0.236107 0.057145 -0.099493
v -0.156041 -0.180197 -0.220231
v -0.149850 -0.160931 -0.229489
v -0.017110 0.048381 0.148183
v -0.016739 0.040276 0.155224
v -0.051611 0.091761 -0.387779
v -0.050292 0.056865 -0.388149
v -0.108366 0.066390 -0.363597
v -0.108691 0.099926 -0.362392
v -0.195999 -0.031433 -0.237528
v -0.210731 -0.032575 -0.197557
v -0.034783 -0.049918 0.161620
v -0.026666 -0.040628 0.150419
v -0.028784 -0.047158 0.154363
v -0.027286 -0.040476 0.150586
v -0.037451 -0.054952 0.168391
v -0.044663 -0.053580 0.171968
v -0.029911 -0.058038 0.153853
v -0.027383 -0.057778 0.155379
v -0.027127 -0.046622 0.155127
v -0.027344 -0.040620 0.150656
v -0.008295 -0.064458 0.189228
v -0.010270 -0.060413 0.198150
v -0.023876 -0.056336 0.194145
v -0.019158 -0.061178 0.188434
v -0.025094 -0.040350 0.152310
v -0.022718 -0.046051 0.157736
v -0.022110 -0.049731 0.173901
v -0.026408 -0.043643 0.161649
v -0.025578 -0.040745 0.154195
v -0.027386 -0.048531 0.171470
v -0.022270 -0.063665 0.167397
v -0.031244 -0.048794 0.167163
v -0.243124 -0.053518 -0.141981
v -0.184075 -0.158788 -0.087735
v -0.197400 -0.126650 -0.109202
v -0.193482 -0.123045 -0.125984
v -0.183218 -0.158401 -0.114400
v -0.247190 0.013155 -0.152462
v -0.192516 0.147416 -0.008410
v -0.196955 0.177365 -0.027116
v -0.215315 0.146326 -0.059397
v -0.215100 0.119012 -0.052753
v -0.196413 0.202973 -0.046376
v -0.212878 0.175031 -0.075434
v -0.225476 0.142768 -0.101962
v -0.238575 0.087848 -0.138047
v -0.125604 0.044023 0.082496
v -0.126066 0.043418 0.082742
v -0.121992 0.043211 0.086094
v -0.122263 0.043525 0.085808
v -0.124721 0.045136 0.080798
v -0.121441 0.043588 0.083487
v -0.126987 0.046345 0.078600
v -0.128230 0.044493 0.079765
v -0.128727 0.043733 0.079901
v -0.079748 0.048093 0.091225
v -0.081767 0.047639 0.090644
v -0.088326 0.046040 0.090363
v -0.086816 0.046471 0.093172
v -0.079010 0.047028 0.091865
v -0.086635 0.045387 0.093650
v -0.089473 0.052277 0.075096
v -0.087816 0.053408 0.074799
v -0.091547 0.051496 0.075106
v -0.073254 0.054393 0.084696
v -0.075152 0.057915 0.084196
v -0.087261 0.057502 0.074251
v -0.086439 0.054989 0.074256
v -0.074626 0.051722 0.086093
v -0.070725 0.051725 0.085574
v -0.067712 0.053598 0.083545
v -0.068062 0.058482 0.084323
v -0.099965 0.042641 0.093629
v -0.100423 0.040467 0.093855
v -0.088206 0.041509 0.094504
v -0.087302 0.043807 0.094148
v -0.099459 0.043920 0.093269
v -0.108429 0.044011 0.090921
v -0.108463 0.042556 0.091090
v -0.108850 0.040366 0.091268
v -0.079597 0.043933 0.093780
v -0.079395 0.046055 0.092780
v -0.109103 0.038201 0.091583
v -0.101019 0.038362 0.093822
v -0.088606 0.039530 0.094487
v -0.079315 0.042729 0.094189
v -0.071782 0.045734 0.092200
v -0.075031 0.046415 0.092309
v -0.101392 0.035892 0.093436
v -0.100919 0.033346 0.093118
v -0.088268 0.034362 0.094713
v -0.088671 0.036994 0.094533
v -0.109344 0.035840 0.090910
v -0.109249 0.033219 0.090438
v -0.131997 0.043186 0.075605
v -0.133447 0.044295 0.073366
v -0.133585 0.042699 0.073668
v -0.132681 0.041624 0.074865
v -0.140751 0.035364 0.066659
v -0.143050 0.039362 0.064350
v -0.147349 0.037979 0.059857
v -0.144679 0.033550 0.063298
v -0.170106 0.012944 0.054817
v -0.151479 0.026849 0.061662
v -0.155030 0.030667 0.056394
v -0.130399 0.042899 0.077516
v -0.128560 0.042553 0.079845
v -0.130413 0.043963 0.077616
v -0.131827 0.044569 0.075333
v -0.131135 0.040919 0.076841
v -0.128906 0.040624 0.079415
v -0.126101 0.042410 0.082699
v -0.126143 0.040312 0.082495
v -0.121830 0.039998 0.085933
v -0.121582 0.042286 0.086014
v -0.115849 0.042590 0.088612
v -0.116974 0.043706 0.088406
v -0.116268 0.040100 0.088691
v -0.122305 0.037997 0.085354
v -0.116673 0.037888 0.088494
v -0.126607 0.038197 0.081709
v -0.129596 0.038748 0.078505
v -0.131929 0.039382 0.075737
v -0.133783 0.040310 0.073743
v -0.134968 0.042020 0.072253
v -0.133161 0.037688 0.074295
v -0.135211 0.035570 0.072275
v -0.131670 0.034425 0.075665
v -0.130445 0.036866 0.077317
v -0.135500 0.039000 0.071990
v -0.137873 0.037248 0.069514
v -0.127301 0.036337 0.080530
v -0.127749 0.034017 0.079368
v -0.122823 0.033621 0.083590
v -0.122608 0.035954 0.084609
v -0.114768 0.036115 0.087415
v -0.115344 0.033484 0.086449
v -0.099643 0.044550 0.093291
v -0.098557 0.044435 0.089245
v -0.107937 0.044120 0.087530
v -0.109033 0.044267 0.090732
v -0.117528 0.043678 0.088267
v -0.115466 0.044212 0.085880
v -0.106989 0.043350 0.084781
v -0.102091 0.049408 0.073995
v -0.104966 0.049657 0.073044
v -0.114193 0.043426 0.083139
v -0.098779 0.044112 0.086120
v -0.098296 0.049732 0.074929
v -0.090202 0.046269 0.086660
v -0.094477 0.050567 0.074988
v -0.083292 0.047991 0.087971
v -0.101442 0.079684 0.091336
v -0.100739 0.080768 0.092933
v -0.116412 0.078308 0.090135
v -0.115170 0.076843 0.088896
v -0.140443 -0.001255 -0.322952
v -0.145458 0.036287 -0.332593
v -0.106929 0.025797 -0.360583
v -0.121590 0.069737 0.086501
v -0.121124 0.072295 0.086124
v -0.127470 0.068586 0.081899
v -0.127425 0.066134 0.082005
v -0.122010 0.067044 0.087323
v -0.126935 0.063262 0.082430
v -0.114876 0.070711 0.091633
v -0.114681 0.073608 0.090635
v -0.114457 0.075787 0.089697
v -0.124790 0.059109 0.073372
v -0.123046 0.061604 0.075107
v -0.125208 0.061127 0.077841
v -0.127473 0.058831 0.074772
v -0.126455 0.057387 0.072080
v -0.128692 0.056788 0.072958
v -0.112512 0.056940 0.068081
v -0.111731 0.057837 0.068794
v -0.110568 0.059020 0.070076
v -0.112900 0.056027 0.067759
v -0.113125 0.054790 0.067687
v -0.113260 0.053652 0.068108
v -0.113037 0.052988 0.068722
v -0.180944 -0.026101 0.058840
v -0.179521 0.000754 0.053574
v -0.188205 -0.019092 0.047691
v -0.129849 0.044978 0.077357
v -0.131236 0.045716 0.075029
v -0.128518 0.046793 0.076462
v -0.129676 0.047516 0.074794
v -0.132595 0.047127 0.072735
v -0.133569 0.046010 0.072602
v -0.122616 0.045867 0.078976
v -0.110483 0.050545 0.071272
v -0.111451 0.051423 0.070556
v -0.124345 0.047662 0.076828
v -0.119679 0.043795 0.080787
v -0.108534 0.049881 0.072173
v -0.112164 0.051851 0.070079
v -0.112656 0.052448 0.069320
v -0.125205 0.048476 0.075356
v -0.126223 0.049344 0.073932
v -0.130402 0.048959 0.073552
v -0.127744 0.051399 0.071055
v -0.127585 0.053276 0.070725
v -0.130873 0.049624 0.072234
v -0.130826 0.052035 0.071532
v -0.127257 0.050100 0.072334
v -0.127077 0.055451 0.071143
v -0.129869 0.054144 0.071877
v -0.134385 0.044549 0.072311
v -0.134227 0.047214 0.071532
v -0.135489 0.050065 0.069684
v -0.135663 0.044673 0.070901
v -0.137467 0.044881 0.068955
v -0.136778 0.041174 0.070161
v -0.137492 0.052504 0.068051
v -0.140424 0.054161 0.065962
v -0.140519 0.044999 0.066083
v -0.139492 0.040446 0.067589
v -0.133183 0.048952 0.071524
v -0.133554 0.050788 0.070709
v -0.135663 0.056143 0.070931
v -0.137334 0.058807 0.070253
v -0.134422 0.054079 0.071785
v -0.132763 0.057000 0.074499
v -0.133591 0.059299 0.074122
v -0.134843 0.061660 0.073665
v -0.131012 0.062426 0.077796
v -0.131855 0.064963 0.077599
v -0.130397 0.059836 0.078048
v -0.132882 0.053407 0.071913
v -0.131466 0.055798 0.074000
v -0.129314 0.058481 0.076972
v -0.126392 0.060841 0.081509
v -0.121453 0.064556 0.086222
v -0.120015 0.064197 0.082716
v -0.114396 0.068154 0.090756
v -0.112598 0.067328 0.087888
v -0.101232 0.084507 0.094877
v -0.118354 0.082440 0.091820
v -0.111638 0.066541 0.083801
v -0.105126 0.060885 0.074472
v -0.101057 0.061000 0.076020
v -0.103814 0.066366 0.087226
v -0.077216 0.059680 0.085797
v -0.078772 0.062255 0.087757
v -0.089312 0.059186 0.076020
v -0.088081 0.058422 0.075169
v -0.073339 0.060094 0.086692
v -0.076972 0.062824 0.088453
v -0.088592 0.064637 0.088768
v -0.093766 0.059802 0.077125
v -0.091158 0.059486 0.076638
v -0.083746 0.063831 0.088035
v -0.087256 0.067541 0.091943
v -0.080397 0.065588 0.090311
v -0.104829 0.068295 0.091332
v -0.054438 0.183949 -0.370902
v -0.053695 0.143501 -0.383422
v -0.108856 0.147958 -0.358435
v -0.107883 0.183300 -0.348014
v -0.117894 0.064409 0.079564
v -0.108208 0.060154 0.072298
v -0.137605 0.185995 -0.326635
v -0.133996 0.208712 -0.317079
v -0.108260 0.213746 -0.332137
v -0.105667 -0.145550 -0.280212
v -0.073470 -0.166658 -0.301478
v -0.065356 0.060091 0.090572
v -0.070587 0.063791 0.091266
v -0.061707 0.056557 0.089811
v -0.059663 0.055378 0.090905
v -0.062833 0.059659 0.091129
v -0.067365 0.063916 0.091799
v -0.076938 0.066673 0.092181
v -0.074428 0.067763 0.093555
v -0.084246 0.071354 0.095454
v -0.084852 0.069228 0.094605
v -0.104152 0.070536 0.093667
v -0.104215 0.073104 0.094428
v -0.081975 0.073720 0.094489
v -0.072013 0.068919 0.092755
v -0.079282 0.076302 0.093323
v -0.071013 0.071455 0.092183
v -0.103390 0.078057 0.091983
v -0.104215 0.075747 0.093398
v -0.071282 0.048267 0.090848
v -0.065058 0.049221 0.090758
v -0.072922 0.049324 0.090517
v -0.066286 0.050294 0.090012
v -0.075728 0.049490 0.089221
v -0.062854 0.052131 0.089319
v -0.060957 0.051234 0.090516
v -0.077872 0.049502 0.087771
v -0.060346 0.059098 0.090951
v -0.056849 0.054221 0.091775
v -0.056626 0.059784 0.090807
v -0.054502 0.053854 0.092013
v -0.063203 0.067105 0.090353
v -0.064673 0.063900 0.090465
v -0.058238 0.050345 0.091103
v -0.060669 0.048605 0.091035
v -0.056025 0.049874 0.091745
v -0.058506 0.047679 0.091668
v -0.078512 0.040700 0.094359
v -0.077700 0.038472 0.094560
v -0.069648 0.044192 0.092959
v -0.067710 0.042630 0.093370
v -0.100141 0.030492 0.092887
v -0.108739 0.030304 0.090190
v -0.098879 0.027114 0.093205
v -0.108188 0.026531 0.089861
v -0.085617 0.028753 0.095848
v -0.087180 0.031781 0.095152
v -0.091920 -0.260412 -0.040855
v -0.137607 0.033137 0.070333
v -0.140620 0.030516 0.068099
v -0.136033 0.028383 0.072798
v -0.133485 0.031894 0.074073
v -0.128720 0.031069 0.078119
v -0.130120 0.027392 0.077732
v -0.123258 0.026753 0.082119
v -0.122642 0.030629 0.082753
v -0.115110 0.030590 0.085739
v -0.116666 0.026214 0.086010
v -0.144709 0.043816 0.062473
v -0.145834 0.053718 0.061016
v -0.148783 0.042047 0.058804
v -0.152033 0.052125 0.055778
v -0.051391 0.061710 0.093111
v -0.051336 0.054092 0.092656
v -0.046942 0.063376 0.097100
v -0.047362 0.055321 0.095805
v -0.049662 0.071406 0.100394
v -0.055536 0.070029 0.093757
v -0.053708 0.049626 0.092696
v -0.056403 0.046603 0.092280
v -0.050598 0.048859 0.094363
v -0.054143 0.045076 0.094570
v -0.075932 0.035962 0.095161
v -0.074196 0.033021 0.095750
v -0.065850 0.040788 0.094485
v -0.063368 0.038251 0.095614
v -0.137322 -0.029121 -0.313782
v -0.147182 0.076753 -0.334703
v -0.137008 0.091668 0.089675
v -0.130121 0.084526 0.089439
v -0.121013 0.088557 0.093863
v -0.125383 0.097082 0.097016
v -0.146327 0.101583 0.086658
v -0.153766 0.091525 0.077780
v -0.145175 0.084711 0.081759
v -0.137722 0.079394 0.084021
v -0.148833 0.061912 0.063774
v -0.143526 0.062163 0.067517
v -0.143623 0.067661 0.071898
v -0.149339 0.068790 0.068404
v -0.155089 0.061440 0.058218
v -0.156702 0.070344 0.063356
v -0.147768 0.076145 0.074392
v -0.141516 0.073245 0.077793
v -0.155989 0.079904 0.070364
v -0.071640 0.088104 0.101799
v -0.073119 0.083984 0.096541
v -0.066291 0.076406 0.094410
v -0.062036 0.077818 0.098431
v -0.067885 0.090266 0.107626
v -0.055583 0.079486 0.103793
v -0.106574 0.099145 0.103340
v -0.103958 0.092168 0.097561
v -0.077904 0.078110 0.092448
v -0.072675 0.074311 0.092567
v -0.076018 0.078204 0.092854
v -0.070571 0.073909 0.093020
v -0.157338 0.237427 -0.269129
v -0.165211 0.252423 -0.236791
v -0.118044 0.280910 -0.252063
v -0.114513 0.261637 -0.284623
v -0.120890 0.073685 0.087084
v -0.123051 0.075184 0.086868
v -0.129336 0.071519 0.082994
v -0.127471 0.070251 0.082959
v -0.132736 0.066700 0.078002
v -0.134466 0.068204 0.078653
v -0.137192 0.065082 0.074528
v -0.135724 0.063933 0.074171
v -0.137485 0.061412 0.071064
v -0.138912 0.061667 0.070308
v -0.070131 0.076235 0.093779
v -0.075276 0.080121 0.094113
v -0.142470 0.154880 -0.332884
v -0.129375 0.193432 0.070267
v -0.148518 0.182641 0.051582
v -0.141624 0.166491 0.065974
v -0.125396 0.078861 0.089171
v -0.132359 0.074725 0.084639
v -0.137038 0.070681 0.079085
v -0.139787 0.066668 0.074442
v -0.140941 0.063453 0.070905
v -0.231568 -0.042248 -0.101392
v -0.233637 -0.041881 -0.105876
v -0.239698 -0.015630 -0.175016
v -0.234936 0.002123 -0.173398
v -0.233026 0.010876 -0.169321
v -0.244537 0.029417 -0.139197
v -0.248267 0.037502 -0.148230
v -0.252050 -0.064508 -0.157972
v -0.245987 -0.068328 -0.146265
v -0.252522 -0.061870 -0.158162
v -0.263076 0.024981 -0.170029
v -0.264497 0.020288 -0.173151
v -0.266463 0.019427 -0.171586
v -0.115545 -0.078994 -0.298551
v -0.131738 -0.050347 -0.307893
v -0.265225 0.015552 -0.176324
v -0.237061 -0.030392 -0.113113
v -0.242355 -0.017152 -0.176479
v -0.246212 -0.019648 -0.181354
v -0.248173 -0.032801 -0.182943
v -0.246082 -0.030963 -0.180704
v -0.246549 -0.045543 -0.178190
v -0.244672 -0.042822 -0.176602
v -0.255479 -0.055057 -0.165246
v -0.255653 -0.044673 -0.172817
v -0.250465 0.038415 -0.151942
v -0.250564 0.036435 -0.149970
v -0.251894 0.038469 -0.152802
v -0.240607 -0.033437 -0.116747
v -0.240227 0.023330 -0.138336
v -0.240206 0.018713 -0.133334
v -0.239143 0.019981 -0.134763
v -0.236840 -0.023084 -0.127053
v -0.235831 -0.021371 -0.127470
v -0.239844 -0.026478 -0.126580
v -0.243812 -0.028475 -0.120610
v -0.232904 -0.046723 -0.124448
v -0.232537 -0.047739 -0.127004
v -0.231865 -0.049535 -0.125722
v -0.258344 0.053851 -0.158513
v -0.241057 0.015948 -0.131964
v -0.243544 0.018799 -0.133399
v -0.244752 0.021954 -0.134510
v -0.253669 0.036676 -0.152566
v -0.245691 0.024499 -0.135294
v -0.243324 0.024516 -0.135890
v -0.246313 0.028732 -0.138774
v -0.241676 0.024649 -0.136920
v -0.236473 -0.042096 -0.162480
v -0.235294 -0.041518 -0.155900
v -0.230817 0.009837 -0.105299
v -0.231098 0.005302 -0.112535
v -0.244357 -0.069990 -0.140752
v -0.236382 0.027550 -0.154667
v -0.239420 0.035519 -0.158798
v -0.259399 -0.034462 -0.177237
v -0.247661 -0.047310 -0.149613
v -0.243156 -0.049547 -0.146020
v -0.253219 -0.044568 -0.154086
v -0.257071 -0.038098 -0.158880
v -0.234360 -0.000833 -0.141957
v -0.254676 0.011519 -0.158580
v -0.255396 0.006170 -0.161871
v -0.251117 0.012019 -0.155208
v -0.243193 0.044140 -0.152239
v -0.243571 0.043925 -0.146422
v -0.235003 0.034230 -0.152075
v -0.242314 0.039283 -0.145968
v -0.236581 -0.039125 -0.124115
v -0.234252 -0.050704 -0.130829
v -0.236622 -0.048020 -0.135589
v -0.235742 -0.051564 -0.133246
v -0.236917 -0.049994 -0.138679
v -0.235563 -0.047610 -0.143246
v -0.234977 -0.044496 -0.146908
v -0.239481 -0.041640 -0.147145
v -0.234797 -0.030255 -0.126367
v -0.241357 0.044835 -0.124536
v -0.234349 -0.034285 -0.126146
v -0.237798 -0.026064 -0.126538
v -0.238048 -0.030117 -0.125515
v -0.237438 -0.034448 -0.124445
v -0.242200 -0.056479 -0.130248
v -0.242188 -0.052603 -0.136613
v -0.240009 -0.054781 -0.128427
v -0.241499 -0.051505 -0.142124
v -0.239266 -0.053693 -0.126474
v -0.240662 0.030475 -0.151846
v -0.243281 0.038104 -0.150441
v -0.229622 -0.034068 -0.097272
v -0.195047 -0.006817 0.034390
v -0.198123 0.016375 0.018992
v -0.070189 -0.133337 0.090262
v -0.068275 -0.140462 0.091478
v -0.171896 -0.033204 0.070060
v -0.158305 -0.043194 0.083723
v -0.066067 -0.122220 0.117696
v -0.063611 -0.123875 0.119997
v -0.061135 -0.121481 0.121355
v -0.063433 -0.121249 0.119182
v -0.058309 -0.116582 0.117304
v -0.061204 -0.118847 0.114634
v -0.060937 -0.119206 0.117745
v -0.058339 -0.117807 0.120165
v -0.082854 -0.087279 0.119658
v -0.094088 -0.076875 0.114213
v -0.101453 -0.087519 0.112688
v -0.091369 -0.095835 0.117706
v -0.065449 -0.124522 0.096408
v -0.065131 -0.120700 0.097382
v -0.062992 -0.119662 0.104937
v -0.063196 -0.121166 0.104108
v -0.065107 -0.127141 0.096543
v -0.062712 -0.122244 0.104030
v -0.070030 -0.128734 0.089803
v -0.069488 -0.122068 0.089971
v -0.092544 -0.141033 0.111397
v -0.081365 -0.134568 0.112666
v -0.084321 -0.126007 0.111227
v -0.095834 -0.128701 0.109788
v -0.077129 -0.056748 0.117121
v -0.086988 -0.065964 0.115788
v -0.076813 -0.078236 0.118724
v -0.067485 -0.067008 0.119167
v -0.059065 -0.055113 0.122801
v -0.067711 -0.045846 0.119195
v -0.059416 -0.033316 0.136947
v -0.060668 -0.044618 0.141261
v -0.058092 -0.048282 0.152430
v -0.060028 -0.040327 0.148605
v -0.051286 -0.060999 0.148699
v -0.059150 -0.052856 0.137191
v -0.038725 -0.063547 0.148879
v -0.037601 -0.063750 0.152990
v -0.052050 -0.060392 0.142371
v -0.051738 -0.061490 0.135383
v -0.039896 -0.063596 0.144187
v -0.035571 -0.064658 0.157260
v -0.044211 -0.062894 0.157092
v -0.049384 -0.055943 0.160784
v -0.016691 -0.063312 0.181312
v -0.021783 -0.059533 0.187105
v -0.035877 0.035243 0.136920
v -0.044029 0.024239 0.128620
v -0.036330 0.027358 0.142760
v -0.044016 0.017642 0.134549
v -0.047949 -0.049981 0.170344
v -0.053091 -0.041408 0.165116
v -0.041273 -0.047222 0.181082
v -0.044047 -0.036433 0.179415
v -0.015752 0.074470 0.135486
v -0.007882 -0.070119 0.167237
v -0.008977 -0.069651 0.164030
v -0.006650 -0.067983 0.172957
v -0.055871 0.243321 -0.333120
v -0.057372 0.275426 -0.302702
v -0.057444 0.310497 -0.240283
v -0.051112 0.322357 -0.207356
v -0.013229 -0.107344 0.151865
v -0.013679 -0.100832 0.152266
v -0.031865 -0.117893 0.113707
v -0.017270 -0.118612 0.116837
v -0.017144 -0.122306 0.125830
v -0.031740 -0.121916 0.122453
v -0.041522 -0.120592 0.118332
v -0.043678 -0.116491 0.110141
v -0.032556 -0.114008 0.107113
v -0.017443 -0.114479 0.108905
v -0.030698 -0.125351 0.137787
v -0.016326 -0.125059 0.143089
v -0.014767 -0.121391 0.148361
v -0.029476 -0.121963 0.142445
v -0.056594 -0.072203 0.129023
v -0.045772 -0.070891 0.138119
v -0.033388 -0.070833 0.148066
v -0.022530 -0.071990 0.154452
v -0.020415 -0.068039 0.156347
v -0.029164 -0.065835 0.150868
v -0.019356 -0.067131 0.158875
v -0.027961 -0.065542 0.153974
v -0.026958 -0.065643 0.156843
v -0.029448 -0.065938 0.159973
v -0.023928 -0.065682 0.163231
v -0.025907 -0.064503 0.163332
v -0.018571 -0.067016 0.161158
v -0.018078 0.011240 0.176632
v -0.017454 0.021488 0.168788
v -0.028156 -0.096324 0.150225
v -0.014680 -0.095576 0.152758
v -0.013034 -0.085792 0.154774
v -0.026724 -0.085304 0.152330
v -0.040461 -0.086635 0.146411
v -0.041647 -0.099769 0.143994
v -0.010025 -0.070409 0.160845
v -0.027559 -0.101879 0.149061
v -0.027357 -0.108201 0.148136
v -0.041243 -0.105815 0.143009
v -0.040703 -0.111583 0.141503
v -0.053534 -0.105353 0.135375
v -0.054698 -0.091198 0.137712
v -0.069494 -0.095804 0.128220
v -0.062677 -0.111125 0.126830
v -0.083794 -0.118240 0.113315
v -0.070076 -0.123284 0.115460
v -0.069359 -0.119748 0.116597
v -0.068748 -0.117155 0.118538
v -0.083686 -0.111180 0.117073
v -0.095636 -0.117186 0.111876
v -0.095612 -0.106236 0.115581
v -0.080197 -0.103621 0.121684
v -0.067152 -0.114549 0.121390
v -0.066346 -0.120361 0.118144
v -0.063784 -0.120612 0.118902
v -0.065428 -0.119238 0.119723
v -0.062995 -0.120511 0.119843
v -0.064065 -0.118172 0.121871
v -0.061571 -0.120486 0.121506
v -0.058707 -0.119712 0.124711
v -0.060821 -0.116185 0.125986
v -0.059029 -0.120901 0.116946
v -0.055696 -0.122196 0.118620
v -0.055287 -0.123343 0.121101
v -0.058302 -0.122438 0.118617
v -0.061618 -0.119981 0.115318
v -0.060269 -0.121182 0.117696
v -0.061393 -0.119780 0.106465
v -0.059605 -0.119452 0.107821
v -0.062916 -0.118769 0.114151
v -0.062491 -0.119982 0.116436
v -0.061490 -0.120114 0.119487
v -0.061098 -0.121082 0.119214
v -0.059480 -0.121818 0.120353
v -0.056708 -0.122193 0.122897
v -0.040225 -0.117098 0.139259
v -0.050565 -0.115594 0.133540
v -0.049430 -0.119933 0.130967
v -0.039994 -0.122790 0.135652
v -0.048369 -0.123070 0.127927
v -0.045867 -0.112643 0.103239
v -0.039989 -0.124485 0.130805
v -0.054303 -0.116172 0.104494
v -0.057314 -0.113022 0.097847
v -0.051621 -0.119535 0.112362
v -0.063444 -0.118892 0.099331
v -0.061793 -0.117464 0.100046
v -0.067811 -0.117746 0.091223
v -0.065288 -0.114885 0.093103
v -0.048362 -0.123066 0.124011
v -0.052233 -0.111048 0.134817
v -0.028075 -0.114956 0.145943
v -0.013852 -0.113834 0.150463
v -0.017740 -0.014757 0.195546
v -0.018147 -0.000367 0.185091
v -0.059314 -0.119278 0.121871
v -0.020843 -0.272062 -0.010704
v -0.067406 -0.126342 0.117845
v -0.063659 -0.132487 0.097229
v -0.060415 -0.124127 0.105051
v -0.085290 -0.153281 0.118262
v -0.071972 -0.160794 0.129988
v -0.064965 -0.149293 0.129452
v -0.075775 -0.143725 0.119470
v -0.056463 -0.132630 0.132211
v -0.063356 -0.129151 0.123178
v -0.059901 -0.125134 0.125623
v -0.053320 -0.125980 0.133813
v -0.050861 -0.120493 0.133938
v -0.057385 -0.121153 0.126315
v -0.045819 -0.112277 0.130151
v -0.033898 -0.110704 0.135631
v -0.032828 -0.121323 0.121498
v -0.045183 -0.122892 0.116158
v -0.056966 -0.123677 0.108368
v -0.054956 -0.114855 0.120519
v -0.046532 -0.113333 0.131657
v -0.054401 -0.115479 0.124023
v -0.034777 -0.111320 0.139263
v -0.054714 -0.269359 -0.024410
v -0.056011 -0.117663 0.125681
v -0.048566 -0.115553 0.132692
v -0.037057 -0.113921 0.141645
v -0.039612 -0.119817 0.143466
v -0.041502 -0.126731 0.144941
v -0.043304 -0.134915 0.144595
v -0.051149 -0.156067 0.144526
v -0.058811 -0.170862 0.148565
v -0.033719 -0.158730 0.156463
v -0.040457 -0.174279 0.164708
v -0.029159 -0.136518 0.153577
v -0.028413 -0.127067 0.153995
v -0.026992 -0.119370 0.152137
v -0.025163 -0.113201 0.149407
v -0.011946 -0.073503 0.158014
v -0.019641 -0.065508 0.166801
v -0.016008 -0.064664 0.173107
v -0.028636 -0.054509 0.188904
v -0.007085 -0.066356 0.180529
v -0.036883 -0.048393 0.187240
v -0.031538 -0.050437 0.192057
v -0.033777 -0.043415 0.194308
v -0.037627 -0.040539 0.190108
v -0.026265 -0.052821 0.196586
v -0.030490 -0.044718 0.198225
v -0.011652 -0.056938 0.203029
v -0.014735 -0.045491 0.209000
v -0.017147 -0.026852 0.203093
v -0.016070 -0.037646 0.208423
v -0.034174 -0.038160 0.195276
v -0.037647 -0.031618 0.188733
v -0.037836 -0.021765 0.180536
v -0.045150 -0.027337 0.170764
v -0.029051 0.336832 -0.095122
v -0.022927 -0.110119 0.146514
v -0.021051 -0.108928 0.141200
v -0.032929 -0.149511 0.104393
v -0.032712 -0.136911 0.109811
v -0.019704 -0.137143 0.113432
v -0.019654 -0.149820 0.108501
v -0.009942 -0.108448 0.144371
v -0.009914 -0.121674 0.127924
v -0.020273 -0.121417 0.125511
v -0.010243 -0.109401 0.149815
v -0.011686 -0.112743 0.153409
v -0.013128 -0.119118 0.156794
v -0.009769 -0.137733 0.115118
v -0.009557 -0.151077 0.110156
v -0.059433 -0.135363 0.099740
v -0.060992 -0.146565 0.094379
v -0.046386 -0.137951 0.105588
v -0.047627 -0.147684 0.100618
v -0.019439 -0.173091 0.172743
v -0.015630 -0.159062 0.163808
v -0.014507 -0.127377 0.158093
v -0.014206 -0.137552 0.157360
v -0.057904 0.295958 -0.273116
v -0.180732 0.196519 -0.006564
v -0.175602 0.179263 0.010018
v -0.157342 0.199989 0.030547
v -0.162858 0.212979 0.014159
v -0.181905 0.216568 -0.027011
v -0.163453 0.230087 -0.005237
v -0.109888 0.314321 -0.146466
v -0.112669 0.312838 -0.110174
v -0.060495 0.329628 -0.098754
v -0.094580 0.314287 -0.182247
v -0.128579 0.292118 -0.207450
v -0.137090 0.298896 -0.157897
v -0.137567 0.298932 -0.118555
v -0.074159 -0.166727 -0.304827
v -0.145931 0.109817 -0.334229
v -0.134929 0.296627 -0.083457
v -0.111990 0.308304 -0.075375
v -0.111538 0.300555 -0.044237
v -0.132361 0.290924 -0.053942
v -0.059990 0.323674 -0.062363
v -0.028341 0.330022 -0.057139
v -0.048906 0.016938 -0.383509
v -0.017364 0.032019 0.161948
v -0.140823 -0.119173 -0.252238
v -0.174148 -0.114171 -0.203426
v -0.168448 -0.219409 -0.141430
v -0.216829 -0.070899 -0.147491
v -0.215792 -0.068370 -0.148612
v -0.182724 -0.151309 -0.146852
v -0.189997 -0.120587 -0.151718
v -0.108464 -0.114454 -0.286890
v -0.235843 -0.045002 -0.174011
v -0.238416 -0.035981 -0.175317
v -0.239931 -0.048219 -0.173743
v -0.241869 -0.038250 -0.176233
v -0.242288 -0.027362 -0.177209
v -0.242219 -0.053236 -0.171711
v -0.242325 0.043618 -0.142361
v -0.246655 0.046584 -0.140398
v -0.216416 -0.074350 -0.137313
v -0.215815 -0.072850 -0.141916
v -0.214222 -0.073300 -0.140116
v -0.214132 -0.074371 -0.136448
v -0.216082 -0.076120 -0.133059
v -0.213574 -0.075196 -0.133355
v -0.236787 0.085973 -0.116507
v -0.207524 -0.071146 -0.144422
v -0.213538 -0.069090 -0.148701
v -0.213956 -0.070770 -0.145384
v -0.213266 -0.072421 -0.141945
v -0.212049 -0.074106 -0.136802
v -0.212114 -0.075892 -0.131597
v -0.214514 -0.078939 -0.129840
v -0.243350 -0.056788 -0.172536
v -0.226972 -0.080201 -0.143346
v -0.236910 0.026134 -0.159481
v -0.236806 0.020477 -0.163876
v -0.242182 0.023671 -0.168390
v -0.241808 0.029560 -0.164519
v -0.170991 -0.028398 -0.280527
v -0.175461 -0.000675 -0.289960
v -0.033209 -0.166332 -0.319628
v -0.030836 -0.160931 -0.319616
v -0.221017 0.080539 -0.242150
v -0.237250 0.030283 -0.155692
v -0.242509 0.034270 -0.160410
v -0.239637 -0.025639 -0.175869
v -0.233694 0.029313 -0.156063
v -0.233968 0.024819 -0.159949
v -0.245003 0.037411 -0.165221
v -0.244281 0.031903 -0.169371
v -0.245404 0.025142 -0.173169
v -0.234010 0.019414 -0.163831
v -0.242890 0.039747 -0.157797
v -0.230423 0.161068 -0.174030
v -0.227287 0.145767 -0.211247
v -0.216792 0.205741 -0.180305
v -0.213316 0.192576 -0.220265
v -0.199716 0.177217 -0.262301
v -0.211967 0.127809 -0.254370
v -0.243038 0.043777 -0.143100
v -0.247908 0.049432 -0.143399
v -0.182082 0.233275 -0.046121
v -0.196308 0.220220 -0.065165
v -0.163003 0.245105 -0.023071
v -0.161577 0.258681 -0.039697
v -0.179393 0.249036 -0.063279
v -0.199685 0.231056 -0.095068
v -0.233659 0.136028 -0.137461
v -0.225584 0.175433 -0.137077
v -0.216223 0.186656 -0.101564
v -0.210953 0.219016 -0.139437
v -0.186100 0.254868 -0.110168
v -0.194956 0.245694 -0.147310
v -0.165124 0.276962 -0.119106
v -0.170708 0.271654 -0.156772
v -0.168681 0.265072 -0.197518
v -0.199444 0.235196 -0.186421
v -0.173183 0.263233 -0.078401
v -0.156408 0.270956 -0.053121
v -0.157983 0.279903 -0.086556
v -0.149508 0.281275 -0.064383
v -0.209424 0.191825 -0.082294
v -0.200332 -0.086867 -0.132817
v -0.206862 -0.092911 -0.115862
v -0.225994 -0.069899 -0.091559
v -0.209778 -0.001828 0.002019
v -0.207812 0.030282 -0.005882
v -0.226139 0.008174 -0.031900
v -0.223275 -0.029446 -0.025555
v -0.203699 0.066238 -0.010206
v -0.221215 0.045235 -0.037092
v -0.215549 0.084045 -0.044185
v -0.199083 0.104258 -0.012244
v -0.174071 0.163477 -0.302416
v -0.180519 0.120024 -0.300519
v -0.184738 0.086323 -0.298832
v -0.137113 0.151285 0.074407
v -0.055201 0.219629 -0.351778
v -0.136154 0.212643 0.051557
v -0.148114 0.217997 -0.298038
v -0.110172 0.233737 -0.314998
v -0.196427 0.222733 -0.225573
v -0.185632 0.209399 -0.261008
v -0.163731 0.192786 -0.300534
v -0.183907 0.044118 -0.298032
v -0.134634 0.280785 -0.035031
v -0.163156 0.060395 0.051321
v -0.160110 0.047948 0.048095
v -0.164935 0.072964 0.055920
v -0.156486 0.035287 0.053313
v -0.053776 0.014371 0.122224
v -0.052360 0.008675 0.128077
v -0.051988 0.001774 0.132784
v -0.061730 0.000853 0.121910
v -0.060382 -0.007492 0.125987
v -0.042667 0.001868 0.147095
v -0.043883 0.010244 0.140502
v -0.050180 -0.005871 0.137594
v -0.049887 -0.014913 0.141615
v -0.043065 -0.006187 0.152434
v -0.060160 -0.051111 0.129199
v -0.062857 -0.036485 0.124358
v -0.056831 -0.025232 0.131630
v -0.070362 -0.014939 0.120968
v -0.066834 -0.024702 0.122786
v -0.057987 -0.015625 0.128504
v -0.072978 -0.006173 0.116702
v -0.053110 -0.024551 0.148051
v -0.054810 -0.034671 0.157942
v -0.043368 -0.016564 0.160826
v -0.037134 -0.011666 0.170029
v -0.037192 -0.000438 0.161637
v -0.063642 0.007312 0.116584
v -0.076013 0.001031 0.111543
v -0.076967 -0.033033 0.120796
v -0.089677 -0.040956 0.120130
v -0.083133 -0.020923 0.118003
v -0.095241 -0.026954 0.116832
v -0.085517 -0.011572 0.113394
v -0.098390 -0.017014 0.111666
v -0.099607 -0.051709 0.118386
v -0.109098 -0.061780 0.114952
v -0.115123 -0.077080 0.110176
v -0.119037 -0.046997 0.112722
v -0.128996 -0.061142 0.107088
v -0.124999 -0.031474 0.106157
v -0.137358 -0.046101 0.101619
v -0.108252 -0.034973 0.115012
v -0.112433 -0.023867 0.109372
v -0.100314 -0.007889 0.105328
v -0.088099 -0.003277 0.107701
v -0.125636 -0.004302 0.093327
v -0.126221 -0.017882 0.099412
v -0.113556 -0.012599 0.102746
v -0.114070 -0.001307 0.097058
v -0.141363 -0.026615 0.093953
v -0.138547 -0.007910 0.087859
v -0.135646 0.004343 0.083982
v -0.096944 0.021794 0.095227
v -0.083890 0.023757 0.097760
v -0.106810 0.020828 0.092066
v -0.124289 0.005938 0.089486
v -0.114645 0.007545 0.093257
v -0.146251 0.023807 0.067389
v -0.140121 0.021505 0.073290
v -0.123872 0.019849 0.084258
v -0.115813 0.020053 0.088188
v -0.132325 0.020384 0.079079
v -0.071622 0.028119 0.098671
v -0.059497 0.033860 0.100027
v -0.169954 -0.141813 -0.194541
v -0.036352 0.009156 0.155913
v -0.036433 0.017941 0.148853
v -0.048234 0.079654 0.109900
v -0.042706 0.071299 0.108563
v -0.026066 0.073587 0.129281
v -0.058898 0.091256 0.116241
v -0.050706 0.041249 0.100700
v -0.045007 0.048152 0.100736
v -0.041410 0.055366 0.103570
v -0.040075 0.063801 0.105624
v -0.091011 0.129217 0.124194
v -0.081411 0.111358 0.126911
v -0.165786 0.162008 0.033589
v -0.177026 0.139238 0.020795
v -0.149323 0.115392 0.079834
v -0.159250 0.102961 0.070049
v -0.164747 0.088086 0.062025
v -0.185176 0.108417 0.011918
v -0.192375 0.075604 0.010655
v -0.195524 0.044765 0.011998
v -0.140449 0.241740 0.017181
v -0.139301 0.256109 -0.000097
v -0.140237 0.226592 0.035441
v -0.111544 0.290127 -0.020582
v -0.112565 0.278812 0.000538
v -0.137467 0.269231 -0.017313
v -0.114607 0.265751 0.018949
v -0.116383 0.251608 0.036289
v -0.116137 0.236967 0.054876
v -0.113563 0.222371 0.070355
v -0.107765 0.199935 0.086398
v -0.140992 -0.134928 -0.246593
v -0.027018 -0.040274 0.150882
v -0.025926 -0.040406 0.152360
v -0.026378 -0.040452 0.150359
v -0.025043 -0.040462 0.151950
v -0.026451 -0.041046 0.151905
v -0.025881 -0.060553 0.161832
v -0.023694 -0.055840 0.159015
v -0.024864 -0.046706 0.155500
v -0.219556 -0.084862 -0.097577
v -0.167058 -0.205778 -0.181709
v -0.158082 -0.196276 -0.218657
v 0.183076 -0.199973 -0.189084
v 0.172683 -0.191182 -0.226797
v 0.076389 -0.266892 -0.033104
v 0.112631 -0.260598 -0.048873
v 0.115431 -0.268842 -0.051787
v 0.079261 -0.272817 -0.035102
v 0.194987 -0.224233 -0.202414
v 0.189209 -0.212988 -0.191344
v 0.178090 -0.203771 -0.232744
v 0.185588 -0.214940 -0.245612
v 0.156139 -0.197178 -0.269016
v 0.162878 -0.213200 -0.282752
v 0.129986 -0.214995 -0.310556
v 0.125471 -0.193653 -0.296511
v 0.088738 -0.190526 -0.316123
v 0.093011 -0.215727 -0.328389
v 0.146497 -0.249012 -0.075990
v 0.175577 -0.235508 -0.110562
v 0.179358 -0.247895 -0.116660
v 0.149406 -0.261849 -0.080372
v 0.192296 -0.224621 -0.149219
v 0.198008 -0.235367 -0.158711
v 0.051737 -0.217500 -0.337637
v 0.048830 -0.191879 -0.326118
v 0.082425 -0.292266 -0.039390
v 0.043166 -0.292018 -0.037144
v 0.043890 -0.280628 -0.032646
v 0.080764 -0.281608 -0.038222
v 0.173519 -0.301399 -0.086472
v 0.211510 -0.291144 -0.128167
v 0.224424 -0.303745 -0.114657
v 0.179286 -0.314457 -0.076275
v 0.278351 -0.299322 -0.148370
v 0.302994 -0.277335 -0.208337
v 0.125441 -0.304523 -0.056440
v 0.128969 -0.316646 -0.042009
v 0.010279 -0.244726 -0.355629
v 0.008701 -0.220067 -0.338746
v 0.278847 -0.268721 -0.218436
v 0.275738 -0.263011 -0.283547
v 0.306631 -0.273452 -0.276484
v 0.164653 -0.325924 -0.390331
v 0.165744 -0.342728 -0.397109
v 0.205504 -0.330155 -0.389239
v 0.194401 -0.314332 -0.381434
v 0.222642 -0.240421 -0.274636
v 0.190536 -0.245899 -0.316894
v 0.212627 -0.260983 -0.328460
v 0.248010 -0.251865 -0.283329
v 0.117671 -0.287621 -0.376075
v 0.166827 -0.273936 -0.358359
v 0.148892 -0.259687 -0.347157
v 0.104262 -0.263277 -0.363933
v 0.254563 -0.260352 -0.222595
v 0.229993 -0.250000 -0.219716
v 0.237964 -0.278663 -0.173871
v 0.218837 -0.263421 -0.172581
v 0.199860 -0.272417 -0.127482
v 0.174663 -0.229918 -0.299732
v 0.138469 -0.235714 -0.328350
v 0.096577 -0.240016 -0.346611
v 0.052737 -0.242832 -0.354679
v 0.013832 -0.354985 -0.399862
v 0.012945 -0.325465 -0.395124
v 0.063733 -0.288637 -0.382420
v 0.058451 -0.268419 -0.371528
v 0.257677 -0.288628 -0.164998
v 0.206089 -0.247355 -0.167681
v 0.189008 -0.259625 -0.122258
v 0.193326 -0.326755 -0.047472
v 0.242312 -0.320358 -0.093434
v 0.139177 -0.331796 -0.011940
v 0.088787 -0.338254 0.007469
v 0.070881 -0.324701 -0.391411
v 0.066676 -0.352601 -0.397542
v 0.121445 -0.348215 -0.396851
v 0.131262 -0.317125 -0.388091
v 0.166791 -0.286915 -0.084876
v 0.124893 -0.290828 -0.054853
v 0.081730 -0.303316 -0.034018
v 0.200291 -0.227870 -0.259742
v 0.208232 -0.236513 -0.212764
v 0.157328 -0.275054 -0.084253
v 0.119916 -0.279559 -0.054942
v 0.042468 -0.272140 -0.027114
v 0.083561 -0.318472 -0.017066
v 0.277815 -0.288331 -0.334788
v 0.243428 -0.310907 -0.370180
v 0.223744 -0.303639 -0.367750
v 0.009811 -0.289283 -0.385864
v 0.010299 -0.275248 -0.029990
v 0.009278 -0.286211 -0.032752
v 0.012270 -0.266983 -0.021769
v 0.237243 -0.279763 -0.341686
v 0.182317 -0.295804 -0.370816
v 0.010813 -0.266115 -0.012493
v 0.007982 -0.194435 -0.327914
v 0.008807 -0.304678 -0.030267
v 0.009606 -0.330632 -0.016745
v 0.010752 -0.354618 0.010570
v 0.041751 -0.269596 -0.021573
v 0.044807 -0.325750 -0.015545
v 0.042991 -0.305332 -0.031368
v 0.047653 -0.348609 0.010210
v 0.009785 -0.267960 -0.373427
v -0.054396 -0.268418 -0.029587
v -0.091716 -0.262854 -0.043458
v -0.093991 -0.268335 -0.045440
v -0.056786 -0.271662 -0.030975
v -0.174998 -0.223769 -0.194953
v -0.169349 -0.217241 -0.184476
v -0.160975 -0.206404 -0.224956
v -0.166885 -0.213139 -0.238336
v -0.139142 -0.197712 -0.261483
v -0.144461 -0.210178 -0.276467
v -0.111587 -0.211493 -0.305856
v -0.108640 -0.193120 -0.290444
v -0.072082 -0.189213 -0.312032
v -0.074829 -0.212274 -0.325108
v -0.124474 -0.252982 -0.070041
v -0.147555 -0.241719 -0.106169
v -0.150904 -0.249769 -0.112017
v -0.127720 -0.262394 -0.073978
v -0.167094 -0.232126 -0.143732
v -0.171136 -0.238355 -0.152106
v -0.034161 -0.216214 -0.335445
v -0.032999 -0.191924 -0.323557
v -0.063594 -0.287920 -0.032215
v -0.023592 -0.289296 -0.032923
v -0.023231 -0.278502 -0.030180
v -0.061063 -0.278954 -0.033576
v -0.151723 -0.296295 -0.083954
v -0.190330 -0.281422 -0.124498
v -0.202848 -0.293194 -0.111626
v -0.157812 -0.305141 -0.069871
v -0.257694 -0.287397 -0.145151
v -0.282715 -0.263293 -0.204653
v -0.105206 -0.299041 -0.050034
v -0.108582 -0.314083 -0.037284
v -0.258589 -0.254116 -0.214037
v -0.255292 -0.248474 -0.279367
v -0.286012 -0.258115 -0.272923
v -0.140020 -0.313813 -0.389392
v -0.140119 -0.330403 -0.396123
v -0.180316 -0.316047 -0.388070
v -0.170385 -0.301259 -0.379910
v -0.202361 -0.231082 -0.269284
v -0.169041 -0.241346 -0.313396
v -0.191200 -0.250246 -0.324888
v -0.227342 -0.240053 -0.278607
v -0.094864 -0.279646 -0.374935
v -0.145209 -0.262523 -0.355957
v -0.127510 -0.246934 -0.343753
v -0.082816 -0.258379 -0.362386
v -0.234438 -0.248212 -0.217671
v -0.211026 -0.240784 -0.214029
v -0.217197 -0.268003 -0.168784
v -0.199230 -0.254641 -0.166260
v -0.178664 -0.265754 -0.123917
v -0.155007 -0.223782 -0.294621
v -0.118420 -0.230341 -0.324759
v -0.075982 -0.236479 -0.344540
v -0.031603 -0.248518 -0.354046
v -0.042451 -0.291175 -0.382414
v -0.041336 -0.248339 -0.369692
v -0.236542 -0.276447 -0.161355
v -0.185360 -0.242180 -0.160167
v -0.166025 -0.255637 -0.116887
v -0.172672 -0.322142 -0.041772
v -0.221613 -0.310899 -0.089500
v -0.118551 -0.331867 -0.008554
v -0.068194 -0.339725 0.011242
v -0.044667 -0.319597 -0.391383
v -0.039461 -0.349838 -0.397246
v -0.096211 -0.338458 -0.396317
v -0.107119 -0.307495 -0.387442
v -0.148560 -0.280519 -0.080503
v -0.106639 -0.285777 -0.048878
v -0.062096 -0.300335 -0.028647
v -0.181061 -0.221824 -0.253360
v -0.188959 -0.231186 -0.205662
v -0.136588 -0.272708 -0.078978
v -0.100250 -0.276123 -0.049797
v -0.021702 -0.271535 -0.025158
v -0.063773 -0.317989 -0.013650
v -0.256413 -0.273181 -0.331286
v -0.220221 -0.295873 -0.368140
v -0.200588 -0.290100 -0.365684
v -0.215537 -0.266151 -0.338445
v -0.159605 -0.284101 -0.368931
v -0.020372 -0.269930 -0.019212
v -0.024841 -0.326962 -0.012762
v -0.023624 -0.305433 -0.028712
v -0.025685 -0.349684 0.011836
v -0.027331 -0.040966 0.151112
v -0.213266 -0.087781 -0.034821
v -0.210497 -0.108763 -0.054045
v -0.199240 -0.136501 -0.032998
v -0.200263 -0.114023 -0.013330
v -0.185828 -0.163259 -0.009935
v -0.189795 -0.136137 0.004631
v -0.169144 -0.185354 0.016981
v -0.177467 -0.157845 0.025902
v -0.154847 -0.200960 0.046475
v -0.165394 -0.173580 0.050317
v -0.107582 -0.213593 0.113872
v -0.104831 -0.229780 0.104949
v -0.082871 -0.238442 0.131317
v -0.082799 -0.224829 0.143296
v -0.057184 -0.244423 0.153468
v -0.058456 -0.231106 0.165716
v -0.029152 -0.247275 0.166701
v -0.029396 -0.233047 0.179656
v 0.004352 -0.245679 0.172447
v 0.003446 -0.231360 0.185141
v 0.003236 -0.200182 0.188674
v -0.024849 -0.202338 0.186916
v -0.027329 -0.219027 0.185921
v 0.003257 -0.218447 0.188787
v -0.049141 -0.201391 0.175138
v -0.055550 -0.218345 0.172778
v -0.071274 -0.197065 0.156875
v -0.079108 -0.212780 0.151706
v -0.092482 -0.188045 0.131224
v -0.101541 -0.203209 0.124755
v -0.108432 -0.175623 0.114435
v -0.120856 -0.183965 0.103106
v -0.028042 -0.255449 0.152347
v 0.004842 -0.254991 0.159699
v -0.055557 -0.252683 0.140167
v -0.079023 -0.246866 0.119761
v -0.097650 -0.240628 0.095993
v -0.134430 -0.213194 0.076239
v -0.120642 -0.232836 0.068712
v -0.143029 -0.216208 0.039642
v -0.157730 -0.200695 0.007165
v -0.180995 -0.179086 -0.023646
v -0.197983 -0.150175 -0.052529
v -0.207223 -0.119593 -0.074690
v -0.220684 -0.089053 -0.070236
v -0.043665 -0.187990 0.173627
v -0.022244 -0.186935 0.182508
v -0.062217 -0.184266 0.157032
v -0.081080 -0.174301 0.132821
v -0.096930 -0.164252 0.117133
v -0.109339 -0.131559 0.107564
v -0.105971 -0.148482 0.109829
v -0.107201 -0.100826 0.110531
v -0.108715 -0.115710 0.108536
v -0.134278 -0.083116 0.099890
v -0.137848 -0.105932 0.092628
v -0.123252 -0.113444 0.102154
v -0.120471 -0.093659 0.105182
v -0.147950 -0.064683 0.092527
v -0.152486 -0.094063 0.082973
v -0.027286 -0.263883 0.134802
v 0.005632 -0.264763 0.138298
v -0.051105 -0.262601 0.124319
v -0.069502 -0.258298 0.104780
v -0.084702 -0.254737 0.082236
v -0.100514 -0.248491 0.055740
v -0.116194 -0.233450 0.025290
v -0.136323 -0.215316 -0.006225
v -0.166601 -0.193276 -0.039463
v -0.190483 -0.159786 -0.071986
v -0.201064 -0.129259 -0.095450
v -0.068870 -0.260728 0.037595
v -0.057094 -0.268008 0.061715
v -0.046235 -0.275601 0.083819
v -0.037726 -0.278909 0.102180
v -0.018553 -0.282169 0.100366
v 0.006778 -0.282499 0.097768
v -0.014130 -0.280001 0.072043
v 0.007703 -0.283451 0.075489
v -0.021475 -0.274905 0.053158
v 0.007905 -0.281534 0.061663
v -0.027154 -0.270981 0.037927
v 0.008432 -0.273748 0.042508
v -0.119228 -0.156348 0.105336
v -0.134387 -0.157871 0.091559
v -0.138574 -0.131359 0.089082
v -0.154123 -0.123074 0.075004
v -0.150800 -0.154900 0.073345
v -0.124054 -0.134927 0.102144
v -0.169083 -0.143757 0.052897
v -0.170347 -0.109972 0.059934
v -0.167569 -0.075344 0.072076
v -0.182101 -0.091901 0.045987
v -0.181744 -0.127635 0.033435
v -0.178385 -0.063269 0.059888
v -0.186652 -0.049077 0.048502
v -0.189506 -0.078554 0.033247
v -0.190491 -0.107431 0.018529
v -0.141553 -0.188894 0.079038
v -0.198054 -0.090990 0.003745
v -0.193569 -0.038832 0.036043
v -0.195645 -0.062840 0.020696
v -0.201826 -0.025452 0.020509
v -0.206712 -0.050191 -0.000029
v -0.211374 -0.070800 -0.017034
v -0.223918 -0.067963 -0.059068
v 0.002752 -0.184653 0.183053
v -0.200845 -0.081734 -0.145736
v -0.064224 -0.085532 0.128365
v -0.050234 -0.080917 0.137735
v -0.036661 -0.078979 0.147342
v -0.024224 -0.078889 0.153211
v -0.011873 -0.079918 0.156212
v 0.009630 -0.269547 0.010378
v -0.002031 0.108916 0.137722
v 0.008640 -0.265552 0.025848
v 0.002232 -0.151134 0.110877
v 0.001659 0.333073 -0.053864
v 0.002631 -0.170555 0.175364
v 0.002646 -0.137445 0.116745
v -0.001873 -0.000126 0.189165
v 0.002848 -0.158832 0.168052
v 0.003222 -0.128352 0.160087
v 0.003482 -0.112205 0.154670
v -0.000713 0.206051 0.112589
v 0.003256 -0.118626 0.158376
v -0.000698 -0.074991 0.158650
v -0.001503 -0.013934 0.199394
v 0.003449 -0.108799 0.150678
v 0.007458 -0.106483 -0.333465
v 0.003515 -0.139134 0.162461
v 0.002386 -0.121626 0.129280
v 0.003082 -0.107814 0.145523
v 0.003500 -0.115500 0.109589
v 0.000067 -0.081535 0.155226
v -0.002683 0.052241 0.151099
v 0.006164 -0.015827 -0.382334
v -0.003000 0.044497 0.158117
v -0.001420 0.268821 0.073213
v -0.000447 0.233681 0.099396
v -0.002335 0.013797 0.179939
v 0.005927 0.142569 -0.394998
v 0.005915 0.185242 -0.382404
v -0.001699 0.159461 0.125733
v 0.004407 0.327420 -0.215577
v -0.001414 -0.026141 0.207971
v -0.001256 -0.066811 0.180370
v 0.000055 0.311974 0.008927
v 0.005971 0.054578 -0.399063
v 0.005341 0.301281 -0.281717
v 0.002594 -0.121770 0.150035
v 0.000828 0.323460 -0.021074
v 0.002676 -0.125614 0.143856
v -0.001717 -0.058274 0.204562
v 0.006030 0.015107 -0.393378
v 0.005931 0.089602 -0.398935
v 0.001029 -0.097351 0.151634
v 0.000372 -0.087787 0.153496
v 0.004949 0.316521 -0.249833
v -0.001474 0.125377 0.135079
v 0.001609 -0.103100 0.151434
v -0.002450 0.074911 0.138367
v 0.001937 -0.108721 0.153000
v 0.010072 -0.268829 -0.003644
v 0.005772 0.248051 -0.342483
v 0.002214 -0.114682 0.151410
v 0.002875 -0.122596 0.127604
v -0.002683 0.026149 0.172211
v 0.003323 -0.118968 0.118447
v -0.001355 0.179320 0.119627
v -0.001119 -0.071364 0.166898
v -0.001050 -0.071585 0.170136
v -0.002470 0.068738 0.140435
v -0.001398 0.252063 0.089123
v -0.002010 0.081408 0.138464
v -0.000787 -0.071835 0.163128
v 0.005871 0.223504 -0.362033
v 0.003654 0.340384 -0.169764
v 0.003344 0.342952 -0.136298
v -0.002779 0.059917 0.145251
v -0.002488 0.036155 0.164586
v 0.007671 -0.129365 -0.329304
v -0.001592 -0.047169 0.212647
v -0.001663 -0.037879 0.213076
v -0.000633 0.298332 0.034659
v 0.006432 -0.038689 -0.373468
v 0.002611 0.341350 -0.092877
v -0.001160 0.283886 0.055412
v 0.007125 -0.079163 -0.349688
v 0.006755 -0.056407 -0.365998
v -0.001785 -0.061127 0.198403
v -0.002324 0.089366 0.137723
v -0.001552 -0.064682 0.188780
v 0.005606 0.281188 -0.311317
v -0.001100 -0.069651 0.174068
v 0.026498 -0.041709 0.150457
v 0.213447 -0.082237 -0.039493
v 0.214838 -0.103837 -0.060002
v 0.207052 -0.132389 -0.038330
v 0.203483 -0.109741 -0.018258
v 0.196017 -0.160001 -0.015014
v 0.195540 -0.132914 -0.000310
v 0.180258 -0.183607 0.012366
v 0.185742 -0.155748 0.021353
v -0.017360 -0.058776 0.196698
v -0.013966 -0.063253 0.189179
v 0.166630 -0.200439 0.042606
v 0.174422 -0.173280 0.046350
v -0.052391 0.051772 0.092462
v -0.028371 -0.065647 0.158999
v -0.028480 0.006566 0.170824
v -0.048924 0.051860 0.094740
v 0.117461 -0.214824 0.111389
v 0.115046 -0.230801 0.101997
v 0.091470 -0.239438 0.128545
v 0.092006 -0.226638 0.141636
v -0.036181 -0.063798 0.155669
v 0.066671 -0.246018 0.152393
v 0.066955 -0.232924 0.165052
v 0.038306 -0.247930 0.166562
v 0.037346 -0.233967 0.179271
v -0.028216 0.026920 0.156685
v -0.034136 0.051256 0.122594
v 0.031161 -0.203142 0.185804
v 0.033771 -0.219924 0.184172
v -0.027960 0.016657 0.164014
v -0.053696 -0.053163 0.156264
v -0.047357 -0.061859 0.153280
v -0.026077 -0.037689 0.202730
v -0.028170 -0.028221 0.197384
v 0.056016 -0.203549 0.174391
v -0.028711 -0.048545 0.197966
v -0.019429 -0.055086 0.200480
v 0.062179 -0.220141 0.171144
v -0.056900 0.052183 0.091541
v -0.086259 0.056639 0.073754
v -0.023835 -0.045003 0.204142
v -0.012977 -0.052401 0.206588
v -0.066196 0.056194 0.083348
v -0.054770 0.052134 0.091868
v -0.042912 -0.041647 0.180775
v -0.029857 0.049211 0.134431
v 0.077231 -0.199566 0.154785
v 0.086031 -0.215230 0.149869
v 0.099170 -0.190144 0.129039
v 0.109326 -0.204960 0.123000
v -0.050531 -0.045607 0.168287
v 0.116653 -0.177277 0.113136
v 0.129799 -0.184832 0.100719
v 0.037835 -0.256269 0.151441
v -0.059082 0.053002 0.090444
v -0.060821 0.054009 0.089280
v -0.029453 -0.004917 0.178848
v 0.065425 -0.254533 0.138153
v 0.088980 -0.248081 0.116773
v 0.109825 -0.241566 0.092907
v 0.146326 -0.214022 0.073300
v -0.073680 0.056716 0.083981
v -0.011471 -0.066408 0.172999
v -0.037491 -0.044260 0.188667
v -0.032965 -0.046568 0.193814
v -0.013619 -0.067509 0.167235
v 0.134018 -0.235078 0.065700
v 0.157851 -0.216581 0.035113
v -0.042856 0.051863 0.101954
v 0.172286 -0.199281 0.001460
v -0.028059 0.043347 0.143698
v -0.027017 0.035679 0.151409
v 0.192931 -0.176019 -0.030885
v 0.205943 -0.145333 -0.059685
v -0.012135 -0.065174 0.181132
v 0.214835 -0.114026 -0.083372
v 0.220043 -0.082397 -0.076786
v 0.049917 -0.189647 0.173209
v 0.028449 -0.187655 0.182057
v 0.067862 -0.186342 0.155871
v -0.028847 -0.016993 0.189300
v 0.087479 -0.176518 0.131487
v 0.104825 -0.165997 0.116800
v 0.118020 -0.133261 0.107886
v -0.021456 -0.065595 0.162684
v 0.114538 -0.150162 0.109917
v 0.111847 -0.102090 0.109460
v 0.115162 -0.117233 0.108115
v 0.138115 -0.083076 0.099161
v 0.143464 -0.105975 0.091214
v 0.129132 -0.114389 0.100675
v -0.001607 -0.053627 0.209228
v -0.021393 -0.050667 0.202874
v 0.125091 -0.094209 0.104758
v 0.149704 -0.064615 0.090212
v 0.156754 -0.093622 0.080540
v 0.038266 -0.264555 0.133369
v -0.088165 0.095603 0.103293
v -0.087569 0.089473 0.098412
v 0.062678 -0.263917 0.122120
v 0.081616 -0.260314 0.102919
v 0.098063 -0.257066 0.080243
v 0.116521 -0.251464 0.054304
v 0.134781 -0.235234 0.023783
v 0.155033 -0.214192 -0.010203
v -0.069168 0.100276 0.121395
v -0.017587 0.099406 0.136133
v -0.033920 0.099829 0.133465
v 0.186176 -0.192044 -0.046184
v -0.093214 0.074611 0.094056
v -0.095505 0.067890 0.091956
v -0.087471 0.083015 0.094734
v -0.094303 0.069840 0.094288
v -0.094285 0.072016 0.095005
v 0.202620 -0.155700 -0.079345
v -0.088462 0.079657 0.093514
v 0.208844 -0.122942 -0.103754
v -0.088332 0.079576 0.093189
v 0.087255 -0.263201 0.037586
v -0.083224 0.099758 0.111936
v 0.073276 -0.271509 0.061300
v 0.061144 -0.278314 0.082882
v -0.090739 0.077478 0.093135
v -0.095654 0.065533 0.088827
v 0.050917 -0.279896 0.100663
v -0.097153 0.060488 0.077052
v 0.031950 -0.282489 0.099226
v -0.002173 0.098701 0.138129
v -0.065862 0.128548 0.131685
v -0.150278 0.125568 0.070336
v 0.029376 -0.280936 0.071035
v -0.160662 0.110676 0.062452
v 0.037959 -0.275498 0.051438
v -0.143066 0.013120 0.074850
v -0.150769 0.016158 0.068180
v -0.058327 0.111317 0.132138
v 0.044565 -0.269936 0.035525
v 0.128356 -0.157745 0.104700
v 0.142899 -0.158742 0.089311
v 0.145592 -0.131701 0.087152
v 0.160650 -0.122718 0.072381
v -0.078127 0.180029 0.108943
v -0.087770 0.297715 -0.009858
v -0.074480 0.161421 0.117664
v -0.115821 0.142100 0.101575
v 0.159656 -0.155060 0.070300
v -0.088785 0.286013 0.013194
v 0.132435 -0.136155 0.101016
v 0.175864 -0.142669 0.048968
v 0.175066 -0.108818 0.056721
v 0.169247 -0.074807 0.068580
v 0.184426 -0.090366 0.041917
v -0.135736 0.137063 0.083207
v 0.186828 -0.125334 0.028667
v -0.163268 0.028735 0.051287
v -0.021836 0.142661 0.131884
v -0.166829 0.043495 0.043523
v 0.178723 -0.061788 0.056094
v -0.045784 0.143781 0.131162
v -0.073184 0.323689 -0.167764
v 0.185661 -0.047092 0.044829
v 0.189722 -0.075993 0.029039
v 0.193457 -0.104567 0.014116
v 0.152086 -0.189690 0.075844
v -0.044394 0.090207 0.124530
v 0.199513 -0.087206 -0.000930
v -0.115453 0.014594 0.090289
v -0.123823 0.013556 0.086596
v 0.191024 -0.035951 0.032624
v -0.085142 0.323232 -0.138997
v -0.161137 0.023751 0.055635
v -0.087259 0.227482 0.083400
v -0.034032 0.072345 0.119718
v -0.038603 0.079802 0.119902
v -0.089717 0.244253 0.069736
v 0.194397 -0.059836 0.016792
v 0.197658 -0.021587 0.017338
v 0.203728 -0.046186 -0.003292
v -0.089935 0.259436 0.051628
v 0.209620 -0.065659 -0.020789
v 0.220623 -0.060624 -0.064285
v -0.088032 0.308109 -0.036637
v -0.069628 0.023708 0.101772
v 0.202568 -0.072392 -0.156124
v 0.064614 -0.086587 0.126534
v 0.050001 -0.082039 0.136217
v -0.168104 0.093284 0.055132
v -0.170314 0.074741 0.050217
v -0.088254 0.321693 -0.103983
v -0.095252 0.017157 0.096927
v -0.168831 0.059282 0.045696
v -0.038881 0.329457 -0.187448
v 0.036393 -0.079991 0.146577
v -0.156830 0.019313 0.061798
v 0.024356 -0.079406 0.153875
v 0.011787 -0.080252 0.156979
v -0.095149 0.144402 0.115860
v -0.105881 0.015666 0.094054
v -0.033680 0.064623 0.117464
v -0.057613 0.030327 0.104201
v -0.048462 0.038788 0.106261
v -0.089413 0.273190 0.033300
v -0.041577 0.047079 0.109013
v -0.035590 0.055936 0.114966
v -0.082271 0.019490 0.099969
v -0.082799 0.203392 0.098191
v -0.088058 0.316193 -0.068593
v -0.133244 0.012761 0.081223
v 0.003922 0.333471 -0.193940
v -0.001858 0.141510 0.131143
v -0.038330 0.051651 0.112193
v -0.051386 0.099921 0.129170
v -0.071085 0.144461 0.126329
v 0.003331 -0.149580 0.165612
v -0.072221 -0.110046 0.121682
v -0.074786 -0.114632 0.117551
v -0.073331 -0.129345 0.114272
v -0.055199 -0.098579 0.136829
v -0.066029 -0.104763 0.128124
v -0.046320 -0.144290 0.143947
v -0.075223 -0.119038 0.114778
v -0.030679 -0.146533 0.153651
v -0.076088 -0.124133 0.113062
v -0.014685 -0.147808 0.159099
v 0.000709 -0.092144 0.153138
v -0.027745 -0.090618 0.151313
v -0.013037 -0.090741 0.153764
v -0.041964 -0.093224 0.145393
v -0.067894 -0.135066 0.121831
v -0.059334 -0.140495 0.132453
v 0.014055 -0.058837 0.196885
v 0.010913 -0.062878 0.189084
v 0.048960 0.048945 0.090232
v 0.026721 -0.066489 0.158592
v 0.022624 0.005241 0.169460
v 0.044960 0.049188 0.091935
v 0.034248 -0.064916 0.155133
v 0.021795 0.025498 0.155308
v 0.027627 0.048743 0.119261
v 0.021747 0.015284 0.162628
v 0.051085 -0.054851 0.156062
v 0.045199 -0.063317 0.152947
v 0.022378 -0.038659 0.203413
v 0.024170 -0.029206 0.197862
v 0.025274 -0.049621 0.198461
v 0.016166 -0.055714 0.200951
v 0.054086 0.049242 0.090972
v 0.083774 0.053013 0.075552
v 0.020201 -0.045827 0.204533
v 0.009789 -0.053062 0.207188
v 0.064058 0.052407 0.083940
v 0.051811 0.049196 0.090418
v 0.039508 -0.043254 0.180809
v 0.022905 0.046965 0.131643
v 0.047391 -0.047310 0.168162
v 0.056678 0.049897 0.090564
v 0.058653 0.050818 0.090141
v 0.024146 -0.006027 0.177626
v 0.070736 0.051650 0.085488
v 0.009326 -0.066528 0.173278
v 0.034123 -0.045969 0.189055
v 0.029505 -0.047967 0.194269
v 0.011943 -0.068035 0.167402
v 0.038087 0.049095 0.098601
v 0.021472 0.041751 0.142038
v 0.020562 0.034397 0.150522
v 0.009514 -0.064892 0.181141
v 0.024111 -0.017880 0.189033
v 0.019858 -0.066312 0.162632
v 0.018135 -0.051613 0.203523
v 0.085825 0.091985 0.106002
v 0.085442 0.086065 0.100220
v 0.065717 0.096917 0.122821
v 0.013117 0.098198 0.136337
v 0.029510 0.097629 0.134058
v 0.090387 0.071400 0.094925
v 0.092622 0.065270 0.093060
v 0.085195 0.079698 0.095517
v 0.090991 0.066275 0.095951
v 0.091143 0.068739 0.096423
v 0.086171 0.076330 0.093803
v 0.085924 0.076221 0.093176
v 0.080461 0.096255 0.114478
v 0.088186 0.074178 0.093445
v 0.093471 0.063737 0.090073
v 0.095173 0.058673 0.078772
v 0.061935 0.126739 0.132923
v 0.149142 0.127293 0.073050
v 0.159945 0.112283 0.065170
v 0.140021 0.012995 0.072539
v 0.147076 0.016662 0.065173
v 0.054043 0.108523 0.133268
v 0.075007 0.181303 0.110316
v 0.090154 0.300064 -0.008323
v 0.071458 0.162273 0.120165
v 0.112770 0.142221 0.103350
v 0.089532 0.287826 0.014809
v 0.133760 0.138174 0.085782
v 0.159615 0.030594 0.049964
v 0.018010 0.142343 0.132922
v 0.165774 0.045411 0.044631
v 0.042200 0.143381 0.133045
v 0.081109 0.326010 -0.167075
v 0.040371 0.087246 0.124762
v 0.112737 0.013342 0.090426
v 0.120928 0.012453 0.086252
v 0.092232 0.325997 -0.138020
v 0.156722 0.025226 0.053097
v 0.084420 0.228225 0.083705
v 0.028916 0.070322 0.117874
v 0.034088 0.077579 0.118742
v 0.085714 0.243678 0.071753
v 0.087347 0.259721 0.053486
v 0.091917 0.310841 -0.035167
v 0.065559 0.021122 0.100180
v 0.167762 0.094754 0.057784
v 0.170321 0.075892 0.052965
v 0.094419 0.324691 -0.102760
v 0.092339 0.015398 0.097340
v 0.169098 0.060900 0.048174
v 0.046891 0.330528 -0.187113
v 0.152772 0.020303 0.058904
v 0.091736 0.144293 0.117875
v 0.103079 0.014238 0.094511
v 0.028150 0.062546 0.114791
v 0.052519 0.027332 0.101239
v 0.042554 0.035715 0.102442
v 0.088466 0.274309 0.035020
v 0.035851 0.044256 0.105153
v 0.029785 0.053618 0.111728
v 0.078560 0.017450 0.099498
v 0.080178 0.204909 0.099453
v 0.093200 0.319169 -0.067210
v 0.130418 0.011998 0.080212
v 0.032449 0.049025 0.108443
v 0.047274 0.096929 0.130064
v 0.067755 0.144110 0.128500
v 0.077567 -0.111168 0.121480
v 0.080887 -0.116267 0.117455
v 0.079421 -0.132527 0.113219
v 0.058015 -0.099480 0.136275
v 0.069929 -0.105786 0.127644
v 0.052245 -0.146908 0.144297
v 0.081143 -0.121338 0.114513
v 0.037051 -0.148118 0.154471
v 0.082232 -0.126811 0.112843
v 0.021195 -0.148173 0.159460
v 0.029651 -0.090826 0.152292
v 0.014422 -0.090920 0.154696
v 0.044115 -0.093680 0.145442
v 0.074163 -0.138145 0.120343
v 0.065583 -0.143730 0.131678
v 0.094256 0.053924 0.064291
v -0.096348 0.056275 0.061895
v 0.090352 0.048692 0.097537
v 0.086438 0.048700 0.096343
v 0.082830 0.048707 0.094403
v 0.079799 0.048714 0.091901
v 0.090431 0.049494 0.097534
v 0.086587 0.050277 0.096340
v 0.083046 0.050996 0.094403
v 0.080079 0.051600 0.091892
v 0.090661 0.050268 0.097531
v 0.087041 0.051789 0.096334
v 0.083704 0.053193 0.094396
v 0.080903 0.054371 0.091891
v 0.091036 0.050978 0.097527
v 0.087778 0.053184 0.096330
v 0.084773 0.055218 0.094391
v 0.082250 0.056926 0.091887
v 0.091542 0.051601 0.097530
v 0.088770 0.054405 0.096328
v 0.086210 0.056995 0.094393
v 0.084061 0.059168 0.091891
v 0.092157 0.052113 0.097529
v 0.089976 0.055408 0.096330
v 0.087966 0.058449 0.094390
v 0.086281 0.061000 0.091879
v 0.092859 0.052492 0.097528
v 0.091357 0.056153 0.096327
v 0.089970 0.059529 0.094385
v 0.088810 0.062363 0.091876
v 0.093625 0.052725 0.097525
v 0.092853 0.056611 0.096328
v 0.092145 0.060194 0.094386
v 0.091551 0.063198 0.091870
v 0.094419 0.052803 0.097524
v 0.094413 0.056764 0.096323
v 0.094409 0.060416 0.094379
v 0.094407 0.063479 0.091865
v 0.095212 0.052724 0.097527
v 0.095974 0.056607 0.096324
v 0.096674 0.060186 0.094376
v 0.097263 0.063187 0.091858
v 0.095979 0.052487 0.097524
v 0.097471 0.056143 0.096317
v 0.098851 0.059513 0.094370
v 0.100007 0.062342 0.091854
v 0.096682 0.052105 0.097518
v 0.098854 0.055393 0.096315
v 0.100858 0.058426 0.094367
v 0.102539 0.060970 0.091849
v 0.097299 0.051591 0.097520
v 0.100065 0.054386 0.096312
v 0.102617 0.056964 0.094361
v 0.104763 0.059128 0.091849
v 0.097809 0.050968 0.097522
v 0.101061 0.053162 0.096314
v 0.104063 0.055185 0.094362
v 0.106582 0.056881 0.091841
v 0.098186 0.050256 0.097522
v 0.101804 0.051765 0.096314
v 0.105140 0.053157 0.094365
v 0.107938 0.054323 0.091840
v 0.098420 0.049482 0.097520
v 0.102263 0.050251 0.096320
v 0.105803 0.050957 0.094365
v 0.108776 0.051550 0.091844
v 0.098499 0.048680 0.097520
v 0.102417 0.048674 0.096314
v 0.106034 0.048669 0.094370
v 0.109071 0.048665 0.091854
v 0.098423 0.047878 0.097519
v 0.102268 0.047098 0.096318
v 0.105816 0.046382 0.094375
v 0.108790 0.045780 0.091853
v 0.098191 0.047104 0.097518
v 0.101814 0.045584 0.096315
v 0.105157 0.044182 0.094373
v 0.107962 0.043010 0.091854
v 0.097817 0.046393 0.097520
v 0.101080 0.044187 0.096326
v 0.104091 0.042154 0.094381
v 0.106613 0.040453 0.091859
v 0.097310 0.045770 0.097526
v 0.100087 0.042965 0.096327
v 0.102651 0.040378 0.094386
v 0.104799 0.038213 0.091866
v 0.096696 0.045255 0.097535
v 0.098881 0.041959 0.096340
v 0.100896 0.038919 0.094396
v 0.102583 0.036376 0.091873
v 0.095994 0.044876 0.097539
v 0.097500 0.041214 0.096344
v 0.098892 0.037838 0.094401
v 0.100056 0.035011 0.091881
v 0.095228 0.044639 0.097547
v 0.096003 0.040754 0.096352
v 0.096716 0.037173 0.094408
v 0.097315 0.034174 0.091888
v 0.094434 0.044563 0.097544
v 0.094443 0.040603 0.096352
v 0.094452 0.036953 0.094409
v 0.094460 0.033893 0.091894
v 0.093639 0.044642 0.097548
v 0.092881 0.040760 0.096355
v 0.092186 0.037181 0.094415
v 0.091604 0.034184 0.091899
v 0.092872 0.044880 0.097549
v 0.091382 0.041223 0.096355
v 0.090008 0.037854 0.094416
v 0.088859 0.035029 0.091903
v 0.092168 0.045261 0.097548
v 0.089998 0.041974 0.096357
v 0.087999 0.038941 0.094419
v 0.086326 0.036401 0.091905
v 0.091551 0.045778 0.097542
v 0.088787 0.042982 0.096351
v 0.086238 0.040403 0.094420
v 0.084103 0.038244 0.091909
v 0.091041 0.046401 0.097545
v 0.087788 0.044204 0.096362
v 0.084791 0.042183 0.094422
v 0.082280 0.040490 0.091907
v 0.094426 0.048685 0.097935
v 0.090665 0.047113 0.097543
v 0.087049 0.045605 0.096354
v 0.083716 0.044213 0.094418
v 0.080923 0.043051 0.091905
v 0.090434 0.047889 0.097539
v 0.086592 0.047122 0.096347
v 0.083055 0.046417 0.094408
v 0.080090 0.045826 0.091898
v 0.076842 0.048721 0.089755
v 0.072281 0.048732 0.086095
v 0.068393 0.048742 0.081304
v 0.065509 0.048751 0.075835
v 0.063743 0.048758 0.069894
v 0.063151 0.048765 0.063716
v 0.063762 0.048764 0.057537
v 0.065550 0.048764 0.051594
v 0.068453 0.048761 0.046113
v 0.072356 0.048756 0.041309
v 0.077108 0.048751 0.037362
v 0.082529 0.048742 0.034426
v 0.088406 0.048733 0.032618
v 0.077174 0.052190 0.089747
v 0.072694 0.053100 0.086096
v 0.068873 0.053882 0.081310
v 0.066053 0.054457 0.075833
v 0.064315 0.054817 0.069892
v 0.063737 0.054939 0.063714
v 0.064338 0.054821 0.057533
v 0.066096 0.054469 0.051590
v 0.068944 0.053897 0.046109
v 0.072774 0.053122 0.041305
v 0.077437 0.052182 0.037359
v 0.082752 0.051105 0.034425
v 0.088522 0.049938 0.032617
v 0.078169 0.055523 0.089743
v 0.073941 0.057302 0.086094
v 0.070344 0.058820 0.081306
v 0.067682 0.059945 0.075829
v 0.066050 0.060641 0.069887
v 0.065506 0.060877 0.063708
v 0.066074 0.060646 0.057528
v 0.067733 0.059954 0.051584
v 0.070417 0.058833 0.046104
v 0.074026 0.057322 0.041301
v 0.078421 0.055479 0.037356
v 0.083432 0.053378 0.034422
v 0.088868 0.051096 0.032616
v 0.079783 0.058597 0.089747
v 0.075981 0.061172 0.086091
v 0.072744 0.063369 0.081299
v 0.070348 0.064999 0.075821
v 0.068879 0.066003 0.069880
v 0.068391 0.066345 0.063700
v 0.068904 0.066007 0.057520
v 0.070398 0.065007 0.051578
v 0.072816 0.063380 0.046098
v 0.076065 0.061189 0.041296
v 0.080022 0.058519 0.037352
v 0.084535 0.055469 0.034420
v 0.089429 0.052164 0.032614
v 0.081966 0.061288 0.089742
v 0.078736 0.064558 0.086078
v 0.075982 0.067351 0.081286
v 0.073943 0.069425 0.075810
v 0.072695 0.070702 0.069869
v 0.072280 0.071135 0.063690
v 0.072718 0.070706 0.057510
v 0.073990 0.069433 0.051569
v 0.076047 0.067364 0.046090
v 0.078814 0.064576 0.041290
v 0.082181 0.061181 0.037347
v 0.086022 0.057304 0.034416
v 0.090189 0.053096 0.032612
v 0.084632 0.063491 0.089731
v 0.082092 0.067337 0.086067
v 0.079928 0.070616 0.081273
v 0.078326 0.073054 0.075798
v 0.077347 0.074556 0.069857
v 0.077021 0.075065 0.063679
v 0.077368 0.074561 0.057501
v 0.078369 0.073063 0.051560
v 0.079988 0.070630 0.046082
v 0.082165 0.067355 0.041283
v 0.084815 0.063363 0.037341
v 0.087837 0.058808 0.034413
v 0.091112 0.053864 0.032611
v 0.087673 0.065125 0.089719
v 0.085922 0.069396 0.086054
v 0.084431 0.073040 0.081261
v 0.083331 0.075747 0.075785
v 0.082654 0.077417 0.069846
v 0.082436 0.077982 0.063668
v 0.082673 0.077422 0.057490
v 0.083368 0.075758 0.051550
v 0.084488 0.073055 0.046074
v 0.085991 0.069416 0.041276
v 0.087823 0.064983 0.037336
v 0.089907 0.059923 0.034409
v 0.092168 0.054432 0.032609
v 0.090972 0.066131 0.089711
v 0.090081 0.070661 0.086045
v 0.089319 0.074529 0.081250
v 0.088761 0.077402 0.075773
v 0.088418 0.079174 0.069835
v 0.088310 0.079772 0.063657
v 0.088437 0.079179 0.057480
v 0.088796 0.077414 0.051541
v 0.089372 0.074545 0.046065
v 0.090147 0.070682 0.041268
v 0.091085 0.065977 0.037330
v 0.092155 0.060610 0.034405
v 0.093314 0.054782 0.032607
v 0.094405 0.066467 0.089707
v 0.094402 0.071084 0.086037
v 0.094402 0.075025 0.081240
v 0.094406 0.077954 0.075764
v 0.094412 0.079758 0.069824
v 0.094423 0.080372 0.063647
v 0.094430 0.079763 0.057471
v 0.094441 0.077966 0.051532
v 0.094453 0.075042 0.046057
v 0.094466 0.071105 0.041262
v 0.094480 0.066311 0.037325
v 0.094494 0.060839 0.034401
v 0.094506 0.054899 0.032605
v 0.097838 0.066119 0.089699
v 0.098725 0.070646 0.086031
v 0.099487 0.074510 0.081232
v 0.100052 0.077382 0.075755
v 0.100407 0.079151 0.069815
v 0.100533 0.079749 0.063638
v 0.100424 0.079157 0.057461
v 0.100086 0.077393 0.051524
v 0.099536 0.074526 0.046050
v 0.098787 0.070667 0.041255
v 0.097876 0.065965 0.037320
v 0.096833 0.060602 0.034398
v 0.095699 0.054777 0.032603
v 0.101140 0.065100 0.089694
v 0.102887 0.069366 0.086025
v 0.104378 0.073002 0.081226
v 0.105486 0.075706 0.075749
v 0.106175 0.077373 0.069808
v 0.106413 0.077937 0.063630
v 0.106192 0.077379 0.057453
v 0.105519 0.075718 0.051516
v 0.104425 0.073019 0.046043
v 0.102947 0.069386 0.041250
v 0.101141 0.064959 0.037316
v 0.099083 0.059906 0.034395
v 0.096846 0.054424 0.032602
v 0.104185 0.063454 0.089693
v 0.106723 0.067291 0.086024
v 0.108887 0.070562 0.081222
v 0.110497 0.072993 0.075743
v 0.111489 0.074492 0.069802
v 0.111833 0.075000 0.063624
v 0.111506 0.074499 0.057448
v 0.110528 0.073005 0.051510
v 0.108932 0.070578 0.046038
v 0.106780 0.067311 0.041245
v 0.104155 0.063329 0.037312
v 0.101156 0.058784 0.034393
v 0.097904 0.053852 0.032600
v 0.106855 0.061239 0.089690
v 0.110085 0.064499 0.086018
v 0.112840 0.067281 0.081219
v 0.114889 0.069348 0.075739
v 0.116153 0.070620 0.069797
v 0.116585 0.071052 0.063619
v 0.116169 0.070627 0.057443
v 0.114920 0.069360 0.051506
v 0.112884 0.067298 0.046034
v 0.110141 0.064521 0.041242
v 0.106796 0.061137 0.037309
v 0.102977 0.057275 0.034391
v 0.098830 0.053081 0.032599
v 0.109047 0.058542 0.089688
v 0.112850 0.061103 0.086019
v 0.116089 0.063287 0.081218
v 0.118498 0.064909 0.075737
v 0.119986 0.065908 0.069795
v 0.120492 0.066250 0.063617
v 0.120001 0.065915 0.057440
v 0.118527 0.064921 0.051503
v 0.116129 0.063303 0.046032
v 0.112902 0.061124 0.041240
v 0.108964 0.058468 0.037308
v 0.104471 0.055434 0.034390
v 0.099593 0.052145 0.032599
v 0.110676 0.055466 0.089685
v 0.114903 0.057227 0.086017
v 0.118506 0.058731 0.081219
v 0.121183 0.059846 0.075738
v 0.122836 0.060537 0.069795
v 0.123398 0.060770 0.063616
v 0.122850 0.060544 0.057439
v 0.121211 0.059860 0.051503
v 0.118544 0.058748 0.046031
v 0.114954 0.057250 0.041240
v 0.110577 0.055422 0.037308
v 0.105581 0.053339 0.034390
v 0.100158 0.051076 0.032599
v 0.111684 0.052129 0.089687
v 0.116175 0.053022 0.086022
v 0.119999 0.053787 0.081219
v 0.122844 0.054354 0.075743
v 0.124593 0.054707 0.069796
v 0.125189 0.054829 0.063618
v 0.124609 0.054714 0.057441
v 0.122868 0.054368 0.051504
v 0.120035 0.053806 0.046032
v 0.116221 0.053046 0.041241
v 0.111572 0.052122 0.037308
v 0.106269 0.051065 0.034390
v 0.100508 0.049916 0.032599
v 0.112034 0.048661 0.089696
v 0.116615 0.048654 0.086029
v 0.120520 0.048648 0.081228
v 0.123417 0.048647 0.075749
v 0.125196 0.048648 0.069800
v 0.125806 0.048654 0.063621
v 0.125207 0.048656 0.057444
v 0.123433 0.048662 0.051507
v 0.120545 0.048668 0.046034
v 0.116654 0.048678 0.041242
v 0.111914 0.048688 0.037309
v 0.106503 0.048700 0.034391
v 0.100628 0.048711 0.032599
v 0.111695 0.045194 0.089691
v 0.116192 0.044287 0.086028
v 0.120022 0.043514 0.081227
v 0.122865 0.042944 0.075750
v 0.124615 0.042593 0.069804
v 0.125209 0.042476 0.063624
v 0.124629 0.042599 0.057448
v 0.122887 0.042957 0.051511
v 0.120052 0.043534 0.046038
v 0.116235 0.044313 0.041246
v 0.111583 0.045257 0.037312
v 0.106277 0.046336 0.034393
v 0.100512 0.047506 0.032600
v 0.110695 0.041861 0.089690
v 0.114928 0.040089 0.086022
v 0.118532 0.038581 0.081223
v 0.121219 0.037460 0.075752
v 0.122875 0.036769 0.069809
v 0.123437 0.036538 0.063630
v 0.122890 0.036775 0.057453
v 0.121248 0.037471 0.051516
v 0.118578 0.038598 0.046043
v 0.114983 0.040112 0.041250
v 0.110600 0.041960 0.037316
v 0.105597 0.044064 0.034395
v 0.100166 0.046348 0.032601
v 0.109078 0.038790 0.089698
v 0.112883 0.036223 0.086027
v 0.116129 0.034034 0.081226
v 0.118548 0.032407 0.075754
v 0.120042 0.031407 0.069814
v 0.120551 0.031070 0.063637
v 0.120058 0.031413 0.057461
v 0.118581 0.032418 0.051523
v 0.116178 0.034051 0.046050
v 0.112943 0.036246 0.041255
v 0.108997 0.038921 0.037320
v 0.104493 0.041972 0.034398
v 0.099605 0.045280 0.032603
v 0.106894 0.036100 0.089703
v 0.110133 0.032834 0.086032
v 0.112899 0.030048 0.081236
v 0.114956 0.027980 0.075761
v 0.116226 0.026707 0.069821
v 0.116662 0.026279 0.063645
v 0.116244 0.026714 0.057469
v 0.114990 0.027992 0.051531
v 0.112947 0.030066 0.046056
v 0.110194 0.032858 0.041261
v 0.106838 0.036258 0.037325
v 0.103006 0.040137 0.034401
v 0.098845 0.044348 0.032605
v 0.104233 0.033893 0.089710
v 0.106782 0.030053 0.086042
v 0.108958 0.026780 0.081244
v 0.110577 0.024348 0.075771
v 0.111577 0.022851 0.069831
v 0.111923 0.022348 0.063654
v 0.111594 0.022858 0.057478
v 0.110611 0.024362 0.051540
v 0.109006 0.026800 0.046064
v 0.106843 0.030080 0.041268
v 0.104205 0.034076 0.037330
v 0.101191 0.038634 0.034405
v 0.097922 0.043579 0.032606
v 0.094518 0.048723 0.031998
v 0.101196 0.032256 0.089716
v 0.102956 0.027990 0.086049
v 0.104460 0.024355 0.081253
v 0.105579 0.021653 0.075782
v 0.106274 0.019990 0.069842
v 0.106514 0.019431 0.063664
v 0.106291 0.019997 0.057487
v 0.105612 0.021667 0.051548
v 0.104508 0.024375 0.046072
v 0.103018 0.028018 0.041275
v 0.101197 0.032456 0.037335
v 0.099122 0.037519 0.034409
v 0.096866 0.043012 0.032608
v 0.097899 0.031247 0.089726
v 0.098801 0.026723 0.086059
v 0.099576 0.022864 0.081263
v 0.100152 0.019996 0.075792
v 0.100513 0.018233 0.069851
v 0.100640 0.017642 0.063674
v 0.100530 0.018241 0.057498
v 0.100185 0.020011 0.051558
v 0.099624 0.022886 0.046081
v 0.098862 0.026752 0.041282
v 0.097936 0.031462 0.037341
v 0.096874 0.036832 0.034412
v 0.095720 0.042662 0.032610
v 0.094469 0.030911 0.089735
v 0.094482 0.026299 0.086067
v 0.094495 0.022365 0.081272
v 0.094509 0.019443 0.075801
v 0.094520 0.017648 0.069860
v 0.094533 0.017045 0.063684
v 0.094538 0.017656 0.057507
v 0.094542 0.019459 0.051567
v 0.094544 0.022387 0.046088
v 0.094544 0.026329 0.041288
v 0.094541 0.031128 0.037346
v 0.094535 0.036606 0.034416
v 0.094528 0.042545 0.032612
v 0.091036 0.031258 0.089739
v 0.090161 0.026738 0.086073
v 0.089412 0.022880 0.081280
v 0.088863 0.020015 0.075809
v 0.088527 0.018253 0.069870
v 0.088419 0.017663 0.063693
v 0.088544 0.018261 0.057515
v 0.088896 0.020031 0.051574
v 0.089462 0.022903 0.046096
v 0.090223 0.026767 0.041295
v 0.091144 0.031473 0.037351
v 0.092196 0.036840 0.034419
v 0.093336 0.042666 0.032614
v 0.087735 0.032277 0.089743
v 0.086000 0.028018 0.086079
v 0.084523 0.024388 0.081287
v 0.083430 0.021691 0.075817
v 0.082758 0.020030 0.069878
v 0.082540 0.019473 0.063701
v 0.082775 0.020038 0.057523
v 0.083464 0.021705 0.051582
v 0.084573 0.024410 0.046102
v 0.086064 0.028048 0.041300
v 0.087880 0.032479 0.037355
v 0.089946 0.037535 0.034422
v 0.092188 0.043020 0.032615
v 0.084691 0.033924 0.089748
v 0.082167 0.030094 0.086085
v 0.080016 0.026828 0.081293
v 0.078420 0.024402 0.075824
v 0.077443 0.022910 0.069884
v 0.077117 0.022408 0.063709
v 0.077461 0.022918 0.057530
v 0.078455 0.024418 0.051588
v 0.080066 0.026851 0.046108
v 0.082231 0.030122 0.041304
v 0.084866 0.034109 0.037358
v 0.087873 0.038657 0.034424
v 0.091130 0.043591 0.032616
v 0.082022 0.036139 0.089751
v 0.078806 0.032885 0.086088
v 0.076064 0.030109 0.081297
v 0.074029 0.028048 0.075828
v 0.072780 0.026782 0.069888
v 0.072364 0.026355 0.063713
v 0.072798 0.026789 0.057533
v 0.074064 0.028063 0.051593
v 0.076113 0.030130 0.046111
v 0.078870 0.032913 0.041308
v 0.082225 0.036301 0.037361
v 0.086052 0.040167 0.034426
v 0.090205 0.044363 0.032617
v 0.079829 0.038836 0.089752
v 0.076043 0.036282 0.086091
v 0.072817 0.034104 0.081299
v 0.070422 0.032487 0.075832
v 0.068949 0.031494 0.069893
v 0.068459 0.031160 0.063718
v 0.068968 0.031502 0.057538
v 0.070457 0.032502 0.051596
v 0.072869 0.034126 0.046114
v 0.076109 0.036310 0.041310
v 0.080057 0.038970 0.037363
v 0.084559 0.042007 0.034427
v 0.089441 0.045298 0.032618
v 0.078201 0.041913 0.089750
v 0.073989 0.040157 0.086091
v 0.070402 0.038661 0.081301
v 0.067737 0.037551 0.075834
v 0.066101 0.036867 0.069895
v 0.065554 0.036642 0.063718
v 0.066119 0.036874 0.057539
v 0.067774 0.037565 0.051596
v 0.070454 0.038682 0.046115
v 0.074057 0.040184 0.041311
v 0.078444 0.042017 0.037364
v 0.083448 0.044103 0.034428
v 0.088876 0.046367 0.032618
v 0.077192 0.045250 0.089749
v 0.072718 0.044363 0.086093
v 0.068907 0.043603 0.081303
v 0.066077 0.043043 0.075836
v 0.064342 0.042698 0.069896
v 0.063764 0.042584 0.063718
v 0.064361 0.042705 0.057539
v 0.066116 0.043057 0.051596
v 0.068963 0.043624 0.046115
v 0.072789 0.044388 0.041310
v 0.077449 0.045317 0.037363
v 0.082760 0.046377 0.034428
v 0.088526 0.047527 0.032618
v -0.101713 0.051900 0.095607
v -0.105624 0.051908 0.094405
v -0.109229 0.051914 0.092459
v -0.112255 0.051921 0.089945
v -0.101632 0.052702 0.095602
v -0.105470 0.053483 0.094398
v -0.109002 0.054201 0.092445
v -0.111971 0.054806 0.089934
v -0.101405 0.053475 0.095605
v -0.105020 0.054996 0.094400
v -0.108350 0.056399 0.092450
v -0.111145 0.057576 0.089933
v -0.101031 0.054185 0.095605
v -0.104286 0.056391 0.094404
v -0.107285 0.058423 0.092452
v -0.109804 0.060130 0.089940
v -0.100527 0.054807 0.095607
v -0.103298 0.057612 0.094407
v -0.105852 0.060199 0.092460
v -0.108001 0.062373 0.089955
v -0.099913 0.055320 0.095608
v -0.102092 0.058615 0.094409
v -0.104101 0.061656 0.092463
v -0.105786 0.064207 0.089952
v -0.099211 0.055698 0.095607
v -0.100713 0.059360 0.094406
v -0.102099 0.062736 0.092463
v -0.103261 0.065570 0.089954
v -0.098446 0.055932 0.095605
v -0.099218 0.059817 0.094407
v -0.099926 0.063401 0.092464
v -0.100521 0.066406 0.089951
v -0.097654 0.056009 0.095604
v -0.097659 0.059969 0.094401
v -0.097664 0.063622 0.092461
v -0.097667 0.066687 0.089951
v -0.096860 0.055930 0.095607
v -0.096100 0.059813 0.094408
v -0.095400 0.063394 0.092466
v -0.094811 0.066396 0.089948
v -0.096094 0.055694 0.095611
v -0.094602 0.059350 0.094405
v -0.093223 0.062722 0.092460
v -0.092068 0.065551 0.089945
v -0.095390 0.055314 0.095614
v -0.093219 0.058602 0.094408
v -0.091216 0.061636 0.092461
v -0.089536 0.064180 0.089943
v -0.094773 0.054799 0.095613
v -0.092008 0.057595 0.094407
v -0.089457 0.060175 0.092459
v -0.087313 0.062340 0.089948
v -0.094265 0.054176 0.095615
v -0.091014 0.056371 0.094408
v -0.088013 0.058395 0.092457
v -0.085495 0.060092 0.089940
v -0.093889 0.053464 0.095612
v -0.090273 0.054973 0.094407
v -0.086939 0.056366 0.092456
v -0.084140 0.057532 0.089939
v -0.093654 0.052689 0.095611
v -0.089815 0.053459 0.094408
v -0.086276 0.054165 0.092458
v -0.083303 0.054759 0.089942
v -0.093577 0.051887 0.095611
v -0.089660 0.051881 0.094409
v -0.086048 0.051876 0.092461
v -0.083011 0.051872 0.089954
v -0.093652 0.051084 0.095613
v -0.089809 0.050304 0.094411
v -0.086264 0.049587 0.092469
v -0.083290 0.048986 0.089951
v -0.093884 0.050310 0.095615
v -0.090262 0.048790 0.094415
v -0.086923 0.047388 0.092467
v -0.084118 0.046214 0.089953
v -0.094257 0.049598 0.095620
v -0.090998 0.047393 0.094422
v -0.087990 0.045361 0.092474
v -0.085467 0.043658 0.089956
v -0.094763 0.048975 0.095622
v -0.091989 0.046171 0.094422
v -0.089429 0.043585 0.092479
v -0.087283 0.041418 0.089963
v -0.095379 0.048462 0.095624
v -0.093197 0.045167 0.094428
v -0.091184 0.042128 0.092483
v -0.089497 0.039583 0.089965
v -0.096081 0.048083 0.095622
v -0.094577 0.044422 0.094427
v -0.093188 0.041047 0.092487
v -0.092024 0.038218 0.089971
v -0.096847 0.047848 0.095626
v -0.096074 0.043962 0.094434
v -0.095364 0.040381 0.092493
v -0.094765 0.037382 0.089976
v -0.097641 0.047772 0.095624
v -0.097634 0.043812 0.094431
v -0.097627 0.040160 0.092492
v -0.097620 0.037100 0.089980
v -0.098435 0.047851 0.095628
v -0.099195 0.043967 0.094436
v -0.099892 0.040388 0.092496
v -0.100475 0.037391 0.089980
v -0.099201 0.048088 0.095626
v -0.100692 0.044433 0.094432
v -0.102068 0.041061 0.092494
v -0.103219 0.038235 0.089983
v -0.099905 0.048469 0.095625
v -0.102076 0.045181 0.094433
v -0.104076 0.042148 0.092494
v -0.105751 0.039607 0.089982
v -0.100520 0.048985 0.095622
v -0.103284 0.046190 0.094427
v -0.105834 0.043611 0.092490
v -0.107973 0.041450 0.089982
v -0.101028 0.049610 0.095617
v -0.104278 0.047416 0.094423
v -0.107275 0.045394 0.092482
v -0.109790 0.043699 0.089972
v -0.097646 0.051892 0.096018
v -0.101403 0.050323 0.095613
v -0.105015 0.048816 0.094415
v -0.108346 0.047425 0.092474
v -0.111141 0.046260 0.089962
v -0.101632 0.051098 0.095609
v -0.105471 0.050331 0.094410
v -0.109010 0.049626 0.092471
v -0.111974 0.049034 0.089956
v -0.115208 0.051927 0.087791
v -0.119778 0.051936 0.084140
v -0.123688 0.051945 0.079369
v -0.126591 0.051953 0.073913
v -0.128353 0.051961 0.067974
v -0.128944 0.051967 0.061804
v -0.128331 0.051969 0.055626
v -0.126541 0.051969 0.049684
v -0.123639 0.051966 0.044204
v -0.119735 0.051962 0.039401
v -0.114985 0.051956 0.035455
v -0.109564 0.051948 0.032521
v -0.103687 0.051939 0.030714
v -0.114871 0.055395 0.087780
v -0.119358 0.056303 0.084133
v -0.123193 0.057084 0.079364
v -0.126035 0.057659 0.073905
v -0.127776 0.058021 0.067972
v -0.128354 0.058143 0.061797
v -0.127754 0.058027 0.055620
v -0.125996 0.057674 0.049679
v -0.123147 0.057103 0.044200
v -0.119317 0.056329 0.039398
v -0.114655 0.055388 0.035453
v -0.109340 0.054313 0.032520
v -0.103571 0.053144 0.030713
v -0.113881 0.058727 0.087786
v -0.118110 0.060505 0.084136
v -0.121721 0.062024 0.079365
v -0.124398 0.063149 0.073900
v -0.126038 0.063846 0.067966
v -0.126583 0.064082 0.061791
v -0.126016 0.063851 0.055613
v -0.124357 0.063159 0.049673
v -0.121673 0.062039 0.044195
v -0.118065 0.060528 0.039394
v -0.113671 0.058685 0.035450
v -0.108660 0.056585 0.032518
v -0.103225 0.054303 0.030712
v -0.112274 0.061800 0.087799
v -0.116080 0.064376 0.084147
v -0.119323 0.066573 0.079364
v -0.121728 0.068204 0.073893
v -0.123205 0.069208 0.067958
v -0.123695 0.069551 0.061782
v -0.123184 0.069213 0.055607
v -0.121690 0.068213 0.049667
v -0.119273 0.066586 0.044189
v -0.116025 0.064396 0.039388
v -0.112068 0.061726 0.035445
v -0.107557 0.058676 0.032515
v -0.102663 0.055370 0.030710
v -0.110096 0.064491 0.087803
v -0.113330 0.067763 0.084144
v -0.116088 0.070556 0.079356
v -0.118133 0.072630 0.073885
v -0.119387 0.073907 0.067949
v -0.119804 0.074340 0.061774
v -0.119369 0.073912 0.055598
v -0.118099 0.072639 0.049659
v -0.116042 0.070570 0.044182
v -0.113276 0.067782 0.039383
v -0.109909 0.064387 0.035441
v -0.106070 0.060510 0.032512
v -0.101903 0.056303 0.030709
v -0.107436 0.066698 0.087803
v -0.109980 0.070542 0.084143
v -0.112143 0.073820 0.079348
v -0.113750 0.076258 0.073875
v -0.114733 0.077761 0.067940
v -0.115064 0.078271 0.061765
v -0.114718 0.077767 0.055589
v -0.113719 0.076269 0.049650
v -0.112100 0.073837 0.044174
v -0.109925 0.070562 0.039376
v -0.107276 0.066571 0.035436
v -0.104254 0.062015 0.032508
v -0.100980 0.057071 0.030707
v -0.104397 0.068332 0.087796
v -0.106151 0.072603 0.084134
v -0.107644 0.076245 0.079341
v -0.108748 0.078952 0.073868
v -0.109427 0.080622 0.067932
v -0.109650 0.081187 0.061756
v -0.109412 0.080628 0.055580
v -0.108719 0.078964 0.049642
v -0.107601 0.076261 0.044166
v -0.106099 0.072623 0.039370
v -0.104268 0.068190 0.035431
v -0.102185 0.063130 0.032505
v -0.099924 0.057639 0.030706
v -0.101101 0.069338 0.087794
v -0.101994 0.073866 0.084127
v -0.102758 0.077733 0.079332
v -0.103319 0.080608 0.073860
v -0.103664 0.082379 0.067923
v -0.103776 0.082977 0.061748
v -0.103650 0.082386 0.055573
v -0.103292 0.080621 0.049635
v -0.102717 0.077752 0.044159
v -0.101944 0.073890 0.039364
v -0.101007 0.069184 0.035426
v -0.099937 0.063817 0.032501
v -0.098778 0.057989 0.030704
v -0.097671 0.069672 0.087791
v -0.097674 0.074288 0.084120
v -0.097676 0.078231 0.079326
v -0.097675 0.081160 0.073852
v -0.097671 0.082964 0.067914
v -0.097664 0.083579 0.061743
v -0.097658 0.082970 0.055565
v -0.097648 0.081173 0.049627
v -0.097637 0.078249 0.044153
v -0.097624 0.074312 0.039358
v -0.097612 0.069518 0.035421
v -0.097599 0.064046 0.032498
v -0.097586 0.058106 0.030702
v -0.094238 0.069325 0.087786
v -0.093353 0.073851 0.084116
v -0.092592 0.077717 0.079322
v -0.092029 0.080589 0.073846
v -0.091677 0.082359 0.067910
v -0.091553 0.082957 0.061734
v -0.091663 0.082365 0.055557
v -0.092003 0.080601 0.049619
v -0.092555 0.077734 0.044146
v -0.093304 0.073874 0.039352
v -0.094215 0.069172 0.035417
v -0.095259 0.063809 0.032495
v -0.096394 0.057985 0.030701
v -0.090936 0.068310 0.087786
v -0.089191 0.072574 0.084116
v -0.087700 0.076214 0.079323
v -0.086595 0.078916 0.073844
v -0.085909 0.080583 0.067904
v -0.085673 0.081147 0.061726
v -0.085896 0.080588 0.055550
v -0.086571 0.078926 0.049613
v -0.087667 0.076227 0.044141
v -0.089145 0.072594 0.039347
v -0.090951 0.068167 0.035413
v -0.093010 0.063114 0.032493
v -0.095247 0.057631 0.030699
v -0.087891 0.066666 0.087790
v -0.085354 0.070504 0.084123
v -0.083189 0.073778 0.079326
v -0.081584 0.076206 0.073843
v -0.080594 0.077704 0.067899
v -0.080255 0.078211 0.061722
v -0.080584 0.077708 0.055545
v -0.081564 0.076214 0.049608
v -0.083161 0.073787 0.044136
v -0.085313 0.070519 0.039343
v -0.087938 0.066537 0.035410
v -0.090937 0.061991 0.032490
v -0.094189 0.057060 0.030698
v -0.085220 0.064454 0.087794
v -0.081990 0.067716 0.084126
v -0.079236 0.070498 0.079326
v -0.077193 0.072561 0.073842
v -0.075934 0.073833 0.067897
v -0.075504 0.074264 0.061718
v -0.075923 0.073838 0.055541
v -0.077174 0.072568 0.049605
v -0.079209 0.070506 0.044133
v -0.081953 0.067729 0.039340
v -0.085298 0.064345 0.035408
v -0.089116 0.060482 0.032489
v -0.093264 0.056288 0.030697
v -0.083030 0.061755 0.087793
v -0.079226 0.064319 0.084131
v -0.075992 0.066501 0.079325
v -0.073589 0.068121 0.073840
v -0.072110 0.069118 0.067894
v -0.071602 0.069460 0.061716
v -0.072096 0.069124 0.055539
v -0.073569 0.068129 0.049602
v -0.075965 0.066511 0.044130
v -0.079193 0.064332 0.039338
v -0.083130 0.061675 0.035406
v -0.087624 0.058642 0.032488
v -0.092501 0.055353 0.030697
v -0.081407 0.058676 0.087784
v -0.077181 0.060440 0.084121
v -0.073578 0.061944 0.079324
v -0.070915 0.063057 0.073836
v -0.069268 0.063745 0.067892
v -0.068701 0.063979 0.061714
v -0.069249 0.063752 0.055538
v -0.070887 0.063067 0.049601
v -0.073552 0.061955 0.044130
v -0.077141 0.060458 0.039338
v -0.081518 0.058629 0.035406
v -0.086513 0.056546 0.032488
v -0.091936 0.054283 0.030697
v -0.080402 0.055338 0.087784
v -0.075925 0.056231 0.084113
v -0.072103 0.056997 0.079314
v -0.069272 0.057562 0.073831
v -0.067514 0.057915 0.067891
v -0.066915 0.058036 0.061715
v -0.067492 0.057922 0.055539
v -0.069231 0.057576 0.049602
v -0.072062 0.057014 0.044131
v -0.075875 0.056253 0.039339
v -0.080523 0.055329 0.035407
v -0.085826 0.054272 0.032488
v -0.091586 0.053124 0.030697
v -0.080058 0.051868 0.087792
v -0.075492 0.051862 0.084116
v -0.071597 0.051858 0.079312
v -0.068702 0.051855 0.073834
v -0.066914 0.051856 0.067892
v -0.066298 0.051860 0.061719
v -0.066893 0.051863 0.055542
v -0.068665 0.051869 0.049605
v -0.071552 0.051876 0.044133
v -0.075442 0.051886 0.039341
v -0.080182 0.051896 0.035408
v -0.085592 0.051907 0.032489
v -0.091466 0.051918 0.030698
v -0.080391 0.048399 0.087788
v -0.075912 0.047496 0.084116
v -0.072087 0.046721 0.079315
v -0.069245 0.046150 0.073839
v -0.067488 0.045799 0.067898
v -0.066891 0.045683 0.061722
v -0.067471 0.045806 0.055546
v -0.069211 0.046164 0.049609
v -0.072044 0.046741 0.044136
v -0.075860 0.047520 0.039344
v -0.080512 0.048464 0.035411
v -0.085818 0.049543 0.032491
v -0.091582 0.050713 0.030699
v -0.081388 0.045065 0.087791
v -0.077164 0.043294 0.084118
v -0.073560 0.041784 0.079319
v -0.070880 0.040665 0.073845
v -0.069225 0.039975 0.067903
v -0.068661 0.039744 0.061727
v -0.069208 0.039981 0.055550
v -0.070849 0.040678 0.049614
v -0.073518 0.041805 0.044141
v -0.077113 0.043320 0.039348
v -0.081495 0.045167 0.035414
v -0.086498 0.047271 0.032493
v -0.091928 0.049555 0.030700
v -0.083007 0.041994 0.087796
v -0.079204 0.039426 0.084124
v -0.075958 0.037236 0.079325
v -0.073544 0.035611 0.073851
v -0.072054 0.034612 0.067909
v -0.071546 0.034276 0.061734
v -0.072038 0.034619 0.055558
v -0.073515 0.035625 0.049621
v -0.075916 0.037257 0.044147
v -0.079152 0.039452 0.039353
v -0.083097 0.042127 0.035418
v -0.087601 0.045179 0.032496
v -0.092489 0.048487 0.030701
v -0.085189 0.039304 0.087802
v -0.081953 0.036038 0.084131
v -0.079190 0.033252 0.079333
v -0.077134 0.031184 0.073859
v -0.075865 0.029912 0.067917
v -0.075432 0.029485 0.061742
v -0.075850 0.029919 0.055565
v -0.077105 0.031199 0.049629
v -0.079147 0.033273 0.044154
v -0.081900 0.036065 0.039359
v -0.085256 0.039465 0.035422
v -0.089088 0.043344 0.032499
v -0.093249 0.047555 0.030703
v -0.087850 0.037098 0.087806
v -0.085304 0.033259 0.084137
v -0.083129 0.029985 0.079340
v -0.081512 0.027553 0.073868
v -0.080513 0.026057 0.067927
v -0.080171 0.025554 0.061752
v -0.080499 0.026064 0.055575
v -0.081483 0.027568 0.049637
v -0.083088 0.030007 0.044162
v -0.085251 0.033286 0.039365
v -0.087889 0.037282 0.035428
v -0.090903 0.041841 0.032503
v -0.094172 0.046786 0.030704
v -0.097575 0.051929 0.030096
v -0.090886 0.035462 0.087809
v -0.089128 0.031196 0.084142
v -0.087627 0.027560 0.079348
v -0.086510 0.024858 0.073877
v -0.085817 0.023195 0.067937
v -0.085578 0.022637 0.061761
v -0.085802 0.023203 0.055584
v -0.086481 0.024873 0.049645
v -0.087586 0.027582 0.044170
v -0.089076 0.031225 0.039372
v -0.090896 0.035662 0.035433
v -0.092972 0.040726 0.032506
v -0.095227 0.046219 0.030706
v -0.094183 0.034455 0.087814
v -0.093283 0.029930 0.084148
v -0.092510 0.026070 0.079355
v -0.091936 0.023201 0.073885
v -0.091578 0.021438 0.067947
v -0.091451 0.020848 0.061771
v -0.091563 0.021446 0.055594
v -0.091907 0.023217 0.049654
v -0.092468 0.026092 0.044177
v -0.093230 0.029958 0.039379
v -0.094157 0.034668 0.035438
v -0.095219 0.040038 0.032510
v -0.096374 0.045869 0.030708
v -0.097614 0.034119 0.087820
v -0.097602 0.029507 0.084154
v -0.097590 0.025572 0.079362
v -0.097579 0.022649 0.073893
v -0.097569 0.020853 0.067954
v -0.097559 0.020249 0.061782
v -0.097554 0.020862 0.055604
v -0.097550 0.022665 0.049663
v -0.097549 0.025594 0.044185
v -0.097549 0.029535 0.039385
v -0.097552 0.034335 0.035443
v -0.097558 0.039812 0.032513
v -0.097565 0.045752 0.030710
v -0.101045 0.034465 0.087822
v -0.101923 0.029944 0.084159
v -0.102673 0.026086 0.079368
v -0.103225 0.023221 0.073900
v -0.103563 0.021458 0.067963
v -0.103672 0.020867 0.061787
v -0.103547 0.021467 0.055611
v -0.103195 0.023236 0.049670
v -0.102630 0.026109 0.044191
v -0.101869 0.029973 0.039391
v -0.100948 0.034680 0.035448
v -0.099897 0.040046 0.032516
v -0.098757 0.045873 0.030711
v -0.104346 0.035482 0.087825
v -0.106083 0.031224 0.084163
v -0.107563 0.027591 0.079374
v -0.108658 0.024895 0.073907
v -0.109331 0.023235 0.067969
v -0.109551 0.022677 0.061793
v -0.109315 0.023243 0.055616
v -0.108628 0.024911 0.049676
v -0.107519 0.027616 0.044197
v -0.106029 0.031253 0.039396
v -0.104213 0.035685 0.035451
v -0.102147 0.040741 0.032519
v -0.099905 0.046227 0.030713
v -0.107390 0.037127 0.087828
v -0.109918 0.033296 0.084170
v -0.112070 0.030031 0.079379
v -0.113667 0.027606 0.073910
v -0.114645 0.026114 0.067974
v -0.114973 0.025612 0.061798
v -0.114630 0.026122 0.055622
v -0.113636 0.027623 0.049681
v -0.112026 0.030056 0.044201
v -0.109861 0.033328 0.039399
v -0.107226 0.037316 0.035454
v -0.104220 0.041864 0.032521
v -0.100963 0.046798 0.030713
v -0.110059 0.039342 0.087829
v -0.113280 0.036086 0.084170
v -0.116024 0.033309 0.079382
v -0.118059 0.031250 0.073913
v -0.119308 0.029984 0.067976
v -0.119726 0.029560 0.061802
v -0.119292 0.029993 0.055625
v -0.118027 0.031268 0.049684
v -0.115978 0.033336 0.044204
v -0.113222 0.036119 0.039402
v -0.109867 0.039507 0.035456
v -0.106040 0.043372 0.032522
v -0.101888 0.047569 0.030714
v -0.112249 0.042039 0.087826
v -0.116040 0.039483 0.084169
v -0.119270 0.037304 0.079384
v -0.121666 0.035689 0.073915
v -0.123139 0.034698 0.067978
v -0.123631 0.034363 0.061804
v -0.123123 0.034706 0.055627
v -0.121634 0.035707 0.049686
v -0.119223 0.037331 0.044206
v -0.115982 0.039515 0.039403
v -0.112035 0.042177 0.035457
v -0.107534 0.045213 0.032523
v -0.102651 0.048505 0.030715
v -0.113872 0.045118 0.087818
v -0.118089 0.043360 0.084162
v -0.121684 0.041861 0.079380
v -0.124349 0.040755 0.073914
v -0.125989 0.040070 0.067979
v -0.126536 0.039845 0.061804
v -0.125973 0.040078 0.055627
v -0.124318 0.040770 0.049687
v -0.121637 0.041887 0.044207
v -0.118035 0.043390 0.039404
v -0.113648 0.045222 0.035458
v -0.108644 0.047309 0.032524
v -0.103216 0.049574 0.030715
v -0.114871 0.048457 0.087803
v -0.119349 0.047567 0.084150
v -0.123178 0.046804 0.079376
v -0.126016 0.046244 0.073914
v -0.127751 0.045901 0.067978
v -0.128328 0.045787 0.061804
v -0.127731 0.045910 0.055627
v -0.125976 0.046262 0.049686
v -0.123129 0.046829 0.044206
v -0.119302 0.047595 0.039403
v -0.114643 0.048523 0.035458
v -0.109332 0.049583 0.032523
v -0.103567 0.050734 0.030715

vt 0.827907 0.456096
vt 0.826865 0.455402
vt 0.826692 0.456246
vt 0.827841 0.456444
vt 0.842847 0.461572
vt 0.837976 0.467212
vt 0.838344 0.472620
vt 0.842058 0.471775
vt 0.942974 0.330423
vt 0.966389 0.332846
vt 0.963798 0.301244
vt 0.936587 0.292931
vt 0.870015 0.218946
vt 0.891536 0.243748
vt 0.894946 0.209010
vt 0.861880 0.193731
vt 0.626067 0.713548
vt 0.655533 0.703344
vt 0.646852 0.690397
vt 0.164776 0.456219
vt 0.165800 0.455529
vt 0.165981 0.456376
vt 0.164845 0.456567
vt 0.149956 0.461721
vt 0.154869 0.467361
vt 0.154558 0.472779
vt 0.150856 0.471940
vt 0.620711 0.699293
vt 0.875382 0.496354
vt 0.876257 0.493740
vt 0.874834 0.491952
vt 0.873927 0.494550
vt 0.871472 0.470778
vt 0.870940 0.482536
vt 0.871300 0.485865
vt 0.872019 0.483542
vt 0.871509 0.449954
vt 0.869884 0.450896
vt 0.872148 0.460940
vt 0.873879 0.460770
vt 0.838315 0.395768
vt 0.840380 0.402876
vt 0.844026 0.400208
vt 0.841142 0.391893
vt 0.841435 0.384948
vt 0.849120 0.393760
vt 0.853582 0.390914
vt 0.846600 0.382012
vt 0.865905 0.512859
vt 0.863353 0.509890
vt 0.859490 0.512043
vt 0.862553 0.515661
vt 0.903197 0.443541
vt 0.896335 0.420583
vt 0.890997 0.445717
vt 0.893600 0.452797
vt 0.862936 0.493077
vt 0.865943 0.493748
vt 0.866905 0.491780
vt 0.864481 0.490056
vt 0.877836 0.499308
vt 0.878909 0.496392
vt 0.824230 0.409451
vt 0.816272 0.418672
vt 0.818097 0.425891
vt 0.823238 0.423976
vt 0.838080 0.460496
vt 0.836168 0.468022
vt 0.865693 0.426083
vt 0.863523 0.429405
vt 0.868056 0.439421
vt 0.870187 0.437303
vt 0.857959 0.433341
vt 0.863830 0.440753
vt 0.866519 0.442895
vt 0.863829 0.437613
vt 0.867019 0.499853
vt 0.863152 0.504591
vt 0.864036 0.505455
vt 0.867880 0.500126
vt 0.897221 0.488439
vt 0.896823 0.503983
vt 0.899057 0.503323
vt 0.898225 0.488134
vt 0.868763 0.493053
vt 0.869888 0.490883
vt 0.868225 0.489363
vt 0.844697 0.494535
vt 0.846961 0.495396
vt 0.847181 0.492958
vt 0.845394 0.491128
vt 0.848993 0.398547
vt 0.876764 0.389051
vt 0.878802 0.397244
vt 0.884644 0.415077
vt 0.888614 0.415091
vt 0.831825 0.387866
vt 0.834026 0.395287
vt 0.836807 0.395414
vt 0.836173 0.388504
vt 0.850583 0.499869
vt 0.854041 0.497539
vt 0.851510 0.496872
vt 0.848863 0.498398
vt 0.869476 0.479087
vt 0.866125 0.487052
vt 0.864392 0.461427
vt 0.868953 0.463043
vt 0.868216 0.455204
vt 0.052020 0.330165
vt 0.029205 0.332718
vt 0.031772 0.301144
vt 0.058399 0.292781
vt 0.863402 0.453967
vt 0.862904 0.475192
vt 0.867416 0.476409
vt 0.872170 0.490753
vt 0.873166 0.482859
vt 0.871296 0.490781
vt 0.896723 0.517194
vt 0.906030 0.524955
vt 0.909515 0.504110
vt 0.899334 0.509068
vt 0.814715 0.439052
vt 0.815386 0.446010
vt 0.820247 0.442227
vt 0.822995 0.435592
vt 0.879540 0.411076
vt 0.875562 0.396903
vt 0.873566 0.396725
vt 0.874814 0.407608
vt 0.857822 0.497888
vt 0.857133 0.491101
vt 0.854636 0.491664
vt 0.841335 0.431988
vt 0.844002 0.435579
vt 0.849040 0.430210
vt 0.847002 0.425162
vt 0.857200 0.408243
vt 0.859029 0.403657
vt 0.853694 0.398236
vt 0.852684 0.402568
vt 0.822729 0.430085
vt 0.817191 0.430877
vt 0.892258 0.488113
vt 0.890929 0.502588
vt 0.861944 0.487965
vt 0.863556 0.485000
vt 0.820870 0.466724
vt 0.825851 0.465959
vt 0.824843 0.464314
vt 0.819626 0.463578
vt 0.818798 0.467103
vt 0.817856 0.463741
vt 0.815875 0.463681
vt 0.815771 0.465966
vt 0.826963 0.465058
vt 0.826344 0.465087
vt 0.826902 0.466657
vt 0.846995 0.474293
vt 0.848408 0.462167
vt 0.846256 0.461643
vt 0.844427 0.472826
vt 0.870879 0.466015
vt 0.853080 0.519142
vt 0.854777 0.524826
vt 0.864092 0.520060
vt 0.837491 0.446209
vt 0.839104 0.439991
vt 0.835726 0.439241
vt 0.835489 0.444680
vt 0.821894 0.452148
vt 0.824589 0.446916
vt 0.818719 0.449140
vt 0.822201 0.482616
vt 0.825611 0.471616
vt 0.821763 0.469348
vt 0.819607 0.470858
vt 0.873450 0.448904
vt 0.875985 0.460354
vt 0.878909 0.459689
vt 0.876382 0.447390
vt 0.824350 0.395864
vt 0.829147 0.374883
vt 0.814942 0.400565
vt 0.872027 0.503703
vt 0.873706 0.507233
vt 0.875232 0.504611
vt 0.873360 0.501225
vt 0.840514 0.482035
vt 0.838708 0.479561
vt 0.838510 0.482213
vt 0.840048 0.484530
vt 0.913942 0.372248
vt 0.892795 0.368057
vt 0.910810 0.410742
vt 0.922640 0.415840
vt 0.855720 0.414436
vt 0.851839 0.409438
vt 0.825587 0.503685
vt 0.824494 0.509354
vt 0.833641 0.524315
vt 0.831353 0.514392
vt 0.880655 0.486596
vt 0.877449 0.485093
vt 0.849343 0.501995
vt 0.855562 0.503813
vt 0.852223 0.501391
vt 0.848950 0.500912
vt 0.835143 0.493577
vt 0.836210 0.497003
vt 0.839852 0.495550
vt 0.838856 0.492407
vt 0.825758 0.523817
vt 0.839685 0.537490
vt 0.876011 0.382443
vt 0.831447 0.499300
vt 0.834315 0.505848
vt 0.838182 0.501180
vt 0.124014 0.218952
vt 0.102731 0.243708
vt 0.099625 0.209027
vt 0.132266 0.193780
vt 0.809760 0.419093
vt 0.813500 0.427367
vt 0.847690 0.499671
vt 0.846380 0.498011
vt 0.842631 0.492279
vt 0.844147 0.488818
vt 0.854964 0.476579
vt 0.858014 0.462012
vt 0.901829 0.405782
vt 0.864851 0.355415
vt 0.841529 0.494243
vt 0.842088 0.494587
vt 0.841574 0.492499
vt 0.840782 0.491898
vt 0.848779 0.405351
vt 0.852810 0.487134
vt 0.848141 0.485157
vt 0.848576 0.488354
vt 0.873147 0.469339
vt 0.873821 0.482824
vt 0.875665 0.483738
vt 0.875211 0.469610
vt 0.836186 0.380433
vt 0.839042 0.477802
vt 0.837115 0.474679
vt 0.841474 0.486048
vt 0.840694 0.489359
vt 0.810321 0.436713
vt 0.866551 0.496353
vt 0.867676 0.494849
vt 0.865041 0.495361
vt 0.864020 0.496699
vt 0.862330 0.499569
vt 0.862646 0.501132
vt 0.865297 0.497855
vt 0.845915 0.486975
vt 0.846809 0.489395
vt 0.839408 0.428900
vt 0.844002 0.416461
vt 0.865473 0.447501
vt 0.860183 0.447818
vt 0.885552 0.469190
vt 0.886308 0.487255
vt 0.889406 0.487571
vt 0.887309 0.468437
vt 0.898399 0.469472
vt 0.906806 0.470475
vt 0.815461 0.468621
vt 0.813424 0.478681
vt 0.840797 0.485217
vt 0.840313 0.488493
vt 0.880120 0.426829
vt 0.867006 0.399398
vt 0.876358 0.421251
vt 0.865396 0.386821
vt 0.859447 0.384333
vt 0.861999 0.391729
vt 0.855501 0.437323
vt 0.860721 0.441452
vt 0.827830 0.464426
vt 0.829235 0.461455
vt 0.827310 0.462459
vt 0.859501 0.475270
vt 0.861443 0.461495
vt 0.840662 0.499750
vt 0.831159 0.479268
vt 0.829741 0.487902
vt 0.845494 0.509822
vt 0.843622 0.504405
vt 0.841673 0.502561
vt 0.841014 0.505658
vt 0.827778 0.454368
vt 0.826493 0.451200
vt 0.824571 0.453950
vt 0.860967 0.502216
vt 0.861071 0.499198
vt 0.887740 0.501051
vt 0.848561 0.495287
vt 0.849181 0.493012
vt 0.890185 0.548544
vt 0.881463 0.540893
vt 0.877670 0.540256
vt 0.876467 0.554242
vt 0.850473 0.382115
vt 0.856214 0.389598
vt 0.858188 0.388834
vt 0.854377 0.382884
vt 0.834313 0.438857
vt 0.834363 0.443763
vt 0.869330 0.451150
vt 0.868129 0.448996
vt 0.870296 0.457783
vt 0.871135 0.460681
vt 0.843139 0.481763
vt 0.842170 0.480592
vt 0.887296 0.525042
vt 0.881500 0.520433
vt 0.875365 0.528482
vt 0.881039 0.532059
vt 0.884507 0.499233
vt 0.848590 0.490914
vt 0.850112 0.490893
vt 0.847887 0.491769
vt 0.838484 0.490513
vt 0.834518 0.490395
vt 0.848004 0.507703
vt 0.856924 0.509300
vt 0.856067 0.507834
vt 0.849136 0.505998
vt 0.843973 0.496693
vt 0.967802 0.369636
vt 0.968926 0.403403
vt 0.368060 0.714197
vt 0.338887 0.703718
vt 0.347288 0.690679
vt 0.373206 0.699728
vt 0.852631 0.530653
vt 0.863956 0.531768
vt 0.864087 0.526570
vt 0.856279 0.529400
vt 0.863322 0.495722
vt 0.870133 0.493228
vt 0.834077 0.471401
vt 0.832419 0.463270
vt 0.828116 0.456781
vt 0.828099 0.457058
vt 0.828338 0.457060
vt 0.828438 0.456741
vt 0.829438 0.455268
vt 0.830826 0.453572
vt 0.828944 0.451929
vt 0.828739 0.454554
vt 0.828269 0.456009
vt 0.828169 0.456406
vt 0.828574 0.456299
vt 0.828647 0.455809
vt 0.858856 0.504067
vt 0.861984 0.503578
vt 0.872106 0.493568
vt 0.873008 0.490889
vt 0.867798 0.497175
vt 0.869023 0.495378
vt 0.813626 0.451266
vt 0.816442 0.452822
vt 0.817093 0.450008
vt 0.872856 0.496911
vt 0.874405 0.498745
vt 0.829501 0.402016
vt 0.829213 0.397026
vt 0.685817 0.175559
vt 0.731676 0.184657
vt 0.720382 0.157182
vt 0.671657 0.151136
vt 0.845884 0.517276
vt 0.847276 0.525033
vt 0.828156 0.455564
vt 0.828385 0.455468
vt 0.828349 0.454453
vt 0.826782 0.457215
vt 0.827833 0.456816
vt 0.829584 0.456118
vt 0.828578 0.458422
vt 0.827896 0.458828
vt 0.827866 0.444228
vt 0.831484 0.443654
vt 0.828832 0.437216
vt 0.828563 0.455379
vt 0.842333 0.484020
vt 0.831453 0.457315
vt 0.835578 0.454916
vt 0.834744 0.451673
vt 0.831458 0.455309
vt 0.852536 0.429870
vt 0.851557 0.433941
vt 0.839953 0.448188
vt 0.843203 0.442724
vt 0.836102 0.477765
vt 0.834400 0.484499
vt 0.827920 0.465609
vt 0.830765 0.459446
vt 0.835077 0.458391
vt 0.827043 0.458047
vt 0.825145 0.460133
vt 0.826006 0.461257
vt 0.827333 0.458555
vt 0.852394 0.492252
vt 0.839093 0.521955
vt 0.839442 0.512336
vt 0.893380 0.565617
vt 0.906030 0.547063
vt 0.901202 0.540443
vt 0.829413 0.457025
vt 0.828052 0.457252
vt 0.827875 0.457305
vt 0.866641 0.441524
vt 0.829764 0.434392
vt 0.838422 0.486832
vt 0.883518 0.458053
vt 0.880796 0.445447
vt 0.840085 0.487871
vt 0.840205 0.489942
vt 0.833032 0.443705
vt 0.832190 0.437950
vt 0.840360 0.490638
vt 0.818204 0.452463
vt 0.860830 0.489973
vt 0.863034 0.401494
vt 0.858140 0.395432
vt 0.827853 0.457101
vt 0.828070 0.452461
vt 0.829107 0.457866
vt 0.821563 0.458333
vt 0.821361 0.455110
vt 0.818032 0.456219
vt 0.846693 0.444503
vt 0.842916 0.451400
vt 0.845698 0.453704
vt 0.850412 0.446767
vt 0.877311 0.433336
vt 0.872401 0.421509
vt 0.868419 0.423396
vt 0.872905 0.435104
vt 0.892196 0.594266
vt 0.881916 0.571862
vt 0.876438 0.611078
vt 0.878487 0.510394
vt 0.880686 0.507364
vt 0.876614 0.501958
vt 0.858323 0.545975
vt 0.872414 0.538309
vt 0.863625 0.537467
vt 0.880876 0.470091
vt 0.822803 0.493152
vt 0.829832 0.493332
vt 0.883175 0.428313
vt 0.850535 0.440915
vt 0.855438 0.443606
vt 0.866251 0.507358
vt 0.860885 0.507680
vt 0.536350 0.159940
vt 0.534965 0.142921
vt 0.512684 0.504669
vt 0.513067 0.504456
vt 0.512796 0.504144
vt 0.512697 0.504195
vt 0.513730 0.498908
vt 0.513324 0.500964
vt 0.514222 0.501409
vt 0.515702 0.499885
vt 0.512570 0.503939
vt 0.511941 0.503989
vt 0.512053 0.504588
vt 0.512617 0.504109
vt 0.868386 0.509868
vt 0.518794 0.501766
vt 0.515620 0.502466
vt 0.516426 0.504569
vt 0.522578 0.506258
vt 0.505058 0.505642
vt 0.507972 0.507293
vt 0.507875 0.503852
vt 0.506048 0.501805
vt 0.510052 0.508717
vt 0.510077 0.512472
vt 0.513190 0.512449
vt 0.512335 0.508938
vt 0.511452 0.502781
vt 0.510420 0.501562
vt 0.510196 0.504111
vt 0.514515 0.503892
vt 0.514308 0.502955
vt 0.513301 0.503601
vt 0.513358 0.503917
vt 0.715973 0.212765
vt 0.754276 0.220467
vt 0.620706 0.532580
vt 0.618975 0.526944
vt 0.605344 0.536366
vt 0.607350 0.540611
vt 0.816953 0.460105
vt 0.815165 0.461557
vt 0.882846 0.503671
vt 0.866326 0.499152
vt 0.876361 0.513264
vt 0.871914 0.519527
vt 0.873447 0.523940
vt 0.878700 0.516993
vt 0.870133 0.501385
vt 0.831926 0.429504
vt 0.856221 0.485346
vt 0.868540 0.523146
vt 0.867481 0.516529
vt 0.872259 0.469466
vt 0.871632 0.499215
vt 0.869474 0.498017
vt 0.850768 0.513058
vt 0.847930 0.457579
vt 0.856721 0.455209
vt 0.853972 0.449920
vt 0.118092 0.496461
vt 0.117210 0.493851
vt 0.118605 0.492071
vt 0.119524 0.494663
vt 0.121663 0.470888
vt 0.122329 0.482707
vt 0.122015 0.486027
vt 0.121284 0.483697
vt 0.847016 0.455126
vt 0.841095 0.479381
vt 0.805414 0.436792
vt 0.850295 0.419238
vt 0.121427 0.449965
vt 0.123040 0.450930
vt 0.120919 0.460973
vt 0.119208 0.460784
vt 0.854376 0.422465
vt 0.946795 0.365227
vt 0.950180 0.399125
vt 0.877545 0.470008
vt 0.859261 0.502416
vt 0.836877 0.428859
vt 0.837725 0.414975
vt 0.833086 0.413826
vt 0.849713 0.491741
vt 0.885098 0.429574
vt 0.887687 0.435499
vt 0.828261 0.457238
vt 0.874771 0.420745
vt 0.864923 0.400484
vt 0.792384 0.228006
vt 0.827256 0.237922
vt 0.153804 0.395813
vt 0.151824 0.402929
vt 0.148166 0.400258
vt 0.150946 0.391940
vt 0.810809 0.205530
vt 0.774460 0.194304
vt 0.806992 0.474518
vt 0.809147 0.456029
vt 0.806560 0.452759
vt 0.598305 0.177246
vt 0.579609 0.151601
vt 0.796889 0.436436
vt 0.781214 0.438251
vt 0.783589 0.486921
vt 0.794853 0.465043
vt 0.734142 0.625525
vt 0.746723 0.622955
vt 0.745698 0.586680
vt 0.735380 0.595059
vt 0.566976 0.806985
vt 0.530673 0.810853
vt 0.533546 0.828017
vt 0.573146 0.823606
vt 0.953351 0.429482
vt 0.954995 0.465773
vt 0.971103 0.462460
vt 0.970058 0.431030
vt 0.606835 0.873017
vt 0.557496 0.885355
vt 0.581502 0.903595
vt 0.150594 0.384988
vt 0.143038 0.393787
vt 0.138571 0.390932
vt 0.145432 0.382018
vt 0.630971 0.887634
vt 0.688497 0.515273
vt 0.689271 0.492812
vt 0.675381 0.493409
vt 0.675279 0.514770
vt 0.837606 0.403441
vt 0.834603 0.403046
vt 0.127630 0.512953
vt 0.130139 0.509993
vt 0.133987 0.512145
vt 0.130976 0.515745
vt 0.090000 0.443329
vt 0.096574 0.420337
vt 0.102148 0.445512
vt 0.099618 0.452587
vt 0.620961 0.918605
vt 0.664771 0.899138
vt 0.545483 0.595339
vt 0.130360 0.493207
vt 0.127396 0.493876
vt 0.126427 0.491921
vt 0.128806 0.490204
vt 0.115676 0.499407
vt 0.114594 0.496494
vt 0.167946 0.409559
vt 0.175956 0.418777
vt 0.174219 0.425998
vt 0.169078 0.424088
vt 0.154693 0.460640
vt 0.156670 0.468178
vt 0.126922 0.426147
vt 0.129095 0.429485
vt 0.124716 0.439457
vt 0.122591 0.437322
vt 0.549221 0.600940
vt 0.561340 0.585414
vt 0.559332 0.579134
vt 0.521114 0.755115
vt 0.524567 0.772294
vt 0.554212 0.770317
vt 0.548163 0.753960
vt 0.576070 0.568723
vt 0.574187 0.564121
vt 0.536499 0.844537
vt 0.579652 0.839562
vt 0.837775 0.862671
vt 0.134637 0.433513
vt 0.128901 0.440913
vt 0.126256 0.443021
vt 0.128874 0.437761
vt 0.807062 0.878193
vt 0.800596 0.904287
vt 0.126395 0.499946
vt 0.130282 0.504705
vt 0.129429 0.505565
vt 0.125558 0.500216
vt 0.853506 0.871477
vt 0.922067 0.475564
vt 0.917837 0.459539
vt 0.916804 0.515723
vt 0.922426 0.526688
vt 0.650865 0.188922
vt 0.631221 0.160647
vt 0.096339 0.488441
vt 0.096889 0.504015
vt 0.094686 0.503314
vt 0.095359 0.488082
vt 0.124605 0.493188
vt 0.123469 0.491033
vt 0.125096 0.489518
vt 0.148451 0.494678
vt 0.146209 0.495539
vt 0.145972 0.493106
vt 0.147733 0.491278
vt 0.143207 0.398593
vt 0.115526 0.388903
vt 0.113607 0.397153
vt 0.108080 0.414927
vt 0.104166 0.414911
vt 0.696546 0.704386
vt 0.708617 0.712859
vt 0.727510 0.687880
vt 0.713764 0.682147
vt 0.515515 0.721143
vt 0.538881 0.721562
vt 0.533200 0.703514
vt 0.513423 0.701458
vt 0.160195 0.387914
vt 0.158063 0.395356
vt 0.155295 0.395476
vt 0.155868 0.388546
vt 0.731815 0.564972
vt 0.739753 0.550363
vt 0.727481 0.517036
vt 0.721730 0.536070
vt 0.700502 0.518907
vt 0.142643 0.499990
vt 0.139203 0.497657
vt 0.141702 0.497001
vt 0.144338 0.498530
vt 0.702609 0.496283
vt 0.123731 0.479260
vt 0.127148 0.487213
vt 0.560268 0.788311
vt 0.527456 0.791432
vt 0.740827 0.657366
vt 0.726790 0.655391
vt 0.534111 0.603239
vt 0.540716 0.609765
vt 0.529278 0.623530
vt 0.128552 0.461564
vt 0.124040 0.463188
vt 0.124693 0.455365
vt 0.129459 0.454116
vt 0.510484 0.616017
vt 0.510111 0.632307
vt 0.524926 0.635830
vt 0.611275 0.745948
vt 0.619326 0.759157
vt 0.651378 0.749264
vt 0.642416 0.737327
vt 0.590835 0.856742
vt 0.130206 0.475357
vt 0.125735 0.476585
vt 0.544515 0.865441
vt 0.511030 0.672679
vt 0.526165 0.675057
vt 0.524864 0.660104
vt 0.121226 0.490893
vt 0.120153 0.482992
vt 0.122083 0.490930
vt 0.097096 0.517213
vt 0.087872 0.524952
vt 0.084300 0.504015
vt 0.094456 0.509046
vt 0.511232 0.658801
vt 0.590032 0.548918
vt 0.591544 0.553315
vt 0.846930 0.370751
vt 0.844660 0.377072
vt 0.807641 0.525283
vt 0.799000 0.494613
vt 0.790903 0.526456
vt 0.802747 0.565452
vt 0.816021 0.598369
vt 0.828252 0.619165
vt 0.834984 0.572839
vt 0.819097 0.552963
vt 0.842644 0.214193
vt 0.858895 0.244265
vt 0.508928 0.602069
vt 0.507950 0.590528
vt 0.971701 0.560564
vt 0.177725 0.439167
vt 0.177125 0.446127
vt 0.172244 0.442356
vt 0.169441 0.435719
vt 0.972241 0.531458
vt 0.955551 0.539937
vt 0.954258 0.566655
vt 0.917567 0.439888
vt 0.113061 0.410951
vt 0.116806 0.396831
vt 0.118767 0.396678
vt 0.117675 0.407504
vt 0.911571 0.435363
vt 0.513764 0.505485
vt 0.512772 0.503886
vt 0.512989 0.503347
vt 0.512800 0.503781
vt 0.514804 0.507870
vt 0.516757 0.510849
vt 0.513552 0.502344
vt 0.513175 0.502218
vt 0.512865 0.503394
vt 0.512822 0.504016
vt 0.499157 0.507497
vt 0.499469 0.512721
vt 0.504839 0.513087
vt 0.503668 0.508524
vt 0.512554 0.503823
vt 0.512249 0.503561
vt 0.510245 0.505628
vt 0.512338 0.504729
vt 0.512653 0.504160
vt 0.511322 0.506236
vt 0.508944 0.499425
vt 0.512583 0.506208
vt 0.135470 0.498002
vt 0.136091 0.491238
vt 0.138567 0.491801
vt 0.151168 0.432110
vt 0.148552 0.435707
vt 0.143474 0.430336
vt 0.145449 0.425274
vt 0.846823 0.438440
vt 0.772247 0.268393
vt 0.805713 0.314811
vt 0.817021 0.309268
vt 0.135087 0.408336
vt 0.133217 0.403715
vt 0.138510 0.398275
vt 0.139551 0.402627
vt 0.169641 0.430205
vt 0.175168 0.430982
vt 0.101277 0.488131
vt 0.102728 0.502646
vt 0.789443 0.262334
vt 0.852604 0.489893
vt 0.772334 0.682395
vt 0.787212 0.698478
vt 0.812520 0.657031
vt 0.131294 0.488114
vt 0.129668 0.485163
vt 0.802223 0.635054
vt 0.800741 0.715520
vt 0.828194 0.673622
vt 0.843089 0.635107
vt 0.867701 0.582874
vt 0.620821 0.582710
vt 0.624187 0.578736
vt 0.620449 0.577427
vt 0.171893 0.466849
vt 0.166926 0.466103
vt 0.167908 0.464449
vt 0.173095 0.463698
vt 0.617641 0.580805
vt 0.620252 0.584600
vt 0.617074 0.583026
vt 0.173963 0.467224
vt 0.174863 0.463852
vt 0.176836 0.463777
vt 0.176972 0.466065
vt 0.622713 0.586620
vt 0.623581 0.584615
vt 0.627535 0.580742
vt 0.589369 0.594582
vt 0.591525 0.595390
vt 0.595463 0.590613
vt 0.593223 0.589141
vt 0.587850 0.592882
vt 0.592949 0.586449
vt 0.165807 0.465197
vt 0.166425 0.465229
vt 0.165882 0.466799
vt 0.146000 0.474440
vt 0.144454 0.462305
vt 0.146571 0.461789
vt 0.148523 0.472982
vt 0.602828 0.602238
vt 0.602469 0.603831
vt 0.122175 0.466145
vt 0.603497 0.600447
vt 0.589971 0.605967
vt 0.590147 0.610704
vt 0.140367 0.519298
vt 0.138723 0.524964
vt 0.129487 0.520137
vt 0.602190 0.607792
vt 0.602277 0.605207
vt 0.590053 0.603431
vt 0.155139 0.446345
vt 0.153467 0.440115
vt 0.156819 0.439362
vt 0.157117 0.444812
vt 0.170707 0.452281
vt 0.167973 0.447048
vt 0.173838 0.449263
vt 0.170725 0.482753
vt 0.167236 0.471755
vt 0.171035 0.469486
vt 0.173202 0.470992
vt 0.119500 0.448893
vt 0.117122 0.460346
vt 0.114219 0.459663
vt 0.116584 0.447365
vt 0.586195 0.604614
vt 0.584884 0.606497
vt 0.167717 0.395948
vt 0.162728 0.374933
vt 0.177105 0.400674
vt 0.121480 0.503791
vt 0.119841 0.507324
vt 0.118301 0.504705
vt 0.120134 0.501321
vt 0.152498 0.482205
vt 0.154272 0.479734
vt 0.154490 0.482386
vt 0.152980 0.484696
vt 0.585111 0.609774
vt 0.603224 0.575080
vt 0.604336 0.570586
vt 0.593526 0.578528
vt 0.593248 0.582888
vt 0.602036 0.579051
vt 0.609685 0.577108
vt 0.611579 0.573168
vt 0.613550 0.568708
vt 0.079885 0.372002
vt 0.100373 0.367920
vt 0.082758 0.410666
vt 0.071206 0.415476
vt 0.136635 0.414551
vt 0.140460 0.409517
vt 0.167555 0.503813
vt 0.168691 0.509508
vt 0.159730 0.524467
vt 0.161920 0.514516
vt 0.585676 0.587324
vt 0.587059 0.590707
vt 0.615473 0.564518
vt 0.605851 0.566318
vt 0.112781 0.486667
vt 0.115956 0.485171
vt 0.593757 0.574953
vt 0.584890 0.585342
vt 0.579986 0.594846
vt 0.583392 0.593640
vt 0.606845 0.561903
vt 0.607395 0.558943
vt 0.593085 0.568997
vt 0.593326 0.571358
vt 0.143891 0.502148
vt 0.137768 0.503899
vt 0.141036 0.501496
vt 0.144269 0.501055
vt 0.157942 0.493738
vt 0.156920 0.497164
vt 0.153281 0.495720
vt 0.154239 0.492572
vt 0.617669 0.559836
vt 0.618657 0.556448
vt 0.167559 0.524009
vt 0.153841 0.537660
vt 0.638269 0.582255
vt 0.642113 0.585364
vt 0.646106 0.581556
vt 0.116235 0.382230
vt 0.644022 0.578574
vt 0.676611 0.571168
vt 0.681662 0.578555
vt 0.692279 0.573440
vt 0.161685 0.499450
vt 0.158898 0.505998
vt 0.155004 0.501350
vt 0.182428 0.419200
vt 0.178802 0.427464
vt 0.145511 0.499814
vt 0.146806 0.498153
vt 0.150486 0.492425
vt 0.148954 0.488973
vt 0.685582 0.566507
vt 0.138086 0.476747
vt 0.134889 0.462173
vt 0.711697 0.524783
vt 0.693071 0.552724
vt 0.701322 0.559063
vt 0.634312 0.579590
vt 0.631134 0.577046
vt 0.630538 0.582823
vt 0.633766 0.586250
vt 0.640405 0.575426
vt 0.636311 0.572698
vt 0.627607 0.575167
vt 0.631938 0.570488
vt 0.627083 0.569172
vt 0.623362 0.573874
vt 0.618250 0.572383
vt 0.091285 0.405461
vt 0.127450 0.355243
vt 0.616262 0.576571
vt 0.621138 0.567755
vt 0.630966 0.565091
vt 0.624238 0.563484
vt 0.636508 0.566538
vt 0.641442 0.569290
vt 0.646048 0.572456
vt 0.650388 0.576026
vt 0.652481 0.581003
vt 0.653202 0.569565
vt 0.661953 0.567757
vt 0.654610 0.562736
vt 0.647358 0.565863
vt 0.658639 0.574156
vt 0.668028 0.573558
vt 0.151597 0.494415
vt 0.151045 0.494754
vt 0.151537 0.492658
vt 0.152318 0.492064
vt 0.641742 0.562859
vt 0.646749 0.559214
vt 0.638273 0.556895
vt 0.635064 0.561020
vt 0.143469 0.405418
vt 0.140342 0.487287
vt 0.144954 0.485310
vt 0.144548 0.488507
vt 0.627586 0.559022
vt 0.630099 0.555227
vt 0.120014 0.469379
vt 0.119520 0.482929
vt 0.117705 0.483830
vt 0.117974 0.469632
vt 0.601030 0.582653
vt 0.601547 0.585579
vt 0.607836 0.583220
vt 0.607792 0.580865
vt 0.613824 0.580182
vt 0.155794 0.380475
vt 0.153921 0.477972
vt 0.155801 0.474848
vt 0.613253 0.582441
vt 0.608371 0.585714
vt 0.608858 0.595982
vt 0.610876 0.595720
vt 0.613185 0.584938
vt 0.151585 0.486208
vt 0.152387 0.489511
vt 0.602971 0.587835
vt 0.606630 0.597002
vt 0.597853 0.591954
vt 0.182074 0.436830
vt 0.604755 0.598589
vt 0.593675 0.595782
vt 0.609590 0.650317
vt 0.609782 0.653721
vt 0.623291 0.649980
vt 0.621266 0.646631
vt 0.940198 0.473328
vt 0.941717 0.515026
vt 0.954814 0.509723
vt 0.626720 0.634207
vt 0.629149 0.638316
vt 0.636822 0.632162
vt 0.633479 0.628707
vt 0.624110 0.630195
vt 0.126820 0.496465
vt 0.125695 0.494972
vt 0.128304 0.495480
vt 0.129326 0.496811
vt 0.131022 0.499687
vt 0.130725 0.501248
vt 0.128072 0.497957
vt 0.147185 0.487129
vt 0.146313 0.489547
vt 0.629593 0.624753
vt 0.617384 0.634586
vt 0.153053 0.429013
vt 0.148345 0.416555
vt 0.127337 0.447673
vt 0.132593 0.447971
vt 0.107701 0.469174
vt 0.107156 0.487330
vt 0.104093 0.487621
vt 0.105965 0.468379
vt 0.618989 0.639365
vt 0.620364 0.643831
vt 0.623243 0.610213
vt 0.621924 0.613739
vt 0.095034 0.469291
vt 0.086688 0.470289
vt 0.177307 0.468733
vt 0.179427 0.478817
vt 0.152244 0.485379
vt 0.152753 0.488652
vt 0.112690 0.426725
vt 0.125281 0.399326
vt 0.116334 0.421189
vt 0.126773 0.386764
vt 0.132680 0.384281
vt 0.130185 0.391694
vt 0.624159 0.616778
vt 0.626287 0.612167
vt 0.624237 0.606726
vt 0.627677 0.607573
vt 0.613763 0.607310
vt 0.613493 0.608818
vt 0.612999 0.610472
vt 0.137131 0.437484
vt 0.131992 0.441625
vt 0.613902 0.605946
vt 0.164936 0.464566
vt 0.163515 0.461586
vt 0.165437 0.462594
vt 0.133575 0.475439
vt 0.131476 0.461645
vt 0.152519 0.499924
vt 0.613987 0.604688
vt 0.161772 0.479427
vt 0.163263 0.488052
vt 0.147824 0.510009
vt 0.149623 0.504591
vt 0.151543 0.502740
vt 0.152233 0.505835
vt 0.164884 0.454495
vt 0.166130 0.451324
vt 0.168069 0.454079
vt 0.614023 0.603477
vt 0.614042 0.602252
vt 0.704884 0.467959
vt 0.715060 0.503416
vt 0.132405 0.502326
vt 0.132265 0.499317
vt 0.105872 0.501131
vt 0.718346 0.475276
vt 0.625786 0.586908
vt 0.144619 0.495427
vt 0.143989 0.493156
vt 0.628073 0.589723
vt 0.103782 0.548600
vt 0.112404 0.540950
vt 0.116153 0.540323
vt 0.117463 0.554329
vt 0.624525 0.589034
vt 0.141577 0.382098
vt 0.135939 0.389594
vt 0.133964 0.388806
vt 0.137708 0.382847
vt 0.158218 0.438982
vt 0.158227 0.443897
vt 0.626314 0.591851
vt 0.123564 0.451261
vt 0.124720 0.449144
vt 0.122666 0.457921
vt 0.121885 0.460781
vt 0.630655 0.593375
vt 0.638014 0.590149
vt 0.619302 0.586771
vt 0.613253 0.597093
vt 0.613726 0.598335
vt 0.149900 0.481921
vt 0.150846 0.480761
vt 0.106476 0.525100
vt 0.112206 0.520501
vt 0.118358 0.528565
vt 0.112749 0.532131
vt 0.109056 0.499326
vt 0.621140 0.589013
vt 0.616548 0.585438
vt 0.612299 0.596173
vt 0.613890 0.599641
vt 0.613989 0.600950
vt 0.144553 0.491062
vt 0.143041 0.491038
vt 0.622033 0.591282
vt 0.145261 0.491917
vt 0.623233 0.593892
vt 0.627851 0.595228
vt 0.154587 0.490677
vt 0.158530 0.490555
vt 0.145308 0.507906
vt 0.136515 0.509412
vt 0.137336 0.507935
vt 0.144156 0.506192
vt 0.624362 0.599188
vt 0.624571 0.601471
vt 0.628725 0.598126
vt 0.149191 0.496841
vt 0.629067 0.600946
vt 0.624071 0.596774
vt 0.027789 0.369460
vt 0.026627 0.403186
vt 0.624498 0.603907
vt 0.628661 0.603948
vt 0.645560 0.586568
vt 0.639684 0.593254
vt 0.645961 0.597584
vt 0.652386 0.587694
vt 0.140890 0.530784
vt 0.129711 0.531843
vt 0.129539 0.526641
vt 0.137262 0.529517
vt 0.130008 0.495838
vt 0.662230 0.587471
vt 0.661892 0.579842
vt 0.659032 0.600032
vt 0.671188 0.601764
vt 0.123253 0.493362
vt 0.158790 0.471568
vt 0.160362 0.463408
vt 0.673155 0.589137
vt 0.671183 0.580956
vt 0.632284 0.596411
vt 0.164575 0.456905
vt 0.164596 0.457182
vt 0.164358 0.457185
vt 0.164254 0.456866
vt 0.633314 0.599519
vt 0.649401 0.607973
vt 0.163243 0.455395
vt 0.161841 0.453700
vt 0.163699 0.452054
vt 0.163932 0.454680
vt 0.657806 0.611827
vt 0.640880 0.605832
vt 0.636899 0.612221
vt 0.643092 0.615417
vt 0.164414 0.456134
vt 0.164519 0.456530
vt 0.164114 0.456425
vt 0.164036 0.455935
vt 0.649736 0.618365
vt 0.638340 0.622042
vt 0.134519 0.504169
vt 0.131415 0.503692
vt 0.643130 0.625490
vt 0.633474 0.618563
vt 0.632324 0.604167
vt 0.121315 0.493690
vt 0.120405 0.491017
vt 0.125595 0.497283
vt 0.124369 0.495498
vt 0.630626 0.609444
vt 0.628621 0.615007
vt 0.626154 0.620744
vt 0.178927 0.451378
vt 0.176142 0.452936
vt 0.175465 0.450129
vt 0.120599 0.497018
vt 0.119078 0.498847
vt 0.162636 0.402109
vt 0.162879 0.397099
vt 0.306173 0.175609
vt 0.260447 0.184716
vt 0.271726 0.157314
vt 0.320525 0.151226
vt 0.147499 0.517437
vt 0.146175 0.525177
vt 0.621962 0.626056
vt 0.620183 0.621710
vt 0.616146 0.630314
vt 0.164522 0.455689
vt 0.164294 0.455593
vt 0.164317 0.454580
vt 0.165903 0.457346
vt 0.164857 0.456939
vt 0.614824 0.625560
vt 0.611706 0.659848
vt 0.627693 0.656201
vt 0.614127 0.621690
vt 0.610222 0.613525
vt 0.608067 0.614100
vt 0.608369 0.623222
vt 0.163109 0.456245
vt 0.590957 0.613732
vt 0.592142 0.616797
vt 0.164138 0.458549
vt 0.164821 0.458956
vt 0.164685 0.444351
vt 0.161083 0.443786
vt 0.163656 0.437341
vt 0.164115 0.455504
vt 0.150714 0.484181
vt 0.602539 0.610682
vt 0.602283 0.609196
vt 0.586891 0.613965
vt 0.589288 0.617568
vt 0.161263 0.457448
vt 0.157130 0.455048
vt 0.157925 0.451804
vt 0.161233 0.455440
vt 0.139986 0.430014
vt 0.141013 0.434082
vt 0.152708 0.448331
vt 0.149413 0.442856
vt 0.156841 0.477939
vt 0.158598 0.484661
vt 0.164859 0.465746
vt 0.161973 0.459579
vt 0.157665 0.458528
vt 0.165654 0.458178
vt 0.167563 0.460270
vt 0.166721 0.461394
vt 0.165376 0.458683
vt 0.140795 0.492391
vt 0.154283 0.522091
vt 0.153858 0.512492
vt 0.098862 0.565130
vt 0.079974 0.536981
vt 0.092782 0.540463
vt 0.163289 0.457152
vt 0.164646 0.457376
vt 0.164823 0.457430
vt 0.126135 0.441577
vt 0.162696 0.434514
vt 0.154613 0.486999
vt 0.109627 0.458019
vt 0.112192 0.445413
vt 0.152968 0.488039
vt 0.152871 0.490109
vt 0.159548 0.443839
vt 0.160321 0.438074
vt 0.152726 0.490804
vt 0.174386 0.452582
vt 0.132418 0.490114
vt 0.597986 0.621892
vt 0.604122 0.613375
vt 0.129219 0.401521
vt 0.134055 0.395454
vt 0.603082 0.612132
vt 0.164841 0.457225
vt 0.595131 0.619368
vt 0.164574 0.452586
vt 0.163604 0.457993
vt 0.595608 0.625378
vt 0.591747 0.620938
vt 0.608193 0.627519
vt 0.171104 0.458461
vt 0.171270 0.455239
vt 0.174598 0.456333
vt 0.967415 0.627599
vt 0.969915 0.597156
vt 0.145959 0.444638
vt 0.149789 0.451552
vt 0.147044 0.453862
vt 0.142286 0.446903
vt 0.115504 0.433332
vt 0.120239 0.421543
vt 0.124200 0.423441
vt 0.119883 0.435109
vt 0.951869 0.602418
vt 0.949170 0.629601
vt 0.101369 0.592903
vt 0.112268 0.571927
vt 0.117596 0.610444
vt 0.115119 0.510478
vt 0.112914 0.507447
vt 0.116908 0.502055
vt 0.135412 0.546105
vt 0.121368 0.538391
vt 0.130077 0.537561
vt 0.112362 0.470085
vt 0.618467 0.618403
vt 0.611880 0.612203
vt 0.935769 0.634601
vt 0.933662 0.653654
vt 0.944497 0.655175
vt 0.910245 0.284814
vt 0.931401 0.257462
vt 0.170221 0.493284
vt 0.163228 0.493474
vt 0.580865 0.613953
vt 0.109688 0.428185
vt 0.584545 0.618598
vt 0.142103 0.441050
vt 0.137258 0.443751
vt 0.127244 0.507464
vt 0.132572 0.507788
vt 0.578615 0.609968
vt 0.575111 0.612782
vt 0.577721 0.617494
vt 0.581432 0.622873
vt 0.588887 0.622919
vt 0.586903 0.627316
vt 0.593472 0.633083
vt 0.594078 0.628190
vt 0.608236 0.632113
vt 0.608700 0.636571
vt 0.591943 0.638043
vt 0.584901 0.632138
vt 0.590113 0.643481
vt 0.583111 0.638455
vt 0.609321 0.646571
vt 0.609219 0.641580
vt 0.582085 0.598236
vt 0.576821 0.602548
vt 0.584586 0.599055
vt 0.579988 0.603322
vt 0.588547 0.600099
vt 0.578919 0.605626
vt 0.573563 0.606920
vt 0.454855 0.159803
vt 0.456642 0.142801
vt 0.590984 0.599951
vt 0.574563 0.620965
vt 0.569919 0.615546
vt 0.570513 0.627714
vt 0.567350 0.619671
vt 0.574783 0.635192
vt 0.578064 0.627607
vt 0.567821 0.609808
vt 0.569461 0.605710
vt 0.564820 0.611830
vt 0.566433 0.606581
vt 0.583094 0.583056
vt 0.581892 0.581599
vt 0.576582 0.594195
vt 0.574286 0.594011
vt 0.607740 0.555933
vt 0.619552 0.552929
vt 0.608100 0.552583
vt 0.480021 0.504624
vt 0.479636 0.504410
vt 0.479906 0.504099
vt 0.480006 0.504149
vt 0.621038 0.548656
vt 0.591798 0.564591
vt 0.592682 0.566585
vt 0.623360 0.140133
vt 0.669444 0.564513
vt 0.676801 0.559572
vt 0.667279 0.553935
vt 0.660996 0.559305
vt 0.651873 0.555060
vt 0.478947 0.498856
vt 0.479362 0.500914
vt 0.478466 0.501355
vt 0.476979 0.499827
vt 0.656382 0.549525
vt 0.644927 0.547206
vt 0.641630 0.552313
vt 0.632092 0.551231
vt 0.634048 0.546276
vt 0.685811 0.586527
vt 0.688251 0.599122
vt 0.697529 0.581880
vt 0.701389 0.596194
vt 0.564925 0.633617
vt 0.480131 0.503895
vt 0.480761 0.503949
vt 0.480651 0.504547
vt 0.480085 0.504064
vt 0.563943 0.624463
vt 0.558059 0.638233
vt 0.558152 0.628565
vt 0.559424 0.649226
vt 0.567246 0.644244
vt 0.561728 0.614173
vt 0.563594 0.607429
vt 0.557708 0.616970
vt 0.560378 0.607815
vt 0.580395 0.580325
vt 0.578990 0.578766
vt 0.572042 0.593431
vt 0.569248 0.592983
vt 0.937915 0.440042
vt 0.940933 0.548837
vt 0.657002 0.667209
vt 0.647816 0.658559
vt 0.634105 0.666604
vt 0.640877 0.678015
vt 0.668154 0.675497
vt 0.681220 0.659993
vt 0.669998 0.654597
vt 0.659318 0.648863
vt 0.688575 0.612696
vt 0.677179 0.613209
vt 0.675006 0.626496
vt 0.685173 0.626475
vt 0.700980 0.611010
vt 0.697171 0.627110
vt 0.678244 0.640655
vt 0.667601 0.637631
vt 0.690573 0.643419
vt 0.579974 0.670936
vt 0.583353 0.662647
vt 0.575217 0.651355
vt 0.569947 0.656791
vt 0.574124 0.677771
vt 0.562593 0.661933
vt 0.618691 0.685290
vt 0.616235 0.672830
vt 0.588936 0.647679
vt 0.584139 0.644258
vt 0.588053 0.650969
vt 0.582130 0.645108
vt 0.912058 0.689267
vt 0.894950 0.709852
vt 0.907357 0.733069
vt 0.926279 0.706920
vt 0.630774 0.640755
vt 0.634069 0.644000
vt 0.643468 0.637218
vt 0.639461 0.634378
vt 0.647184 0.627875
vt 0.652118 0.630403
vt 0.659121 0.622906
vt 0.654247 0.621616
vt 0.659657 0.615772
vt 0.665029 0.615081
vt 0.581755 0.650305
vt 0.586890 0.654870
vt 0.937403 0.610412
vt 0.663098 0.760932
vt 0.697435 0.743748
vt 0.683356 0.734852
vt 0.639670 0.649566
vt 0.650134 0.641770
vt 0.658855 0.633603
vt 0.665770 0.625329
vt 0.670031 0.618552
vt 0.807268 0.445544
vt 0.810210 0.446784
vt 0.895254 0.468654
vt 0.899227 0.487547
vt 0.901599 0.500491
vt 0.849388 0.503147
vt 0.855346 0.505082
vt 0.862380 0.433351
vt 0.855370 0.427298
vt 0.125146 0.509968
vt 0.863027 0.435676
vt 0.868671 0.497700
vt 0.869930 0.495686
vt 0.870823 0.495902
vt 0.928731 0.370200
vt 0.934982 0.410495
vt 0.871113 0.493388
vt 0.813714 0.458141
vt 0.893447 0.467841
vt 0.889009 0.467807
vt 0.884949 0.457500
vt 0.886046 0.457249
vt 0.882261 0.445038
vt 0.883165 0.445363
vt 0.866689 0.442450
vt 0.869403 0.451247
vt 0.857741 0.505000
vt 0.855624 0.506390
vt 0.858772 0.505629
vt 0.816356 0.456400
vt 0.846518 0.499773
vt 0.843253 0.497798
vt 0.843983 0.497553
vt 0.825122 0.462901
vt 0.826094 0.464213
vt 0.822714 0.461454
vt 0.818606 0.460085
vt 0.825316 0.448901
vt 0.828335 0.448233
vt 0.828108 0.446010
vt 0.869775 0.513306
vt 0.841661 0.497002
vt 0.842580 0.500445
vt 0.844807 0.501959
vt 0.859927 0.506638
vt 0.846460 0.502961
vt 0.846308 0.501544
vt 0.849390 0.504553
vt 0.846301 0.500559
vt 0.845951 0.457128
vt 0.842990 0.456347
vt 0.814213 0.500474
vt 0.816892 0.493808
vt 0.851078 0.425043
vt 0.893818 0.522483
vt 0.896074 0.529959
vt 0.871495 0.460942
vt 0.852838 0.445365
vt 0.848287 0.442841
vt 0.856934 0.448765
vt 0.859945 0.454421
vt 0.841466 0.483081
vt 0.857758 0.487913
vt 0.859013 0.484650
vt 0.855113 0.488739
vt 0.890411 0.539287
vt 0.884227 0.537732
vt 0.889552 0.525322
vt 0.884363 0.532713
vt 0.822864 0.453260
vt 0.831996 0.445359
vt 0.832660 0.448714
vt 0.834025 0.445028
vt 0.835482 0.447027
vt 0.837477 0.449665
vt 0.839064 0.452887
vt 0.839266 0.456671
vt 0.824334 0.458283
vt 0.845799 0.532056
vt 0.824110 0.456095
vt 0.823787 0.461097
vt 0.822721 0.458698
vt 0.822403 0.455957
vt 0.838400 0.433958
vt 0.841510 0.438158
vt 0.835578 0.435477
vt 0.844662 0.440691
vt 0.833330 0.436734
vt 0.890763 0.525173
vt 0.889118 0.533454
vt 0.803765 0.454062
vt 0.732541 0.489889
vt 0.746934 0.525283
vt 0.508508 0.412683
vt 0.508097 0.411771
vt 0.690596 0.462505
vt 0.674902 0.459042
vt 0.568586 0.388067
vt 0.562644 0.382925
vt 0.551217 0.387898
vt 0.558542 0.392259
vt 0.527621 0.400626
vt 0.525828 0.404990
vt 0.532344 0.403463
vt 0.533212 0.396957
vt 0.595072 0.441683
vt 0.607875 0.448149
vt 0.616530 0.431486
vt 0.604171 0.426149
vt 0.510405 0.414236
vt 0.510772 0.415369
vt 0.513820 0.415534
vt 0.513157 0.414386
vt 0.509920 0.412702
vt 0.512562 0.412577
vt 0.508982 0.414272
vt 0.509340 0.415427
vt 0.609313 0.355157
vt 0.596617 0.363660
vt 0.600915 0.376482
vt 0.614056 0.371650
vt 0.588878 0.478079
vt 0.599593 0.462834
vt 0.588711 0.456282
vt 0.579262 0.472490
vt 0.567633 0.489816
vt 0.576610 0.494439
vt 0.555587 0.516867
vt 0.551629 0.507151
vt 0.541460 0.508150
vt 0.546374 0.512126
vt 0.542242 0.495094
vt 0.555576 0.499506
vt 0.533546 0.491803
vt 0.473892 0.501702
vt 0.477070 0.502411
vt 0.476271 0.504514
vt 0.472945 0.505855
vt 0.528193 0.494658
vt 0.547982 0.492008
vt 0.487660 0.505616
vt 0.484751 0.507266
vt 0.484833 0.503820
vt 0.486651 0.501775
vt 0.554820 0.487678
vt 0.539318 0.489023
vt 0.519136 0.498251
vt 0.527162 0.499287
vt 0.482675 0.508687
vt 0.482669 0.512447
vt 0.479550 0.512420
vt 0.480389 0.508903
vt 0.481245 0.502740
vt 0.482274 0.501522
vt 0.482508 0.504076
vt 0.478183 0.503841
vt 0.478386 0.502903
vt 0.479398 0.503552
vt 0.479343 0.503869
vt 0.528992 0.506912
vt 0.503748 0.504458
vt 0.504635 0.508423
vt 0.530723 0.594725
vt 0.541892 0.590368
vt 0.529936 0.585635
vt 0.541731 0.581610
vt 0.521665 0.513111
vt 0.531686 0.516832
vt 0.515322 0.515574
vt 0.522088 0.521893
vt 0.510639 0.646052
vt 0.502170 0.493027
vt 0.503545 0.490605
vt 0.500245 0.497900
vt 0.958163 0.683154
vt 0.948547 0.713584
vt 0.909457 0.776219
vt 0.888892 0.810067
vt 0.510348 0.455822
vt 0.511111 0.459534
vt 0.508429 0.429012
vt 0.503397 0.432709
vt 0.504114 0.438864
vt 0.510266 0.435417
vt 0.514408 0.430152
vt 0.511441 0.424242
vt 0.507072 0.426047
vt 0.502668 0.429395
vt 0.515806 0.440655
vt 0.507452 0.445185
vt 0.509151 0.448815
vt 0.519491 0.443818
vt 0.566053 0.473330
vt 0.550678 0.479113
vt 0.533357 0.482286
vt 0.519424 0.482924
vt 0.516445 0.488326
vt 0.526672 0.488971
vt 0.513983 0.490628
vt 0.522566 0.491348
vt 0.519208 0.493840
vt 0.515422 0.497172
vt 0.511739 0.496967
vt 0.511436 0.498715
vt 0.512115 0.492980
vt 0.506955 0.556829
vt 0.507138 0.568350
vt 0.526418 0.460599
vt 0.511591 0.463957
vt 0.510880 0.472508
vt 0.526393 0.470827
vt 0.542674 0.466048
vt 0.541686 0.452855
vt 0.505197 0.488105
vt 0.524935 0.455792
vt 0.522702 0.452061
vt 0.539225 0.447545
vt 0.535487 0.444197
vt 0.555910 0.440236
vt 0.560008 0.455333
vt 0.579286 0.440476
vt 0.568941 0.424675
vt 0.601352 0.390783
vt 0.577791 0.384208
vt 0.578795 0.392815
vt 0.577962 0.401685
vt 0.598814 0.405900
vt 0.614196 0.389666
vt 0.610985 0.408415
vt 0.591853 0.421981
vt 0.575506 0.411629
vt 0.569231 0.394169
vt 0.559107 0.395101
vt 0.568140 0.401424
vt 0.558153 0.401767
vt 0.566482 0.409114
vt 0.557248 0.408636
vt 0.556224 0.417727
vt 0.563991 0.419177
vt 0.529265 0.410116
vt 0.530182 0.416044
vt 0.538944 0.416983
vt 0.537214 0.409458
vt 0.526788 0.408573
vt 0.535378 0.405270
vt 0.514804 0.416911
vt 0.515662 0.418857
vt 0.275629 0.212786
vt 0.237492 0.220504
vt 0.523558 0.407959
vt 0.528917 0.405202
vt 0.544497 0.397804
vt 0.546305 0.401817
vt 0.547091 0.408584
vt 0.547339 0.416702
vt 0.531490 0.440960
vt 0.544932 0.433189
vt 0.538877 0.430268
vt 0.526373 0.436745
vt 0.532429 0.428046
vt 0.509637 0.422161
vt 0.521170 0.434825
vt 0.512304 0.419513
vt 0.510564 0.418688
vt 0.516249 0.423275
vt 0.511303 0.416420
vt 0.511745 0.417312
vt 0.509763 0.416510
vt 0.510192 0.417292
vt 0.526250 0.426483
vt 0.551165 0.435415
vt 0.521241 0.448284
vt 0.509893 0.452544
vt 0.372388 0.532676
vt 0.374032 0.527031
vt 0.387708 0.536462
vt 0.385766 0.540719
vt 0.504671 0.536218
vt 0.506382 0.546280
vt 0.542160 0.391215
vt 0.534131 0.127411
vt 0.175714 0.460212
vt 0.177510 0.461653
vt 0.110742 0.503755
vt 0.572917 0.377375
vt 0.509192 0.411594
vt 0.512456 0.410520
vt 0.598586 0.340764
vt 0.581844 0.328914
vt 0.573557 0.340643
vt 0.587537 0.351649
vt 0.556818 0.358955
vt 0.565741 0.369285
vt 0.127065 0.499249
vt 0.555452 0.373888
vt 0.547575 0.364595
vt 0.539348 0.370736
vt 0.545776 0.378739
vt 0.522995 0.388556
vt 0.516244 0.382517
vt 0.508141 0.399056
vt 0.511446 0.403299
vt 0.512433 0.408124
vt 0.526487 0.397253
vt 0.117247 0.513351
vt 0.121708 0.519615
vt 0.120220 0.524028
vt 0.114955 0.517070
vt 0.527872 0.382313
vt 0.531879 0.390520
vt 0.519740 0.376361
vt 0.576388 0.132918
vt 0.538760 0.383815
vt 0.532609 0.376887
vt 0.523723 0.370777
vt 0.529186 0.363661
vt 0.535360 0.355770
vt 0.542545 0.348792
vt 0.555904 0.330797
vt 0.560010 0.318855
vt 0.536257 0.324240
vt 0.538715 0.313464
vt 0.527186 0.342028
vt 0.521866 0.350561
vt 0.517897 0.358633
vt 0.514715 0.366086
vt 0.507223 0.483405
vt 0.508811 0.497471
vt 0.505238 0.500152
vt 0.506998 0.511702
vt 0.499339 0.502612
vt 0.511587 0.515400
vt 0.508346 0.515004
vt 0.509918 0.518874
vt 0.513281 0.519556
vt 0.505680 0.515289
vt 0.507926 0.519037
vt 0.499857 0.515396
vt 0.500919 0.521205
vt 0.502940 0.529452
vt 0.501516 0.524429
vt 0.510898 0.522111
vt 0.515682 0.525436
vt 0.123336 0.501475
vt 0.520906 0.532412
vt 0.530520 0.528431
vt 0.734644 0.921134
vt 0.512053 0.371570
vt 0.508839 0.377906
vt 0.160491 0.429626
vt 0.136948 0.485503
vt 0.503173 0.407559
vt 0.504859 0.404679
vt 0.501592 0.402876
vt 0.125089 0.523227
vt 0.126092 0.516617
vt 0.500453 0.406198
vt 0.502742 0.376614
vt 0.120883 0.469538
vt 0.121831 0.499314
vt 0.123957 0.498119
vt 0.142624 0.513239
vt 0.144874 0.457728
vt 0.136106 0.455355
vt 0.138784 0.450060
vt 0.145754 0.455280
vt 0.151897 0.479557
vt 0.499975 0.395274
vt 0.503897 0.396345
vt 0.503805 0.369681
vt 0.505405 0.363885
vt 0.507392 0.356351
vt 0.498760 0.402038
vt 0.498151 0.405557
vt 0.186940 0.436927
vt 0.508756 0.410283
vt 0.142102 0.419351
vt 0.138060 0.422596
vt 0.048239 0.364844
vt 0.044804 0.398632
vt 0.115667 0.470012
vt 0.507332 0.410840
vt 0.507281 0.407375
vt 0.505628 0.409176
vt 0.518283 0.310595
vt 0.516556 0.320179
vt 0.509662 0.347234
vt 0.512286 0.337764
vt 0.929285 0.745773
vt 0.762615 0.728409
vt 0.746327 0.721236
vt 0.134091 0.502519
vt 0.716922 0.750097
vt 0.733657 0.756547
vt 0.777683 0.738507
vt 0.750203 0.764327
vt 0.829469 0.821333
vt 0.793385 0.840092
vt 0.756593 0.892816
vt 0.861350 0.806737
vt 0.881142 0.761088
vt 0.847206 0.786251
vt 0.812081 0.808772
vt 0.155566 0.428985
vt 0.154581 0.415071
vt 0.159172 0.413941
vt 0.143449 0.491888
vt 0.928040 0.221479
vt 0.939129 0.575464
vt 0.776610 0.825800
vt 0.755370 0.850882
vt 0.720721 0.851737
vt 0.744264 0.829296
vt 0.708212 0.900978
vt 0.677667 0.927363
vt 0.971919 0.496814
vt 0.507264 0.580003
vt 0.896755 0.321851
vt 0.866272 0.315934
vt 0.760141 0.167745
vt 0.868375 0.385023
vt 0.870889 0.385338
vt 0.816383 0.266551
vt 0.836203 0.309847
vt 0.919091 0.325182
vt 0.885073 0.437078
vt 0.888007 0.447280
vt 0.882567 0.436728
vt 0.885539 0.447508
vt 0.889706 0.457633
vt 0.880137 0.433566
vt 0.877254 0.535470
vt 0.870825 0.532831
vt 0.107803 0.429420
vt 0.105305 0.435312
vt 0.857310 0.380915
vt 0.861605 0.381166
vt 0.164438 0.457363
vt 0.859359 0.379283
vt 0.856067 0.378506
vt 0.853467 0.379892
vt 0.853289 0.378041
vt 0.853798 0.589267
vt 0.861742 0.372864
vt 0.869605 0.382552
vt 0.865324 0.381150
vt 0.861451 0.377472
vt 0.855772 0.375851
vt 0.851133 0.375626
vt 0.849921 0.378538
vt 0.117889 0.420741
vt 0.127342 0.400460
vt 0.199574 0.227939
vt 0.165540 0.237832
vt 0.182088 0.205547
vt 0.217787 0.194349
vt 0.185766 0.474706
vt 0.183433 0.456136
vt 0.185966 0.452887
vt 0.879292 0.432912
vt 0.860547 0.393759
vt 0.393102 0.177156
vt 0.412111 0.151479
vt 0.892414 0.516296
vt 0.894923 0.511104
vt 0.889327 0.508270
vt 0.886713 0.512933
vt 0.927244 0.444976
vt 0.930377 0.477399
vt 0.958748 0.231354
vt 0.961043 0.267168
vt 0.910789 0.567847
vt 0.889853 0.520964
vt 0.884307 0.516760
vt 0.891717 0.457641
vt 0.891955 0.521636
vt 0.894604 0.516829
vt 0.881013 0.513805
vt 0.883579 0.510282
vt 0.885984 0.506148
vt 0.897327 0.511008
vt 0.195407 0.436588
vt 0.211131 0.438388
vt 0.209227 0.487046
vt 0.197752 0.465227
vt 0.895759 0.535702
vt 0.873903 0.640989
vt 0.891300 0.622943
vt 0.871162 0.677372
vt 0.889781 0.659102
vt 0.908048 0.639864
vt 0.910038 0.601245
vt 0.880799 0.536163
vt 0.869393 0.527736
vt 0.782755 0.752257
vt 0.805886 0.729645
vt 0.752965 0.777233
vt 0.758499 0.787390
vt 0.787620 0.765824
vt 0.819717 0.731913
vt 0.858718 0.626100
vt 0.854055 0.659370
vt 0.838881 0.683261
vt 0.259780 0.625505
vt 0.247218 0.622931
vt 0.247937 0.586554
vt 0.258273 0.595016
vt 0.849757 0.698009
vt 0.819481 0.752818
vt 0.845681 0.722403
vt 0.822423 0.775991
vt 0.848132 0.752101
vt 0.873191 0.733015
vt 0.868820 0.702788
vt 0.792308 0.777292
vt 0.762704 0.798304
vt 0.793752 0.796129
vt 0.767442 0.808817
vt 0.826779 0.691096
vt 0.837432 0.353794
vt 0.823396 0.360326
vt 0.426422 0.807363
vt 0.463324 0.810986
vt 0.460836 0.828084
vt 0.420582 0.823809
vt 0.803885 0.407752
vt 0.041438 0.429023
vt 0.039515 0.465368
vt 0.024268 0.462301
vt 0.025410 0.430852
vt 0.753802 0.495517
vt 0.764466 0.543330
vt 0.772308 0.507639
vt 0.766255 0.458449
vt 0.388712 0.874477
vt 0.438369 0.885525
vt 0.415288 0.904106
vt 0.363898 0.889133
vt 0.304520 0.515275
vt 0.303640 0.492758
vt 0.317494 0.493436
vt 0.317700 0.514819
vt 0.773649 0.592049
vt 0.783086 0.555325
vt 0.793765 0.599501
vt 0.777104 0.638269
vt 0.923271 0.621656
vt 0.924002 0.586949
vt 0.154579 0.403512
vt 0.157559 0.403132
vt 0.927190 0.559531
vt 0.673244 0.725044
vt 0.374813 0.919108
vt 0.328934 0.900180
vt 0.963330 0.658076
vt 0.679911 0.770766
vt 0.924428 0.665299
vt 0.498047 0.271484
vt 0.938308 0.676322
vt 0.889742 0.684185
vt 0.906951 0.664799
vt 0.923245 0.644506
vt 0.930272 0.522736
vt 0.729477 0.822526
vt 0.714263 0.607027
vt 0.714002 0.587146
vt 0.710965 0.627794
vt 0.708540 0.568110
vt 0.557819 0.572631
vt 0.556184 0.566259
vt 0.554907 0.557706
vt 0.569882 0.552118
vt 0.567410 0.542768
vt 0.541304 0.563711
vt 0.541673 0.572517
vt 0.552834 0.550107
vt 0.550708 0.540023
vt 0.542384 0.552612
vt 0.563006 0.495411
vt 0.569573 0.508144
vt 0.560880 0.525140
vt 0.579948 0.528232
vt 0.575773 0.519132
vt 0.564701 0.534777
vt 0.584293 0.537043
vt 0.547154 0.528836
vt 0.539218 0.520125
vt 0.543654 0.539955
vt 0.527839 0.542455
vt 0.529295 0.554604
vt 0.571707 0.558377
vt 0.587409 0.542803
vt 0.585597 0.503678
vt 0.598489 0.487734
vt 0.593609 0.513869
vt 0.605805 0.500095
vt 0.598275 0.522763
vt 0.611453 0.509405
vt 0.609713 0.472319
vt 0.619233 0.456856
vt 0.628822 0.438314
vt 0.630345 0.467897
vt 0.641231 0.448493
vt 0.639124 0.479975
vt 0.651839 0.461828
vt 0.447728 0.595421
vt 0.443995 0.600998
vt 0.431841 0.585484
vt 0.433835 0.579215
vt 0.472306 0.755271
vt 0.468951 0.772473
vt 0.439178 0.770765
vt 0.445251 0.754348
vt 0.618592 0.484563
vt 0.625626 0.494808
vt 0.616449 0.518158
vt 0.602181 0.530195
vt 0.646443 0.511842
vt 0.644504 0.495026
vt 0.630504 0.506987
vt 0.633635 0.518804
vt 0.659743 0.479658
vt 0.660822 0.502336
vt 0.661547 0.519412
vt 0.609006 0.547667
vt 0.592019 0.560426
vt 0.622640 0.542517
vt 0.647505 0.522944
vt 0.634697 0.526689
vt 0.683470 0.547308
vt 0.672806 0.542921
vt 0.648242 0.539062
vt 0.635889 0.539468
vt 0.661263 0.540345
vt 0.577554 0.575786
vt 0.565456 0.591675
vt 0.846312 0.275881
vt 0.528800 0.565557
vt 0.529130 0.575825
vt 0.552290 0.664245
vt 0.548903 0.651875
vt 0.524105 0.648034
vt 0.561314 0.681738
vt 0.556113 0.605785
vt 0.417085 0.568824
vt 0.418941 0.564213
vt 0.551280 0.618398
vt 0.548789 0.630162
vt 0.547808 0.640473
vt 0.458189 0.844527
vt 0.414545 0.839484
vt 0.159468 0.862644
vt 0.189637 0.877332
vt 0.195576 0.903893
vt 0.143250 0.871607
vt 0.594420 0.720196
vt 0.583199 0.707776
vt 0.726896 0.716572
vt 0.747076 0.687839
vt 0.676367 0.687001
vt 0.691977 0.669071
vt 0.703771 0.648991
vt 0.758679 0.652398
vt 0.760912 0.611485
vt 0.756318 0.568753
vt 0.071181 0.475285
vt 0.079330 0.469524
vt 0.074911 0.508701
vt 0.069036 0.522058
vt 0.705631 0.790142
vt 0.340867 0.188907
vt 0.360617 0.160631
vt 0.498047 0.236328
vt 0.710324 0.803118
vt 0.693924 0.779829
vt 0.698215 0.846391
vt 0.681569 0.837010
vt 0.718486 0.813747
vt 0.671969 0.823394
vt 0.667754 0.807400
vt 0.654052 0.797833
vt 0.641391 0.786875
vt 0.628274 0.773483
vt 0.881084 0.281512
vt 0.512759 0.504025
vt 0.512680 0.504062
vt 0.298435 0.704796
vt 0.286462 0.713157
vt 0.267123 0.687771
vt 0.280797 0.682236
vt 0.512710 0.503911
vt 0.512631 0.503933
vt 0.512620 0.503757
vt 0.512004 0.500921
vt 0.512182 0.502386
vt 0.512488 0.503438
vt 0.812037 0.382048
vt 0.477842 0.721253
vt 0.454490 0.721800
vt 0.460166 0.703687
vt 0.479929 0.701540
vt 0.261620 0.564847
vt 0.253594 0.550221
vt 0.265661 0.516952
vt 0.271501 0.535961
vt 0.292582 0.518840
vt 0.290347 0.496211
vt 0.433093 0.788766
vt 0.466232 0.791627
vt 0.253407 0.657241
vt 0.267390 0.655371
vt 0.459101 0.603300
vt 0.452509 0.609819
vt 0.463967 0.623579
vt 0.482736 0.616041
vt 0.483142 0.632332
vt 0.468342 0.635878
vt 0.382516 0.747042
vt 0.374469 0.760661
vt 0.343639 0.750744
vt 0.352171 0.738389
vt 0.404392 0.857625
vt 0.450491 0.865387
vt 0.482293 0.672728
vt 0.467171 0.675155
vt 0.468449 0.660177
vt 0.482070 0.658839
vt 0.403055 0.549017
vt 0.401585 0.553433
vt 0.144984 0.370718
vt 0.147331 0.377070
vt 0.185586 0.525446
vt 0.193909 0.494800
vt 0.202288 0.526556
vt 0.190820 0.565529
vt 0.177875 0.598430
vt 0.165886 0.619217
vt 0.158790 0.572951
vt 0.174423 0.553098
vt 0.150865 0.214208
vt 0.134674 0.244184
vt 0.484258 0.602091
vt 0.485203 0.590548
vt 0.023692 0.560366
vt 0.023082 0.531264
vt 0.038944 0.539523
vt 0.040481 0.566151
vt 0.076371 0.440113
vt 0.081853 0.435434
vt 0.478943 0.505439
vt 0.479930 0.503841
vt 0.479709 0.503300
vt 0.479901 0.503736
vt 0.477911 0.507827
vt 0.475967 0.510807
vt 0.479141 0.502293
vt 0.479517 0.502171
vt 0.479833 0.503349
vt 0.479880 0.503970
vt 0.493519 0.507528
vt 0.493248 0.512751
vt 0.487875 0.513152
vt 0.489026 0.508690
vt 0.480146 0.503779
vt 0.480451 0.503519
vt 0.482467 0.505594
vt 0.480368 0.504686
vt 0.480050 0.504114
vt 0.481392 0.506198
vt 0.483070 0.499259
vt 0.480130 0.506166
vt 0.145774 0.438573
vt 0.218894 0.268486
vt 0.185748 0.314880
vt 0.174599 0.309287
vt 0.201964 0.262337
vt 0.140573 0.490034
vt 0.221921 0.681919
vt 0.207008 0.698082
vt 0.181820 0.656863
vt 0.191960 0.634821
vt 0.193887 0.715564
vt 0.166293 0.673633
vt 0.151279 0.635159
vt 0.126430 0.582940
vt 0.372214 0.582504
vt 0.368867 0.578555
vt 0.372589 0.577261
vt 0.375378 0.580615
vt 0.372792 0.584392
vt 0.375955 0.582837
vt 0.370353 0.586399
vt 0.369475 0.584399
vt 0.365542 0.580551
vt 0.403800 0.594576
vt 0.401639 0.595379
vt 0.397667 0.590555
vt 0.399902 0.589095
vt 0.405330 0.592890
vt 0.400197 0.586433
vt 0.390352 0.602162
vt 0.390743 0.603762
vt 0.389659 0.600365
vt 0.403293 0.606024
vt 0.403200 0.610764
vt 0.391133 0.607729
vt 0.390971 0.605142
vt 0.403174 0.603478
vt 0.407057 0.604657
vt 0.408396 0.606542
vt 0.408219 0.609822
vt 0.389877 0.575043
vt 0.388794 0.570586
vt 0.399650 0.578571
vt 0.399914 0.582902
vt 0.391041 0.578972
vt 0.383370 0.577000
vt 0.381507 0.573095
vt 0.379569 0.568668
vt 0.407517 0.587359
vt 0.406127 0.590726
vt 0.377681 0.564511
vt 0.387308 0.566354
vt 0.399435 0.575028
vt 0.408312 0.585397
vt 0.413222 0.594870
vt 0.409809 0.593665
vt 0.386347 0.561974
vt 0.385817 0.559051
vt 0.400133 0.569132
vt 0.399883 0.571468
vt 0.375524 0.559860
vt 0.374564 0.556491
vt 0.354885 0.582077
vt 0.351085 0.585190
vt 0.347101 0.581401
vt 0.349159 0.578424
vt 0.316667 0.571084
vt 0.311704 0.578488
vt 0.301070 0.573398
vt 0.307677 0.566460
vt 0.281467 0.524706
vt 0.300146 0.552713
vt 0.291941 0.559036
vt 0.358809 0.579416
vt 0.361961 0.576878
vt 0.362564 0.582629
vt 0.359371 0.586049
vt 0.352744 0.575281
vt 0.356808 0.572557
vt 0.365466 0.575008
vt 0.361159 0.570356
vt 0.366003 0.569057
vt 0.369698 0.573732
vt 0.374813 0.572274
vt 0.376775 0.576425
vt 0.371953 0.567674
vt 0.362143 0.564996
vt 0.368880 0.563430
vt 0.356613 0.566427
vt 0.351701 0.569170
vt 0.347127 0.572334
vt 0.342824 0.575902
vt 0.340761 0.580867
vt 0.340004 0.569468
vt 0.331272 0.567665
vt 0.338597 0.562636
vt 0.345809 0.565765
vt 0.334612 0.574059
vt 0.325225 0.573451
vt 0.351403 0.562768
vt 0.346450 0.559125
vt 0.354918 0.556834
vt 0.358069 0.560944
vt 0.365562 0.558993
vt 0.363100 0.555225
vt 0.392024 0.582528
vt 0.391532 0.585462
vt 0.385208 0.583077
vt 0.385231 0.580717
vt 0.379190 0.580004
vt 0.379776 0.582270
vt 0.384692 0.585576
vt 0.384255 0.595883
vt 0.382227 0.595612
vt 0.379858 0.584775
vt 0.390122 0.587723
vt 0.386498 0.596910
vt 0.395275 0.591881
vt 0.388385 0.598503
vt 0.399481 0.595757
vt 0.384009 0.650371
vt 0.383849 0.653822
vt 0.370444 0.650002
vt 0.372418 0.646619
vt 0.053832 0.472626
vt 0.052243 0.514090
vt 0.039223 0.509364
vt 0.366854 0.634099
vt 0.364481 0.638233
vt 0.356777 0.632041
vt 0.360063 0.628566
vt 0.369411 0.630062
vt 0.363893 0.624594
vt 0.376155 0.634478
vt 0.374597 0.639285
vt 0.373267 0.643783
vt 0.370129 0.609984
vt 0.371482 0.613538
vt 0.369251 0.616591
vt 0.367084 0.611957
vt 0.369092 0.606473
vt 0.365645 0.607344
vt 0.379607 0.607136
vt 0.379903 0.608653
vt 0.380418 0.610319
vt 0.379437 0.605768
vt 0.379321 0.604508
vt 0.379223 0.603302
vt 0.379174 0.602081
vt 0.287787 0.467935
vt 0.277956 0.503372
vt 0.274395 0.475257
vt 0.367294 0.586687
vt 0.365040 0.589500
vt 0.368567 0.588804
vt 0.366813 0.591615
vt 0.362503 0.593148
vt 0.355180 0.589953
vt 0.373746 0.586560
vt 0.379863 0.596958
vt 0.379410 0.598187
vt 0.371931 0.588782
vt 0.376491 0.585252
vt 0.380806 0.596052
vt 0.379271 0.599484
vt 0.379198 0.600785
vt 0.371066 0.591035
vt 0.369901 0.593632
vt 0.365319 0.594987
vt 0.368856 0.598914
vt 0.368674 0.601200
vt 0.364482 0.597886
vt 0.364176 0.600707
vt 0.369104 0.596505
vt 0.368789 0.603640
vt 0.364617 0.603712
vt 0.347666 0.586400
vt 0.353534 0.593059
vt 0.347343 0.597409
vt 0.340883 0.587537
vt 0.331097 0.587343
vt 0.331398 0.579735
vt 0.334374 0.599886
vt 0.322219 0.601654
vt 0.320193 0.589053
vt 0.322123 0.580871
vt 0.360907 0.596191
vt 0.359913 0.599303
vt 0.344013 0.607807
vt 0.335686 0.611681
vt 0.352463 0.605640
vt 0.356490 0.612031
vt 0.350358 0.615245
vt 0.343779 0.618211
vt 0.355156 0.621879
vt 0.350423 0.625343
vt 0.359965 0.618383
vt 0.360949 0.603952
vt 0.362705 0.609234
vt 0.364761 0.614814
vt 0.367272 0.620571
vt 0.371501 0.625902
vt 0.373263 0.621549
vt 0.377343 0.630179
vt 0.378642 0.625426
vt 0.381959 0.659977
vt 0.366088 0.656254
vt 0.379324 0.621554
vt 0.383208 0.613401
vt 0.385361 0.613987
vt 0.385090 0.623118
vt 0.402424 0.613783
vt 0.401270 0.616828
vt 0.390849 0.610610
vt 0.391074 0.609131
vt 0.406473 0.614008
vt 0.404107 0.617599
vt 0.395466 0.621857
vt 0.389303 0.613284
vt 0.390329 0.612052
vt 0.398305 0.619366
vt 0.397842 0.625348
vt 0.401672 0.620946
vt 0.385281 0.627419
vt 0.028156 0.627357
vt 0.025586 0.596907
vt 0.043123 0.601900
vt 0.045959 0.629138
vt 0.374968 0.618238
vt 0.381547 0.612064
vt 0.059194 0.634011
vt 0.061406 0.653167
vt 0.050725 0.654777
vt 0.084193 0.284621
vt 0.063580 0.257415
vt 0.412484 0.613994
vt 0.408838 0.618629
vt 0.414702 0.610018
vt 0.418189 0.612816
vt 0.415611 0.617534
vt 0.411931 0.622914
vt 0.404530 0.622931
vt 0.406501 0.627344
vt 0.399986 0.633084
vt 0.399384 0.628165
vt 0.385261 0.632016
vt 0.384822 0.636509
vt 0.401506 0.638069
vt 0.408490 0.632183
vt 0.403325 0.643529
vt 0.410275 0.638515
vt 0.384248 0.646582
vt 0.384327 0.641554
vt 0.411137 0.598264
vt 0.416436 0.602583
vt 0.408636 0.599075
vt 0.413273 0.603359
vt 0.404663 0.600124
vt 0.414361 0.605675
vt 0.419711 0.606956
vt 0.402208 0.599973
vt 0.418752 0.621002
vt 0.423363 0.615564
vt 0.422811 0.627793
vt 0.425940 0.619701
vt 0.418600 0.635332
vt 0.415283 0.627655
vt 0.425440 0.609828
vt 0.423797 0.605738
vt 0.428479 0.611872
vt 0.426856 0.606609
vt 0.410116 0.583134
vt 0.411329 0.581702
vt 0.416623 0.594220
vt 0.418915 0.594053
vt 0.385444 0.556035
vt 0.373634 0.552961
vt 0.385091 0.552709
vt 0.372148 0.548689
vt 0.401369 0.564686
vt 0.400517 0.566703
vt 0.368669 0.140106
vt 0.323811 0.564428
vt 0.316416 0.559540
vt 0.325888 0.553878
vt 0.332202 0.559229
vt 0.341321 0.554983
vt 0.336758 0.549494
vt 0.348209 0.547174
vt 0.351547 0.552262
vt 0.361051 0.551214
vt 0.359074 0.546273
vt 0.307561 0.586409
vt 0.305282 0.599058
vt 0.295917 0.581843
vt 0.292214 0.596189
vt 0.428414 0.633725
vt 0.429350 0.624527
vt 0.435293 0.638413
vt 0.435177 0.628717
vt 0.433932 0.649404
vt 0.426131 0.644382
vt 0.431587 0.614251
vt 0.429706 0.607443
vt 0.435631 0.617129
vt 0.432935 0.607835
vt 0.412827 0.580444
vt 0.414230 0.578911
vt 0.421145 0.593451
vt 0.423936 0.593010
vt 0.056260 0.439487
vt 0.053268 0.547849
vt 0.336934 0.667208
vt 0.346023 0.658566
vt 0.359693 0.666658
vt 0.353019 0.678134
vt 0.326024 0.675603
vt 0.312844 0.660001
vt 0.323928 0.654556
vt 0.334525 0.648816
vt 0.305072 0.612631
vt 0.316430 0.613134
vt 0.318697 0.626420
vt 0.308577 0.626462
vt 0.292703 0.611015
vt 0.296667 0.627112
vt 0.315631 0.640629
vt 0.326210 0.637561
vt 0.303367 0.643423
vt 0.413433 0.671154
vt 0.410092 0.662818
vt 0.418169 0.651470
vt 0.423433 0.656946
vt 0.419291 0.678031
vt 0.430767 0.662123
vt 0.375075 0.685573
vt 0.377431 0.673011
vt 0.404495 0.647751
vt 0.409257 0.644332
vt 0.405374 0.651069
vt 0.411257 0.645191
vt 0.083085 0.688973
vt 0.100315 0.709570
vt 0.088339 0.733007
vt 0.069192 0.706811
vt 0.362916 0.640696
vt 0.359676 0.643967
vt 0.350247 0.637137
vt 0.354199 0.634275
vt 0.346427 0.627743
vt 0.341549 0.630293
vt 0.334495 0.622778
vt 0.339322 0.621474
vt 0.333884 0.615635
vt 0.328541 0.614950
vt 0.411643 0.650403
vt 0.406540 0.654994
vt 0.057367 0.609682
vt 0.332479 0.762948
vt 0.299425 0.744830
vt 0.312630 0.735829
vt 0.354126 0.649562
vt 0.343634 0.641721
vt 0.334862 0.633516
vt 0.327897 0.625219
vt 0.323594 0.618441
vt 0.185196 0.445659
vt 0.182288 0.446891
vt 0.098124 0.468502
vt 0.094372 0.487453
vt 0.092151 0.500433
vt 0.143864 0.503317
vt 0.138008 0.505171
vt 0.130264 0.433438
vt 0.137128 0.427456
vt 0.129647 0.435799
vt 0.124742 0.497805
vt 0.123479 0.495803
vt 0.122603 0.496014
vt 0.065654 0.369858
vt 0.059317 0.410018
vt 0.122290 0.493517
vt 0.178908 0.458246
vt 0.099882 0.467726
vt 0.104290 0.467705
vt 0.108220 0.457424
vt 0.107147 0.457130
vt 0.110751 0.444963
vt 0.109879 0.445237
vt 0.126091 0.442541
vt 0.123508 0.451316
vt 0.135636 0.505098
vt 0.137753 0.506484
vt 0.134624 0.505731
vt 0.176267 0.456514
vt 0.146684 0.499924
vt 0.149918 0.497974
vt 0.149188 0.497715
vt 0.167616 0.463035
vt 0.166663 0.464351
vt 0.169994 0.461584
vt 0.174068 0.460199
vt 0.167278 0.449027
vt 0.164271 0.448360
vt 0.164469 0.446136
vt 0.123792 0.513398
vt 0.151494 0.497178
vt 0.150617 0.500626
vt 0.148416 0.502146
vt 0.133499 0.506742
vt 0.146783 0.503145
vt 0.146918 0.501723
vt 0.143882 0.504737
vt 0.146911 0.500723
vt 0.146831 0.457277
vt 0.149765 0.456493
vt 0.178832 0.500669
vt 0.176112 0.493950
vt 0.141384 0.425168
vt 0.099999 0.522520
vt 0.097803 0.529978
vt 0.121550 0.461007
vt 0.139862 0.445504
vt 0.144356 0.442975
vt 0.135830 0.448912
vt 0.132895 0.454569
vt 0.151563 0.483246
vt 0.135445 0.488063
vt 0.134177 0.484805
vt 0.138075 0.488885
vt 0.103493 0.539340
vt 0.109626 0.537790
vt 0.104249 0.525370
vt 0.109465 0.532777
vt 0.169759 0.453391
vt 0.160596 0.445488
vt 0.159970 0.448843
vt 0.158575 0.445160
vt 0.157146 0.447159
vt 0.155185 0.449800
vt 0.153639 0.453027
vt 0.153474 0.456812
vt 0.168348 0.458418
vt 0.147704 0.532208
vt 0.168548 0.456226
vt 0.168923 0.461229
vt 0.169957 0.458827
vt 0.170244 0.456086
vt 0.154105 0.434078
vt 0.151055 0.438284
vt 0.156925 0.435596
vt 0.147943 0.440821
vt 0.159176 0.436854
vt 0.103062 0.525209
vt 0.104744 0.533503
vt 0.188755 0.454234
vt 0.260358 0.489907
vt 0.246263 0.525137
vt 0.482829 0.411169
vt 0.483123 0.410370
vt 0.301986 0.462515
vt 0.317621 0.459099
vt 0.423113 0.387854
vt 0.428993 0.382675
vt 0.440434 0.387549
vt 0.433181 0.391965
vt 0.463984 0.399967
vt 0.465902 0.404290
vt 0.459393 0.402868
vt 0.458403 0.396408
vt 0.397253 0.441707
vt 0.384485 0.448204
vt 0.375651 0.431560
vt 0.387950 0.426198
vt 0.481306 0.412817
vt 0.481147 0.413962
vt 0.478105 0.414644
vt 0.478652 0.413424
vt 0.481552 0.411353
vt 0.479056 0.411596
vt 0.482554 0.412565
vt 0.482465 0.413664
vt 0.382211 0.355120
vt 0.394955 0.363596
vt 0.390772 0.376436
vt 0.377610 0.371613
vt 0.403728 0.478088
vt 0.392853 0.462862
vt 0.403693 0.456273
vt 0.413287 0.472458
vt 0.425142 0.489789
vt 0.416179 0.494425
vt 0.437469 0.516840
vt 0.441499 0.507111
vt 0.451977 0.508148
vt 0.446834 0.512106
vt 0.450915 0.494975
vt 0.437452 0.499492
vt 0.459206 0.491692
vt 0.464590 0.494566
vt 0.444983 0.491922
vt 0.437962 0.487618
vt 0.453383 0.488899
vt 0.473547 0.498214
vt 0.466132 0.499263
vt 0.465466 0.506822
vt 0.488921 0.504467
vt 0.488035 0.508773
vt 0.462471 0.594793
vt 0.451328 0.590484
vt 0.463236 0.585706
vt 0.451469 0.581726
vt 0.471479 0.512985
vt 0.461531 0.516825
vt 0.477475 0.515566
vt 0.470836 0.521907
vt 0.482640 0.646082
vt 0.490343 0.492994
vt 0.488942 0.490570
vt 0.492312 0.497887
vt 0.037478 0.682997
vt 0.047189 0.713519
vt 0.086900 0.776620
vt 0.107727 0.810503
vt 0.482057 0.455747
vt 0.481285 0.459464
vt 0.484203 0.428530
vt 0.489247 0.432424
vt 0.488408 0.438642
vt 0.482244 0.435005
vt 0.478054 0.429599
vt 0.481129 0.423560
vt 0.485669 0.425548
vt 0.490072 0.429052
vt 0.476623 0.440389
vt 0.484997 0.445039
vt 0.483278 0.448704
vt 0.472916 0.443612
vt 0.426537 0.473300
vt 0.441959 0.479039
vt 0.459229 0.482170
vt 0.473063 0.482826
vt 0.476032 0.488229
vt 0.465895 0.488847
vt 0.478486 0.490543
vt 0.470005 0.491249
vt 0.473365 0.493756
vt 0.477221 0.497128
vt 0.480726 0.496912
vt 0.481244 0.498669
vt 0.480339 0.492901
vt 0.486060 0.556834
vt 0.485932 0.568362
vt 0.466012 0.460499
vt 0.480790 0.463892
vt 0.481546 0.472459
vt 0.466084 0.470719
vt 0.449813 0.465922
vt 0.450735 0.452752
vt 0.487266 0.488061
vt 0.467465 0.455682
vt 0.469696 0.451939
vt 0.453135 0.447422
vt 0.456864 0.444035
vt 0.436389 0.440106
vt 0.432401 0.455272
vt 0.413049 0.440439
vt 0.423161 0.424526
vt 0.390438 0.390749
vt 0.413888 0.384080
vt 0.412987 0.392703
vt 0.413922 0.401560
vt 0.393146 0.405930
vt 0.377586 0.389646
vt 0.380973 0.408454
vt 0.400246 0.421997
vt 0.416443 0.411504
vt 0.422535 0.393965
vt 0.432664 0.394815
vt 0.423702 0.401225
vt 0.433702 0.401484
vt 0.425443 0.408921
vt 0.434692 0.408364
vt 0.435822 0.417482
vt 0.428049 0.419003
vt 0.462736 0.409526
vt 0.461957 0.415522
vt 0.453161 0.416564
vt 0.454777 0.408978
vt 0.465113 0.407917
vt 0.456518 0.404745
vt 0.477248 0.416131
vt 0.476539 0.418169
vt 0.468260 0.407228
vt 0.462888 0.404574
vt 0.447259 0.397374
vt 0.445547 0.401417
vt 0.444867 0.408213
vt 0.444727 0.416369
vt 0.460859 0.440750
vt 0.447324 0.432981
vt 0.453381 0.429986
vt 0.465989 0.436457
vt 0.459849 0.427680
vt 0.483037 0.421345
vt 0.471220 0.434459
vt 0.480075 0.418565
vt 0.481882 0.417405
vt 0.476121 0.422650
vt 0.480784 0.415127
vt 0.480432 0.416124
vt 0.482419 0.414783
vt 0.482119 0.415795
vt 0.466057 0.426023
vt 0.441089 0.435266
vt 0.471157 0.448133
vt 0.482521 0.452456
vt 0.488233 0.536215
vt 0.486577 0.546278
vt 0.449475 0.390777
vt 0.457647 0.127332
vt 0.418686 0.377218
vt 0.482096 0.410317
vt 0.478931 0.409602
vt 0.392818 0.340707
vt 0.409466 0.328850
vt 0.417795 0.340542
vt 0.403905 0.351581
vt 0.434584 0.358762
vt 0.425759 0.369080
vt 0.436070 0.373620
vt 0.443832 0.364349
vt 0.452036 0.370424
vt 0.445729 0.378386
vt 0.468340 0.388068
vt 0.475013 0.382157
vt 0.482997 0.398477
vt 0.479737 0.402556
vt 0.478819 0.407273
vt 0.464983 0.396627
vt 0.463477 0.381888
vt 0.459604 0.390005
vt 0.471525 0.376051
vt 0.415446 0.132840
vt 0.452732 0.383387
vt 0.458749 0.376511
vt 0.467555 0.370504
vt 0.462116 0.363431
vt 0.455962 0.355586
vt 0.448776 0.348630
vt 0.435385 0.330682
vt 0.431207 0.318796
vt 0.454982 0.324165
vt 0.452455 0.313403
vt 0.464113 0.341937
vt 0.469415 0.350442
vt 0.473366 0.358488
vt 0.476530 0.365913
vt 0.485259 0.483363
vt 0.483495 0.497399
vt 0.487337 0.500140
vt 0.485747 0.511681
vt 0.493284 0.502616
vt 0.481189 0.515391
vt 0.484417 0.515003
vt 0.482886 0.518884
vt 0.479548 0.519572
vt 0.487068 0.515320
vt 0.484870 0.519050
vt 0.492883 0.515420
vt 0.491874 0.521214
vt 0.489920 0.529452
vt 0.491306 0.524432
vt 0.481934 0.522120
vt 0.477195 0.525438
vt 0.472017 0.532395
vt 0.462453 0.528397
vt 0.259862 0.919947
vt 0.479182 0.371376
vt 0.482373 0.377683
vt 0.487338 0.406885
vt 0.485959 0.404066
vt 0.489199 0.402503
vt 0.490078 0.405831
vt 0.488448 0.376491
vt 0.491105 0.395081
vt 0.487209 0.395974
vt 0.487405 0.369578
vt 0.485818 0.363792
vt 0.483848 0.356272
vt 0.492027 0.401846
vt 0.492426 0.405381
vt 0.482343 0.409161
vt 0.483537 0.409555
vt 0.483607 0.406525
vt 0.484990 0.408263
vt 0.472833 0.310574
vt 0.474628 0.320157
vt 0.481596 0.347174
vt 0.478933 0.337732
vt 0.066798 0.746023
vt 0.231354 0.726775
vt 0.247734 0.719577
vt 0.280198 0.749928
vt 0.263324 0.754507
vt 0.217012 0.738546
vt 0.247128 0.760638
vt 0.168261 0.821222
vt 0.204440 0.838045
vt 0.238598 0.891050
vt 0.135692 0.807299
vt 0.114847 0.761151
vt 0.149351 0.786459
vt 0.186054 0.808273
vt 0.067085 0.221466
vt 0.055313 0.574565
vt 0.221675 0.822335
vt 0.241438 0.847909
vt 0.272228 0.850676
vt 0.249783 0.827173
vt 0.287007 0.900460
vt 0.316505 0.927760
vt 0.023356 0.496651
vt 0.485852 0.580020
vt 0.097042 0.321643
vt 0.126639 0.315770
vt 0.232429 0.167840
vt 0.123799 0.384932
vt 0.121310 0.385222
vt 0.175337 0.266374
vt 0.155778 0.309621
vt 0.075325 0.324930
vt 0.107908 0.436909
vt 0.105120 0.447093
vt 0.110379 0.436584
vt 0.107562 0.447348
vt 0.103515 0.457498
vt 0.112738 0.433470
vt 0.116536 0.535543
vt 0.122896 0.532908
vt 0.134784 0.380861
vt 0.130510 0.381095
vt 0.132734 0.379209
vt 0.136003 0.378452
vt 0.138595 0.379863
vt 0.138757 0.378006
vt 0.140226 0.589360
vt 0.130299 0.372713
vt 0.122581 0.382430
vt 0.126815 0.381066
vt 0.130632 0.377377
vt 0.136282 0.375788
vt 0.140880 0.375604
vt 0.142104 0.378531
vt 0.113549 0.432871
vt 0.131645 0.393754
vt 0.101344 0.516338
vt 0.098820 0.511139
vt 0.104352 0.508329
vt 0.106977 0.512993
vt 0.066521 0.444449
vt 0.063132 0.476444
vt 0.036868 0.231346
vt 0.034520 0.267129
vt 0.082140 0.564458
vt 0.103917 0.521013
vt 0.109390 0.516825
vt 0.101523 0.457471
vt 0.101839 0.521677
vt 0.099182 0.516862
vt 0.112637 0.513880
vt 0.110066 0.510355
vt 0.107650 0.506222
vt 0.096440 0.511025
vt 0.098149 0.535738
vt 0.120358 0.640301
vt 0.102721 0.621827
vt 0.123454 0.676719
vt 0.104722 0.658335
vt 0.086360 0.638881
vt 0.083712 0.599414
vt 0.113024 0.536228
vt 0.124278 0.527815
vt 0.212810 0.752255
vt 0.189076 0.729602
vt 0.244211 0.774144
vt 0.238068 0.784440
vt 0.208256 0.765467
vt 0.175444 0.731959
vt 0.135508 0.625789
vt 0.140363 0.658864
vt 0.155645 0.682828
vt 0.145005 0.697200
vt 0.175809 0.752479
vt 0.149266 0.721646
vt 0.173752 0.775707
vt 0.147547 0.751794
vt 0.122251 0.732791
vt 0.126060 0.702276
vt 0.203572 0.776555
vt 0.233389 0.795494
vt 0.203920 0.794022
vt 0.228193 0.806035
vt 0.167756 0.690884
vt 0.154515 0.353789
vt 0.168419 0.360416
vt 0.188135 0.407893
vt 0.239122 0.495473
vt 0.228899 0.543102
vt 0.220711 0.507583
vt 0.226297 0.458555
vt 0.220121 0.591885
vt 0.210405 0.555160
vt 0.200116 0.599281
vt 0.217024 0.638020
vt 0.071286 0.620724
vt 0.070124 0.585598
vt 0.066553 0.557805
vt 0.322075 0.725839
vt 0.032290 0.657854
vt 0.316387 0.773132
vt 0.070603 0.664844
vt 0.056974 0.676019
vt 0.105091 0.683696
vt 0.087781 0.664167
vt 0.071562 0.643830
vt 0.063167 0.520827
vt 0.264347 0.820932
vt 0.279417 0.606991
vt 0.279522 0.587119
vt 0.282902 0.627739
vt 0.284818 0.568075
vt 0.435331 0.572720
vt 0.436948 0.566348
vt 0.438201 0.557786
vt 0.423190 0.552197
vt 0.425631 0.542828
vt 0.451831 0.563814
vt 0.451515 0.572652
vt 0.440249 0.550167
vt 0.442346 0.540039
vt 0.450642 0.552623
vt 0.429875 0.495370
vt 0.423335 0.508136
vt 0.432134 0.525147
vt 0.413013 0.528286
vt 0.417156 0.519163
vt 0.428319 0.534817
vt 0.408708 0.537116
vt 0.445906 0.528813
vt 0.453938 0.520106
vt 0.449246 0.539841
vt 0.465110 0.542419
vt 0.463727 0.554612
vt 0.421393 0.558461
vt 0.405632 0.542886
vt 0.407222 0.503700
vt 0.394183 0.487758
vt 0.399253 0.513918
vt 0.386947 0.500143
vt 0.394644 0.522828
vt 0.381370 0.509465
vt 0.382817 0.472348
vt 0.373156 0.456893
vt 0.363402 0.438359
vt 0.362192 0.467992
vt 0.351155 0.448579
vt 0.353521 0.480044
vt 0.340658 0.461892
vt 0.374031 0.484612
vt 0.367084 0.494868
vt 0.376456 0.518229
vt 0.390802 0.530277
vt 0.346438 0.511923
vt 0.348238 0.495096
vt 0.362313 0.507057
vt 0.359305 0.518880
vt 0.332942 0.479728
vt 0.332071 0.502428
vt 0.331418 0.519490
vt 0.384183 0.547799
vt 0.401107 0.560494
vt 0.370527 0.542587
vt 0.345496 0.523014
vt 0.358353 0.526767
vt 0.309697 0.547298
vt 0.320281 0.542889
vt 0.344853 0.539069
vt 0.357213 0.539484
vt 0.331831 0.540335
vt 0.415664 0.575948
vt 0.427715 0.591666
vt 0.146475 0.275705
vt 0.464292 0.565604
vt 0.464011 0.575893
vt 0.441046 0.664436
vt 0.444431 0.652108
vt 0.469185 0.648092
vt 0.432051 0.681987
vt 0.437190 0.605859
vt 0.442053 0.618601
vt 0.444565 0.630347
vt 0.445537 0.640703
vt 0.399239 0.720831
vt 0.410289 0.708217
vt 0.267832 0.716018
vt 0.247351 0.687253
vt 0.318047 0.687163
vt 0.302267 0.669148
vt 0.290245 0.648946
vt 0.235511 0.652201
vt 0.232955 0.611323
vt 0.237216 0.568534
vt 0.289154 0.790141
vt 0.283739 0.802595
vt 0.302195 0.781572
vt 0.294429 0.847001
vt 0.310973 0.839192
vt 0.275310 0.812685
vt 0.320392 0.826720
vt 0.324485 0.811664
vt 0.339141 0.801751
vt 0.352085 0.789903
vt 0.365353 0.775599
vt 0.112716 0.281315
vt 0.479943 0.503980
vt 0.480023 0.504017
vt 0.479991 0.503866
vt 0.480070 0.503889
vt 0.480080 0.503713
vt 0.480684 0.500876
vt 0.480513 0.502342
vt 0.480210 0.503394
vt 0.179782 0.382168
vt 0.195600 0.177514
vt 0.161848 0.186033
vt 0.797524 0.177441
vt 0.831816 0.185975
vt 0.572424 0.115442
vt 0.618216 0.120880
vt 0.610153 0.103947
vt 0.567295 0.100334
vt 0.775795 0.122966
vt 0.785955 0.151135
vt 0.822321 0.156767
vt 0.816524 0.128759
vt 0.858356 0.164485
vt 0.854941 0.132560
vt 0.892355 0.137821
vt 0.893631 0.173540
vt 0.927117 0.183865
vt 0.928408 0.145792
vt 0.664643 0.128626
vt 0.707541 0.136669
vt 0.696788 0.115134
vt 0.654860 0.109223
vt 0.747939 0.144575
vt 0.736904 0.120469
vt 0.956794 0.159535
vt 0.957256 0.195000
vt 0.560381 0.062199
vt 0.526501 0.061000
vt 0.527974 0.080184
vt 0.563247 0.081760
vt 0.637070 0.047301
vt 0.676534 0.048689
vt 0.669343 0.029555
vt 0.632851 0.029051
vt 0.693359 0.009766
vt 0.724609 0.009766
vt 0.597273 0.045757
vt 0.596067 0.028271
vt 0.498047 0.138672
vt 0.498047 0.173828
vt 0.737942 0.028021
vt 0.775492 0.028180
vt 0.759766 0.009766
vt 0.886942 0.020032
vt 0.888672 0.009766
vt 0.857422 0.009766
vt 0.862237 0.021112
vt 0.802216 0.069907
vt 0.844160 0.071498
vt 0.832197 0.051132
vt 0.790619 0.047418
vt 0.915584 0.060223
vt 0.875332 0.056639
vt 0.883478 0.079411
vt 0.920421 0.086097
vt 0.749708 0.046472
vt 0.760109 0.069014
vt 0.713770 0.048318
vt 0.721334 0.069797
vt 0.682381 0.068892
vt 0.851258 0.100520
vt 0.890108 0.104814
vt 0.923919 0.114266
vt 0.955679 0.125864
vt 0.498047 0.009766
vt 0.498047 0.041016
vt 0.952361 0.065926
vt 0.954066 0.095141
vt 0.703755 0.029073
vt 0.728507 0.094727
vt 0.688650 0.091866
vt 0.626953 0.009766
vt 0.662109 0.009766
vt 0.595703 0.009766
vt 0.564453 0.009766
vt 0.951793 0.036519
vt 0.955078 0.009766
vt 0.923828 0.009766
vt 0.910268 0.032622
vt 0.641405 0.066939
vt 0.599883 0.064169
vt 0.559259 0.044295
vt 0.810829 0.098936
vt 0.768993 0.096738
vt 0.647262 0.088061
vt 0.604222 0.084329
vt 0.529700 0.098328
vt 0.560091 0.026960
vt 0.791016 0.009766
vt 0.822266 0.009766
vt 0.835322 0.019964
vt 0.498047 0.076172
vt 0.496695 0.079550
vt 0.497091 0.060366
vt 0.496282 0.097549
vt 0.818791 0.028907
vt 0.867338 0.036144
vt 0.495922 0.111115
vt 0.498047 0.205078
vt 0.497433 0.042052
vt 0.497739 0.025546
vt 0.498047 0.009766
vt 0.531619 0.112351
vt 0.527057 0.025855
vt 0.526242 0.042712
vt 0.529297 0.009766
vt 0.498047 0.107422
vt 0.419489 0.115429
vt 0.373818 0.120907
vt 0.382549 0.103945
vt 0.425314 0.100312
vt 0.218106 0.123011
vt 0.207524 0.151202
vt 0.171633 0.156815
vt 0.177851 0.128809
vt 0.136095 0.164517
vt 0.139829 0.132598
vt 0.102760 0.137850
vt 0.101228 0.173558
vt 0.068170 0.183871
vt 0.067041 0.145817
vt 0.327612 0.128716
vt 0.285043 0.136778
vt 0.296399 0.115211
vt 0.338026 0.109274
vt 0.245055 0.144666
vt 0.256643 0.120535
vt 0.038982 0.159547
vt 0.038436 0.195008
vt 0.433765 0.062158
vt 0.467660 0.060997
vt 0.465410 0.080181
vt 0.430143 0.081727
vt 0.357880 0.047291
vt 0.318508 0.048706
vt 0.326241 0.029552
vt 0.362691 0.029041
vt 0.302734 0.009766
vt 0.271484 0.009766
vt 0.397584 0.045710
vt 0.399419 0.028239
vt 0.257804 0.028046
vt 0.220340 0.028203
vt 0.236328 0.009766
vt 0.109083 0.020037
vt 0.107422 0.009766
vt 0.138672 0.009766
vt 0.133763 0.021116
vt 0.192978 0.069959
vt 0.151195 0.071539
vt 0.163420 0.051156
vt 0.204910 0.047463
vt 0.080283 0.060239
vt 0.120383 0.056657
vt 0.112070 0.079442
vt 0.075323 0.086122
vt 0.245663 0.046514
vt 0.234825 0.069066
vt 0.281396 0.048351
vt 0.273344 0.069851
vt 0.312082 0.068935
vt 0.143815 0.100569
vt 0.105235 0.104856
vt 0.071691 0.114293
vt 0.040174 0.125881
vt 0.043621 0.065934
vt 0.041855 0.095155
vt 0.291901 0.029072
vt 0.265622 0.094788
vt 0.305195 0.091925
vt 0.369141 0.009766
vt 0.333984 0.009766
vt 0.400391 0.009766
vt 0.431641 0.009766
vt 0.044250 0.036516
vt 0.041016 0.009766
vt 0.072266 0.009766
vt 0.085717 0.032633
vt 0.352886 0.066942
vt 0.394301 0.064125
vt 0.435570 0.044252
vt 0.183959 0.098993
vt 0.225445 0.096793
vt 0.346342 0.088082
vt 0.389234 0.084301
vt 0.462872 0.098322
vt 0.435378 0.026938
vt 0.205078 0.009766
vt 0.173828 0.009766
vt 0.160679 0.019974
vt 0.177087 0.028918
vt 0.128543 0.036149
vt 0.460241 0.112334
vt 0.468420 0.025858
vt 0.468609 0.042710
vt 0.466797 0.009766
vt 0.479905 0.503716
vt 0.227821 0.383498
vt 0.215125 0.356904
vt 0.236813 0.323229
vt 0.247322 0.353606
vt 0.264912 0.294536
vt 0.265541 0.329070
vt 0.296495 0.275909
vt 0.289198 0.309626
vt 0.326601 0.270650
vt 0.314873 0.300921
vt 0.391272 0.279638
vt 0.393908 0.264180
vt 0.426107 0.269884
vt 0.426046 0.280686
vt 0.451009 0.272836
vt 0.450635 0.281221
vt 0.472324 0.273753
vt 0.472894 0.281011
vt 0.495464 0.274345
vt 0.495495 0.281473
vt 0.495556 0.291832
vt 0.472603 0.292088
vt 0.472793 0.287021
vt 0.495525 0.286126
vt 0.451402 0.293692
vt 0.450899 0.287115
vt 0.428717 0.297797
vt 0.426918 0.289338
vt 0.397442 0.305936
vt 0.394530 0.293699
vt 0.373231 0.318135
vt 0.361672 0.305451
vt 0.472613 0.262115
vt 0.495430 0.264726
vt 0.451186 0.260281
vt 0.427743 0.256829
vt 0.401007 0.247943
vt 0.357202 0.269822
vt 0.370266 0.243378
vt 0.338000 0.245915
vt 0.303410 0.249544
vt 0.264180 0.268285
vt 0.228758 0.299610
vt 0.203345 0.336971
vt 0.201091 0.381689
vt 0.451586 0.303307
vt 0.472651 0.301136
vt 0.429942 0.307744
vt 0.403000 0.317113
vt 0.383019 0.329430
vt 0.364229 0.366424
vt 0.369962 0.346110
vt 0.368239 0.411319
vt 0.364297 0.388796
vt 0.341860 0.424331
vt 0.335975 0.394453
vt 0.350618 0.389030
vt 0.355419 0.415571
vt 0.329083 0.438060
vt 0.321812 0.404713
vt 0.472784 0.250121
vt 0.495393 0.250567
vt 0.451996 0.247747
vt 0.431014 0.241495
vt 0.410108 0.228594
vt 0.384584 0.220182
vt 0.354075 0.215753
vt 0.315946 0.221317
vt 0.269875 0.240599
vt 0.223519 0.281046
vt 0.193935 0.322179
vt 0.408859 0.192719
vt 0.428500 0.204157
vt 0.444635 0.216644
vt 0.457824 0.226027
vt 0.473998 0.224270
vt 0.495202 0.221982
vt 0.473666 0.198541
vt 0.495108 0.198801
vt 0.462324 0.185465
vt 0.495271 0.182279
vt 0.454543 0.173634
vt 0.495457 0.167657
vt 0.357133 0.337690
vt 0.342120 0.331196
vt 0.334646 0.362347
vt 0.318519 0.367693
vt 0.324835 0.329646
vt 0.350233 0.361984
vt 0.303869 0.336495
vt 0.302139 0.378228
vt 0.308496 0.419101
vt 0.288220 0.391825
vt 0.284535 0.349513
vt 0.295169 0.428876
vt 0.281687 0.438356
vt 0.275391 0.403912
vt 0.270097 0.366184
vt 0.346710 0.293462
vt 0.255367 0.383025
vt 0.268074 0.448682
vt 0.261764 0.416750
vt 0.252617 0.463959
vt 0.244656 0.433256
vt 0.236384 0.406375
vt 0.209922 0.409028
vt 0.495526 0.300642
vt 0.139545 0.355116
vt 0.419030 0.455810
vt 0.435582 0.467684
vt 0.453858 0.474274
vt 0.469267 0.476833
vt 0.483490 0.477694
vt 0.495763 0.140227
vt 0.496674 0.700385
vt 0.495604 0.155380
vt 0.495297 0.405251
vt 0.498047 0.942036
vt 0.495554 0.309736
vt 0.495398 0.401461
vt 0.496478 0.546108
vt 0.495570 0.319257
vt 0.495625 0.345422
vt 0.495608 0.363008
vt 0.496881 0.792407
vt 0.495616 0.354825
vt 0.496241 0.482658
vt 0.496452 0.536719
vt 0.495600 0.369416
vt 0.498047 0.333984
vt 0.495611 0.336761
vt 0.495532 0.394835
vt 0.495592 0.375946
vt 0.496262 0.430323
vt 0.496229 0.477187
vt 0.496593 0.603855
vt 0.498047 0.466797
vt 0.496576 0.591923
vt 0.497402 0.847661
vt 0.497085 0.812617
vt 0.496506 0.557105
vt 0.498047 0.595703
vt 0.498047 0.626953
vt 0.496711 0.756070
vt 0.498047 0.824908
vt 0.496431 0.530039
vt 0.496309 0.502312
vt 0.497596 0.905660
vt 0.498047 0.529297
vt 0.498047 0.744383
vt 0.496217 0.449866
vt 0.498047 0.923828
vt 0.496229 0.446032
vt 0.496370 0.515409
vt 0.498047 0.498047
vt 0.498047 0.564453
vt 0.496174 0.464125
vt 0.496207 0.472215
vt 0.498047 0.784646
vt 0.496676 0.721244
vt 0.496196 0.459443
vt 0.496638 0.645071
vt 0.496203 0.455843
vt 0.495872 0.125641
vt 0.498047 0.693359
vt 0.496210 0.452659
vt 0.496260 0.439975
vt 0.496535 0.569162
vt 0.496280 0.434234
vt 0.496775 0.773065
vt 0.496248 0.490635
vt 0.496263 0.493190
vt 0.496625 0.631456
vt 0.497258 0.830253
vt 0.496649 0.657621
vt 0.496233 0.488112
vt 0.498047 0.662109
vt 0.498047 0.887132
vt 0.498047 0.923734
vt 0.496610 0.617182
vt 0.496558 0.581177
vt 0.498047 0.302734
vt 0.496396 0.521160
vt 0.496412 0.524952
vt 0.497502 0.886260
vt 0.498047 0.431641
vt 0.498047 0.949356
vt 0.497474 0.866962
vt 0.498047 0.369141
vt 0.498047 0.400391
vt 0.496358 0.512502
vt 0.496659 0.671205
vt 0.496336 0.507190
vt 0.497988 0.727240
vt 0.496280 0.497402
vt 0.512796 0.503761
vt 0.763987 0.383409
vt 0.776450 0.356789
vt 0.754453 0.323143
vt 0.744227 0.353536
vt 0.726141 0.294492
vt 0.725821 0.329020
vt 0.694508 0.275883
vt 0.702030 0.309617
vt 0.490552 0.512925
vt 0.491262 0.508049
vt 0.664434 0.270609
vt 0.676317 0.300905
vt 0.430745 0.619809
vt 0.475496 0.496031
vt 0.476242 0.556296
vt 0.435229 0.623303
vt 0.599789 0.279618
vt 0.597053 0.264136
vt 0.564775 0.269897
vt 0.564925 0.280694
vt 0.469710 0.496900
vt 0.539898 0.272853
vt 0.540347 0.281233
vt 0.518599 0.273766
vt 0.518094 0.281020
vt 0.475788 0.578940
vt 0.459068 0.617013
vt 0.518510 0.292089
vt 0.518259 0.287028
vt 0.476264 0.567261
vt 0.457841 0.506970
vt 0.458390 0.497388
vt 0.486834 0.523431
vt 0.484121 0.527932
vt 0.539713 0.293695
vt 0.485849 0.517461
vt 0.489942 0.515410
vt 0.540149 0.287122
vt 0.425164 0.613352
vt 0.391089 0.606420
vt 0.488247 0.520302
vt 0.492483 0.517941
vt 0.408809 0.608205
vt 0.427740 0.616337
vt 0.474502 0.518888
vt 0.469002 0.609877
vt 0.562412 0.297800
vt 0.564136 0.289344
vt 0.593746 0.305942
vt 0.596567 0.293705
vt 0.466847 0.515226
vt 0.618051 0.318143
vt 0.629571 0.305473
vt 0.518231 0.262132
vt 0.419916 0.610202
vt 0.415089 0.607849
vt 0.477008 0.544825
vt 0.539632 0.260307
vt 0.563037 0.256850
vt 0.589855 0.247890
vt 0.633855 0.269801
vt 0.403230 0.608440
vt 0.489610 0.498955
vt 0.480335 0.517715
vt 0.483523 0.517325
vt 0.486774 0.495463
vt 0.620759 0.243320
vt 0.653043 0.245857
vt 0.443632 0.624949
vt 0.687546 0.249474
vt 0.473782 0.599007
vt 0.475726 0.588546
vt 0.726618 0.268257
vt 0.762200 0.299568
vt 0.490988 0.503516
vt 0.788018 0.336888
vt 0.790724 0.381560
vt 0.539544 0.303339
vt 0.518466 0.301156
vt 0.561247 0.307784
vt 0.480684 0.534892
vt 0.588225 0.317139
vt 0.608331 0.329450
vt 0.627414 0.366446
vt 0.480690 0.495424
vt 0.621501 0.346150
vt 0.623742 0.411266
vt 0.627507 0.388774
vt 0.650256 0.424281
vt 0.655905 0.394408
vt 0.641198 0.389007
vt 0.496383 0.518175
vt 0.489242 0.517667
vt 0.636611 0.415525
vt 0.663177 0.438038
vt 0.670169 0.404683
vt 0.517984 0.250147
vt 0.395679 0.681716
vt 0.394659 0.670561
vt 0.538726 0.247794
vt 0.559651 0.241530
vt 0.580660 0.228572
vt 0.606383 0.220172
vt 0.637121 0.215670
vt 0.675353 0.221280
vt 0.421839 0.695591
vt 0.481303 0.686780
vt 0.464328 0.689261
vt 0.721308 0.240572
vt 0.393434 0.639877
vt 0.391996 0.626965
vt 0.395733 0.659011
vt 0.392576 0.630591
vt 0.392759 0.634906
vt 0.767547 0.280993
vt 0.395816 0.652803
vt 0.797478 0.322117
vt 0.395227 0.649145
vt 0.582191 0.192787
vt 0.402913 0.692524
vt 0.562211 0.204190
vt 0.545774 0.216694
vt 0.394483 0.644988
vt 0.390835 0.623223
vt 0.532675 0.226089
vt 0.387578 0.613989
vt 0.516428 0.224309
vt 0.496669 0.686174
vt 0.428623 0.724192
vt 0.308903 0.695681
vt 0.516557 0.198579
vt 0.292923 0.675326
vt 0.528268 0.185584
vt 0.317906 0.530579
vt 0.306671 0.534102
vt 0.437330 0.708536
vt 0.536360 0.173776
vt 0.634289 0.337700
vt 0.649254 0.331186
vt 0.656947 0.362302
vt 0.673128 0.367607
vt 0.407280 0.767247
vt 0.325412 0.869883
vt 0.414337 0.752637
vt 0.361644 0.726674
vt 0.666538 0.329639
vt 0.345714 0.857742
vt 0.641367 0.361982
vt 0.687584 0.336517
vt 0.689602 0.378173
vt 0.683636 0.419103
vt 0.703651 0.391770
vt 0.330712 0.715653
vt 0.707032 0.349492
vt 0.278289 0.554812
vt 0.475819 0.738967
vt 0.270877 0.578184
vt 0.697093 0.428864
vt 0.449867 0.738434
vt 0.149027 0.836997
vt 0.710671 0.438363
vt 0.716594 0.403850
vt 0.721582 0.366152
vt 0.644476 0.293442
vt 0.450392 0.679395
vt 0.736441 0.382962
vt 0.357173 0.533525
vt 0.344789 0.531556
vt 0.724404 0.448669
vt 0.179532 0.848324
vt 0.287043 0.544957
vt 0.388897 0.800713
vt 0.457739 0.651492
vt 0.454851 0.664033
vt 0.379556 0.815572
vt 0.730348 0.416677
vt 0.740050 0.463946
vt 0.747626 0.433144
vt 0.370284 0.829582
vt 0.755643 0.406277
vt 0.782121 0.408923
vt 0.296562 0.875117
vt 0.416550 0.572766
vt 0.852544 0.355225
vt 0.573372 0.455862
vt 0.556944 0.467747
vt 0.280278 0.652252
vt 0.272748 0.627181
vt 0.217793 0.863676
vt 0.384685 0.544309
vt 0.269698 0.602206
vt 0.122725 0.839807
vt 0.538676 0.474398
vt 0.296290 0.538528
vt 0.523279 0.476930
vt 0.508994 0.477727
vt 0.390971 0.734066
vt 0.370749 0.537649
vt 0.457542 0.639787
vt 0.429876 0.589123
vt 0.440475 0.603894
vt 0.360236 0.844002
vt 0.447917 0.616560
vt 0.455183 0.628858
vt 0.401375 0.557202
vt 0.398844 0.783710
vt 0.261170 0.872547
vt 0.331068 0.530601
vt 0.498047 0.854190
vt 0.496670 0.739258
vt 0.452260 0.622427
vt 0.444203 0.694106
vt 0.421323 0.738838
vt 0.495574 0.327991
vt 0.408830 0.416612
vt 0.403872 0.403490
vt 0.407332 0.370970
vt 0.432961 0.446804
vt 0.418553 0.431802
vt 0.441758 0.340437
vt 0.402261 0.391813
vt 0.459208 0.333434
vt 0.403101 0.380735
vt 0.476544 0.329047
vt 0.496188 0.468222
vt 0.465565 0.465667
vt 0.481063 0.468219
vt 0.449270 0.458991
vt 0.414924 0.361217
vt 0.425808 0.350541
vt 0.502165 0.512866
vt 0.501425 0.507976
vt 0.562570 0.619754
vt 0.517108 0.496102
vt 0.516777 0.556289
vt 0.558072 0.623155
vt 0.523046 0.496975
vt 0.517337 0.578904
vt 0.534166 0.616961
vt 0.516811 0.567236
vt 0.535992 0.506945
vt 0.534908 0.497467
vt 0.505990 0.523424
vt 0.508740 0.527931
vt 0.506925 0.517443
vt 0.502799 0.515370
vt 0.568107 0.613336
vt 0.602197 0.606482
vt 0.504546 0.520287
vt 0.500281 0.517925
vt 0.584495 0.608159
vt 0.565571 0.616286
vt 0.518357 0.518892
vt 0.524213 0.609833
vt 0.526392 0.515320
vt 0.573368 0.610167
vt 0.578209 0.607795
vt 0.515950 0.544835
vt 0.590076 0.608379
vt 0.502951 0.498977
vt 0.512468 0.517712
vt 0.509263 0.517317
vt 0.505713 0.495534
vt 0.549706 0.624761
vt 0.519405 0.598966
vt 0.517431 0.588507
vt 0.501652 0.503505
vt 0.512224 0.534898
vt 0.511731 0.495495
vt 0.503523 0.517641
vt 0.597881 0.681450
vt 0.598879 0.670340
vt 0.571604 0.695256
vt 0.512037 0.686716
vt 0.529026 0.689131
vt 0.600064 0.639879
vt 0.601471 0.627029
vt 0.597802 0.658869
vt 0.600910 0.630655
vt 0.600734 0.634939
vt 0.597704 0.652690
vt 0.598283 0.649077
vt 0.590610 0.692187
vt 0.599019 0.644959
vt 0.602623 0.623295
vt 0.605852 0.614092
vt 0.564791 0.723734
vt 0.685731 0.695491
vt 0.701432 0.675298
vt 0.675141 0.530517
vt 0.686388 0.534096
vt 0.556053 0.708190
vt 0.585882 0.766223
vt 0.667838 0.867928
vt 0.579010 0.751836
vt 0.632621 0.725895
vt 0.647750 0.854864
vt 0.664094 0.715112
vt 0.714984 0.554815
vt 0.517524 0.738833
vt 0.722598 0.578171
vt 0.543467 0.738132
vt 0.848298 0.836743
vt 0.542916 0.679180
vt 0.635908 0.533490
vt 0.648277 0.531522
vt 0.818133 0.848992
vt 0.706139 0.544956
vt 0.603576 0.798797
vt 0.535575 0.651299
vt 0.538461 0.663803
vt 0.612770 0.812847
vt 0.622617 0.825545
vt 0.696245 0.874912
vt 0.576644 0.572628
vt 0.713854 0.652273
vt 0.721128 0.627228
vt 0.779178 0.865621
vt 0.608494 0.544179
vt 0.723974 0.602233
vt 0.874110 0.839431
vt 0.696843 0.538496
vt 0.602804 0.733237
vt 0.622405 0.537558
vt 0.535788 0.639647
vt 0.563282 0.589137
vt 0.552795 0.603805
vt 0.633210 0.840430
vt 0.545380 0.616404
vt 0.538146 0.628721
vt 0.591739 0.557127
vt 0.593965 0.782357
vt 0.734656 0.874546
vt 0.661990 0.530569
vt 0.541049 0.622296
vt 0.549148 0.693845
vt 0.572079 0.738226
vt 0.583220 0.416632
vt 0.588049 0.403513
vt 0.584247 0.371036
vt 0.559393 0.446902
vt 0.573652 0.431877
vt 0.549551 0.340559
vt 0.589534 0.391848
vt 0.532102 0.333509
vt 0.588611 0.380784
vt 0.514640 0.329083
vt 0.526908 0.465772
vt 0.511313 0.468276
vt 0.543218 0.459099
vt 0.576554 0.361362
vt 0.565554 0.350706
vt 0.608332 0.606220
vt 0.384974 0.606128
vt 0.920464 0.932110
vt 0.915739 0.937662
vt 0.911391 0.942787
vt 0.907647 0.947216
vt 0.921852 0.932984
vt 0.918162 0.939607
vt 0.915141 0.945119
vt 0.912275 0.950252
vt 0.923343 0.933687
vt 0.921093 0.940637
vt 0.919172 0.946966
vt 0.917282 0.952478
vt 0.924951 0.934090
vt 0.924140 0.941299
vt 0.923462 0.947645
vt 0.922711 0.953703
vt 0.926612 0.933980
vt 0.927258 0.941370
vt 0.927800 0.947989
vt 0.928305 0.953722
vt 0.928245 0.933727
vt 0.930297 0.940862
vt 0.932046 0.946914
vt 0.933810 0.952709
vt 0.929791 0.933155
vt 0.933110 0.939595
vt 0.936157 0.945427
vt 0.938899 0.950537
vt 0.931207 0.932288
vt 0.935736 0.937939
vt 0.939784 0.942950
vt 0.943383 0.947433
vt 0.932315 0.931072
vt 0.937943 0.935764
vt 0.942992 0.939978
vt 0.947467 0.943782
vt 0.933308 0.929765
vt 0.939688 0.933225
vt 0.945289 0.936286
vt 0.950441 0.939172
vt 0.933892 0.928225
vt 0.940878 0.930403
vt 0.947106 0.932328
vt 0.952644 0.934207
vt 0.934305 0.926633
vt 0.941513 0.927410
vt 0.947847 0.928103
vt 0.953886 0.928861
vt 0.934247 0.924992
vt 0.941578 0.924364
vt 0.948179 0.923826
vt 0.953879 0.923346
vt 0.934034 0.923376
vt 0.941015 0.921365
vt 0.947101 0.919647
vt 0.952889 0.917903
vt 0.933340 0.921889
vt 0.939857 0.918521
vt 0.945669 0.915607
vt 0.950756 0.912842
vt 0.932524 0.920462
vt 0.938212 0.915938
vt 0.943168 0.911999
vt 0.947723 0.908346
vt 0.931341 0.919329
vt 0.936060 0.913750
vt 0.940278 0.908729
vt 0.943961 0.904368
vt 0.930047 0.918336
vt 0.933537 0.912021
vt 0.936568 0.906464
vt 0.939399 0.901353
vt 0.928500 0.917764
vt 0.930696 0.910810
vt 0.932609 0.904623
vt 0.934449 0.899133
vt 0.926910 0.917334
vt 0.927694 0.910155
vt 0.928357 0.903871
vt 0.929108 0.897870
vt 0.925265 0.917384
vt 0.924629 0.910061
vt 0.924019 0.903512
vt 0.923519 0.897817
vt 0.923633 0.917587
vt 0.921608 0.910624
vt 0.919825 0.904561
vt 0.918038 0.898760
vt 0.922140 0.918276
vt 0.918730 0.911738
vt 0.915733 0.905954
vt 0.912942 0.900861
vt 0.920699 0.919086
vt 0.916117 0.913403
vt 0.912127 0.908428
vt 0.908391 0.903850
vt 0.919561 0.920271
vt 0.913879 0.915531
vt 0.908842 0.911299
vt 0.904297 0.907520
vt 0.918547 0.921567
vt 0.912092 0.918039
vt 0.906413 0.914935
vt 0.901320 0.912151
vt 0.917955 0.923106
vt 0.910875 0.920877
vt 0.904579 0.918930
vt 0.899011 0.917085
vt 0.917529 0.924700
vt 0.910211 0.923890
vt 0.903816 0.923194
vt 0.897697 0.922479
vt 0.917564 0.926350
vt 0.910152 0.926954
vt 0.903467 0.927529
vt 0.897632 0.928043
vt 0.917767 0.927992
vt 0.910765 0.929984
vt 0.904552 0.931737
vt 0.898667 0.933501
vt 0.925956 0.925720
vt 0.918429 0.929508
vt 0.911934 0.932865
vt 0.906005 0.935807
vt 0.900805 0.938636
vt 0.919365 0.930873
vt 0.913444 0.935583
vt 0.908462 0.939480
vt 0.903844 0.943193
vt 0.904179 0.951342
vt 0.899845 0.956471
vt 0.895318 0.961904
vt 0.891152 0.966991
vt 0.886838 0.972284
vt 0.925529 0.909903
vt 0.970244 0.844334
vt 0.971699 0.846088
vt 0.972934 0.847573
vt 0.974078 0.848945
vt 0.975113 0.850181
vt 0.976095 0.851353
vt 0.977038 0.852478
vt 0.909635 0.955134
vt 0.906283 0.961080
vt 0.903074 0.967135
vt 0.899797 0.973007
vt 0.896691 0.978922
vt 0.932419 0.912772
vt 0.972219 0.843005
vt 0.973280 0.844993
vt 0.974223 0.846712
vt 0.975058 0.848269
vt 0.975837 0.849694
vt 0.976566 0.851027
vt 0.977273 0.852317
vt 0.915729 0.957624
vt 0.913569 0.964263
vt 0.911695 0.970779
vt 0.909604 0.977175
vt 0.907789 0.983419
vt 0.939896 0.914690
vt 0.974407 0.842107
vt 0.975053 0.844231
vt 0.975643 0.846122
vt 0.976156 0.847801
vt 0.976638 0.849348
vt 0.977095 0.850805
vt 0.977535 0.852206
vt 0.922156 0.959114
vt 0.921459 0.965760
vt 0.920808 0.972387
vt 0.920129 0.979218
vt 0.919448 0.985762
vt 0.947719 0.915671
vt 0.976712 0.841635
vt 0.976943 0.843861
vt 0.977143 0.845832
vt 0.977322 0.847556
vt 0.977494 0.849165
vt 0.977655 0.850686
vt 0.977813 0.852147
vt 0.928788 0.958957
vt 0.929466 0.965888
vt 0.930070 0.972651
vt 0.930728 0.979168
vt 0.931409 0.985915
vt 0.955649 0.915676
vt 0.979071 0.841607
vt 0.978857 0.843874
vt 0.978664 0.845814
vt 0.978511 0.847553
vt 0.978367 0.849162
vt 0.978228 0.850679
vt 0.978097 0.852145
vt 0.935329 0.957910
vt 0.937242 0.964271
vt 0.939117 0.970836
vt 0.941090 0.977383
vt 0.943069 0.983682
vt 0.963600 0.914832
vt 0.981376 0.842098
vt 0.980732 0.844226
vt 0.980166 0.846097
vt 0.979677 0.847779
vt 0.979222 0.849329
vt 0.978791 0.850789
vt 0.978377 0.852197
vt 0.941356 0.955315
vt 0.944690 0.961437
vt 0.947709 0.967544
vt 0.950962 0.973439
vt 0.953987 0.979197
vt 0.971016 0.912799
vt 0.983547 0.842984
vt 0.982515 0.844936
vt 0.981586 0.846669
vt 0.980776 0.848228
vt 0.980028 0.849660
vt 0.979320 0.851006
vt 0.978640 0.852304
vt 0.946844 0.951792
vt 0.951235 0.957014
vt 0.955465 0.962407
vt 0.959791 0.967526
vt 0.964002 0.972662
vt 0.977584 0.909965
vt 0.985518 0.844261
vt 0.984104 0.846007
vt 0.982868 0.847511
vt 0.981767 0.848883
vt 0.980750 0.850141
vt 0.979799 0.851318
vt 0.978878 0.852459
vt 0.951551 0.947189
vt 0.956688 0.951452
vt 0.962121 0.955953
vt 0.967173 0.960114
vt 0.972446 0.964404
vt 0.983487 0.906437
vt 0.987175 0.845930
vt 0.985440 0.847366
vt 0.983967 0.848587
vt 0.982604 0.849720
vt 0.981372 0.850746
vt 0.980205 0.851720
vt 0.979081 0.852658
vt 0.955314 0.941777
vt 0.961234 0.945134
vt 0.967303 0.948297
vt 0.973152 0.951548
vt 0.979030 0.954662
vt 0.987919 0.902060
vt 0.988490 0.847883
vt 0.986523 0.848933
vt 0.984820 0.849866
vt 0.983274 0.850695
vt 0.981855 0.851467
vt 0.980528 0.852190
vt 0.979241 0.852893
vt 0.957780 0.935741
vt 0.964390 0.937905
vt 0.970882 0.939787
vt 0.977271 0.941841
vt 0.983485 0.943672
vt 0.990883 0.897305
vt 0.989380 0.850047
vt 0.987278 0.850690
vt 0.985406 0.851276
vt 0.983739 0.851786
vt 0.982197 0.852262
vt 0.980749 0.852716
vt 0.979352 0.853154
vt 0.959269 0.929402
vt 0.965895 0.930093
vt 0.972515 0.930766
vt 0.979325 0.931427
vt 0.985839 0.932119
vt 0.992392 0.892326
vt 0.989852 0.852329
vt 0.987646 0.852563
vt 0.985697 0.852766
vt 0.983983 0.852946
vt 0.982377 0.853112
vt 0.980867 0.853274
vt 0.979411 0.853432
vt 0.959088 0.922854
vt 0.965994 0.922185
vt 0.972758 0.921605
vt 0.979238 0.920953
vt 0.985966 0.920244
vt 0.992392 0.887278
vt 0.989886 0.854666
vt 0.987634 0.854458
vt 0.985722 0.854282
vt 0.983986 0.854130
vt 0.982386 0.853979
vt 0.980875 0.853845
vt 0.979413 0.853715
vt 0.958068 0.916378
vt 0.964409 0.914480
vt 0.970944 0.912638
vt 0.977479 0.910701
vt 0.983760 0.908726
vt 0.991080 0.882219
vt 0.989408 0.856954
vt 0.987298 0.856322
vt 0.985424 0.855768
vt 0.983760 0.855288
vt 0.982226 0.854833
vt 0.980767 0.854406
vt 0.979361 0.853995
vt 0.955518 0.910411
vt 0.961608 0.907121
vt 0.967703 0.904144
vt 0.973579 0.900930
vt 0.979319 0.897929
vt 0.987938 0.877503
vt 0.988535 0.859112
vt 0.986594 0.858095
vt 0.984867 0.857179
vt 0.983318 0.856380
vt 0.981896 0.855637
vt 0.980551 0.854934
vt 0.979255 0.854257
vt 0.952046 0.904942
vt 0.957268 0.900647
vt 0.962669 0.896463
vt 0.967725 0.892175
vt 0.972845 0.888023
vt 0.983567 0.873334
vt 0.987274 0.861071
vt 0.985536 0.859676
vt 0.984037 0.858454
vt 0.982670 0.857366
vt 0.981418 0.856358
vt 0.980241 0.855412
vt 0.979100 0.854495
vt 0.947411 0.900307
vt 0.951699 0.895235
vt 0.956215 0.889890
vt 0.960381 0.884872
vt 0.964680 0.879648
vt 0.978145 0.869601
vt 0.985624 0.862719
vt 0.984194 0.861007
vt 0.982975 0.859550
vt 0.981842 0.858202
vt 0.980817 0.856980
vt 0.979844 0.855820
vt 0.978902 0.854699
vt 0.942053 0.896536
vt 0.945417 0.890704
vt 0.948633 0.884716
vt 0.951934 0.878950
vt 0.955085 0.873149
vt 0.971440 0.866799
vt 0.983697 0.864030
vt 0.982645 0.862088
vt 0.981709 0.860404
vt 0.980876 0.858874
vt 0.980101 0.857464
vt 0.979373 0.856141
vt 0.978668 0.854858
vt 0.936024 0.894040
vt 0.938222 0.887524
vt 0.940161 0.881085
vt 0.942301 0.874833
vt 0.944255 0.868716
vt 0.964189 0.864924
vt 0.981560 0.864924
vt 0.980909 0.862847
vt 0.980313 0.860996
vt 0.979792 0.859344
vt 0.979308 0.857809
vt 0.978848 0.856363
vt 0.978407 0.854970
vt 0.929668 0.892545
vt 0.930449 0.886009
vt 0.931176 0.879294
vt 0.931985 0.872731
vt 0.932846 0.866264
vt 0.961236 0.864746
vt 0.979310 0.865409
vt 0.979057 0.863226
vt 0.978832 0.861309
vt 0.978638 0.859579
vt 0.978460 0.857993
vt 0.978292 0.856484
vt 0.978129 0.855029
vt 0.923091 0.892611
vt 0.922496 0.885722
vt 0.921957 0.879170
vt 0.921583 0.872552
vt 0.921160 0.865861
vt 0.943357 0.862806
vt 0.977004 0.865474
vt 0.977178 0.863245
vt 0.977321 0.861324
vt 0.977461 0.859606
vt 0.977594 0.858000
vt 0.977721 0.856494
vt 0.977846 0.855032
vt 0.916591 0.893575
vt 0.914715 0.887234
vt 0.912928 0.880697
vt 0.911245 0.874087
vt 0.909613 0.867735
vt 0.941178 0.864431
vt 0.974727 0.865059
vt 0.975317 0.862937
vt 0.975840 0.861052
vt 0.976301 0.859389
vt 0.976741 0.857849
vt 0.977160 0.856388
vt 0.977567 0.854981
vt 0.977971 0.853589
vt 0.910534 0.896052
vt 0.907257 0.889911
vt 0.904347 0.883753
vt 0.901311 0.877755
vt 0.898596 0.871851
vt 0.933740 0.866167
vt 0.972563 0.864228
vt 0.973535 0.862264
vt 0.974423 0.860517
vt 0.975203 0.858957
vt 0.975935 0.857525
vt 0.976631 0.856175
vt 0.977304 0.854875
vt 0.904975 0.899477
vt 0.900655 0.894179
vt 0.896524 0.888693
vt 0.892381 0.883386
vt 0.888408 0.878007
vt 0.926863 0.868810
vt 0.970572 0.863002
vt 0.971929 0.861231
vt 0.973131 0.859704
vt 0.974208 0.858317
vt 0.975209 0.857051
vt 0.976150 0.855867
vt 0.977065 0.854720
vt 0.900221 0.904055
vt 0.895115 0.899693
vt 0.889750 0.895063
vt 0.884845 0.890678
vt 0.879787 0.886102
vt 0.920795 0.872342
vt 0.968853 0.861385
vt 0.970559 0.859903
vt 0.972011 0.858648
vt 0.973360 0.857492
vt 0.974581 0.856452
vt 0.975742 0.855467
vt 0.976862 0.854522
vt 0.896411 0.909459
vt 0.890453 0.905995
vt 0.884404 0.902685
vt 0.878642 0.899218
vt 0.872908 0.895855
vt 0.916270 0.876683
vt 0.967466 0.859470
vt 0.969434 0.858354
vt 0.971131 0.857380
vt 0.972675 0.856524
vt 0.974090 0.855734
vt 0.975415 0.854998
vt 0.976700 0.854288
vt 0.893847 0.915474
vt 0.887180 0.913209
vt 0.880601 0.911235
vt 0.874199 0.909012
vt 0.868018 0.906913
vt 0.912914 0.881356
vt 0.966520 0.857299
vt 0.968637 0.856597
vt 0.970515 0.855969
vt 0.972196 0.855433
vt 0.973738 0.854938
vt 0.975191 0.854472
vt 0.976588 0.854027
vt 0.892270 0.921874
vt 0.885618 0.921070
vt 0.878790 0.920288
vt 0.871913 0.919521
vt 0.865320 0.918588
vt 0.910930 0.886470
vt 0.966000 0.854982
vt 0.968235 0.854703
vt 0.970192 0.854463
vt 0.971942 0.854269
vt 0.973549 0.854084
vt 0.975068 0.853913
vt 0.976529 0.853748
vt 0.892280 0.928512
vt 0.885348 0.929060
vt 0.878578 0.929570
vt 0.871924 0.930104
vt 0.865014 0.930643
vt 0.910898 0.891756
vt 0.965908 0.852587
vt 0.968212 0.852774
vt 0.970175 0.852925
vt 0.971918 0.853074
vt 0.973541 0.853210
vt 0.975058 0.853338
vt 0.976526 0.853464
vt 0.893457 0.935024
vt 0.886848 0.936862
vt 0.880261 0.938685
vt 0.873611 0.940541
vt 0.867256 0.942484
vt 0.912244 0.896969
vt 0.966378 0.850231
vt 0.968541 0.850865
vt 0.970457 0.851414
vt 0.972147 0.851902
vt 0.973695 0.852349
vt 0.975165 0.852774
vt 0.976577 0.853184
vt 0.895966 0.941083
vt 0.889718 0.944358
vt 0.883564 0.947337
vt 0.877612 0.950556
vt 0.871822 0.953597
vt 0.915479 0.901810
vt 0.967265 0.848017
vt 0.969252 0.849053
vt 0.971017 0.849981
vt 0.972578 0.850789
vt 0.974024 0.851537
vt 0.975380 0.852243
vt 0.976684 0.852920
vt 0.899459 0.946639
vt 0.894166 0.950992
vt 0.888742 0.955199
vt 0.883613 0.959523
vt 0.878454 0.963724
vt 0.919966 0.906078
vt 0.968554 0.846014
vt 0.970328 0.847441
vt 0.971854 0.848686
vt 0.973237 0.849790
vt 0.974506 0.850809
vt 0.975691 0.851761
vt 0.976839 0.852682
vt 0.067814 0.929831
vt 0.062248 0.934559
vt 0.057212 0.938803
vt 0.052834 0.942489
vt 0.068917 0.931031
vt 0.064416 0.936718
vt 0.060460 0.941688
vt 0.056792 0.946268
vt 0.070330 0.931857
vt 0.066991 0.938387
vt 0.064029 0.944172
vt 0.061268 0.949297
vt 0.071804 0.932545
vt 0.069829 0.939531
vt 0.068072 0.945628
vt 0.066315 0.951424
vt 0.073428 0.932757
vt 0.072830 0.940101
vt 0.072254 0.946698
vt 0.071766 0.952417
vt 0.075065 0.932822
vt 0.075882 0.940040
vt 0.076546 0.946375
vt 0.077314 0.952428
vt 0.076648 0.932412
vt 0.078883 0.939407
vt 0.080780 0.945655
vt 0.082647 0.951185
vt 0.078185 0.931830
vt 0.081698 0.938239
vt 0.084743 0.943837
vt 0.087629 0.949008
vt 0.079512 0.930858
vt 0.084238 0.936507
vt 0.088436 0.941549
vt 0.092251 0.946052
vt 0.080712 0.929742
vt 0.086398 0.934307
vt 0.091425 0.938379
vt 0.095908 0.942002
vt 0.081567 0.928315
vt 0.088019 0.931679
vt 0.093863 0.934739
vt 0.098984 0.937514
vt 0.082158 0.926775
vt 0.089296 0.928881
vt 0.095363 0.930645
vt 0.101151 0.932447
vt 0.082410 0.925145
vt 0.089829 0.925839
vt 0.096416 0.926416
vt 0.102144 0.926929
vt 0.082507 0.923503
vt 0.089733 0.922743
vt 0.096107 0.922098
vt 0.102198 0.921354
vt 0.082105 0.921915
vt 0.089068 0.919716
vt 0.095403 0.917834
vt 0.100966 0.915951
vt 0.081416 0.920430
vt 0.088061 0.916794
vt 0.093604 0.913803
vt 0.098749 0.910947
vt 0.080540 0.919045
vt 0.086156 0.914360
vt 0.091293 0.910052
vt 0.095733 0.906312
vt 0.079307 0.917984
vt 0.084101 0.912048
vt 0.088036 0.907099
vt 0.091750 0.902504
vt 0.077978 0.917045
vt 0.081424 0.910537
vt 0.084396 0.904636
vt 0.087219 0.899454
vt 0.076492 0.916365
vt 0.078557 0.909365
vt 0.080342 0.903182
vt 0.082136 0.897299
vt 0.074865 0.916130
vt 0.075545 0.908749
vt 0.076138 0.902099
vt 0.076685 0.896267
vt 0.073219 0.916065
vt 0.072473 0.908778
vt 0.071815 0.902401
vt 0.071121 0.896315
vt 0.071630 0.916494
vt 0.069444 0.909419
vt 0.067548 0.903139
vt 0.065748 0.897585
vt 0.070099 0.917092
vt 0.066611 0.910620
vt 0.063557 0.904961
vt 0.060803 0.899889
vt 0.068783 0.918085
vt 0.064088 0.912405
vt 0.059915 0.907371
vt 0.056179 0.902822
vt 0.067592 0.919215
vt 0.061953 0.914621
vt 0.057037 0.910627
vt 0.052483 0.906883
vt 0.066775 0.920652
vt 0.060316 0.917238
vt 0.054576 0.914244
vt 0.049498 0.911423
vt 0.066111 0.922153
vt 0.059173 0.920093
vt 0.053136 0.918317
vt 0.047369 0.916533
vt 0.065897 0.923774
vt 0.058616 0.923118
vt 0.052098 0.922535
vt 0.046422 0.922010
vt 0.065834 0.925421
vt 0.058695 0.926185
vt 0.052430 0.926843
vt 0.046462 0.927573
vt 0.074142 0.924466
vt 0.066260 0.927001
vt 0.059326 0.929196
vt 0.053159 0.931097
vt 0.047673 0.932945
vt 0.066815 0.928536
vt 0.060506 0.932018
vt 0.054974 0.935078
vt 0.049845 0.937897
vt 0.048745 0.945921
vt 0.043629 0.950167
vt 0.038214 0.954650
vt 0.033146 0.958778
vt 0.027873 0.963038
vt 0.027064 0.904271
vt 0.029828 0.843308
vt 0.028398 0.845023
vt 0.027180 0.846482
vt 0.026049 0.847832
vt 0.025024 0.849055
vt 0.024052 0.850215
vt 0.023110 0.851337
vt 0.053364 0.950584
vt 0.049014 0.955773
vt 0.044769 0.961115
vt 0.040438 0.966189
vt 0.036215 0.971273
vt 0.032825 0.909801
vt 0.031480 0.844956
vt 0.029743 0.846354
vt 0.028244 0.847578
vt 0.026880 0.848668
vt 0.025626 0.849676
vt 0.024449 0.850624
vt 0.023308 0.851540
vt 0.058833 0.954045
vt 0.055497 0.960163
vt 0.052462 0.966234
vt 0.049202 0.972078
vt 0.046148 0.977789
vt 0.038943 0.914580
vt 0.032744 0.846915
vt 0.030802 0.847935
vt 0.029072 0.848852
vt 0.027532 0.849654
vt 0.026104 0.850398
vt 0.024759 0.851102
vt 0.023463 0.851778
vt 0.064789 0.956603
vt 0.062860 0.962984
vt 0.060989 0.969547
vt 0.058996 0.975966
vt 0.056991 0.982274
vt 0.045541 0.918510
vt 0.033620 0.849075
vt 0.031508 0.849709
vt 0.029634 0.850263
vt 0.027963 0.850752
vt 0.026432 0.851202
vt 0.024974 0.851629
vt 0.023569 0.852041
vt 0.071271 0.957636
vt 0.070581 0.964558
vt 0.070028 0.971270
vt 0.069226 0.977870
vt 0.068499 0.984579
vt 0.052258 0.921039
vt 0.034100 0.851367
vt 0.031845 0.851576
vt 0.029932 0.851753
vt 0.028192 0.851909
vt 0.026589 0.852055
vt 0.025083 0.852190
vt 0.023621 0.852320
vt 0.077848 0.957818
vt 0.078551 0.964454
vt 0.079146 0.971097
vt 0.079728 0.977947
vt 0.080377 0.984483
vt 0.058740 0.922480
vt 0.034066 0.853707
vt 0.031858 0.853474
vt 0.029907 0.853270
vt 0.028190 0.853092
vt 0.026588 0.852922
vt 0.025075 0.852762
vt 0.023619 0.852604
vt 0.084203 0.956330
vt 0.086355 0.962980
vt 0.088168 0.969538
vt 0.090207 0.975938
vt 0.091997 0.982159
vt 0.064870 0.922646
vt 0.033593 0.855992
vt 0.031489 0.855348
vt 0.029615 0.854761
vt 0.027946 0.854250
vt 0.026407 0.853773
vt 0.024957 0.853319
vt 0.023560 0.852881
vt 0.090202 0.953903
vt 0.093527 0.959843
vt 0.096698 0.965930
vt 0.099930 0.971821
vt 0.103046 0.977714
vt 0.070450 0.921543
vt 0.032700 0.858158
vt 0.030733 0.857106
vt 0.029028 0.856171
vt 0.027482 0.855342
vt 0.026064 0.854569
vt 0.024736 0.853846
vt 0.023449 0.853143
vt 0.095638 0.950195
vt 0.099896 0.955350
vt 0.104377 0.960793
vt 0.108533 0.965857
vt 0.112842 0.971129
vt 0.075281 0.919118
vt 0.031383 0.860111
vt 0.029649 0.858673
vt 0.028175 0.857451
vt 0.026812 0.856316
vt 0.025581 0.855290
vt 0.024413 0.854316
vt 0.023289 0.853378
vt 0.100238 0.945498
vt 0.105479 0.949915
vt 0.110875 0.954122
vt 0.116005 0.958439
vt 0.121144 0.962654
vt 0.078754 0.915242
vt 0.029724 0.861780
vt 0.028311 0.860031
vt 0.027075 0.858526
vt 0.025975 0.857153
vt 0.024958 0.855896
vt 0.024007 0.854718
vt 0.023086 0.853576
vt 0.103741 0.939990
vt 0.109876 0.943332
vt 0.116003 0.946348
vt 0.121911 0.949590
vt 0.127676 0.952626
vt 0.081218 0.910626
vt 0.027752 0.863055
vt 0.026721 0.861101
vt 0.025793 0.859368
vt 0.024984 0.857808
vt 0.024236 0.856376
vt 0.023528 0.855030
vt 0.022848 0.853731
vt 0.106314 0.933951
vt 0.112686 0.935902
vt 0.119272 0.937783
vt 0.125860 0.939715
vt 0.132177 0.941679
vt 0.082504 0.905091
vt 0.025579 0.863938
vt 0.024937 0.861810
vt 0.024372 0.859939
vt 0.023884 0.858257
vt 0.023430 0.856707
vt 0.022999 0.855247
vt 0.022585 0.853839
vt 0.107376 0.927434
vt 0.114328 0.928123
vt 0.121122 0.928734
vt 0.127653 0.929356
vt 0.134419 0.930035
vt 0.082171 0.898793
vt 0.023275 0.864426
vt 0.023062 0.862160
vt 0.022871 0.860221
vt 0.022718 0.858482
vt 0.022575 0.856873
vt 0.022437 0.855356
vt 0.022305 0.853890
vt 0.107614 0.920817
vt 0.114257 0.920138
vt 0.120903 0.919479
vt 0.127739 0.918780
vt 0.134278 0.918067
vt 0.080751 0.892282
vt 0.020917 0.864397
vt 0.021149 0.862172
vt 0.021350 0.860202
vt 0.021530 0.858479
vt 0.021702 0.856871
vt 0.021863 0.855349
vt 0.022021 0.853889
vt 0.106146 0.914403
vt 0.112774 0.912220
vt 0.119309 0.910340
vt 0.125699 0.908226
vt 0.131936 0.906379
vt 0.078099 0.885587
vt 0.018614 0.863923
vt 0.019260 0.861801
vt 0.019851 0.859912
vt 0.020365 0.858234
vt 0.020846 0.856688
vt 0.021303 0.855230
vt 0.021743 0.853830
vt 0.103634 0.908324
vt 0.109576 0.904936
vt 0.115645 0.901724
vt 0.121520 0.898430
vt 0.127431 0.895286
vt 0.074308 0.878919
vt 0.016428 0.863024
vt 0.017489 0.861039
vt 0.018432 0.859321
vt 0.019267 0.857766
vt 0.020046 0.856341
vt 0.020775 0.855008
vt 0.021481 0.853719
vt 0.099874 0.902849
vt 0.105022 0.898523
vt 0.110462 0.893965
vt 0.115522 0.889765
vt 0.120807 0.885419
vt 0.069405 0.872468
vt 0.014456 0.861696
vt 0.015909 0.859945
vt 0.017144 0.858461
vt 0.018288 0.857090
vt 0.019322 0.855854
vt 0.020303 0.854683
vt 0.021246 0.853558
vt 0.095199 0.898112
vt 0.099555 0.892839
vt 0.103757 0.887397
vt 0.108072 0.882252
vt 0.112282 0.877084
vt 0.063520 0.866840
vt 0.012770 0.860019
vt 0.014540 0.858593
vt 0.016063 0.857350
vt 0.017448 0.856246
vt 0.018715 0.855227
vt 0.019900 0.854275
vt 0.021047 0.853355
vt 0.089692 0.894632
vt 0.092953 0.888356
vt 0.095946 0.882186
vt 0.099157 0.876244
vt 0.102173 0.870442
vt 0.057262 0.861974
vt 0.011483 0.858020
vt 0.013465 0.856983
vt 0.015221 0.856055
vt 0.016793 0.855247
vt 0.018232 0.854499
vt 0.019589 0.853793
vt 0.020892 0.853116
vt 0.083677 0.892093
vt 0.085489 0.885488
vt 0.087314 0.878891
vt 0.089155 0.872257
vt 0.091085 0.865894
vt 0.050497 0.857975
vt 0.010596 0.855812
vt 0.012759 0.855176
vt 0.014657 0.854620
vt 0.016349 0.854140
vt 0.017901 0.853688
vt 0.019373 0.853262
vt 0.020785 0.852852
vt 0.077153 0.890914
vt 0.077720 0.883973
vt 0.078243 0.877204
vt 0.078733 0.870532
vt 0.079263 0.863626
vt 0.043598 0.855413
vt 0.010120 0.853461
vt 0.012419 0.853273
vt 0.014395 0.853110
vt 0.016126 0.852966
vt 0.017745 0.852826
vt 0.019266 0.852698
vt 0.020734 0.852572
vt 0.070534 0.890891
vt 0.069762 0.884234
vt 0.069013 0.877381
vt 0.068207 0.870503
vt 0.067247 0.863923
vt 0.036864 0.853958
vt 0.010208 0.851065
vt 0.012443 0.851341
vt 0.014404 0.851577
vt 0.016149 0.851772
vt 0.017761 0.851952
vt 0.019277 0.852124
vt 0.020737 0.852287
vt 0.022179 0.852447
vt 0.064153 0.892427
vt 0.061940 0.885730
vt 0.059988 0.879162
vt 0.057726 0.872776
vt 0.055606 0.866595
vt 0.030707 0.854151
vt 0.010725 0.848746
vt 0.012844 0.849446
vt 0.014724 0.850072
vt 0.016404 0.850606
vt 0.017948 0.851099
vt 0.019399 0.851565
vt 0.020796 0.852010
vt 0.058161 0.894961
vt 0.054769 0.888990
vt 0.051467 0.882941
vt 0.048005 0.877181
vt 0.044624 0.871452
vt 0.025364 0.855590
vt 0.011670 0.846573
vt 0.013640 0.847687
vt 0.015339 0.848660
vt 0.016882 0.849515
vt 0.018299 0.850304
vt 0.019623 0.851039
vt 0.020908 0.851748
vt 0.052767 0.898728
vt 0.048441 0.893607
vt 0.043826 0.888251
vt 0.039455 0.883345
vt 0.034889 0.878286
vt 0.020655 0.858073
vt 0.013056 0.844655
vt 0.014764 0.846136
vt 0.016217 0.847391
vt 0.017567 0.848546
vt 0.018789 0.849586
vt 0.019950 0.850570
vt 0.021069 0.851514
vt 0.048138 0.903424
vt 0.042918 0.899096
vt 0.037473 0.894971
vt 0.032189 0.890830
vt 0.026830 0.886838
vt 0.017251 0.862033
vt 0.014775 0.843037
vt 0.016133 0.844807
vt 0.017337 0.846334
vt 0.018414 0.847720
vt 0.019417 0.848987
vt 0.020358 0.850170
vt 0.021273 0.851316
vt 0.044732 0.908981
vt 0.038616 0.905704
vt 0.032516 0.902765
vt 0.026550 0.899707
vt 0.020676 0.896936
vt 0.015116 0.866897
vt 0.016766 0.841809
vt 0.017739 0.843774
vt 0.018628 0.845520
vt 0.019411 0.847079
vt 0.020142 0.848513
vt 0.020838 0.849861
vt 0.021511 0.851161
vt 0.042214 0.915024
vt 0.035854 0.913164
vt 0.029460 0.911391
vt 0.022862 0.909613
vt 0.016530 0.907880
vt 0.014217 0.872455
vt 0.018930 0.840978
vt 0.019520 0.843099
vt 0.020045 0.844983
vt 0.020509 0.846645
vt 0.020947 0.848191
vt 0.021367 0.849648
vt 0.021774 0.851055
vt 0.041240 0.921575
vt 0.034395 0.920993
vt 0.027740 0.920329
vt 0.021155 0.919908
vt 0.014498 0.919393
vt 0.014575 0.878513
vt 0.021205 0.840562
vt 0.021381 0.842790
vt 0.021526 0.844711
vt 0.021669 0.846427
vt 0.021799 0.848031
vt 0.021928 0.849542
vt 0.022053 0.851004
vt 0.041125 0.928158
vt 0.034557 0.928894
vt 0.027802 0.929537
vt 0.021185 0.930314
vt 0.014676 0.931069
vt 0.015970 0.884858
vt 0.023510 0.840625
vt 0.023259 0.842808
vt 0.023034 0.844726
vt 0.022848 0.846449
vt 0.022667 0.848040
vt 0.022499 0.849552
vt 0.022337 0.851007
vt 0.042583 0.934489
vt 0.036012 0.936678
vt 0.029533 0.938533
vt 0.023194 0.940613
vt 0.016991 0.942492
vt 0.018559 0.891403
vt 0.025760 0.841108
vt 0.025111 0.843185
vt 0.024516 0.845035
vt 0.023999 0.846696
vt 0.023515 0.848225
vt 0.023056 0.849672
vt 0.022614 0.851066
vt 0.045025 0.940497
vt 0.039148 0.943843
vt 0.033117 0.947005
vt 0.027275 0.950255
vt 0.021387 0.953362
vt 0.022265 0.897941
vt 0.027898 0.841999
vt 0.026848 0.843943
vt 0.025914 0.845628
vt 0.025083 0.847162
vt 0.024308 0.848571
vt 0.023580 0.849894
vt 0.022875 0.851177

vn 0.754720 0.088005 -0.650118
vn 0.542480 0.067237 -0.837373
vn 0.459773 -0.023334 -0.887730
vn 0.625363 -0.037075 -0.779452
vn 0.897459 -0.410647 -0.161047
vn 0.915454 -0.313825 0.251910
vn 0.917368 0.208215 0.339237
vn 0.997001 -0.012729 0.076331
vn 0.436221 -0.312567 -0.843808
vn 0.145537 -0.345608 -0.927024
vn 0.180384 -0.183509 -0.966326
vn 0.458335 -0.177752 -0.870823
vn 0.781120 0.198360 -0.592034
vn 0.683812 0.102043 -0.722487
vn 0.611273 0.277804 -0.741060
vn 0.799522 0.319410 -0.508666
vn 0.553379 0.229175 0.800781
vn 0.661860 0.300445 0.686786
vn 0.580728 -0.022236 0.813794
vn -0.753541 0.051472 -0.655383
vn -0.430608 0.014367 -0.902425
vn -0.352336 -0.086500 -0.931867
vn -0.445887 -0.092319 -0.890316
vn -0.989730 -0.115284 -0.084527
vn -0.933136 0.162351 -0.320779
vn -0.892079 0.278997 -0.355466
vn -0.994873 0.077474 0.064997
vn 0.398867 -0.270626 0.876166
vn 0.867238 0.177220 -0.465286
vn 0.833462 0.114987 -0.540481
vn 0.993999 -0.086381 0.067118
vn 0.983245 -0.168180 0.070315
vn -0.319080 0.319631 0.892202
vn 0.417488 0.082587 0.904921
vn -0.424753 -0.077194 0.902012
vn -0.733323 0.187222 0.653594
vn 0.879876 0.080466 0.468342
vn 0.295664 0.419417 0.858296
vn 0.181947 0.194698 0.963840
vn 0.858110 -0.106064 0.502391
vn 0.528638 -0.594301 0.606092
vn 0.925732 -0.101992 0.364167
vn 0.736162 -0.575685 0.355882
vn -0.107545 -0.950631 0.291093
vn -0.791283 -0.598505 -0.125154
vn -0.417630 -0.799987 -0.430819
vn -0.763094 -0.358572 -0.537693
vn -0.792378 -0.355780 -0.495537
vn 0.936262 0.162773 0.311317
vn 0.960857 -0.080374 0.265131
vn 0.930920 -0.214870 0.295328
vn 0.930352 0.062876 0.361237
vn 0.503903 -0.210711 -0.837665
vn 0.428263 -0.435995 -0.791517
vn -0.070970 0.033872 -0.996903
vn -0.150517 0.058053 -0.986902
vn 0.999386 0.025695 -0.023802
vn 0.965747 -0.199701 0.165688
vn 0.945881 -0.141166 0.292201
vn 0.993467 -0.049865 -0.102651
vn 0.095355 0.485223 -0.869176
vn 0.065161 0.337116 -0.939206
vn 0.926661 0.029101 0.374770
vn 0.966877 -0.232738 0.104792
vn 0.969524 -0.244900 -0.006857
vn 0.979057 -0.084258 0.185332
vn 0.821612 -0.464487 0.330462
vn 0.761770 -0.338294 0.552507
vn 0.933762 -0.354418 0.049764
vn 0.900490 -0.072463 0.428796
vn 0.897882 0.015873 0.439951
vn 0.930684 -0.355166 -0.087657
vn 0.849325 -0.004418 0.527852
vn 0.918420 -0.218336 0.329901
vn 0.769395 0.175277 0.614256
vn 0.820186 0.098951 0.563475
vn -0.821307 -0.543709 -0.172730
vn -0.819286 -0.571755 0.043206
vn 0.270872 -0.881796 0.386088
vn 0.201459 -0.798202 0.567704
vn -0.505009 0.252028 -0.825499
vn -0.463077 0.542050 -0.701243
vn -0.163601 0.613819 -0.772309
vn 0.168647 0.322871 -0.931296
vn -0.176097 -0.491966 0.852619
vn -0.210061 -0.390694 0.896232
vn 0.871144 -0.157401 0.465117
vn 0.930920 -0.130194 0.341229
vn 0.870690 -0.000711 0.491832
vn 0.924806 -0.002276 0.380431
vn 0.860681 -0.133217 0.491408
vn 0.397977 -0.915508 -0.058826
vn -0.415285 -0.689848 -0.592999
vn -0.500666 -0.441795 -0.744413
vn -0.207440 -0.474347 -0.855548
vn -0.236262 -0.483561 -0.842822
vn -0.370030 -0.422121 0.827582
vn 0.519732 -0.375008 0.767625
vn 0.507702 -0.496062 0.704387
vn -0.383946 -0.692870 0.610342
vn 0.734900 0.165933 0.657562
vn 0.716847 0.009931 0.697160
vn 0.674464 -0.231991 0.700912
vn 0.838484 -0.173023 0.516727
vn 0.933672 -0.053239 0.354149
vn 0.995013 -0.077911 0.062280
vn 0.991665 -0.116122 0.055815
vn 0.994723 -0.102577 0.001782
vn 0.974867 -0.219779 -0.036494
vn -0.445726 -0.336186 -0.829643
vn -0.170485 -0.354832 -0.919255
vn -0.218709 -0.204601 -0.954099
vn -0.477450 -0.217629 -0.851281
vn 0.939478 -0.166872 0.299223
vn 0.978855 -0.082392 0.187230
vn 0.994528 -0.101692 0.023929
vn -0.779349 -0.212022 0.589628
vn -0.552606 0.041326 0.832418
vn -0.965686 -0.114142 0.233286
vn 0.482916 -0.730017 0.483598
vn 0.948172 -0.285458 -0.139586
vn 0.944259 -0.230702 -0.234844
vn 0.576172 -0.697282 0.426407
vn 0.964309 -0.101730 0.244458
vn 0.937308 -0.104871 0.332350
vn 0.888869 -0.368566 -0.272160
vn 0.998414 0.003119 -0.056212
vn -0.242032 -0.469301 -0.849222
vn -0.444575 -0.540418 -0.714354
vn -0.115088 -0.859208 -0.498514
vn 0.167694 -0.718240 -0.675285
vn 0.913013 0.085323 0.398908
vn 0.887616 -0.258979 0.380876
vn 0.719182 -0.341189 0.605283
vn 0.904792 0.248122 0.346101
vn 0.873325 0.385832 0.297385
vn 0.957680 0.130360 0.256624
vn 0.944864 0.074597 0.318853
vn 0.760470 -0.630319 -0.156149
vn -0.206735 -0.798546 -0.565318
vn -0.336926 -0.772891 -0.537698
vn 0.541300 -0.827332 -0.150053
vn 0.984453 -0.141445 0.104140
vn 0.988291 -0.145263 0.046688
vn -0.904765 0.112641 -0.410746
vn -0.875431 0.284963 -0.390406
vn 0.989947 -0.141406 0.003153
vn 0.998298 -0.044140 -0.038108
vn 0.923733 0.373219 -0.086168
vn 0.794515 0.027970 -0.606600
vn 0.569605 0.037097 -0.821081
vn 0.971230 0.212074 -0.108340
vn 0.828295 0.327671 0.454488
vn 0.791941 0.195056 0.578604
vn 0.675599 0.154094 0.720986
vn 0.768294 0.164005 0.618730
vn 0.482354 -0.870455 -0.098200
vn 0.495179 -0.201600 -0.845077
vn 0.578648 -0.807491 -0.114565
vn 0.797490 -0.177965 0.576487
vn 0.547443 -0.360004 0.755449
vn 0.893435 -0.359875 0.268819
vn 0.956091 -0.011677 -0.292837
vn 0.918467 -0.125714 0.374986
vn 0.825117 0.073882 0.560110
vn 0.914956 0.030775 0.402380
vn 0.571925 0.752461 0.326655
vn 0.862718 0.437151 -0.254199
vn 0.586492 0.809433 0.029080
vn 0.755961 0.653123 -0.044206
vn 0.826725 0.529602 0.189864
vn 0.488311 -0.180756 -0.853744
vn 0.729553 -0.153994 -0.666362
vn 0.858292 -0.463691 -0.219832
vn 0.761989 -0.362782 0.536434
vn 0.843863 -0.419397 0.334666
vn 0.904180 0.314718 0.288810
vn 0.936994 0.049269 0.345853
vn 0.961454 -0.225282 -0.157653
vn 0.916770 -0.311589 -0.249889
vn 0.524512 -0.342281 -0.779571
vn 0.532994 -0.411855 -0.739117
vn 0.258326 -0.268069 0.928120
vn 0.659324 -0.199431 0.724927
vn 0.943856 -0.273200 0.185735
vn 0.936994 0.319492 -0.141302
vn 0.287774 0.813837 -0.504831
vn 0.172936 0.682946 -0.709703
vn 0.907849 0.273613 -0.317722
vn 0.949183 0.112698 0.293854
vn 0.960550 0.277226 0.022110
vn 0.850061 0.309425 -0.426206
vn 0.988988 -0.140055 0.047818
vn 0.736902 -0.414215 -0.534230
vn 0.867877 -0.361463 -0.340786
vn 0.826042 -0.442541 -0.349015
vn 0.734983 -0.433282 -0.521600
vn 0.958884 0.072989 0.274251
vn 0.964538 -0.069246 0.254700
vn 0.775092 -0.203775 0.598087
vn 0.904907 -0.246597 0.346892
vn 0.965636 -0.046108 0.255774
vn 0.812965 0.016177 0.582087
vn 0.250313 0.035318 -0.967521
vn 0.842034 -0.059595 -0.536123
vn 0.789159 -0.592252 -0.162683
vn 0.857140 -0.402097 0.321915
vn 0.891793 -0.011456 0.452299
vn 0.963372 -0.266910 -0.025934
vn 0.838137 -0.483535 -0.252428
vn 0.852781 -0.436527 -0.286720
vn 0.200722 -0.181470 -0.962694
vn 0.364250 -0.133903 -0.921625
vn 0.974655 -0.194134 0.111176
vn 0.981265 -0.101093 0.164008
vn 0.253555 -0.780383 -0.571588
vn 0.736881 -0.209867 0.642621
vn 0.774354 -0.045758 0.631096
vn 0.948565 -0.313118 -0.046706
vn -0.785113 0.158745 -0.598663
vn -0.692299 0.070071 -0.718201
vn -0.632368 0.282657 -0.721260
vn -0.818224 0.263978 -0.510710
vn 0.958990 -0.243870 0.144448
vn 0.985148 -0.118331 0.124427
vn 0.121985 -0.854974 -0.504123
vn 0.894647 -0.436120 -0.096983
vn 0.797558 -0.425206 0.427902
vn 0.654745 -0.579280 0.485535
vn 0.489078 -0.365833 0.791814
vn 0.314036 0.063118 0.947311
vn 0.852494 -0.446191 -0.272337
vn 0.834937 -0.461283 -0.300163
vn -0.471903 0.145410 -0.869577
vn -0.774835 0.288259 -0.562616
vn -0.084754 0.145788 0.985679
vn -0.445373 0.386453 -0.807649
vn 0.920278 -0.265372 0.287516
vn 0.737201 -0.492765 0.462295
vn 0.535365 -0.750760 0.386968
vn 0.899458 -0.353768 0.256562
vn 0.522230 -0.054303 0.851074
vn 0.517323 -0.119024 0.847473
vn 0.982060 -0.151288 0.112557
vn 0.950390 -0.225652 0.214102
vn -0.939228 -0.327913 0.101608
vn 0.898342 0.064780 0.434494
vn 0.931124 0.356371 -0.077514
vn 0.652313 -0.703553 0.281960
vn -0.178760 -0.334522 0.925278
vn 0.982685 0.040588 0.180785
vn 0.102125 -0.865556 0.490288
vn -0.116483 -0.581759 0.804977
vn 0.991688 -0.111103 0.064898
vn 0.985998 -0.008253 0.166555
vn 0.640480 0.760852 -0.104353
vn -0.816379 0.576993 -0.024577
vn 0.476320 0.570192 -0.669328
vn 0.470516 -0.720966 0.508745
vn 0.868412 -0.274787 0.412738
vn 0.896129 0.146069 0.419066
vn 0.913179 0.144952 0.380912
vn 0.921196 -0.373409 0.109382
vn 0.829665 -0.117006 0.545862
vn -0.450564 -0.035200 -0.892050
vn -0.512292 0.120027 -0.850383
vn -0.846982 0.121550 -0.517539
vn -0.848119 0.002337 -0.529801
vn -0.011965 0.076849 -0.996971
vn 0.603758 -0.129722 -0.786542
vn 0.874742 0.043808 0.482605
vn 0.947023 -0.166268 0.274777
vn 0.782738 -0.530139 0.325997
vn -0.782287 -0.618655 0.072755
vn 0.124016 -0.580417 -0.804821
vn -0.368628 -0.767085 -0.525065
vn -0.409956 -0.470011 -0.781681
vn -0.384122 -0.903773 -0.188799
vn -0.547853 -0.769806 -0.327501
vn -0.614800 -0.629160 -0.475583
vn 0.782597 -0.123410 0.610173
vn 0.872986 -0.324378 0.364244
vn 0.466854 -0.378801 0.799097
vn 0.099070 -0.567773 0.817202
vn 0.440388 -0.873286 -0.208401
vn 0.740923 -0.157612 0.652834
vn 0.793598 -0.042526 0.606954
vn 0.057237 -0.428382 -0.901783
vn 0.778629 -0.433127 0.454024
vn 0.749065 -0.408321 0.521705
vn 0.962108 -0.262925 0.072234
vn 0.340024 -0.608740 -0.716812
vn 0.306637 -0.551741 -0.775600
vn 0.948800 -0.286687 0.132626
vn 0.662449 0.415423 -0.623366
vn 0.808004 0.366811 -0.461062
vn 0.490890 -0.119268 -0.863019
vn -0.341070 -0.576579 -0.742447
vn 0.977973 0.176983 0.110663
vn -0.886897 0.206990 -0.412999
vn 0.925691 -0.063739 0.372871
vn 0.865641 -0.131300 0.483142
vn 0.997428 0.019182 -0.069057
vn 0.963587 -0.238758 0.120395
vn 0.926561 -0.258383 0.273355
vn 0.988205 0.075157 0.133423
vn -0.709898 -0.402347 -0.578068
vn -0.792807 -0.375447 -0.480101
vn -0.708190 -0.546540 -0.446945
vn -0.686305 -0.565578 -0.457283
vn 0.575456 0.778660 0.250080
vn 0.057213 0.991156 0.119731
vn 0.772635 -0.441210 -0.456474
vn 0.947316 -0.319992 -0.014078
vn 0.938000 -0.248515 -0.241651
vn 0.956891 -0.289439 -0.024191
vn 0.858410 -0.372497 0.352673
vn 0.900903 0.433973 -0.006449
vn -0.218056 0.767829 -0.602404
vn -0.837771 0.508101 -0.199935
vn -0.806371 0.567939 -0.164958
vn -0.932483 0.126350 0.338394
vn -0.666912 0.311267 -0.677009
vn 0.981707 -0.088823 0.168410
vn 0.783038 -0.426081 0.453107
vn 0.964250 -0.004464 0.264956
vn 0.402515 -0.003342 -0.915407
vn 0.833747 -0.089059 -0.544918
vn 0.245909 -0.660258 -0.709639
vn 0.702750 -0.703506 -0.105932
vn -0.335681 -0.823329 -0.457654
vn -0.580568 -0.478059 -0.659090
vn 0.507457 0.475645 0.718505
vn 0.182927 -0.504886 -0.843581
vn 0.209805 -0.465951 -0.859576
vn -0.572755 0.210976 0.792112
vn -0.700477 0.293132 0.650696
vn -0.576874 -0.106522 0.809858
vn -0.416096 -0.333058 0.846130
vn 0.753631 0.425664 0.500850
vn -0.931297 0.362767 0.032963
vn -0.508477 0.854094 0.109432
vn 0.190008 0.806969 0.559193
vn 0.988792 0.139590 0.052960
vn -0.957684 -0.166946 0.234458
vn 0.878854 -0.373554 0.296771
vn 0.447407 -0.527365 0.722297
vn 0.959176 -0.275940 -0.061963
vn 0.830526 -0.486809 -0.270635
vn 0.245297 -0.484115 0.839918
vn 0.274944 -0.466848 0.840511
vn -0.011185 0.561825 0.827180
vn 0.503219 0.565839 0.653144
vn 0.621490 0.696131 0.359378
vn 0.169555 0.899538 0.402595
vn 0.991498 -0.110269 0.069084
vn 0.963376 -0.266717 -0.027739
vn 0.399455 -0.477518 0.782568
vn 0.469543 -0.144584 0.870991
vn -0.970633 0.227459 0.078325
vn -0.682866 -0.727334 -0.068402
vn 0.295993 -0.582852 0.756751
vn 0.396800 -0.315775 0.861879
vn -0.876069 -0.479156 -0.053971
vn -0.946299 -0.200769 0.253398
vn 0.829059 0.117097 0.546763
vn 0.845620 0.055193 0.530924
vn 0.926075 -0.118429 0.358272
vn 0.965074 -0.149725 0.214978
vn 0.903126 0.210157 -0.374429
vn 0.822143 0.036479 0.568111
vn 0.541239 -0.222662 0.810853
vn 0.769689 -0.496846 0.400902
vn 0.928828 -0.263500 0.260474
vn 0.880537 -0.167735 0.443306
vn 0.742020 -0.352630 0.570139
vn 0.812794 0.123052 0.569407
vn 0.774853 -0.063756 0.628918
vn -0.019380 -0.896342 -0.442939
vn -0.412152 0.252509 0.875426
vn 0.432166 0.900352 -0.050973
vn 0.399188 -0.189719 -0.897026
vn 0.553214 -0.051530 -0.831444
vn -0.165091 -0.142319 0.975956
vn -0.132709 -0.487770 0.862826
vn 0.315144 -0.949035 -0.004076
vn 0.865748 0.498312 -0.046528
vn 0.497484 0.867098 0.025508
vn 0.697378 0.638409 0.325726
vn 0.431976 0.608905 0.665305
vn 0.536905 -0.789394 0.297639
vn 0.100815 -0.443622 0.890526
vn 0.712074 -0.480011 0.512386
vn 0.954998 -0.034014 0.294655
vn 0.323001 0.087773 0.942320
vn 0.953169 0.061237 0.296172
vn 0.872408 0.090561 0.480315
vn 0.810236 0.516707 0.276642
vn 0.210669 0.951698 0.223361
vn 0.905075 0.213856 -0.367565
vn 0.902161 0.010988 -0.431261
vn -0.476035 -0.667009 0.573141
vn 0.125497 -0.425684 0.896127
vn 0.618448 -0.444154 0.648266
vn 0.405451 -0.278131 -0.870777
vn 0.336363 -0.157237 -0.928513
vn 0.415227 -0.271195 -0.868355
vn 0.464810 -0.319585 -0.825722
vn 0.592862 -0.326627 0.736091
vn 0.821187 0.139150 0.553434
vn 0.812621 0.066834 0.578948
vn 0.982930 -0.032892 -0.181014
vn 0.955119 -0.179529 -0.235619
vn 0.975220 -0.157354 -0.155516
vn -0.231898 -0.487130 0.841978
vn 0.660896 -0.723793 -0.198342
vn 0.109354 -0.551644 -0.826880
vn 0.626779 0.313017 0.713561
vn 0.962730 0.021661 0.269596
vn 0.593062 0.209895 -0.777316
vn -0.473905 -0.182289 -0.861502
vn -0.472525 -0.278598 -0.836124
vn 0.853367 -0.102606 -0.511113
vn -0.328605 0.541336 -0.773935
vn 0.236840 0.967581 0.087714
vn 0.782525 0.560965 0.270135
vn -0.368634 0.752514 -0.545740
vn 0.976954 -0.144382 -0.157209
vn 0.984143 -0.149388 0.095632
vn -0.725140 -0.368537 -0.581681
vn -0.791094 -0.425845 -0.439120
vn 0.288243 -0.512803 -0.808671
vn 0.511639 0.854509 0.089666
vn -0.220746 -0.410477 0.884749
vn 0.540195 -0.246790 -0.804540
vn 0.570621 -0.079706 -0.817336
vn 0.996325 -0.081424 0.026601
vn 0.085331 0.905251 0.416220
vn 0.976178 0.030339 0.214839
vn 0.726291 -0.020532 0.687081
vn -0.252391 0.764648 0.592969
vn -0.456653 -0.317033 -0.831239
vn -0.578743 -0.341639 -0.740499
vn 0.318251 -0.688221 -0.651972
vn 0.424844 -0.558664 -0.712321
vn 0.974800 0.056425 -0.215827
vn 0.997280 0.073127 -0.009270
vn 0.993356 0.114318 -0.013254
vn -0.658823 0.605930 -0.445872
vn -0.682795 0.510384 -0.522780
vn 0.119484 0.572421 -0.811207
vn 0.961251 0.004606 0.275635
vn 0.837698 0.540761 -0.076415
vn -0.666245 0.665829 -0.335841
vn 0.394079 -0.181526 -0.900972
vn 0.697273 -0.372182 0.612610
vn 0.710452 -0.379336 0.592758
vn -0.221683 -0.339353 -0.914164
vn 0.439711 0.400038 0.804129
vn 0.647451 0.068256 0.759044
vn 0.943536 -0.120449 0.308598
vn 0.382542 -0.919628 0.089138
vn 0.111285 -0.993704 -0.012952
vn 0.106578 -0.985261 0.133797
vn -0.469196 -0.813541 -0.343520
vn -0.740231 -0.660599 -0.125166
vn -0.392816 -0.882326 -0.259223
vn -0.149726 -0.944369 -0.292831
vn 0.616784 0.098518 0.780942
vn 0.656311 0.549536 0.516978
vn 0.101547 0.609040 0.786612
vn 0.137046 0.193327 0.971516
vn -0.954294 -0.117142 -0.274958
vn 0.833146 -0.552564 -0.023255
vn 0.216185 -0.894872 -0.390473
vn 0.149375 -0.947845 -0.281561
vn 0.939000 0.245766 0.240579
vn -0.181951 -0.643811 0.743237
vn -0.725613 0.081821 0.683221
vn -0.790225 -0.582573 0.190140
vn 0.258709 -0.826427 0.500088
vn 0.776009 -0.630687 -0.006625
vn 0.537575 -0.788566 -0.298624
vn 0.972336 -0.214725 0.091954
vn 0.747454 -0.570679 0.340055
vn -0.130677 -0.970270 -0.203716
vn 0.415130 -0.863750 0.285662
vn 0.437253 -0.768005 0.467951
vn -0.274911 -0.959736 -0.057721
vn 0.918399 0.269203 0.289954
vn 0.898354 0.244383 0.365016
vn 0.984211 -0.175304 0.024445
vn -0.913092 -0.375190 0.159675
vn -0.644248 0.051678 0.763069
vn 0.098661 0.350676 0.931285
vn -0.653209 -0.034226 0.756404
vn 0.767834 -0.635310 0.082538
vn 0.953777 -0.299077 0.029348
vn 0.278652 0.218786 0.935140
vn 0.272406 0.316618 0.908597
vn 0.261774 0.333516 0.905672
vn 0.219214 0.214649 0.951773
vn 0.780387 -0.012435 0.625173
vn 0.667107 0.091955 0.739265
vn -0.698120 0.416055 -0.582689
vn -0.952993 -0.147068 -0.264906
vn -0.630529 0.688231 -0.358847
vn -0.709798 0.679039 -0.187333
vn -0.921519 0.380632 -0.076951
vn -0.912135 0.387281 -0.134253
vn 0.955064 -0.096041 0.280408
vn 0.958023 0.009450 0.286534
vn 0.697389 -0.453262 0.555160
vn -0.669809 0.738221 -0.079912
vn 0.451129 0.884428 0.119454
vn -0.533617 0.253777 0.806753
vn 0.969742 -0.082714 0.229692
vn 0.157876 -0.675617 0.720151
vn 0.942909 -0.170323 0.286205
vn 0.528207 -0.016927 0.848947
vn 0.215223 0.222267 0.950935
vn -0.160457 0.450871 0.878048
vn -0.770478 0.309595 -0.557238
vn -0.725007 0.188591 -0.662419
vn -0.995881 0.078780 -0.044885
vn -0.996825 0.013780 0.078426
vn 0.247432 0.334305 0.909405
vn -0.382435 0.196406 0.902867
vn 0.325074 -0.065463 0.943420
vn 0.773122 0.143609 0.617785
vn 0.133723 0.069841 0.988555
vn 0.924053 0.209938 0.319456
vn 0.992976 0.009239 0.117959
vn 0.929607 0.164422 0.329844
vn -0.903230 -0.031126 0.428026
vn -0.369515 0.373096 0.851033
vn -0.201594 0.197910 0.959266
vn -0.897197 -0.199494 0.394005
vn 0.902001 0.155514 0.402752
vn 0.439788 -0.462361 -0.769941
vn 0.457901 -0.452338 -0.765322
vn 0.880098 -0.276692 -0.385836
vn 0.211099 0.956120 -0.203152
vn 0.915256 0.113036 0.386689
vn 0.951398 0.120137 0.283564
vn 0.952893 0.126569 0.275637
vn 0.801112 -0.389409 0.454511
vn -0.243632 -0.312550 -0.918126
vn -0.066780 -0.235198 -0.969651
vn 0.093829 -0.765085 0.637057
vn -0.809618 -0.073515 -0.582336
vn -0.801292 -0.206965 -0.561335
vn 0.987967 -0.074870 -0.135334
vn 0.960771 -0.014157 -0.276983
vn -0.513920 -0.570445 0.640686
vn -0.887054 -0.075008 0.455532
vn -0.680830 -0.656738 0.324293
vn 0.099234 -0.973052 0.208138
vn 0.976633 0.097398 -0.191574
vn 0.998958 0.042961 -0.015380
vn 0.990487 -0.093313 0.101137
vn 0.963517 0.045002 0.263836
vn 0.994906 0.055669 0.084036
vn 0.395814 -0.918325 0.003372
vn 0.349082 -0.912104 0.214963
vn 0.994157 -0.035091 0.102078
vn 0.988420 -0.072772 0.133158
vn 0.991108 -0.078732 0.107267
vn 0.998792 -0.038575 0.030447
vn 0.903149 -0.034211 0.427962
vn 0.903494 0.014077 0.428370
vn 0.869954 -0.022338 0.492627
vn 0.836462 -0.132840 0.531681
vn 0.248673 0.503298 0.827558
vn 0.127696 0.479939 0.867959
vn 0.145915 0.606188 0.781822
vn 0.266062 0.612843 0.744066
vn 0.492435 -0.335564 -0.803059
vn 0.505607 -0.271801 -0.818832
vn 0.247257 -0.310456 -0.917868
vn 0.228492 -0.358384 -0.905181
vn 0.257950 0.824165 0.504196
vn 0.158733 0.843404 0.513297
vn 0.148800 0.897688 0.414746
vn 0.626788 -0.757802 -0.181307
vn 0.507489 -0.774988 -0.376628
vn 0.722769 -0.487002 -0.490341
vn 0.566556 -0.576255 -0.589021
vn 0.244079 0.877376 0.413083
vn 0.550164 0.393741 0.736401
vn 0.601230 0.294339 0.742891
vn 0.559074 0.312291 0.768057
vn 0.532688 0.368778 0.761739
vn 0.933138 0.010666 0.359360
vn 0.889127 0.042660 0.455669
vn -0.906609 0.237524 0.348773
vn -0.889603 -0.061532 0.452570
vn -0.891142 -0.155925 0.426091
vn -0.912906 0.003901 0.408151
vn -0.527006 -0.247860 -0.812914
vn -0.438713 -0.473879 -0.763524
vn 0.049458 0.006867 -0.998753
vn 0.093014 0.026381 -0.995315
vn 0.137574 0.936783 0.321731
vn 0.228412 0.919754 0.319187
vn 0.771045 0.456264 0.444199
vn -0.976352 0.152107 0.153624
vn -0.924961 0.006272 0.380009
vn -0.918819 0.000593 0.394678
vn -0.990445 0.062502 0.122934
vn 0.016919 0.447723 -0.894012
vn 0.022135 0.274196 -0.961419
vn -0.849687 0.135577 0.509559
vn -0.901363 -0.268260 0.339974
vn -0.820165 -0.431418 0.375776
vn -0.876626 -0.294255 0.380710
vn -0.998195 -0.034217 -0.049346
vn -0.968202 0.039689 -0.247003
vn -0.869529 -0.483943 -0.098586
vn -0.913087 0.018863 0.407329
vn -0.886056 0.055232 0.460277
vn -0.857259 -0.461154 -0.229006
vn 0.748811 0.492401 0.443648
vn 0.583779 0.526222 0.618298
vn 0.665899 0.463458 0.584624
vn -0.017857 0.334641 0.942177
vn 0.040405 0.324689 0.944958
vn 0.156340 0.361115 0.919323
vn 0.108218 0.372776 0.921589
vn 0.351276 0.454938 0.818313
vn 0.459892 0.455683 0.762137
vn 0.157251 0.730637 0.664411
vn 0.273693 0.721479 0.636050
vn 0.225098 0.968653 -0.105085
vn -0.894911 -0.115098 0.431147
vn -0.949497 -0.155634 0.272458
vn -0.944531 0.046503 0.325114
vn -0.939683 -0.222594 0.259705
vn 0.222768 0.974752 -0.015280
vn 0.149869 0.988575 -0.016095
vn 0.768648 -0.623651 -0.142265
vn 0.737816 -0.674734 0.018995
vn -0.279711 -0.849929 0.446523
vn -0.181224 -0.754486 0.630800
vn 0.153691 0.976175 -0.153174
vn 0.862502 -0.297220 -0.409574
vn 0.914030 -0.320106 -0.249161
vn 0.935797 -0.255766 -0.242629
vn 0.893055 -0.163767 -0.419086
vn 0.599398 -0.796616 0.078261
vn 0.598046 -0.727731 0.335780
vn 0.671429 0.102722 -0.733915
vn 0.618540 0.326165 -0.714860
vn 0.352220 0.396381 -0.847834
vn 0.195635 0.196169 -0.960856
vn 0.108579 -0.463802 0.879260
vn 0.197019 -0.369537 0.908089
vn -0.878844 0.001251 0.477108
vn -0.967865 -0.099126 0.231110
vn -0.919372 -0.127272 0.372232
vn -0.967070 0.010353 0.254299
vn -0.955775 0.025004 0.293034
vn -0.219000 -0.971273 -0.093098
vn 0.176492 -0.812561 -0.555513
vn 0.424930 -0.600802 -0.677105
vn 0.227542 -0.533952 -0.814322
vn 0.169944 -0.557815 -0.812380
vn 0.770192 0.174581 0.613454
vn 0.773187 0.141917 0.618095
vn 0.820516 0.103859 0.562109
vn 0.836874 0.191357 0.512859
vn -0.018437 0.122224 0.992331
vn 0.054324 0.065574 0.996368
vn 0.092486 -0.102692 0.990404
vn 0.055678 0.010780 0.998391
vn 0.265263 -0.433267 0.861345
vn -0.489653 -0.345225 0.800662
vn -0.533177 -0.402983 0.743860
vn 0.292465 -0.746896 0.597169
vn 0.723919 0.028015 0.689316
vn 0.790736 0.141274 0.595633
vn 0.730636 0.286868 0.619579
vn 0.605066 0.285712 0.743145
vn 0.570591 0.402856 0.715635
vn -0.803715 -0.106644 0.585379
vn -0.666351 -0.130729 0.734089
vn -0.717840 -0.314072 0.621341
vn -0.881364 -0.209027 0.423682
vn 0.656319 0.303979 0.690538
vn -0.935110 0.042618 0.351786
vn -0.974259 0.071228 0.213884
vn 0.205737 0.403015 0.891769
vn 0.087849 0.374011 0.923254
vn 0.870989 0.098563 0.481315
vn 0.892552 0.149205 0.425544
vn 0.845737 0.393278 0.360642
vn 0.837210 0.382619 0.390746
vn 0.862184 0.170314 0.477108
vn -0.991383 -0.015161 0.130116
vn -0.995647 -0.079694 -0.048336
vn -0.959985 -0.258698 -0.107260
vn -0.957185 -0.083732 0.277101
vn 0.609161 0.454449 0.649923
vn 0.530922 0.268510 0.803756
vn 0.741813 0.020361 0.670298
vn 0.493711 0.319477 0.808816
vn 0.489157 0.290145 0.822521
vn 0.603792 0.236058 0.761388
vn 0.606521 0.252438 0.753928
vn 0.269546 0.771089 0.576859
vn -0.962752 0.074215 0.260000
vn -0.991816 0.017627 0.126452
vn 0.161729 0.788252 0.593719
vn 0.241231 -0.137014 0.960747
vn 0.308494 -0.393995 0.865794
vn 0.512884 -0.318124 0.797337
vn 0.804646 -0.246075 0.540362
vn 0.507772 0.033248 0.860850
vn 0.952874 -0.207390 0.221407
vn -0.544349 -0.640198 0.542061
vn -0.947498 -0.265089 -0.178817
vn -0.937972 -0.201221 -0.282343
vn -0.569748 0.298553 -0.765672
vn 0.378728 -0.044159 0.924454
vn 0.323583 0.389259 0.862422
vn 0.231386 0.308669 0.922596
vn 0.317952 -0.736892 -0.596570
vn -0.854910 -0.416766 -0.308926
vn 0.959737 -0.188233 0.208503
vn 0.976844 -0.203889 0.064842
vn 0.968829 -0.024465 0.246520
vn 0.937256 -0.016950 0.348229
vn 0.961340 0.088045 0.260907
vn 0.962462 0.186078 0.197591
vn 0.987885 0.082531 0.131420
vn 0.981975 -0.023960 0.187485
vn 0.914941 0.156553 -0.371986
vn 0.879122 0.063829 -0.472302
vn 0.498915 0.572381 0.650741
vn 0.477943 0.557844 0.678514
vn 0.279708 0.041534 -0.959186
vn -0.894316 -0.120473 0.430912
vn -0.864228 -0.123833 0.487623
vn -0.900232 -0.425924 -0.090394
vn -0.981488 -0.062483 0.181045
vn 0.276191 -0.052385 -0.959674
vn 0.494344 -0.019543 -0.869046
vn 0.493688 0.056842 -0.867779
vn 0.841921 -0.389513 -0.373429
vn 0.250956 -0.561096 -0.788792
vn 0.400813 -0.648714 -0.646931
vn 0.221050 -0.789407 -0.572689
vn 0.074565 -0.721763 -0.688112
vn 0.881358 -0.397882 -0.254750
vn -0.759201 -0.608266 -0.231573
vn 0.071487 -0.145911 0.986711
vn 0.424467 0.277309 0.861932
vn 0.876116 0.165133 0.452937
vn -0.451374 -0.892091 0.020843
vn 0.473755 -0.741002 0.475891
vn 0.198978 0.279815 0.939208
vn 0.618028 0.299044 0.727059
vn 0.345984 0.373091 0.860870
vn -0.664578 -0.557330 0.497714
vn 0.138081 -0.947715 0.287697
vn 0.178625 -0.894701 0.409394
vn 0.478734 -0.811658 0.334702
vn 0.456729 -0.870929 0.181334
vn 0.036459 0.992403 0.117504
vn 0.864190 0.085035 0.495929
vn 0.501002 -0.749927 -0.431980
vn -0.177691 -0.900924 -0.395932
vn 0.218863 -0.934034 -0.282274
vn -0.307677 -0.847333 -0.432853
vn 0.690146 -0.455573 0.562274
vn -0.571968 -0.729688 -0.374710
vn -0.853249 0.058218 0.518243
vn -0.781385 -0.052807 0.621811
vn -0.494641 -0.141704 0.857467
vn -0.981842 0.046322 0.183956
vn -0.933048 0.279331 0.226705
vn -0.965748 -0.013730 0.259120
vn -0.967282 -0.063022 0.245752
vn 0.697247 0.482302 0.530313
vn 0.938101 -0.322912 -0.125276
vn 0.908866 -0.288137 -0.301562
vn 0.938757 -0.203052 -0.278398
vn -0.701198 -0.688665 -0.184560
vn 0.190420 -0.823843 -0.533875
vn 0.405609 -0.809381 -0.424716
vn -0.452605 -0.876507 -0.163966
vn -0.866056 -0.390877 0.311707
vn -0.863420 -0.258732 0.433086
vn 0.728080 0.080444 -0.680756
vn 0.761479 0.241896 -0.601361
vn 0.940336 -0.249084 -0.231786
vn 0.541042 -0.576881 0.611950
vn 0.880183 0.169718 0.443254
vn 0.885287 0.245190 0.395156
vn 0.927594 0.216392 0.304539
vn -0.973308 -0.105429 0.203854
vn -0.970883 0.064173 0.230799
vn 0.923239 0.159252 0.349670
vn 0.876804 0.283258 0.388562
vn 0.931808 0.202514 0.301200
vn 0.958055 0.163717 0.235219
vn 0.985360 0.113870 0.126887
vn 0.349395 0.777957 0.522212
vn 0.619458 0.207720 0.757050
vn 0.523632 0.022265 0.851653
vn -0.824531 0.553245 -0.118613
vn -0.804104 0.160032 -0.572543
vn -0.509627 0.194939 -0.838021
vn -0.912843 0.384367 -0.137766
vn 0.377697 0.697299 0.609195
vn 0.036397 0.980417 0.193542
vn 0.021880 0.993133 0.114924
vn -0.746559 0.532835 0.398418
vn -0.769170 0.343525 0.538858
vn -0.642468 0.255374 0.722509
vn -0.631725 0.366608 0.683024
vn 0.075050 0.954205 0.289585
vn 0.334829 0.836602 0.433574
vn 0.704555 0.261526 0.659702
vn 0.057565 0.852793 0.519066
vn 0.188702 0.961161 0.201395
vn 0.261046 0.957366 0.123719
vn 0.148638 0.862944 0.482943
vn 0.021726 0.766374 0.642027
vn 0.011319 0.561939 0.827101
vn -0.614700 -0.734025 -0.288706
vn -0.420218 0.031400 -0.906880
vn -0.808654 -0.587475 0.030862
vn -0.674912 -0.000805 0.737898
vn 0.408618 -0.056409 0.910960
vn -0.282243 -0.048800 0.958101
vn -0.944696 0.135993 -0.298422
vn 0.315748 0.831971 0.456210
vn 0.400743 0.744118 0.534503
vn -0.955902 -0.078209 0.283082
vn 0.261067 0.866469 0.425529
vn 0.101382 0.542820 0.833707
vn 0.258628 -0.383495 0.886591
vn -0.824350 -0.020644 0.565704
vn -0.848436 0.149147 0.507849
vn -0.574970 0.730223 0.369030
vn 0.569103 -0.499114 0.653458
vn 0.510184 0.574479 0.640067
vn 0.111961 0.837010 0.535612
vn -0.743194 0.498023 -0.446806
vn -0.592319 0.805254 0.026918
vn -0.586060 0.777427 0.228344
vn -0.608755 0.758886 0.231321
vn -0.387103 -0.176491 -0.904987
vn -0.673617 -0.265121 -0.689892
vn -0.856627 -0.512021 -0.063435
vn -0.816523 -0.022160 0.576888
vn -0.959140 -0.086390 0.269419
vn -0.829791 0.492313 0.262820
vn -0.898066 0.255765 0.357858
vn -0.860788 -0.383757 -0.334328
vn -0.759349 -0.399589 -0.513534
vn -0.259653 -0.336398 -0.905216
vn -0.312813 -0.459839 -0.831081
vn -0.010388 0.891901 0.452111
vn 0.202314 0.642446 0.739143
vn -0.173712 -0.066541 0.982546
vn -0.492865 -0.832877 -0.251793
vn -0.878672 -0.338022 0.337160
vn -0.876905 0.423596 -0.227165
vn -0.188042 0.793635 -0.578604
vn -0.079508 0.643960 -0.760916
vn -0.843711 0.372576 -0.386443
vn -0.993826 0.109917 -0.015087
vn -0.894245 0.374796 -0.244652
vn -0.769554 0.354812 -0.530937
vn -0.992826 -0.016403 -0.118439
vn 0.235880 -0.642298 0.729256
vn 0.162698 0.190100 0.968190
vn 0.156207 0.079240 0.984541
vn -0.010616 0.054468 0.998459
vn -0.009848 0.241205 0.970424
vn 0.084469 0.897277 0.433312
vn 0.150156 0.913642 0.377773
vn 0.292275 0.161083 0.942671
vn 0.318545 0.028612 0.947476
vn -0.713616 -0.432868 -0.550797
vn -0.845040 -0.377802 -0.378381
vn -0.804937 -0.450846 -0.385763
vn -0.718592 -0.446349 -0.533290
vn -0.962619 -0.059947 0.264141
vn -0.961521 -0.202914 0.185214
vn -0.758648 0.026777 0.650950
vn -0.943454 -0.113305 0.311540
vn -0.917558 -0.088016 0.387737
vn -0.802053 -0.051675 0.595014
vn -0.116894 0.302853 0.945841
vn -0.056939 0.587192 0.807443
vn 0.334913 -0.165189 0.927656
vn 0.179682 -0.104704 0.978137
vn -0.070621 0.008938 -0.997463
vn -0.637199 0.015083 -0.770552
vn -0.005391 -0.017519 0.999832
vn -0.126932 0.156730 0.979451
vn -0.127599 0.373476 0.918822
vn -0.109917 0.499424 0.859357
vn 0.219388 -0.149740 0.964078
vn 0.209387 -0.160433 0.964582
vn 0.050710 -0.014003 0.998615
vn 0.019426 -0.009073 0.999770
vn -0.625947 -0.668272 -0.401999
vn -0.864130 -0.392846 0.314565
vn -0.905509 -0.207885 0.369917
vn -0.835104 -0.535687 -0.125061
vn -0.931470 -0.194437 -0.307501
vn -0.892835 -0.257053 -0.369823
vn -0.096373 -0.133961 -0.986289
vn -0.292951 -0.015983 -0.955994
vn 0.343155 -0.218174 0.913589
vn 0.383782 -0.142860 0.912306
vn -0.988000 -0.117757 0.099946
vn -0.951871 -0.057751 0.301009
vn 0.828014 0.042192 0.559118
vn 0.805446 0.148602 0.573736
vn 0.826776 0.011699 0.562409
vn -0.403444 -0.762914 -0.505168
vn 0.797897 -0.122170 0.590284
vn 0.726460 0.020690 0.686897
vn 0.655458 -0.167018 0.736532
vn 0.572855 -0.189344 0.797487
vn -0.739473 0.046471 0.671581
vn -0.712709 0.064763 0.698464
vn -0.980141 -0.193491 -0.043405
vn -0.947851 -0.236144 0.214044
vn -0.854329 -0.232075 0.465040
vn -0.768077 -0.541378 -0.342004
vn -0.974399 -0.219618 0.048110
vn -0.902363 -0.291606 0.317345
vn -0.811892 -0.427584 0.397497
vn 0.629054 0.134121 0.765704
vn -0.331320 -0.214517 0.918809
vn -0.121691 0.110389 0.986410
vn 0.584086 0.383392 0.715440
vn 0.586533 0.305754 0.749996
vn 0.572135 0.182912 0.799503
vn 0.825081 -0.081795 0.559063
vn 0.721402 -0.159966 0.673788
vn 0.753467 0.348321 0.557637
vn 0.721935 0.382122 0.576881
vn 0.818185 -0.180748 0.545806
vn 0.742529 -0.248834 0.621878
vn 0.645387 -0.102530 0.756943
vn 0.671937 -0.198977 0.713378
vn 0.567790 -0.077279 0.819538
vn 0.536192 -0.110928 0.836775
vn 0.376628 0.012153 0.926285
vn -0.838553 -0.454776 -0.300012
vn -0.847090 -0.425897 -0.317883
vn 0.339362 0.609313 0.716638
vn 0.414041 -0.036661 0.909519
vn 0.597053 -0.236125 0.766664
vn 0.426951 -0.194292 0.883155
vn 0.687714 -0.218139 0.692434
vn 0.774627 -0.204366 0.598488
vn 0.794149 -0.133655 0.592844
vn 0.789011 -0.085922 0.608341
vn 0.827142 0.013022 0.561842
vn 0.771425 -0.125918 0.623737
vn 0.763183 -0.066394 0.642762
vn 0.755523 -0.128165 0.642463
vn 0.780212 -0.146780 0.608050
vn 0.800410 -0.044547 0.597796
vn 0.797487 -0.010637 0.603242
vn 0.374877 0.050285 -0.925710
vn 0.631283 -0.014278 -0.775421
vn -0.335206 0.177424 -0.925288
vn 0.421393 0.353885 -0.834981
vn 0.698887 -0.181110 0.691922
vn 0.706817 -0.246959 0.662888
vn 0.614831 -0.316947 0.722168
vn 0.615762 -0.305794 0.726173
vn -0.903449 -0.375969 0.205978
vn -0.645511 -0.096939 0.757574
vn -0.503886 -0.614378 0.607157
vn -0.827689 -0.146705 0.541672
vn 0.452169 -0.305774 0.837882
vn 0.497701 -0.263337 0.826406
vn -0.454610 0.037666 0.889894
vn -0.448696 -0.060726 0.891619
vn -0.997670 -0.057366 0.036930
vn -0.973301 -0.198128 0.115893
vn 0.088626 0.970512 -0.224171
vn 0.167659 0.985779 0.011448
vn 0.018335 0.998517 -0.051257
vn -0.040901 0.980186 -0.193812
vn 0.123268 0.962240 0.242692
vn 0.759994 -0.649027 0.034239
vn -0.942739 0.295072 -0.155482
vn -0.803068 0.310843 -0.508388
vn -0.023467 0.999587 0.016599
vn 0.041534 0.996464 0.073034
vn 0.113138 0.890892 0.439900
vn 0.053308 0.881500 0.469165
vn -0.081884 0.996038 0.034702
vn -0.788625 -0.567486 0.236707
vn 0.318844 -0.152017 0.935537
vn 0.161554 0.984463 0.068792
vn 0.173865 0.888938 0.423746
vn 0.246356 0.948717 0.198103
vn -0.863944 -0.105109 0.492496
vn 0.208480 0.882960 0.420616
vn 0.301713 0.942915 0.140997
vn -0.003320 -0.148735 0.988872
vn 0.004378 -0.671960 0.740575
vn 0.033459 -0.569459 0.821338
vn 0.157865 -0.164841 0.973605
vn 0.645994 -0.273707 -0.712584
vn 0.645067 -0.155810 -0.748072
vn 0.503658 -0.164669 -0.848064
vn 0.577532 0.233655 0.782216
vn 0.397416 -0.183456 0.899113
vn 0.474631 -0.255157 0.842390
vn 0.634109 0.002969 0.773238
vn 0.539019 -0.009460 0.842241
vn -0.071915 -0.680754 0.728974
vn 0.128108 -0.483863 0.865717
vn -0.955540 0.011258 0.294648
vn -0.962899 0.006116 0.269791
vn -0.814684 0.576910 0.058862
vn 0.252300 0.253201 0.933935
vn -0.480363 0.632616 -0.607494
vn -0.720724 -0.572375 0.391080
vn -0.921016 -0.050516 0.386234
vn 0.572045 -0.291524 0.766667
vn 0.363200 0.068851 0.929164
vn -0.912439 0.044319 0.406806
vn -0.944795 0.043495 0.324763
vn -0.933102 -0.359321 0.014427
vn -0.850472 -0.062281 0.522320
vn 0.431596 -0.064008 -0.899793
vn 0.569662 0.016459 -0.821714
vn 0.773951 0.034976 -0.632279
vn 0.722134 -0.011067 -0.691665
vn 0.401665 0.427953 0.809643
vn 0.328160 0.464739 0.822392
vn -0.258530 -0.780300 0.569468
vn -0.297525 -0.868058 0.397433
vn -0.036486 0.068759 -0.996966
vn -0.620561 -0.125550 -0.774042
vn -0.806916 0.223605 0.546706
vn -0.954334 0.078023 0.288373
vn -0.932612 -0.310695 0.183588
vn -0.134626 -0.860884 -0.490667
vn 0.045987 -0.574799 -0.817001
vn 0.459226 -0.642413 -0.613528
vn 0.506673 -0.443402 -0.739376
vn 0.349256 -0.864088 -0.362454
vn 0.450656 -0.833212 -0.320415
vn 0.568865 -0.627817 -0.531261
vn -0.337083 -0.928527 0.155603
vn -0.350832 -0.880949 0.317561
vn -0.263680 -0.715860 0.646543
vn -0.442743 -0.767766 0.463157
vn -0.186323 -0.728989 0.658680
vn -0.150224 -0.801156 0.579295
vn -0.125938 -0.825471 0.550215
vn -0.855296 -0.117535 0.504633
vn -0.877886 -0.291933 0.379593
vn -0.249326 -0.484830 0.838318
vn -0.633926 -0.244567 0.733706
vn -0.209018 -0.539356 0.815724
vn -0.422629 -0.876828 -0.229254
vn -0.748782 0.035986 0.661839
vn -0.752164 0.080526 0.654037
vn -0.010634 -0.356015 -0.934420
vn -0.267307 -0.156487 0.950820
vn -0.929284 -0.178035 0.323628
vn -0.847843 -0.092057 0.522195
vn -0.928158 -0.294514 0.227560
vn -0.416127 -0.544074 -0.728575
vn -0.311482 -0.398925 -0.862460
vn -0.931451 -0.269532 0.244443
vn -0.557057 0.402733 -0.726287
vn -0.639695 0.508003 -0.576822
vn -0.425587 -0.144291 -0.893340
vn -0.201728 0.335617 0.920145
vn -0.089308 0.684607 0.723420
vn 0.793929 0.095374 0.600483
vn 0.702183 0.314697 0.638674
vn 0.183527 -0.897317 0.401423
vn -0.953202 0.128681 0.273584
vn 0.864351 0.148730 -0.480393
vn 0.852135 0.126475 0.507809
vn 0.394764 0.794554 0.461351
vn -0.975523 -0.146713 0.163801
vn -0.893520 -0.113143 0.434534
vn 0.505895 0.610615 0.609278
vn -0.992459 0.069799 -0.100768
vn -0.990609 -0.104517 0.088152
vn -0.947998 -0.138457 0.286581
vn -0.990854 0.115030 0.070549
vn 0.208192 0.834470 0.510212
vn 0.541418 -0.551512 -0.634588
vn 0.738427 -0.480571 -0.473051
vn 0.670281 -0.577270 -0.466350
vn 0.577835 -0.660356 -0.479622
vn -0.470106 0.747900 0.468664
vn 0.102512 0.941797 0.320170
vn 0.329204 0.654160 0.680955
vn -0.786118 -0.429005 -0.444942
vn -0.934880 -0.343044 -0.091222
vn -0.914125 -0.273140 -0.299615
vn -0.953665 -0.154811 0.257984
vn 0.550243 0.410763 0.726984
vn 0.700562 0.275119 0.658425
vn 0.036624 0.946361 0.321029
vn 0.057122 0.869556 0.490520
vn -0.018812 0.793065 0.608847
vn -0.858943 -0.350079 0.373713
vn -0.961674 0.248014 -0.116927
vn 0.403405 0.721430 -0.562852
vn 0.838502 0.480237 -0.257462
vn 0.793600 0.595715 -0.123784
vn 0.916860 0.123527 0.379617
vn 0.682356 0.199531 -0.703263
vn 0.078743 0.822362 0.563490
vn 0.012978 0.972567 0.232262
vn 0.043497 0.872532 0.486616
vn -0.028731 0.790643 0.611603
vn 0.000587 0.817515 0.575908
vn -0.897064 0.207618 0.390091
vn -0.699256 0.159478 0.696855
vn 0.106717 0.741829 0.662044
vn -0.932421 0.226216 0.281812
vn 0.109519 0.745179 0.657810
vn 0.344626 0.549069 0.761418
vn -0.321418 0.016472 -0.946794
vn -0.819819 0.012058 -0.572496
vn -0.320966 -0.664578 -0.674772
vn -0.730853 -0.677930 -0.079148
vn 0.068420 -0.825357 -0.560450
vn 0.447163 -0.584360 -0.677177
vn -0.133195 0.329125 0.934845
vn -0.268807 -0.149312 0.951551
vn 0.240103 0.396262 0.886187
vn -0.436311 0.503982 0.745409
vn 0.046599 -0.155898 0.986673
vn 0.025390 0.683771 0.729255
vn -0.195891 -0.507696 -0.838971
vn -0.221715 -0.471307 -0.853646
vn -0.311942 -0.461510 0.830482
vn -0.298584 -0.505341 0.809616
vn 0.792650 0.101823 0.601114
vn 0.703292 0.185898 0.686164
vn 0.608215 -0.111391 0.785917
vn 0.769053 0.052579 0.637019
vn -0.544356 0.375315 0.750210
vn 0.868993 0.478508 0.126019
vn 0.453972 0.881027 0.133049
vn -0.112883 0.764726 0.634390
vn -0.979289 0.159484 0.124728
vn 0.711556 -0.053456 0.700593
vn 0.802924 -0.017103 0.595836
vn 0.542543 -0.330999 0.772067
vn 0.479378 -0.402909 0.779655
vn 0.921364 -0.317624 0.224060
vn -0.991074 -0.114184 -0.068802
vn -0.808169 -0.316637 0.496592
vn 0.598652 -0.192081 0.777638
vn 0.722146 -0.081781 0.686889
vn 0.542523 0.279017 0.792349
vn -0.967938 -0.159728 -0.193866
vn -0.803377 -0.443144 -0.397755
vn -0.331891 -0.398488 0.855018
vn -0.395167 -0.338646 0.853910
vn 0.537432 -0.101010 0.837236
vn 0.631802 -0.446885 0.633340
vn 0.113242 0.352092 0.929089
vn -0.339298 0.590426 0.732307
vn -0.347581 0.860537 0.372376
vn 0.034636 0.842192 0.538064
vn 0.555396 -0.472459 0.684337
vn 0.542086 -0.483318 0.687420
vn 0.454468 -0.588045 0.669075
vn 0.647782 -0.406165 0.644522
vn -0.989148 -0.064437 0.132041
vn -0.975954 -0.179070 -0.124289
vn -0.490133 -0.343224 0.801228
vn -0.553348 -0.115658 0.824881
vn 0.592647 -0.430043 0.681053
vn 0.661648 -0.254788 0.705199
vn -0.008692 -0.944432 -0.328592
vn 0.430652 -0.897104 -0.098705
vn 0.564507 -0.298270 0.769654
vn 0.453367 -0.607981 0.651780
vn 0.274062 -0.494402 0.824898
vn -0.305248 -0.494717 0.813682
vn -0.348548 -0.223612 0.910227
vn 0.804227 -0.591783 -0.054874
vn 0.913247 -0.338736 0.226358
vn -0.058713 -0.735232 0.675267
vn -0.077695 -0.880154 0.468287
vn 0.091418 -0.843302 0.529608
vn -0.780460 0.128192 0.611923
vn -0.759773 0.108772 0.641025
vn -0.827595 -0.100725 0.552214
vn -0.964990 0.037087 0.259651
vn -0.825580 0.344334 -0.447048
vn -0.746380 0.216823 0.629209
vn -0.513274 -0.103562 0.851953
vn -0.792169 -0.401562 0.459583
vn -0.893136 -0.300559 0.334623
vn -0.848018 -0.349602 0.398301
vn -0.763637 -0.296524 0.573526
vn -0.728267 -0.011739 0.685193
vn -0.686180 -0.135261 0.714745
vn 0.167241 -0.697624 0.696671
vn -0.295907 -0.944124 0.145148
vn 0.119169 -0.591606 0.797372
vn 0.732831 -0.198810 -0.650717
vn -0.000871 -0.380055 0.924964
vn -0.351777 0.931290 -0.094611
vn -0.330843 -0.155396 -0.930803
vn -0.392323 -0.017825 -0.919655
vn -0.168864 -0.965877 0.196382
vn 0.016876 -0.555957 0.831040
vn 0.097751 -0.485812 0.868580
vn -0.118273 -0.983147 0.139403
vn 0.027555 -0.910583 0.412408
vn 0.115480 -0.925478 0.360769
vn 0.034419 -0.960591 0.275828
vn 0.067841 -0.026825 0.997335
vn 0.295998 -0.675073 0.675767
vn 0.231545 -0.754791 0.613740
vn 0.063138 -0.459749 0.885802
vn -0.383960 -0.923287 -0.010755
vn -0.870048 0.492677 -0.016912
vn -0.389430 0.876758 0.282204
vn -0.718113 0.601489 0.350035
vn -0.415050 0.564840 0.713225
vn -0.787884 -0.615697 -0.012504
vn 0.189800 -0.903339 0.384649
vn 0.356891 -0.797250 0.486848
vn 0.256823 -0.754001 0.604586
vn 0.267830 -0.777364 0.569185
vn -0.260491 -0.257045 0.930630
vn -0.808630 -0.496707 0.315277
vn -0.982047 0.081207 0.170264
vn -0.414568 0.181263 0.891783
vn -0.953067 -0.093406 0.287990
vn -0.886894 0.046660 0.459611
vn -0.806701 0.580527 0.110549
vn -0.208801 0.962495 0.173219
vn -0.791518 0.273956 -0.546304
vn -0.859564 0.077151 -0.505171
vn 0.522828 -0.613717 0.591610
vn -0.239827 -0.392729 0.887833
vn -0.812100 -0.292953 0.504650
vn -0.342095 -0.171961 -0.923797
vn -0.268194 -0.124428 -0.955296
vn -0.310374 -0.171508 -0.935015
vn -0.398164 -0.186482 -0.898159
vn -0.461238 -0.124557 0.878490
vn -0.760139 -0.051103 0.647748
vn -0.691800 -0.016058 0.721911
vn -0.980818 -0.026824 -0.193071
vn -0.949125 -0.175376 -0.261542
vn -0.972793 -0.128160 -0.193003
vn 0.083280 -0.297807 0.950987
vn -0.609961 -0.614918 -0.499824
vn 0.111600 -0.458368 -0.881728
vn -0.716703 0.268790 0.643498
vn -0.964854 -0.132041 0.227204
vn -0.499485 0.173084 -0.848856
vn 0.458918 -0.169667 -0.872128
vn 0.539429 -0.235880 -0.808317
vn -0.772353 -0.001329 -0.635193
vn 0.196672 0.319979 -0.926787
vn -0.069687 0.926786 0.369068
vn -0.713709 0.633210 0.299442
vn 0.328184 0.491313 -0.806788
vn -0.989741 -0.112176 -0.088481
vn -0.961414 -0.006812 0.275020
vn 0.108070 -0.851560 0.512998
vn 0.137398 -0.920934 0.364695
vn 0.706201 -0.421823 -0.568635
vn 0.746290 -0.496611 -0.443202
vn 0.118012 -0.925293 0.360425
vn -0.127903 -0.537373 -0.833589
vn 0.148100 -0.828902 0.539432
vn -0.257286 0.966250 -0.012824
vn 0.102775 -0.406745 0.907742
vn 0.110107 -0.889549 0.443372
vn 0.205177 -0.828426 0.521164
vn -0.017763 -0.913164 0.407206
vn -0.486429 -0.222682 -0.844867
vn -0.485107 -0.046979 -0.873192
vn -0.994380 0.040518 0.097811
vn 0.262326 0.371085 -0.890775
vn 0.277818 0.177783 -0.944039
vn -0.070914 0.943401 0.323984
vn -0.997061 0.071030 0.028699
vn -0.710100 0.350832 0.610471
vn 0.179076 0.843207 0.506886
vn 0.520637 -0.321607 -0.790890
vn 0.609421 -0.345790 -0.713467
vn -0.153353 -0.708193 -0.689163
vn -0.287639 -0.580961 -0.761412
vn 0.480214 0.172477 -0.860027
vn 0.442834 0.346367 -0.827000
vn -0.967947 0.067181 -0.242003
vn -0.997260 0.071514 -0.018924
vn -0.990656 0.129520 -0.042734
vn 0.635154 0.556242 -0.535886
vn 0.682035 0.371079 -0.630182
vn -0.058844 0.506992 -0.859940
vn -0.967122 0.133823 0.216254
vn -0.758235 0.623607 -0.190247
vn 0.708076 0.700912 -0.085738
vn -0.104613 -0.159062 -0.981710
vn -0.240263 -0.938653 0.247397
vn -0.068324 -0.875985 0.477475
vn 0.572744 0.334806 -0.748244
vn 0.539887 0.479208 -0.692013
vn 0.417704 0.502860 -0.756739
vn 0.628706 -0.076178 -0.773903
vn 0.481637 0.475154 -0.736379
vn -0.712598 -0.016353 0.701382
vn -0.789622 -0.051624 0.611418
vn 0.229995 -0.478898 0.847206
vn 0.237430 -0.403924 -0.883443
vn 0.133141 -0.548535 0.825459
vn -0.560690 0.381048 0.735139
vn -0.676722 0.113130 0.727495
vn -0.911358 -0.092910 0.400991
vn -0.461842 -0.869532 0.174975
vn 0.391346 -0.427238 0.815056
vn 0.033642 -0.054367 0.997954
vn -0.274651 0.165593 0.947178
vn -0.370909 0.184120 0.910234
vn 0.139619 -0.684273 0.715735
vn -0.227179 -0.004495 0.973843
vn -0.156769 0.176829 0.971676
vn 0.001499 -0.599143 0.800641
vn 0.079514 -0.519157 0.850972
vn 0.102653 0.193014 0.975811
vn -0.208331 0.389009 0.897369
vn -0.370865 0.234719 0.898536
vn -0.195811 0.319637 0.927087
vn -0.242673 0.007916 0.970076
vn 0.127986 0.633454 0.763123
vn 0.117298 0.506730 0.854088
vn -0.092956 0.430100 0.897983
vn -0.065374 0.415823 0.907093
vn -0.006463 0.795291 0.606193
vn 0.116637 0.768289 0.629387
vn 0.079902 0.961328 0.263561
vn 0.261968 0.626021 0.734486
vn -0.021763 0.300954 0.953390
vn -0.098439 -0.994833 -0.024845
vn -0.069713 -0.991490 0.109943
vn 0.160161 0.958987 0.233865
vn -0.316918 0.315611 0.894401
vn -0.120909 0.161479 0.979442
vn -0.041909 0.089502 0.995105
vn -0.118274 0.189317 0.974767
vn -0.099669 -0.133563 0.986016
vn -0.398498 0.261604 0.879069
vn -0.069654 0.099352 0.992611
vn -0.138481 0.202189 0.969506
vn -0.131116 0.038748 0.990609
vn -0.185960 0.133183 0.973489
vn -0.119744 0.076754 0.989833
vn -0.114997 0.026640 0.993009
vn -0.158469 0.217260 0.963164
vn -0.149752 0.184124 0.971428
vn 0.211362 -0.163461 0.963642
vn 0.388455 -0.138518 0.910997
vn 0.240060 0.079090 0.967531
vn 0.486636 -0.820354 -0.300342
vn 0.743285 -0.667405 -0.045811
vn 0.491625 -0.835669 -0.244871
vn 0.290652 -0.917479 -0.271575
vn 0.383828 0.037727 0.922634
vn 0.074959 0.137253 0.987696
vn 0.066184 0.016735 0.997667
vn 0.594112 -0.590967 0.545701
vn 0.749765 0.060401 0.658942
vn 0.672719 0.251976 0.695670
vn 0.670904 0.227141 0.705900
vn 0.726526 0.022860 0.686759
vn 0.691573 -0.077190 0.718170
vn -0.587000 0.118570 0.800857
vn -0.628799 0.599750 0.494886
vn -0.080757 0.654429 0.751799
vn -0.090888 0.289861 0.952743
vn 0.637423 0.193073 0.745933
vn 0.602166 0.099468 0.792151
vn 0.630858 -0.164688 0.758219
vn 0.529504 -0.167509 0.831605
vn 0.512985 0.063174 0.856070
vn 0.540766 -0.296934 0.787021
vn 0.521573 -0.388490 0.759629
vn 0.510900 -0.357979 0.781558
vn 0.582158 -0.365227 0.726431
vn 0.368666 -0.207369 0.906137
vn -0.596721 -0.247133 0.763446
vn -0.850504 -0.522285 -0.062135
vn -0.275811 -0.869493 -0.409769
vn -0.203023 -0.942909 -0.264015
vn 0.263518 0.110733 0.958278
vn 0.630706 -0.367920 0.683260
vn 0.629682 0.024124 0.776478
vn 0.510739 -0.621963 0.593555
vn 0.320243 -0.509782 0.798478
vn 0.059431 0.154812 0.986155
vn -0.058131 0.224841 0.972660
vn 0.453284 0.265893 0.850785
vn 0.272116 0.444533 0.853430
vn -0.096400 0.069404 0.992920
vn -0.017889 0.205251 0.978546
vn -0.114266 0.227797 0.966981
vn 0.013658 0.373390 0.927574
vn 0.649411 -0.317023 -0.691203
vn 0.643924 0.000695 -0.765089
vn 0.480538 -0.316910 0.817711
vn 0.330158 -0.396213 0.856745
vn 0.185956 -0.466857 0.864561
vn 0.342853 -0.425267 0.837615
vn 0.681894 0.003761 0.731441
vn 0.728237 -0.115761 0.675478
vn 0.562652 -0.321939 0.761432
vn 0.440385 -0.399975 0.803792
vn 0.515973 -0.493340 0.700277
vn 0.481499 -0.532097 0.696442
vn 0.572852 -0.497837 0.651152
vn 0.545545 -0.465671 0.696800
vn 0.592721 -0.443610 0.672229
vn 0.625182 -0.428022 0.652645
vn 0.571530 -0.430503 0.698585
vn 0.532477 -0.446668 0.718996
vn 0.687695 -0.300408 0.660932
vn 0.295337 -0.775608 0.557860
vn 0.193761 -0.680285 0.706873
vn 0.171209 -0.522679 0.835161
vn 0.366199 -0.706686 0.605386
vn 0.343691 -0.771181 0.535869
vn 0.392671 -0.712749 0.581204
vn 0.159434 -0.629359 0.760584
vn 0.061881 -0.594946 0.801380
vn -0.077787 -0.261545 0.962052
vn -0.067150 -0.041539 0.996878
vn 0.105532 -0.433913 0.894753
vn -0.023041 -0.203005 0.978906
vn 0.611608 0.611720 -0.501732
vn 0.633995 0.682246 -0.364130
vn 0.446807 0.799101 -0.402246
vn 0.446116 0.698308 -0.559774
vn 0.180709 -0.470127 0.863901
vn 0.178173 -0.508703 0.842304
vn 0.262835 -0.546741 0.794980
vn 0.277761 -0.486304 0.828467
vn 0.400268 -0.483402 0.778529
vn 0.332912 -0.574630 0.747643
vn 0.365677 -0.617692 0.696230
vn 0.452683 -0.539054 0.710281
vn 0.541773 -0.536749 0.646825
vn 0.456879 -0.593571 0.662522
vn 0.073536 -0.331087 0.940731
vn 0.079902 -0.537578 0.839420
vn 0.618305 0.169494 -0.767444
vn 0.643809 0.334948 0.687982
vn 0.740544 0.297611 0.602513
vn 0.703052 0.207178 0.680290
vn 0.194872 -0.491584 0.848746
vn 0.317061 -0.500708 0.805459
vn 0.393220 -0.525935 0.754169
vn 0.453811 -0.566576 0.687784
vn 0.452852 -0.651808 0.608335
vn 0.995957 0.062830 0.064207
vn 0.936381 0.098670 0.336832
vn -0.087379 0.131021 -0.987521
vn -0.055270 0.339146 -0.939109
vn 0.673023 0.189029 -0.715058
vn 0.292288 -0.745465 -0.599040
vn 0.002304 -0.920989 -0.389583
vn 0.736672 0.229924 0.635963
vn 0.875455 0.154466 0.457952
vn -0.895461 0.401030 0.193197
vn 0.702407 0.279760 0.654491
vn -0.841276 -0.491734 0.224618
vn -0.835988 -0.358910 0.415100
vn 0.173474 -0.584221 0.792838
vn 0.610627 -0.432430 -0.663430
vn 0.628433 -0.425041 -0.651469
vn -0.795632 -0.342849 0.499424
vn 0.810519 0.056994 0.582933
vn -0.655421 0.102628 -0.748258
vn -0.862113 0.028889 -0.505892
vn -0.886843 -0.015209 -0.461821
vn -0.822151 -0.020731 -0.568892
vn -0.821794 -0.083036 -0.563702
vn -0.644563 -0.139178 -0.751776
vn 0.598756 0.357929 0.716504
vn 0.977296 -0.035917 0.208811
vn -0.329704 -0.835783 -0.439047
vn -0.655044 -0.560550 -0.506658
vn -0.708098 -0.641070 -0.296018
vn 0.789929 0.046494 0.611433
vn 0.599948 -0.591046 -0.539191
vn 0.289700 -0.494100 -0.819719
vn 0.185533 0.725808 -0.662405
vn 0.248589 -0.219032 -0.943519
vn 0.331371 -0.283136 -0.900015
vn 0.505198 -0.124136 -0.854029
vn 0.994111 -0.107041 -0.016874
vn 0.672252 0.012693 -0.740213
vn 0.966956 0.207263 0.148454
vn 0.970713 0.155158 -0.183416
vn 0.255058 0.954910 -0.151960
vn 0.098902 -0.306398 -0.946752
vn -0.112868 -0.387784 -0.914814
vn -0.165616 -0.422735 -0.890992
vn -0.683428 -0.702244 -0.199448
vn -0.291908 -0.408772 -0.864694
vn 0.216438 -0.554850 -0.803303
vn -0.312693 -0.600855 -0.735661
vn 0.772413 -0.525033 -0.357376
vn 0.777810 -0.525912 -0.344134
vn 0.685462 -0.727398 -0.032145
vn 0.933252 -0.307618 0.185504
vn 0.871469 -0.339237 0.354202
vn 0.969359 0.075220 0.233848
vn 0.027975 -0.696455 0.717055
vn 0.906206 -0.388179 -0.167652
vn 0.597177 -0.020866 0.801838
vn 0.099873 0.577467 0.810282
vn -0.041120 0.816882 0.575337
vn 0.514546 0.168824 0.840679
vn 0.740500 0.010948 0.671967
vn 0.946929 -0.199817 0.251793
vn 0.796937 -0.479229 0.367738
vn 0.864990 -0.278829 0.417189
vn 0.671629 -0.572695 0.470038
vn 0.989940 -0.132495 -0.049635
vn 0.905537 -0.413085 0.096762
vn 0.159238 0.785611 0.597878
vn 0.384142 -0.714328 0.584953
vn 0.314991 -0.056827 -0.947392
vn 0.949746 0.184075 0.253176
vn 0.932441 -0.003842 0.361302
vn 0.891127 0.368441 0.264845
vn 0.874435 -0.481787 -0.056959
vn 0.902106 -0.374659 -0.214093
vn 0.795297 -0.597269 -0.103789
vn 0.800826 -0.570937 0.180855
vn 0.374526 -0.159918 -0.913322
vn 0.899121 -0.026563 0.436893
vn 0.469324 -0.108284 -0.876361
vn 0.133241 -0.154008 -0.979045
vn 0.212475 -0.242402 -0.946623
vn 0.312628 -0.146676 -0.938483
vn 0.941090 0.225463 0.252023
vn 0.869335 0.471844 0.147037
vn 0.984578 0.030372 0.172289
vn 0.407785 0.831970 0.376215
vn 0.981755 -0.129197 0.139520
vn 0.469667 -0.728803 0.498256
vn 0.815251 -0.535734 0.219897
vn 0.994180 0.044302 0.098198
vn 0.868345 0.169968 0.465927
vn 0.861936 0.167136 0.478677
vn -0.712946 0.012780 -0.701102
vn -0.603838 0.193251 -0.773326
vn 0.726956 0.095822 0.679965
vn 0.695271 0.118074 0.708983
vn 0.492139 -0.067035 0.867932
vn 0.650610 0.230657 0.723536
vn 0.673120 0.312590 0.670221
vn 0.545562 0.055893 0.836204
vn 0.352509 0.911954 -0.209948
vn 0.173100 0.967852 -0.182479
vn 0.547810 0.804928 0.228023
vn 0.633391 0.694099 0.342113
vn 0.316834 0.174550 0.932281
vn 0.180060 -0.061030 0.981761
vn 0.288573 -0.038274 0.956693
vn 0.340264 0.106848 0.934240
vn -0.876206 0.023071 -0.481385
vn -0.919518 -0.030195 -0.391887
vn -0.923296 -0.325372 -0.204101
vn -0.923708 0.327760 -0.198334
vn -0.810040 0.079877 -0.580909
vn -0.803639 0.477325 -0.355422
vn -0.773591 -0.090814 -0.627144
vn -0.818033 -0.107039 -0.565124
vn 0.221254 0.214869 0.951251
vn 0.220129 0.282826 0.933570
vn 0.100685 -0.063119 0.992914
vn 0.155020 0.008815 0.987872
vn 0.047331 -0.079227 0.995732
vn 0.065946 -0.091828 0.993589
vn 0.257686 0.194685 0.946412
vn 0.299379 0.136670 0.944295
vn 0.642948 -0.158786 0.749269
vn 0.252651 -0.099428 0.962435
vn 0.945901 0.298750 0.126570
vn 0.999604 0.026019 0.010739
vn 0.940575 -0.196383 0.277043
vn 0.966771 0.172134 0.189008
vn 0.578563 -0.810178 0.094215
vn 0.900444 -0.434713 0.014993
vn 0.230173 -0.971666 0.053708
vn 0.149587 -0.614422 0.774667
vn 0.702867 0.061490 0.708659
vn 0.735756 -0.619269 0.274170
vn -0.276442 -0.806803 0.522157
vn 0.160164 -0.987014 0.012248
vn 0.546900 -0.836452 0.035327
vn -0.763190 -0.641194 -0.080068
vn -0.546791 -0.761774 -0.347447
vn -0.970762 -0.240026 -0.002784
vn -0.764167 -0.591757 0.256657
vn 0.812286 -0.311523 0.493096
vn 0.568985 -0.606731 0.555097
vn 0.097479 -0.977083 0.189228
vn 0.328101 -0.917097 0.226456
vn 0.009614 -0.973160 -0.229928
vn -0.485998 -0.829118 0.276351
vn -0.459972 -0.766504 0.448216
vn 0.199757 -0.978251 -0.055877
vn -0.933157 0.249829 0.258463
vn -0.906681 0.218026 0.361102
vn -0.978583 -0.197734 -0.057249
vn 0.875274 -0.425775 0.229371
vn 0.618294 0.016129 0.785782
vn -0.151371 0.366151 0.918161
vn 0.551546 0.015361 0.834003
vn 0.743452 -0.541780 0.392115
vn 0.501182 -0.849638 0.164108
vn 0.593518 -0.804081 -0.034504
vn 0.854589 0.386095 0.347287
vn 0.803024 0.396867 0.444577
vn 0.852492 0.348068 0.390009
vn 0.825291 0.358851 0.436027
vn 0.838151 -0.296088 0.458077
vn 0.896339 0.105708 0.430583
vn 0.779416 -0.291334 0.554648
vn 0.857102 0.227801 0.462042
vn 0.447093 0.100799 0.888790
vn 0.247125 -0.954562 0.166554
vn 0.220846 -0.962213 0.159293
vn 0.272619 -0.894901 0.353314
vn 0.237863 0.634673 -0.735263
vn 0.239531 0.737749 -0.631151
vn 0.228129 0.913193 -0.337692
vn 0.194613 0.948488 -0.249991
vn 0.102835 -0.092402 0.990397
vn 0.048665 -0.099493 0.993847
vn -0.069994 -0.886586 -0.457237
vn -0.040881 -0.911442 -0.409394
vn -0.040018 -0.958791 -0.281279
vn -0.062683 -0.944026 -0.323861
vn -0.131662 -0.921019 -0.366592
vn -0.184810 -0.860872 -0.474072
vn -0.077922 -0.864200 -0.497078
vn -0.026401 -0.891939 -0.451384
vn 0.146000 -0.961107 0.234430
vn 0.086285 -0.964037 0.251370
vn 0.173085 -0.565469 0.806404
vn 0.338895 -0.605600 0.719999
vn 0.610397 0.250659 0.751389
vn 0.645639 0.134962 0.751622
vn 0.579516 0.112465 0.807163
vn 0.458382 -0.026904 0.888348
vn 0.486246 -0.473766 0.734241
vn 0.537472 -0.519764 0.664055
vn 0.309913 -0.898982 0.309492
vn 0.293684 -0.940018 0.173539
vn 0.129036 -0.991617 -0.006734
vn 0.307042 -0.893463 0.327795
vn 0.184760 -0.941159 0.282989
vn 0.656537 -0.278525 0.700988
vn 0.281930 -0.942587 0.179010
vn 0.486999 0.537815 0.688176
vn 0.502942 0.507261 0.699811
vn 0.294393 -0.180503 0.938484
vn 0.053999 -0.182183 0.981781
vn 0.050621 -0.187544 0.980951
vn 0.343980 0.036657 0.938261
vn 0.529631 0.234833 0.815073
vn 0.460275 -0.146362 0.875628
vn 0.269715 -0.712186 0.648109
vn 0.305002 -0.143779 0.941436
vn 0.328761 -0.166495 0.929621
vn 0.479869 -0.132385 0.867294
vn 0.472846 -0.242082 0.847238
vn 0.531487 -0.177382 0.828286
vn 0.582344 0.259579 0.770386
vn 0.487575 0.151371 0.859859
vn 0.514139 -0.316032 0.797361
vn 0.145192 -0.348053 0.926163
vn 0.397548 -0.095282 0.912621
vn 0.352975 -0.361088 0.863148
vn 0.400472 -0.467499 0.788078
vn 0.247291 -0.320776 0.914303
vn 0.236984 -0.182382 0.954241
vn 0.363734 -0.042812 0.930518
vn 0.368791 -0.066198 0.927152
vn 0.466308 -0.426516 0.775010
vn 0.426223 -0.429078 0.796383
vn 0.402095 -0.432048 0.807251
vn 0.477178 -0.538786 0.694270
vn 0.349101 -0.733637 0.583013
vn 0.517271 -0.469217 0.715728
vn 0.414463 -0.669311 0.616639
vn 0.432966 -0.604705 0.668486
vn 0.534142 -0.397742 0.745985
vn 0.136979 -0.955252 -0.262164
vn -0.077222 -0.959096 -0.272346
vn 0.115769 -0.986699 0.114114
vn 0.156234 -0.973689 -0.165895
vn 0.327135 -0.935460 -0.133781
vn 0.313735 -0.936125 -0.158870
vn -0.386901 -0.900321 -0.199324
vn -0.303536 -0.904725 -0.298895
vn -0.753768 -0.648315 0.107334
vn -0.893590 -0.413422 0.174869
vn 0.904858 0.397093 -0.153461
vn 0.990489 -0.105085 0.088822
vn 0.779084 0.506244 0.369790
vn 0.535666 -0.843089 -0.047556
vn 0.325370 -0.867258 0.376827
vn 0.346035 -0.767787 0.539224
vn 0.452736 -0.452669 0.768193
vn 0.508796 -0.425140 0.748587
vn 0.450123 -0.602250 0.659306
vn 0.389615 -0.705116 0.592462
vn 0.328397 -0.830303 0.450281
vn -0.233558 -0.830319 -0.505985
vn 0.108886 -0.988661 0.103407
vn -0.333742 -0.817576 -0.469240
vn -0.417606 -0.757393 -0.501957
vn -0.232153 -0.897140 -0.375825
vn -0.827550 -0.425061 -0.366722
vn -0.539402 -0.720618 -0.435609
vn -0.838598 -0.251958 -0.482982
vn -0.696970 -0.543320 -0.468012
vn -0.024868 -0.998143 -0.055616
vn 0.556559 -0.211196 0.803516
vn 0.355915 -0.332430 0.873393
vn 0.153514 -0.212901 0.964939
vn -0.301643 0.303600 0.903791
vn -0.301358 0.376454 0.876051
vn -0.332294 0.383085 0.861874
vn -0.290068 0.305536 0.906922
vn 0.392686 0.546730 0.739517
vn 0.452227 0.554905 0.698263
vn 0.654148 0.511366 0.557311
vn 0.010610 -0.998331 -0.056769
vn -0.748763 0.088630 0.656886
vn -0.615658 0.207139 0.760301
vn 0.706467 0.288860 -0.646115
vn 0.577642 0.235096 0.781703
vn -0.688309 0.177122 -0.703462
vn -0.631941 0.523066 -0.571885
vn 0.372298 0.330899 0.867122
vn 0.508229 0.414568 0.754875
vn 0.591420 0.360664 0.721210
vn 0.403110 0.385093 0.830184
vn 0.684274 0.276118 0.674928
vn 0.671896 0.319560 0.668159
vn 0.910901 -0.163754 -0.378740
vn 0.723969 0.274909 0.632687
vn 0.709140 0.267201 0.652475
vn 0.679507 0.348192 0.645781
vn 0.707984 0.337643 0.620287
vn 0.231753 0.966694 -0.108596
vn 0.099838 0.972524 -0.210308
vn -0.179057 0.678103 -0.712822
vn -0.280349 0.638704 -0.716562
vn -0.373996 0.633828 -0.677044
vn 0.225950 0.931184 -0.286083
vn 0.599906 0.677847 -0.425012
vn 0.588436 0.770125 -0.246274
vn 0.803698 0.576166 -0.148667
vn 0.850584 0.468339 -0.239093
vn 0.597570 0.593990 0.538595
vn 0.647856 0.675315 0.352466
vn 0.443548 0.772348 0.454691
vn 0.255720 -0.959147 0.121012
vn 0.712035 0.417828 0.564292
vn 0.660715 0.395800 0.637808
vn 0.564907 0.494798 0.660345
vn 0.598484 0.401187 0.693445
vn 0.628518 0.268548 0.729963
vn 0.636797 0.161435 0.753942
vn 0.563204 0.385752 0.730751
vn 0.564439 0.467787 0.680135
vn 0.432830 0.426810 0.794035
vn 0.455542 0.528342 0.716475
vn 0.424188 0.084124 0.901658
vn 0.435372 0.194145 0.879067
vn 0.441124 0.382436 0.811882
vn 0.433785 0.520391 0.735543
vn 0.246768 -0.312621 0.917264
vn 0.346215 -0.881897 0.319990
vn 0.397698 -0.866716 0.301066
vn 0.471855 -0.870253 0.141465
vn 0.161820 -0.960567 0.226109
vn 0.727925 -0.462698 0.506000
vn 0.624037 -0.613409 0.484052
vn 0.786632 -0.184992 0.589057
vn 0.845176 -0.013261 0.534323
vn 0.573456 -0.650481 0.498018
vn 0.707121 -0.201938 0.677644
vn 0.228624 -0.783839 0.577346
vn 0.366406 -0.182818 0.912318
vn 0.383664 0.454190 0.804060
vn 0.388294 0.190526 0.901625
vn 0.776668 0.065607 0.626484
vn 0.810659 0.290570 0.508332
vn -0.957540 -0.015530 0.287882
vn 0.800461 0.435336 0.412001
vn 0.824997 0.423299 0.374430
vn 0.151614 0.982406 0.109045
vn 0.297648 0.842199 0.449562
vn 0.019920 0.971814 -0.234905
vn -0.909631 -0.088485 0.405885
vn -0.715293 -0.141166 0.684419
vn -0.241067 0.406948 -0.881068
vn -0.213403 0.474429 -0.854035
vn -0.176914 0.473431 -0.862881
vn 0.551009 0.829163 -0.094224
vn -0.480476 0.867665 0.127671
vn -0.208631 0.367040 -0.906507
vn 0.007844 0.977688 -0.209916
vn 0.467075 0.274555 0.840512
vn -0.964070 0.074958 0.254855
vn -0.096638 -0.616871 0.781109
vn -0.918902 -0.193639 0.343690
vn 0.482780 0.314277 0.817407
vn 0.014040 0.376613 0.926264
vn 0.112921 0.669466 0.734210
vn 0.327282 0.775015 0.540591
vn -0.972897 0.229318 -0.029740
vn -0.118753 0.705926 -0.698260
vn -0.142649 0.692278 -0.707392
vn 0.113543 0.886403 0.448774
vn 0.200639 0.575264 0.792979
vn 0.231472 0.315294 0.920331
vn -0.099863 0.479960 -0.871588
vn -0.090710 0.354093 -0.930801
vn -0.951152 -0.077257 0.298899
vn -0.526008 0.357501 -0.771692
vn -0.949156 0.089393 0.301848
vn -0.905164 0.108162 0.411071
vn -0.438965 -0.474595 -0.762935
vn -0.456571 -0.464529 -0.758786
vn -0.637408 -0.238935 -0.732545
vn -0.464993 0.346897 -0.814521
vn -0.326242 0.451243 -0.830630
vn -0.357462 0.429944 -0.829077
vn 0.249066 0.538030 0.805289
vn 0.258500 0.477241 0.839892
vn 0.207843 0.119738 0.970806
vn 0.228559 0.091685 0.969203
vn 0.232509 0.847877 -0.476491
vn 0.826062 0.339296 0.449999
vn 0.831032 0.291156 0.473934
vn 0.098192 -0.830960 0.547598
vn 0.756972 0.389224 0.524879
vn 0.758025 0.425253 0.494528
vn 0.807018 0.371634 0.458922
vn 0.741290 0.456572 0.491967
vn 0.373213 0.925358 -0.066512
vn 0.396919 0.915191 0.069862
vn 0.232255 0.967663 0.098414
vn 0.330822 0.921223 -0.204709
vn 0.469250 0.841870 -0.266568
vn 0.520796 0.847398 -0.103382
vn 0.537345 0.842031 0.047378
vn -0.815477 0.093733 0.571149
vn -0.893401 0.132915 0.429148
vn -0.849868 0.241103 0.468608
vn -0.778710 0.130819 0.613594
vn 0.322611 0.653491 -0.684742
vn 0.641496 0.064752 -0.764388
vn 0.517899 0.839763 0.163031
vn 0.392978 0.899501 0.190960
vn 0.410308 0.852942 0.322703
vn 0.520245 0.797641 0.305145
vn 0.226945 0.948475 0.221114
vn 0.138918 0.961648 0.236507
vn 0.269281 -0.196611 -0.942779
vn 0.499128 0.503481 0.705250
vn 0.774806 -0.228030 -0.589643
vn 0.898619 -0.223042 -0.377804
vn 0.968554 0.203615 0.142986
vn -0.530016 -0.809369 -0.252992
vn -0.472745 -0.696882 -0.539321
vn 0.959328 -0.167933 -0.226913
vn 0.942936 -0.186223 -0.276031
vn 0.643713 -0.258515 -0.720280
vn -0.079069 -0.232866 -0.969289
vn -0.149156 -0.051812 -0.987455
vn -0.060094 -0.319110 -0.945810
vn -0.406600 -0.130076 -0.904299
vn -0.643951 0.030605 -0.764454
vn -0.471177 -0.242657 -0.848003
vn 0.675079 0.691260 -0.257736
vn -0.789559 0.562270 -0.245865
vn 0.246446 -0.391955 -0.886361
vn 0.095974 -0.250432 -0.963365
vn -0.436695 -0.831931 -0.342329
vn -0.331606 -0.900132 -0.282487
vn -0.164094 -0.780075 0.603785
vn -0.055968 -0.931989 -0.358139
vn 0.124621 -0.929322 -0.347607
vn -0.530112 -0.670439 -0.519127
vn 0.032874 -0.874347 -0.484186
vn 0.978664 0.108802 0.174298
vn 0.331316 -0.867975 -0.369931
vn -0.445316 -0.783680 -0.433057
vn -0.257518 -0.944981 -0.201732
vn -0.036150 -0.937933 -0.344927
vn 0.394694 -0.843343 -0.364678
vn 0.004454 -0.815885 -0.578198
vn -0.464850 -0.574143 -0.673999
vn 0.788986 -0.144790 -0.597108
vn 0.771512 -0.252117 -0.584129
vn -0.959634 -0.275783 -0.055195
vn -0.947491 -0.127390 -0.293313
vn -0.980857 -0.052803 -0.187432
vn -0.986842 -0.142033 0.077264
vn -0.997016 -0.007422 0.076836
vn -0.905030 0.100588 0.413282
vn -0.935445 0.056658 0.348903
vn -0.810511 -0.049052 -0.583666
vn -0.829032 -0.324007 -0.455769
vn -0.407696 -0.911954 0.046088
vn -0.351584 -0.899052 0.260948
vn -0.367523 0.674093 -0.640722
vn -0.360774 0.658647 -0.660322
vn -0.903357 0.328943 -0.275214
vn -0.864210 0.401673 -0.302984
vn 0.745110 -0.345400 -0.570535
vn 0.747306 -0.274937 -0.604933
vn 0.193519 0.104167 -0.975551
vn 0.210163 -0.057360 -0.975982
vn 0.915331 -0.011981 -0.402524
vn -0.288121 0.738529 -0.609558
vn -0.829483 0.515139 -0.215846
vn -0.332767 0.067743 -0.940573
vn -0.882962 0.459030 -0.098336
vn -0.909076 0.014004 -0.416395
vn -0.903900 0.402725 -0.144145
vn -0.913732 0.355084 -0.197510
vn -0.937937 0.267273 -0.220996
vn -0.976662 0.211285 -0.038602
vn -0.991214 -0.095559 0.091452
vn -0.973612 -0.178077 0.142715
vn -0.990124 -0.073088 0.119635
vn -0.995269 -0.092934 -0.028353
vn 0.942346 -0.291728 -0.163948
vn 0.975415 0.216928 -0.038828
vn 0.955108 0.162043 -0.248012
vn 0.919147 0.385978 -0.078672
vn 0.901734 0.332480 -0.276285
vn 0.840275 0.261891 -0.474712
vn 0.885789 0.097933 -0.453638
vn 0.791976 -0.571857 0.213899
vn -0.930124 0.355751 -0.091162
vn 0.795926 0.441615 0.414100
vn 0.876870 0.359202 0.319488
vn 0.719910 0.510721 0.469992
vn 0.694007 0.583580 0.421650
vn 0.782727 0.528876 0.328068
vn 0.877740 0.431201 0.208896
vn 0.978924 0.138382 0.150191
vn 0.960962 0.242226 0.133711
vn 0.939532 0.247728 0.236455
vn -0.863601 -0.046045 0.502068
vn -0.883277 0.076710 0.462534
vn -0.808353 0.067123 0.584859
vn -0.750810 -0.060238 0.657766
vn 0.906257 0.414814 0.081415
vn 0.779930 0.616419 0.108340
vn 0.802867 0.596150 0.003200
vn 0.664760 0.745557 0.047323
vn 0.677597 0.732401 -0.066726
vn 0.648761 0.728441 -0.220188
vn 0.802305 0.579622 -0.142635
vn 0.738284 0.634487 0.228830
vn 0.653882 0.668902 0.353565
vn 0.639337 0.753097 0.155219
vn 0.604617 0.750121 0.267874
vn 0.921479 0.261588 0.287140
vn 0.829350 -0.364604 -0.423371
vn 0.919801 -0.120509 -0.373422
vn -0.250025 0.494891 0.832208
vn -0.139647 0.479609 0.866299
vn -0.162679 0.607126 0.777775
vn -0.269674 0.617916 0.738550
vn 0.988480 -0.149995 0.020208
vn -0.494019 -0.351066 -0.795423
vn -0.508032 -0.282996 -0.813521
vn -0.261261 -0.317743 -0.911473
vn -0.244090 -0.366120 -0.897985
vn 0.898701 0.098454 0.427367
vn 0.878527 0.114108 0.463863
vn 0.931688 0.033173 0.361742
vn 0.951536 -0.054028 0.302754
vn -0.284871 0.832517 0.475146
vn -0.183141 0.847705 0.497850
vn -0.178606 0.899089 0.399673
vn -0.276284 0.879685 0.387067
vn -0.536721 0.388000 0.749257
vn -0.597795 0.258143 0.758949
vn -0.556247 0.284279 0.780881
vn -0.509974 0.384803 0.769320
vn 0.883516 0.009915 0.468295
vn 0.899275 0.065220 0.432494
vn 0.905607 -0.000272 0.424117
vn 0.878046 0.028822 0.477707
vn 0.735106 0.194743 -0.649380
vn 0.760478 0.081854 -0.644184
vn -0.887971 0.029148 0.458976
vn -0.863350 0.093152 0.495932
vn 0.776433 0.022387 -0.629801
vn 0.687336 0.194273 0.699877
vn -0.171598 0.935779 0.308013
vn -0.263217 0.917638 0.297754
vn 0.245993 0.529979 -0.811548
vn 0.673194 0.463705 0.576010
vn 0.587550 0.536536 -0.605735
vn -0.022268 -0.096235 -0.995110
vn 0.422037 0.608637 -0.671897
vn 0.786439 0.532409 -0.313137
vn 0.744710 0.469045 -0.474766
vn 0.673326 0.384776 -0.631331
vn 0.771747 -0.125745 -0.623374
vn 0.555114 0.726637 0.404779
vn 0.678394 -0.370279 0.634567
vn 0.624486 -0.296230 0.722679
vn 0.774292 -0.264376 0.574959
vn 0.555832 -0.038391 0.830408
vn 0.703046 0.409554 0.581370
vn 0.750803 0.364448 0.550884
vn 0.768762 0.301130 0.564204
vn 0.581761 0.366025 0.726347
vn 0.604787 0.258345 0.753320
vn 0.865418 0.324498 0.381776
vn 0.841088 0.321696 0.434835
vn 0.827795 0.267951 0.492907
vn 0.866056 0.359731 0.347190
vn 0.880524 0.337550 0.332772
vn 0.905066 -0.283309 0.317163
vn 0.624628 0.008152 0.780880
vn 0.831656 0.258387 0.491512
vn 0.343989 0.257301 0.903033
vn 0.333933 0.057966 0.940813
vn 0.669980 0.162064 0.724473
vn 0.384126 0.414715 0.824900
vn 0.841869 0.496373 0.211824
vn 0.872752 0.353915 0.336227
vn 0.838969 0.446372 0.311262
vn 0.829052 0.432741 0.354130
vn 0.844932 0.379576 0.376845
vn 0.523850 0.421903 0.739986
vn 0.377026 0.447431 0.810961
vn 0.092250 0.024628 0.995431
vn 0.089088 0.024501 0.995722
vn 0.208472 0.321442 0.923696
vn 0.250410 0.312922 0.916174
vn 0.290295 0.494617 0.819196
vn 0.305622 0.507435 0.805670
vn 0.159831 -0.051147 0.985818
vn 0.273176 -0.102395 0.956499
vn 0.340360 -0.148165 0.928549
vn 0.450452 0.129275 0.883392
vn 0.541749 0.000529 0.840540
vn 0.503302 0.331019 0.798194
vn 0.609248 0.169219 0.774714
vn -0.776596 0.444595 0.446357
vn -0.753823 0.495837 0.431157
vn -0.635784 0.521368 0.569169
vn -0.684162 0.456402 0.568876
vn -0.023801 0.334382 0.942137
vn -0.069122 0.305338 0.949732
vn -0.175193 0.338341 0.924572
vn -0.131203 0.372733 0.918616
vn 0.356720 0.256259 0.898377
vn 0.405785 0.428993 0.807034
vn 0.293546 0.487191 0.822481
vn 0.315543 0.468254 0.825331
vn 0.451249 0.342430 0.824085
vn 0.463167 0.400350 0.790694
vn 0.373644 0.446907 0.812813
vn 0.362259 0.327307 0.872719
vn 0.565778 0.295821 0.769666
vn 0.489788 0.359571 0.794239
vn 0.521467 0.320487 0.790797
vn 0.222619 0.170200 0.959934
vn 0.110175 0.229704 0.967004
vn 0.350941 0.167772 0.921245
vn 0.478516 0.277173 0.833185
vn 0.396409 0.253745 0.882311
vn 0.598257 0.351322 0.720182
vn 0.610179 0.335944 0.717512
vn 0.533745 0.234622 0.812446
vn 0.455397 0.188195 0.870170
vn 0.591476 0.283096 0.754992
vn 0.108069 0.348107 0.931205
vn 0.259754 0.500741 0.825704
vn 0.927261 -0.128447 -0.351694
vn 0.846983 0.352448 0.397995
vn 0.852659 0.330529 0.404628
vn 0.451032 -0.682575 0.575033
vn 0.608156 -0.539762 0.582069
vn 0.644979 -0.069862 0.761001
vn 0.349372 -0.734620 0.581612
vn 0.521410 0.530490 0.668365
vn -0.461545 0.504411 0.729757
vn -0.527061 0.458066 0.715808
vn 0.716335 0.319259 0.620433
vn 0.816298 0.000918 0.577630
vn 0.751126 -0.324511 0.574893
vn -0.171408 0.731505 0.659939
vn -0.284809 0.732981 0.617756
vn -0.256719 0.960682 -0.105765
vn -0.252091 0.967608 -0.013582
vn -0.182799 0.983074 -0.012261
vn -0.180477 0.971503 -0.153656
vn 0.393852 0.119031 0.911434
vn 0.297133 -0.363573 0.882908
vn 0.811869 0.204371 0.546902
vn 0.851130 0.107001 0.513934
vn 0.746335 0.281203 0.603249
vn 0.826346 0.164681 0.538546
vn 0.843736 -0.031176 0.535852
vn 0.871274 0.046701 0.488570
vn 0.896368 0.001734 0.443308
vn 0.878322 0.070174 0.472892
vn -0.850024 -0.296767 -0.435187
vn -0.908995 -0.296408 -0.293035
vn -0.928091 -0.249378 -0.276508
vn -0.882295 -0.167853 -0.439752
vn 0.653222 0.539706 0.531054
vn -0.605136 -0.787706 0.115449
vn -0.614142 -0.653545 0.442390
vn -0.030579 0.036802 -0.998855
vn 0.628990 0.591658 0.504294
vn 0.667925 0.516343 0.535972
vn 0.450363 0.790973 0.414168
vn 0.490132 0.730270 0.475895
vn 0.594610 0.660151 0.458956
vn 0.526879 0.663667 0.530985
vn 0.553607 0.614932 0.561584
vn 0.560965 0.588170 0.582559
vn 0.539723 0.508133 0.671193
vn 0.499438 0.367430 0.784574
vn 0.808974 -0.091582 -0.580667
vn -0.240675 -0.970462 0.016676
vn -0.024453 -0.985355 -0.168752
vn -0.803239 0.250874 0.540249
vn -0.805942 0.151968 0.572157
vn -0.842215 0.169616 0.511766
vn -0.852879 0.272569 0.445313
vn 0.558670 -0.256680 0.788672
vn -0.034525 -0.081388 -0.996084
vn 0.522956 0.657185 0.542794
vn 0.824032 0.394339 0.406778
vn 0.795674 0.324637 0.511385
vn 0.465792 0.329252 0.821359
vn 0.978019 -0.098989 -0.183524
vn -0.008748 0.140901 0.989985
vn -0.073354 0.094046 0.992862
vn -0.121013 -0.095452 0.988051
vn -0.078197 0.015479 0.996818
vn -0.647796 0.189045 0.737985
vn -0.746430 0.238201 0.621372
vn -0.729145 0.309528 0.610360
vn -0.602570 0.381813 0.700806
vn -0.568067 0.404250 0.716855
vn -0.663517 0.263711 0.700144
vn -0.221792 0.391639 0.892988
vn -0.105995 0.365938 0.924583
vn -0.887643 0.189120 0.419910
vn -0.894565 0.194471 0.402410
vn -0.845630 0.405845 0.346698
vn -0.838274 0.403258 0.366989
vn -0.827610 0.265832 0.494363
vn -0.509078 0.494470 0.704513
vn -0.456724 0.311891 0.833143
vn -0.708906 0.071240 0.701696
vn -0.504365 0.330234 0.797848
vn -0.519339 0.282046 0.806683
vn -0.654707 0.220044 0.723146
vn -0.650387 0.275783 0.707771
vn -0.289615 0.783999 0.549062
vn -0.180293 0.793294 0.581531
vn -0.243732 -0.108102 0.963799
vn -0.349568 -0.325216 0.878656
vn -0.526933 -0.223918 0.819879
vn -0.345320 0.004673 0.938473
vn -0.412119 0.412261 0.812526
vn -0.340199 0.391277 0.855083
vn -0.472295 -0.740215 -0.478561
vn 0.513065 -0.718651 -0.469367
vn -0.999434 -0.024367 0.023181
vn -0.993382 -0.082761 -0.079642
vn -0.975957 0.111010 0.187576
vn -0.951983 0.141288 0.271599
vn -0.942672 0.094527 0.320054
vn -0.959676 0.156402 0.233583
vn -0.981578 0.040428 0.186735
vn -0.982586 -0.018985 0.184836
vn -0.917428 0.075977 -0.390582
vn -0.867379 0.001267 -0.497647
vn -0.414403 0.566006 0.712676
vn -0.409897 0.585876 0.699095
vn -0.293575 0.035384 -0.955281
vn -0.291008 -0.058730 -0.954916
vn -0.501915 -0.029764 -0.864404
vn -0.500527 0.046934 -0.864448
vn -0.827135 -0.388590 -0.406011
vn -0.874135 -0.385264 -0.295735
vn 0.746534 -0.647846 -0.151597
vn -0.050226 0.515036 0.855696
vn -0.438775 0.239792 0.866012
vn -0.365743 0.873748 -0.320620
vn 0.401789 -0.911408 0.088885
vn -0.472530 -0.738931 0.480309
vn -0.226649 0.271479 0.935377
vn -0.645503 0.317137 0.694802
vn -0.355489 0.350612 0.866429
vn 0.647811 -0.474000 0.596376
vn -0.115418 -0.951822 0.284102
vn -0.197800 -0.872851 0.446101
vn -0.541263 -0.759656 0.360496
vn -0.490106 -0.855562 0.166761
vn -0.171618 0.962132 0.211776
vn -0.883172 0.091284 0.460082
vn -0.501697 -0.712759 -0.490179
vn 0.149075 -0.906609 -0.394761
vn -0.069501 -0.947678 -0.311569
vn 0.244212 -0.858463 -0.451000
vn -0.697762 -0.470916 0.539783
vn 0.558083 -0.762823 -0.326564
vn -0.804457 0.444263 0.394308
vn -0.807834 -0.567633 -0.158736
vn -0.892158 -0.357147 -0.276585
vn -0.943220 -0.267296 -0.197205
vn -0.918526 -0.392484 -0.047607
vn -0.522076 -0.004279 0.852888
vn -0.881024 0.126671 0.455798
vn -0.892195 0.220242 0.394312
vn -0.934618 0.161609 0.316814
vn -0.915593 0.102748 0.388758
vn -0.889126 0.316534 0.330545
vn -0.938712 0.240816 0.246634
vn -0.963612 0.188402 0.189623
vn -0.989502 0.112690 0.090478
vn -0.328932 0.786294 0.523016
vn -0.648900 0.313038 0.693496
vn -0.514546 0.012231 0.857376
vn -0.389079 0.739325 0.549560
vn -0.032881 0.870366 0.491306
vn 0.034873 0.991625 0.124352
vn -0.279171 0.796554 0.536250
vn -0.528703 0.613750 0.586331
vn -0.736386 0.205956 0.644452
vn -0.108102 0.840487 0.530938
vn -0.236114 0.961862 0.138098
vn -0.205824 0.976439 0.064840
vn -0.090035 0.821142 0.563578
vn 0.032984 0.595872 0.802402
vn 0.035395 0.351356 0.935573
vn -0.364660 0.810126 0.459042
vn -0.461741 0.707194 0.535417
vn -0.302615 0.854008 0.423196
vn -0.124880 0.428652 0.894797
vn -0.244743 -0.707920 0.662533
vn -0.421105 -0.788507 0.448249
vn -0.588398 0.478125 0.652062
vn -0.172107 0.730342 0.661044
vn 0.010331 0.753336 0.657555
vn -0.185340 0.492826 0.850160
vn -0.213777 -0.705419 0.675784
vn -0.166508 0.224894 0.960051
vn -0.171205 0.081513 0.981858
vn -0.011524 0.077732 0.996908
vn -0.002655 0.235695 0.971823
vn -0.130252 0.135348 0.982199
vn -0.281711 0.095183 0.954767
vn -0.301176 0.124950 0.945347
vn -0.302358 0.144366 0.942199
vn 0.053016 0.363277 0.930172
vn 0.040131 0.553983 0.831560
vn -0.317476 -0.029917 0.947794
vn -0.176597 -0.036549 0.983604
vn -0.019392 0.010162 0.999760
vn 0.073550 0.215156 0.973806
vn 0.030504 0.419284 0.907343
vn 0.063322 0.488963 0.870003
vn -0.190339 -0.147532 0.970570
vn -0.200471 -0.138478 0.969864
vn -0.096278 0.082587 0.991922
vn -0.048620 0.029422 0.998384
vn -0.381217 -0.231910 0.894925
vn -0.436867 -0.169780 0.883358
vn -0.783731 0.117488 0.609887
vn -0.742517 0.207966 0.636725
vn -0.755427 0.125333 0.643134
vn -0.765589 0.038348 0.642186
vn -0.693191 0.105910 0.712930
vn -0.693439 0.054195 0.718474
vn -0.644076 0.120435 0.755421
vn -0.616351 0.247468 0.747577
vn -0.592748 0.406268 0.695410
vn -0.574367 0.392268 0.718490
vn -0.590631 0.361900 0.721237
vn -0.776362 -0.014834 0.630113
vn -0.766400 -0.063923 0.639175
vn -0.763483 0.240228 0.599487
vn -0.725331 0.347107 0.594485
vn -0.769790 0.002588 0.638292
vn -0.755256 -0.026241 0.654904
vn -0.685083 -0.038477 0.727448
vn -0.680784 -0.076951 0.728431
vn -0.540770 -0.035179 0.840434
vn -0.498611 -0.124394 0.857854
vn -0.340824 -0.016467 0.939983
vn -0.229458 -0.638883 0.734287
vn -0.392154 0.046160 0.918741
vn -0.522854 -0.202099 0.828118
vn -0.421531 -0.385571 0.820760
vn -0.692676 -0.146004 0.706316
vn -0.746078 -0.073071 0.661837
vn -0.758667 -0.029583 0.650807
vn -0.732696 0.030904 0.679855
vn -0.750691 0.107375 0.651870
vn -0.721238 -0.024640 0.692249
vn -0.690377 0.031832 0.722750
vn -0.692604 -0.042120 0.720087
vn -0.732085 -0.096491 0.674345
vn -0.733724 0.040095 0.678264
vn -0.718334 0.069479 0.692220
vn -0.689565 -0.194858 0.697517
vn -0.664597 -0.165347 0.728677
vn -0.511184 -0.280109 0.812545
vn -0.495958 -0.267648 0.826069
vn -0.435197 -0.478480 0.762667
vn -0.433045 -0.245761 0.867222
vn -0.178111 0.647966 0.740552
vn -0.112931 0.991956 -0.057175
vn 0.009110 0.989507 -0.144200
vn -0.204369 0.730603 0.651501
vn -0.355395 0.036238 0.934013
vn -0.021041 0.998964 -0.040360
vn -0.058085 0.994389 0.088407
vn -0.125763 0.886165 0.445978
vn -0.070804 0.880052 0.469570
vn 0.002799 0.994748 0.102312
vn -0.161822 0.975045 0.151988
vn -0.189939 0.884279 0.426583
vn -0.246781 0.925983 0.285752
vn -0.247001 0.872939 0.420675
vn -0.252884 0.910622 0.326829
vn -0.057506 -0.296245 0.953379
vn -0.056906 -0.635902 0.769669
vn -0.094559 -0.515157 0.851864
vn -0.193911 -0.200881 0.960232
vn -0.641596 -0.283248 -0.712829
vn -0.642932 -0.166523 -0.747602
vn -0.508599 -0.172811 -0.843483
vn -0.628386 0.258879 0.733562
vn -0.452360 -0.166037 0.876243
vn -0.526540 -0.248544 0.813008
vn -0.697637 0.006338 0.716424
vn -0.561364 -0.075389 0.824128
vn -0.622493 -0.222518 0.750325
vn -0.398880 0.002460 0.917000
vn -0.456730 0.349781 0.817955
vn -0.379385 0.391645 0.838261
vn 0.284487 -0.699788 0.655259
vn 0.288963 -0.837374 0.464010
vn 0.464752 -0.870632 0.161263
vn 0.456257 -0.781222 0.426053
vn 0.325883 -0.636197 0.699324
vn 0.438742 -0.628822 0.641941
vn 0.238697 -0.576518 0.781442
vn 0.169702 -0.745288 0.644785
vn 0.076350 -0.845913 0.527828
vn 0.281810 -0.271583 0.920231
vn 0.258529 0.099504 0.960865
vn 0.150522 0.523810 0.838431
vn 0.082036 0.733597 0.674615
vn -0.790831 0.053081 0.609728
vn -0.712518 0.284725 0.641288
vn -0.839382 0.057125 0.540532
vn -0.607867 0.584220 0.537759
vn -0.589861 0.529441 0.609718
vn -0.401206 0.749821 0.526120
vn -0.399315 0.607886 0.686310
vn -0.551363 0.432920 0.713147
vn -0.650945 0.323886 0.686562
vn 0.114691 0.800023 0.588905
vn 0.089528 0.771826 0.629500
vn 0.108580 0.762082 0.638311
vn -0.043525 0.830892 0.554729
vn 0.061832 0.933268 0.353818
vn -0.026135 0.853003 0.521252
vn 0.060225 0.795195 0.603355
vn 0.065606 0.785423 0.615473
vn -0.118385 0.826552 0.550269
vn -0.113463 0.822815 0.556867
vn -0.383249 0.650111 0.656107
vn 0.095345 0.430534 0.897524
vn 0.254274 -0.068994 0.964668
vn -0.298057 0.538650 0.788047
vn 0.029136 -0.023589 0.999297
vn -0.070942 0.800475 0.595153
vn 0.319014 -0.385470 0.865819
vn 0.313000 -0.428093 0.847801
vn -0.712366 0.204550 0.671338
vn -0.605370 0.270286 0.748647
vn -0.592332 0.034474 0.804956
vn -0.720597 0.157835 0.675150
vn -0.690707 0.107489 0.715101
vn -0.734958 0.094267 0.671528
vn -0.651681 -0.087879 0.753385
vn -0.623505 -0.179002 0.761052
vn -0.664792 0.058673 0.744721
vn -0.692873 0.072389 0.717417
vn -0.450376 0.333597 0.828176
vn -0.374085 -0.045780 0.926264
vn -0.702454 -0.206212 0.681201
vn -0.623308 -0.273306 0.732660
vn -0.545931 -0.311184 0.777897
vn -0.542474 -0.402603 0.737315
vn -0.719608 -0.197788 0.665615
vn -0.652214 -0.295940 0.697880
vn -0.719962 -0.143272 0.679063
vn -0.600802 -0.293801 0.743450
vn -0.574607 -0.428534 0.697270
vn -0.125518 -0.454023 0.882104
vn 0.063324 -0.670533 0.739172
vn 0.147461 -0.846195 0.512063
vn -0.039296 -0.823845 0.565452
vn -0.069446 -0.772949 0.630656
vn 0.332904 -0.924144 0.187438
vn -0.111315 -0.676408 0.728066
vn 0.077457 -0.956655 0.280735
vn -0.086696 -0.420369 0.903202
vn -0.135375 -0.407226 0.903239
vn 0.000353 -0.949924 0.312481
vn -0.094395 -0.920767 0.378520
vn -0.155386 -0.929147 0.335470
vn -0.149406 -0.912017 0.381972
vn -0.267528 -0.732371 0.626148
vn -0.206258 -0.704673 0.678891
vn -0.164668 -0.919308 0.357431
vn -0.343117 -0.839796 0.420730
vn -0.122079 -0.751369 0.648491
vn -0.145469 -0.663762 0.733661
vn -0.064545 -0.830786 0.552836
vn -0.122882 -0.935522 0.331209
vn -0.056329 -0.946828 0.316772
vn -0.130510 -0.812282 0.568476
vn -0.055128 -0.774208 0.630525
vn -0.111622 -0.729473 0.674840
vn -0.076151 -0.821786 0.564685
vn -0.276306 0.364615 -0.889219
vn -0.290744 0.172039 -0.941207
vn -0.487261 0.163379 -0.857837
vn -0.452569 0.335583 -0.826175
vn 0.167340 -0.932716 0.319436
vn -0.019380 -0.904685 0.425639
vn -0.578407 0.320431 -0.750180
vn -0.547594 0.462724 -0.697156
vn -0.429177 0.490930 -0.758152
vn -0.633184 -0.130194 -0.762973
vn -0.469762 0.624622 -0.623836
vn -0.346919 -0.603400 0.718022
vn -0.197296 -0.598539 0.776418
vn -0.623973 -0.489507 0.609131
vn -0.447809 -0.233225 0.863176
vn -0.078899 -0.135879 0.987579
vn 0.172075 -0.074025 0.982299
vn -0.129890 -0.679661 0.721935
vn 0.072793 -0.255293 0.964119
vn 0.057361 -0.021539 0.998121
vn -0.011247 -0.591313 0.806364
vn -0.111286 -0.491739 0.863602
vn -0.157327 0.068786 0.985148
vn 0.128816 0.275962 0.952497
vn 0.265282 0.107058 0.958209
vn 0.151691 0.267855 0.951443
vn 0.116985 -0.080384 0.989875
vn -0.168508 0.550147 0.817890
vn -0.164292 0.459722 0.872733
vn 0.011455 0.424286 0.905456
vn -0.059054 0.442402 0.894870
vn -0.039473 0.703795 0.709305
vn -0.150653 0.686736 0.711124
vn -0.164970 0.896087 0.412085
vn -0.362992 0.579936 0.729322
vn -0.202878 0.316465 0.926656
vn -0.266698 0.875310 0.403367
vn 0.017345 0.085638 0.996175
vn -0.216213 -0.013327 0.976255
vn -0.190324 -0.012290 0.981644
vn -0.166783 0.044202 0.985002
vn -0.052497 -0.206074 0.977127
vn 0.235065 0.133355 0.962788
vn -0.241570 0.147659 0.959083
vn -0.086581 0.298856 0.950363
vn -0.279041 0.131475 0.951236
vn -0.130870 0.318607 0.938809
vn 0.063618 0.123694 0.990279
vn 0.002695 0.161833 0.986814
vn 0.006031 0.342148 0.939627
vn -0.040280 0.361895 0.931348
vn -0.234020 -0.069163 0.969769
vn -0.405220 -0.114559 0.907013
vn -0.266792 0.137198 0.953938
vn -0.372794 0.070217 0.925254
vn -0.151236 0.234899 0.960182
vn -0.128708 0.134335 0.982542
vn -0.559200 -0.581793 0.590603
vn -0.679590 0.130728 0.721850
vn -0.623928 0.292686 0.724603
vn -0.595008 0.276341 0.754719
vn -0.646479 0.099965 0.756354
vn -0.619986 0.013377 0.784499
vn -0.559187 0.232474 0.795780
vn -0.499157 0.158906 0.851816
vn -0.492840 -0.154845 0.856231
vn -0.493125 -0.023894 0.869630
vn -0.462274 0.225611 0.857556
vn -0.677723 0.027159 0.734816
vn -0.627754 -0.200548 0.752134
vn -0.647391 0.018353 0.761937
vn -0.620055 -0.191709 0.760776
vn -0.497454 -0.179848 0.848643
vn -0.453372 0.046469 0.890109
vn -0.691228 -0.261674 0.673596
vn -0.716307 0.013817 0.697648
vn -0.581522 -0.547157 0.602040
vn -0.420719 -0.484900 0.766725
vn -0.365099 0.282994 0.886914
vn -0.297170 0.385693 0.873459
vn -0.545458 0.379120 0.747492
vn -0.456429 0.513990 0.726282
vn -0.037677 0.203546 0.978340
vn -0.122468 0.303473 0.944937
vn -0.088340 0.376898 0.922033
vn -0.209158 0.448010 0.869218
vn -0.642181 -0.332972 -0.690459
vn -0.644229 -0.011983 -0.764739
vn -0.456491 -0.329248 0.826566
vn -0.337676 -0.357279 0.870820
vn -0.192222 -0.417784 0.887979
vn -0.321620 -0.432182 0.842484
vn -0.680445 -0.052911 0.730887
vn -0.716825 -0.161248 0.678352
vn -0.550156 -0.349763 0.758284
vn -0.460162 -0.392923 0.796155
vn -0.535215 -0.470503 0.701550
vn -0.521593 -0.474240 0.709251
vn -0.550093 -0.501390 0.667837
vn -0.537302 -0.485851 0.689388
vn -0.583238 -0.416637 0.697314
vn -0.625962 -0.450402 0.636639
vn -0.558235 -0.449616 0.697294
vn -0.534853 -0.461906 0.707513
vn -0.670293 -0.347045 0.655948
vn -0.367050 -0.712311 0.598237
vn -0.263462 -0.593733 0.760308
vn -0.260641 -0.512228 0.818345
vn -0.413787 -0.650463 0.636928
vn -0.402958 -0.734529 0.545978
vn -0.434774 -0.650731 0.622512
vn -0.170040 -0.643920 0.745959
vn -0.099599 -0.531698 0.841057
vn 0.020685 -0.343809 0.938812
vn -0.098601 -0.176220 0.979400
vn -0.167676 -0.413961 0.894718
vn -0.148684 -0.314403 0.937573
vn -0.619287 0.600509 -0.505838
vn -0.642221 0.672513 -0.367802
vn -0.460879 0.790784 -0.402803
vn -0.457329 0.689361 -0.561811
vn -0.242478 -0.429544 0.869883
vn -0.223020 -0.464430 0.857069
vn -0.258649 -0.555354 0.790369
vn -0.299286 -0.492291 0.817360
vn -0.378798 -0.534712 0.755377
vn -0.336529 -0.595821 0.729209
vn -0.366721 -0.613943 0.698992
vn -0.451222 -0.528370 0.719183
vn -0.544511 -0.405847 0.734027
vn -0.474124 -0.494127 0.728728
vn -0.184200 -0.327968 0.926557
vn -0.155074 -0.469204 0.869367
vn -0.620278 0.158606 -0.768179
vn -0.688814 0.291656 0.663681
vn -0.779873 0.241861 0.577323
vn -0.750855 0.177270 0.636233
vn -0.203210 -0.451576 0.868783
vn -0.336917 -0.487531 0.805481
vn -0.448578 -0.513723 0.731346
vn -0.474102 -0.546121 0.690637
vn -0.475309 -0.601420 0.642165
vn -0.911600 0.014129 0.410836
vn -0.858849 0.072458 0.507077
vn 0.265462 0.075948 -0.961125
vn -0.136261 0.317097 -0.938553
vn -0.603802 0.200382 -0.771537
vn -0.239229 -0.699927 -0.672958
vn -0.106607 -0.914720 -0.389772
vn -0.805533 0.155665 0.571739
vn -0.921387 -0.012990 0.388429
vn -0.912029 -0.213052 0.350446
vn 0.798917 -0.560880 0.217129
vn 0.806823 -0.450241 0.382518
vn -0.184770 -0.517253 0.835649
vn -0.596485 -0.451614 -0.663513
vn -0.614896 -0.444168 -0.651627
vn 0.754700 -0.436411 0.489872
vn -0.753905 0.145879 0.640583
vn 0.633173 0.035104 -0.773214
vn 0.759007 0.001930 -0.651080
vn 0.754140 -0.086999 -0.650925
vn 0.720608 -0.068178 -0.689982
vn 0.799580 -0.085032 -0.594509
vn 0.583300 -0.179718 -0.792125
vn -0.886117 0.119687 0.447741
vn -0.972326 -0.039452 0.230272
vn 0.222212 -0.757951 -0.613297
vn 0.508347 -0.613454 -0.604365
vn 0.519481 -0.691231 -0.502333
vn -0.736889 0.096771 0.669051
vn -0.734884 -0.520383 -0.434911
vn -0.236933 -0.457738 -0.856936
vn 0.693749 0.154520 -0.703446
vn -0.213321 -0.125850 -0.968843
vn -0.251785 -0.114595 -0.960975
vn -0.461355 -0.047553 -0.885940
vn -0.999891 0.014601 0.002347
vn -0.559918 0.008826 -0.828501
vn -0.918499 0.354714 0.174749
vn -0.981162 0.060008 -0.183629
vn -0.139550 0.969022 -0.203768
vn 0.016412 -0.281063 -0.959549
vn 0.148005 -0.273920 -0.950296
vn 0.095301 -0.358147 -0.928789
vn 0.442629 -0.824553 -0.352409
vn 0.186103 -0.383933 -0.904412
vn -0.267062 -0.537045 -0.800163
vn 0.204962 -0.646680 -0.734708
vn -0.608636 -0.568871 -0.553126
vn -0.169805 0.464956 0.868897
vn -0.828654 -0.558299 -0.040446
vn -0.994931 -0.100545 0.001670
vn -0.954409 -0.015794 0.298084
vn -0.965688 -0.062440 0.252086
vn -0.166385 -0.712290 0.681879
vn -0.878821 -0.391647 -0.272556
vn -0.408655 0.092078 0.908032
vn -0.185081 0.695241 0.694540
vn -0.055183 0.827178 0.559223
vn -0.353200 0.455347 0.817257
vn -0.658424 0.209769 0.722824
vn -0.986839 -0.151984 0.055225
vn -0.802965 -0.215246 0.555803
vn -0.881249 -0.024351 0.472024
vn -0.619280 -0.179744 0.764320
vn -0.990896 0.030247 -0.131187
vn -0.962585 -0.267001 0.046265
vn 0.592752 0.705735 0.388051
vn -0.351580 -0.641090 0.682198
vn -0.176230 -0.040811 -0.983503
vn -0.874749 0.251942 0.413933
vn -0.930567 0.236584 0.279417
vn -0.798383 0.498777 0.337352
vn -0.902044 -0.369910 -0.222448
vn -0.884740 -0.298124 -0.358268
vn -0.702283 -0.654080 -0.281032
vn -0.854030 -0.510748 -0.098833
vn -0.332582 -0.156910 -0.929929
vn -0.792871 0.096041 0.601774
vn -0.424528 -0.117857 -0.897711
vn -0.063976 -0.157641 -0.985422
vn -0.122382 -0.256416 -0.958788
vn -0.215598 -0.165189 -0.962408
vn -0.896753 0.208478 0.390347
vn -0.921469 0.386854 0.035193
vn -0.885977 0.126895 0.446029
vn -0.543870 0.793570 0.272859
vn -0.966028 -0.220476 0.134831
vn -0.545751 -0.683741 0.484410
vn -0.872312 -0.456168 0.176017
vn -0.980045 -0.015518 0.198169
vn -0.862685 0.119756 0.491358
vn -0.850697 0.202460 0.485103
vn 0.756997 0.028470 -0.652798
vn 0.636214 0.194474 -0.746600
vn -0.722069 0.058143 0.689373
vn -0.678570 0.057574 0.732276
vn -0.499382 0.009347 0.866332
vn -0.651045 0.318496 0.688985
vn -0.690801 0.452119 0.564254
vn -0.502941 0.289221 0.814495
vn -0.323752 0.924403 -0.201650
vn -0.226515 0.965798 -0.126199
vn -0.615568 0.762269 0.200056
vn -0.640002 0.719022 0.270932
vn -0.361951 0.177185 0.915203
vn -0.214702 0.000779 0.976679
vn -0.325269 0.009548 0.945573
vn -0.359040 0.045477 0.932214
vn 0.885526 0.057588 -0.461007
vn 0.901855 -0.153744 -0.403759
vn 0.663205 -0.737440 -0.127829
vn 0.954024 0.191331 -0.230720
vn 0.821830 0.118475 -0.557278
vn 0.776752 0.501947 -0.380402
vn 0.821019 -0.059320 -0.567810
vn 0.852487 -0.086964 -0.515465
vn -0.249663 0.216157 0.943898
vn -0.316234 0.253223 0.914262
vn -0.163002 -0.064261 0.984531
vn -0.160974 -0.023281 0.986684
vn -0.118422 -0.078570 0.989850
vn -0.110801 -0.064767 0.991730
vn -0.319186 0.240586 0.916645
vn -0.395098 0.134928 0.908676
vn -0.723414 -0.234359 0.649421
vn -0.395632 -0.139454 0.907760
vn -0.952565 0.266475 0.147005
vn -0.996760 -0.062142 0.051066
vn -0.905883 -0.266232 0.329388
vn -0.960830 0.120531 0.249555
vn -0.559635 -0.815499 0.147546
vn -0.870835 -0.488708 0.053016
vn -0.223983 -0.973844 0.038196
vn -0.190387 -0.980940 0.038845
vn -0.542456 -0.838984 0.042971
vn -0.774938 -0.444750 0.449077
vn -0.521355 -0.673545 0.523953
vn -0.111528 -0.958818 0.261206
vn -0.329724 -0.908736 0.255891
vn -0.715936 -0.569461 0.403918
vn -0.538134 -0.837358 0.096146
vn -0.607900 -0.792710 -0.045493
vn -0.835951 0.392606 0.383466
vn -0.806609 0.396352 0.438506
vn -0.825248 0.347660 0.445083
vn -0.822318 0.364103 0.437289
vn -0.800106 -0.374929 0.468250
vn -0.893403 0.021455 0.448744
vn -0.765287 -0.357971 0.534971
vn -0.861696 0.141665 0.487248
vn -0.385193 0.148291 0.910844
vn -0.287969 -0.946095 0.148251
vn -0.254639 -0.960928 0.108520
vn -0.292418 -0.898735 0.326754
vn -0.252609 0.628299 -0.735818
vn -0.254877 0.732180 -0.631625
vn -0.251009 0.907018 -0.338100
vn -0.223447 0.940216 -0.257031
vn -0.122649 -0.116644 0.985572
vn -0.069970 -0.088681 0.993599
vn 0.044777 -0.885041 -0.463354
vn 0.026723 -0.908604 -0.416803
vn 0.032544 -0.960969 -0.274734
vn 0.039073 -0.944541 -0.326060
vn 0.069787 -0.923547 -0.377083
vn 0.131698 -0.862795 -0.488099
vn 0.045569 -0.859868 -0.508479
vn 0.012996 -0.882663 -0.469827
vn -0.145143 -0.959722 0.240554
vn -0.074814 -0.959261 0.272435
vn -0.171137 -0.548599 0.818383
vn -0.329497 -0.572780 0.750570
vn -0.652728 0.180290 0.735827
vn -0.625166 0.030804 0.779883
vn -0.537023 0.020000 0.843331
vn -0.428351 -0.125664 0.894832
vn -0.445854 -0.562651 0.696159
vn -0.490863 -0.604604 0.627301
vn -0.317960 -0.904466 0.284329
vn -0.273023 -0.952226 0.136832
vn -0.159300 -0.987024 0.020183
vn -0.336860 -0.881925 0.329748
vn -0.186946 -0.943487 0.273649
vn -0.632192 -0.286204 0.720014
vn -0.309168 -0.932981 0.184285
vn -0.421948 0.546219 0.723605
vn -0.434065 0.520245 0.735481
vn -0.278052 -0.189712 0.941646
vn -0.077451 -0.146244 0.986212
vn -0.083062 -0.199629 0.976345
vn -0.298187 -0.060911 0.952562
vn -0.483738 0.068966 0.872491
vn -0.427531 -0.201708 0.881210
vn -0.304267 -0.776401 0.551927
vn -0.291031 -0.181125 0.939412
vn -0.311116 -0.202950 0.928449
vn -0.440538 -0.211185 0.872541
vn -0.437435 -0.314716 0.842380
vn -0.515187 -0.259817 0.816748
vn -0.559733 0.100352 0.822574
vn -0.501345 0.016390 0.865092
vn -0.528780 -0.381625 0.758125
vn -0.167862 -0.363529 0.916335
vn -0.439927 -0.045439 0.896883
vn -0.389560 -0.362939 0.846474
vn -0.436549 -0.508394 0.742267
vn -0.245449 -0.423948 0.871793
vn -0.212873 -0.263953 0.940752
vn -0.343625 -0.169372 0.923707
vn -0.382331 -0.209420 0.899981
vn -0.498750 -0.477490 0.723361
vn -0.444249 -0.420952 0.790849
vn -0.386287 -0.564974 0.729099
vn -0.492734 -0.593105 0.636741
vn -0.334942 -0.881213 0.333582
vn -0.546373 -0.525408 0.652245
vn -0.440649 -0.762281 0.474085
vn -0.455371 -0.638052 0.620908
vn -0.548342 -0.442299 0.709714
vn -0.186677 -0.915431 -0.356563
vn 0.077816 -0.920154 -0.383747
vn -0.082694 -0.993940 -0.072429
vn -0.193493 -0.917851 -0.346568
vn -0.395952 -0.901122 -0.176637
vn -0.379099 -0.875361 -0.300046
vn 0.191520 -0.965335 -0.177339
vn 0.272344 -0.918880 -0.285461
vn -0.868767 0.492433 -0.052478
vn -0.988797 -0.144070 0.039053
vn -0.781180 0.614514 0.110137
vn -0.558337 -0.724890 -0.403477
vn -0.391394 -0.905511 0.163892
vn -0.375796 -0.825199 0.421693
vn -0.454912 -0.423859 0.783198
vn -0.489465 -0.462960 0.738980
vn -0.467926 -0.609576 0.639892
vn -0.411109 -0.716211 0.563943
vn -0.300392 -0.900208 0.315264
vn 0.197785 -0.831344 -0.519373
vn -0.114977 -0.993291 0.012406
vn 0.292673 -0.834347 -0.467127
vn 0.407863 -0.748463 -0.522926
vn 0.174406 -0.906712 -0.384000
vn 0.753938 -0.558296 -0.346242
vn 0.556485 -0.707816 -0.435110
vn 0.837460 -0.267442 -0.476587
vn 0.705054 -0.500284 -0.502607
vn 0.046840 -0.982668 -0.179356
vn -0.533435 -0.301337 0.790344
vn -0.345155 -0.303365 0.888165
vn -0.170716 -0.219997 0.960446
vn -0.355979 0.520117 0.776375
vn -0.396216 0.541491 0.741485
vn -0.691758 0.603742 0.396191
vn 0.034555 -0.994754 -0.096282
vn -0.595139 0.276690 0.754488
vn 0.698332 0.202377 -0.686568
vn 0.633469 0.533639 -0.560309
vn -0.408257 0.348277 0.843818
vn -0.518501 0.439036 0.733760
vn -0.610958 0.302663 0.731523
vn -0.484539 0.324967 0.812169
vn -0.680671 0.222836 0.697876
vn -0.689967 0.328913 0.644796
vn -0.738941 0.309992 0.598223
vn -0.701745 0.231298 0.673836
vn -0.665284 0.372119 0.647243
vn -0.735270 0.377714 0.562770
vn -0.173021 0.980088 -0.097422
vn -0.009431 0.966935 -0.254847
vn 0.210916 0.701825 -0.680409
vn 0.304499 0.662037 -0.684826
vn 0.442638 0.615654 -0.651952
vn -0.181026 0.959555 -0.215603
vn -0.492106 0.765482 0.414570
vn -0.573405 0.768125 0.284940
vn -0.300453 0.900287 0.314978
vn -0.183134 -0.981415 0.057323
vn -0.691161 0.570346 0.443849
vn -0.595626 0.590712 0.544324
vn -0.486695 0.631731 0.603360
vn -0.569245 0.384718 0.726603
vn -0.598826 0.198547 0.775878
vn -0.595889 0.116177 0.794619
vn -0.554736 0.378122 0.741142
vn -0.536297 0.510815 0.671903
vn -0.395291 0.438011 0.807398
vn -0.409846 0.552698 0.725639
vn -0.408227 0.048769 0.911577
vn -0.419245 0.134540 0.897849
vn -0.413063 0.367489 0.833265
vn -0.359060 0.621587 0.696208
vn -0.275556 -0.386688 0.880080
vn -0.359699 -0.882260 0.303700
vn -0.431694 -0.870643 0.235843
vn -0.546367 -0.824999 0.144430
vn -0.141143 -0.971197 0.191976
vn -0.729719 -0.493515 0.473237
vn -0.652493 -0.607622 0.452823
vn -0.783055 -0.229202 0.578179
vn -0.833498 -0.091871 0.544831
vn -0.600467 -0.623700 0.500437
vn -0.710257 -0.224629 0.667141
vn -0.278555 -0.733921 0.619489
vn -0.381213 -0.193926 0.903919
vn -0.364616 0.438997 0.821180
vn -0.390201 0.195656 0.899701
vn -0.755827 0.059095 0.652100
vn -0.794906 0.267874 0.544397
vn -0.798406 0.402969 0.447397
vn -0.834894 0.379951 0.398233
vn -0.189591 0.976470 0.102767
vn -0.230845 0.886461 0.401120
vn -0.004939 0.972815 -0.231533
vn 0.269757 0.383850 -0.883114
vn 0.244677 0.477749 -0.843735
vn 0.213301 0.481854 -0.849894
vn 0.232362 0.360067 -0.903526
vn 0.000357 0.972867 -0.231364
vn 0.125940 0.703244 -0.699705
vn 0.193708 0.699961 -0.687409
vn -0.109289 0.894034 0.434464
vn -0.164770 0.626910 0.761469
vn -0.198164 0.336341 0.920655
vn 0.134633 0.490115 -0.861198
vn 0.121772 0.351022 -0.928416
vn 0.529501 0.356880 -0.769588
vn 0.487045 0.320950 -0.812267
vn 0.345142 0.446175 -0.825715
vn 0.362586 0.380443 -0.850761
vn -0.224412 0.566244 0.793100
vn -0.260337 0.461859 0.847886
vn -0.207291 0.062887 0.976256
vn -0.230261 0.078160 0.969985
vn -0.251086 0.842945 -0.475815
vn -0.843012 0.300572 0.446079
vn -0.843989 0.206606 0.494972
vn -0.793062 0.298242 0.531134
vn -0.789235 0.389514 0.474750
vn -0.826551 0.399492 0.396509
vn -0.760544 0.488821 0.427349
vn -0.401910 0.912664 -0.074243
vn -0.426704 0.902307 0.061360
vn -0.260360 0.961105 0.092145
vn -0.355787 0.910912 -0.208936
vn -0.485663 0.832259 -0.267352
vn -0.539796 0.834684 -0.109189
vn -0.559465 0.828057 0.036348
vn -0.331124 0.765616 -0.551533
vn -0.641782 0.054168 -0.764972
vn -0.543061 0.826537 0.148060
vn -0.425238 0.887744 0.176303
vn -0.444301 0.846278 0.293955
vn -0.545796 0.791964 0.273677
vn -0.260261 0.943695 0.204216
vn -0.176267 0.958805 0.222762
vn -0.283281 -0.202601 -0.937393
vn -0.429196 0.541397 0.722966
vn -0.752372 -0.269355 -0.601152
vn -0.875636 -0.249918 -0.413282
vn -0.981969 -0.083740 0.169484
vn 0.420854 -0.746056 -0.516026
vn 0.157901 -0.712949 -0.683207
vn -0.946307 -0.268688 -0.179747
vn -0.941158 -0.239051 -0.238907
vn -0.635931 -0.289626 -0.715338
vn 0.112548 -0.241213 -0.963924
vn 0.185928 -0.054196 -0.981068
vn 0.121268 -0.325670 -0.937674
vn 0.395510 -0.140371 -0.907672
vn 0.580286 -0.001270 -0.814411
vn 0.464042 -0.295933 -0.834919
vn -0.398055 0.674758 0.621493
vn 0.694355 0.694308 -0.189229
vn 0.282523 -0.900439 -0.330741
vn 0.265091 -0.907666 -0.325377
vn 0.127522 -0.937404 -0.324056
vn 0.118620 -0.944748 -0.305583
vn 0.331354 -0.767024 -0.549435
vn 0.161118 -0.886546 -0.433679
vn -0.984954 0.134859 0.108064
vn -0.451360 -0.789055 -0.416734
vn 0.003110 -0.842392 -0.538856
vn 0.186512 -0.887048 -0.422325
vn 0.101059 -0.916421 -0.387247
vn -0.053094 -0.934075 -0.353109
vn -0.019304 -0.791811 -0.610461
vn 0.206922 -0.638768 -0.741053
vn 0.781004 -0.125522 -0.611782
vn 0.765329 -0.408212 -0.497629
vn 0.485580 0.565361 -0.666767
vn 0.488313 0.553169 -0.674948
vn 0.772870 0.327952 -0.543249
vn 0.839133 0.338334 -0.425894
vn -0.732833 -0.353942 -0.581102
vn -0.736561 -0.284418 -0.613665
vn -0.265740 0.149027 -0.952456
vn -0.243515 -0.038953 -0.969115
vn -0.906511 -0.010472 -0.422053
vn 0.441105 0.641564 -0.627552
vn 0.833168 0.455533 -0.313560
vn 0.324032 0.026816 -0.945666
vn 0.953397 0.299894 -0.033127
vn 0.966446 0.018450 -0.256206
vn 0.874906 0.391089 -0.285637
vn 0.890423 0.238910 -0.387387
vn 0.875059 0.182316 -0.448366
vn 0.995787 0.088338 0.024581
vn -0.920670 -0.269074 -0.282783
vn -0.972093 0.224919 -0.066677
vn -0.948525 0.163101 -0.271474
vn -0.917852 0.384334 -0.099170
vn -0.898969 0.324978 -0.293674
vn -0.836807 0.250423 -0.486869
vn -0.877959 0.093793 -0.469459
vn -0.751446 -0.540391 0.378559
vn 0.847473 0.529617 -0.035995
vn -0.809841 0.464771 0.357975
vn -0.883293 0.377802 0.277594
vn -0.734057 0.541829 0.409367
vn -0.703568 0.608888 0.366398
vn -0.786710 0.548626 0.283015
vn -0.877712 0.446212 0.174688
vn -0.980589 0.158607 0.115276
vn -0.960833 0.257332 0.102861
vn -0.942628 0.270461 0.195712
vn -0.904659 0.422322 0.056896
vn -0.777780 0.622822 0.084560
vn -0.801111 0.598398 -0.011840
vn -0.672551 0.739265 0.034107
vn -0.683606 0.726046 -0.074429
vn -0.656595 0.720030 -0.224586
vn -0.803048 0.575124 -0.156030
vn -0.737325 0.646742 0.195134
vn -0.661245 0.684546 0.306843
vn -0.648956 0.748636 0.135646
vn -0.618190 0.749660 0.236328
vn -0.924514 0.294886 0.241486
vn -0.883780 -0.395521 -0.249992
vn -0.864936 -0.342755 -0.366611
vn -0.968573 -0.248245 0.015491
vn -0.895589 0.088953 0.435899
vn -0.873895 0.168687 0.455908
vn -0.914482 0.074997 0.397615
vn -0.930045 -0.105547 0.351961
vn -0.891010 0.147199 0.429458
vn -0.896222 0.201145 0.395382
vn -0.914728 0.134757 0.380937
vn -0.894915 0.120722 0.429597
vn -0.732915 0.182387 -0.655416
vn -0.755661 0.073587 -0.650816
vn -0.770736 0.014057 -0.636999
vn -0.740031 0.223524 0.634343
vn -0.260429 0.523103 -0.811505
vn -0.716261 0.389479 0.579031
vn -0.594610 0.521023 -0.612351
vn -0.433774 0.597698 -0.674238
vn -0.788216 0.521843 -0.326182
vn -0.746744 0.455496 -0.484662
vn -0.676082 0.367988 -0.638355
vn -0.764225 -0.137189 -0.630190
vn -0.575409 0.735544 0.357604
vn -0.616603 -0.329654 0.714933
vn -0.598293 -0.091597 0.796025
vn -0.715292 -0.318099 0.622230
vn -0.590990 0.234874 0.771729
vn -0.715145 0.418969 0.559493
vn -0.749950 0.374037 0.545592
vn -0.762244 0.258270 0.593533
vn -0.642446 0.334675 0.689388
vn -0.650154 0.159666 0.742837
vn -0.858297 0.285889 0.426138
vn -0.822841 0.293281 0.486744
vn -0.823448 0.193276 0.533459
vn -0.878943 0.285707 0.381879
vn -0.880871 0.290326 0.373868
vn -0.904147 -0.369506 0.214439
vn -0.718519 -0.047154 0.693907
vn -0.857205 0.230408 0.460557
vn -0.435449 0.161114 0.885679
vn -0.441492 0.026524 0.896873
vn -0.705654 0.079528 0.704079
vn -0.468584 0.338991 0.815791
vn -0.859305 0.440020 0.260723
vn -0.882822 0.298855 0.362369
vn -0.848301 0.396843 0.350573
vn -0.832672 0.386003 0.397063
vn -0.841380 0.333065 0.425614
vn -0.584000 0.410843 0.700108
vn -0.447182 0.405919 0.797031
vn -0.168295 -0.002551 0.985733
vn -0.105011 -0.004588 0.994461
vn -0.266635 0.239902 0.933463
vn -0.246905 0.257412 0.934225
vn -0.344415 0.400728 0.848996
vn -0.313571 0.424885 0.849203
vn -0.149336 -0.092607 0.984440
vn -0.242941 -0.148136 0.958663
vn -0.324443 -0.159747 0.932318
vn -0.402153 0.053188 0.914026
vn -0.490885 -0.091178 0.866440
vn -0.472720 0.267281 0.839700
vn -0.581915 0.083537 0.808948
vn -0.319216 0.193213 0.927777
vn -0.375377 0.370501 0.849600
vn -0.320848 0.452943 0.831805
vn -0.366230 0.434268 0.822975
vn -0.413151 0.378586 0.828238
vn -0.442118 0.374869 0.814865
vn -0.359378 0.428694 0.828897
vn -0.348042 0.380132 0.856952
vn -0.560886 0.251934 0.788630
vn -0.476357 0.356052 0.803934
vn -0.467748 0.379821 0.798090
vn -0.262494 0.258156 0.929759
vn -0.210332 0.341502 0.916044
vn -0.358826 0.269222 0.893736
vn -0.424471 0.354464 0.833174
vn -0.368084 0.328810 0.869712
vn -0.557487 0.398814 0.728118
vn -0.541027 0.362710 0.758770
vn -0.463573 0.295475 0.835341
vn -0.412942 0.278575 0.867107
vn -0.512386 0.312422 0.799908
vn -0.255892 0.443611 0.858911
vn -0.416400 0.536419 0.734075
vn -0.901097 -0.206023 -0.381547
vn -0.835920 0.336713 0.433431
vn -0.827248 0.317323 0.463644
vn -0.532392 -0.610973 0.585893
vn -0.692974 -0.457008 0.557612
vn -0.623342 0.025009 0.781550
vn -0.395908 -0.706409 0.586722
vn -0.599465 0.550068 0.581436
vn -0.746114 0.402212 0.530602
vn -0.852740 0.072644 0.517260
vn -0.811261 -0.224385 0.539914
vn -0.409163 0.135425 0.902356
vn -0.326799 -0.387062 0.862198
vn -0.833269 0.170311 0.525982
vn -0.857389 0.128493 0.498371
vn -0.781992 0.269453 0.562035
vn -0.843569 0.149312 0.515847
vn -0.841860 -0.079347 0.533832
vn -0.877477 0.133916 0.460544
vn -0.881860 0.122063 0.455439
vn -0.852370 0.151492 0.500515
vn -0.673133 0.576744 0.462881
vn -0.646254 0.623333 0.440241
vn -0.702107 0.494058 0.512789
vn -0.481135 0.794031 0.371515
vn -0.516452 0.745460 0.421386
vn -0.611450 0.681554 0.402011
vn -0.549387 0.691247 0.469416
vn -0.572486 0.650381 0.499264
vn -0.589788 0.581573 0.560289
vn -0.577355 0.461302 0.673693
vn -0.534600 0.339098 0.774090
vn -0.788083 -0.151464 -0.596644
vn 0.392629 -0.911887 0.119606
vn 0.111576 -0.983610 -0.141643
vn -0.415505 -0.153049 0.896622
vn -0.731260 -0.103765 -0.674160
vn -0.445288 0.666164 0.598285
vn -0.797778 0.408085 0.443866
vn -0.813713 0.337835 0.473010
vn -0.468969 0.338813 0.815644
vn -0.864375 -0.411294 -0.289296
vn -0.990090 0.105620 -0.092555
vn -0.930473 0.240603 -0.276280
vn 0.945802 0.306444 -0.107472
vn 0.903986 0.335611 -0.264904
vn 0.328357 -0.741890 0.584621
vn 0.568064 -0.362241 0.738976
vn 0.533808 -0.063925 0.843186
vn 0.335811 -0.213259 0.917470
vn 0.804558 0.593142 0.029461
vn 0.894975 0.444860 -0.033463
vn 0.808905 0.555995 -0.191162
vn 0.660486 0.735347 -0.151731
vn 0.687266 0.533062 -0.493467
vn 0.529438 0.715110 -0.456413
vn 0.403117 0.627979 -0.665687
vn 0.536363 0.455378 -0.710595
vn 0.323304 0.355084 -0.877149
vn 0.248630 0.546359 -0.799797
vn 0.725351 -0.215897 0.653647
vn 0.856748 -0.090224 0.507782
vn 0.807071 0.165623 0.566750
vn 0.693236 0.061332 0.718096
vn 0.937060 0.239775 0.253826
vn 0.900290 0.362552 0.240903
vn 0.080403 0.501028 -0.861688
vn 0.128027 0.296795 -0.946320
vn 0.262437 0.146656 0.953739
vn 0.086169 0.040862 0.995442
vn 0.058909 -0.449873 0.891147
vn 0.274040 -0.171200 0.946357
vn 0.517367 0.491821 0.700317
vn 0.508175 0.683198 0.524404
vn 0.262317 0.838234 0.478073
vn 0.276307 0.825673 0.491852
vn 0.169398 0.899656 0.402397
vn 0.223484 0.938396 0.263566
vn 0.434592 0.405926 0.803962
vn 0.251346 0.842331 0.476764
vn -0.035926 0.578071 -0.815195
vn -0.017503 0.490073 -0.871506
vn 0.260510 0.937243 0.231755
vn 0.347510 0.916805 -0.196735
vn 0.340817 0.934018 -0.107022
vn 0.039396 0.426773 -0.903500
vn -0.000608 0.374070 -0.927400
vn 0.121017 0.504004 -0.855181
vn 0.119415 0.528360 -0.840581
vn 0.401381 0.902670 -0.155177
vn 0.303871 0.801649 -0.514802
vn 0.280092 0.784975 -0.552596
vn 0.365653 0.908241 -0.203461
vn 0.116026 0.465584 -0.877365
vn 0.184888 0.658830 -0.729218
vn 0.205836 0.674561 -0.708943
vn 0.155648 0.566496 -0.809232
vn 0.344051 0.905833 0.247175
vn 0.490009 0.839329 0.235410
vn 0.400872 0.811879 0.424446
vn 0.682295 0.627816 0.374594
vn 0.733685 0.419708 0.534370
vn 0.384958 0.803327 -0.454393
vn 0.294603 0.682535 -0.668846
vn 0.175753 0.608599 -0.773769
vn 0.059022 0.564522 -0.823305
vn 0.002719 0.158581 -0.987342
vn 0.007640 0.207802 -0.978141
vn 0.077269 0.373295 -0.924489
vn 0.067120 0.528042 -0.846562
vn 0.207750 0.892004 0.401458
vn 0.824358 0.499790 0.265787
vn 0.742864 0.371656 0.556799
vn 0.173590 0.928172 0.329186
vn 0.211417 0.867175 0.450900
vn 0.169376 0.883362 0.437016
vn -0.008316 0.772069 0.635484
vn 0.045845 0.249044 -0.967406
vn 0.027975 0.202238 -0.978937
vn 0.003535 0.271060 -0.962556
vn 0.045441 0.358502 -0.932422
vn 0.615857 0.299461 0.728727
vn 0.466252 0.067177 0.882098
vn 0.200476 0.602326 0.772666
vn 0.513068 0.849523 -0.122767
vn 0.652908 0.744117 0.141424
vn 0.618276 0.311919 0.721416
vn 0.502531 0.098677 0.858909
vn 0.066251 -0.749523 0.658655
vn 0.069400 0.770247 0.633959
vn 0.280928 0.818671 -0.500857
vn 0.176734 0.649956 -0.739136
vn 0.158288 0.630293 -0.760050
vn 0.021240 0.356737 -0.933963
vn 0.025862 -0.519461 0.854103
vn 0.049909 -0.050635 0.997469
vn -0.017579 -0.915833 0.401175
vn 0.250926 0.754660 -0.606238
vn 0.157320 0.577771 -0.800894
vn -0.008662 -0.992936 -0.118335
vn -0.029893 0.265383 -0.963680
vn 0.035029 0.331700 0.942734
vn 0.018902 0.617807 0.786102
vn 0.004178 0.751504 0.659715
vn 0.002374 -0.990681 0.136186
vn -0.091187 0.664914 0.741333
vn 0.041672 0.505539 0.861797
vn -0.129343 0.736472 0.663988
vn 0.056439 0.572658 -0.817849
vn -0.256812 -0.809214 0.528413
vn -0.532486 -0.415548 0.737413
vn -0.501248 -0.098303 0.859702
vn -0.288944 -0.196218 0.937022
vn -0.686632 0.713066 0.141679
vn -0.939155 0.339560 0.051832
vn -0.815717 0.559393 -0.147259
vn -0.574561 0.815245 -0.072493
vn -0.689855 0.563096 -0.454997
vn -0.490686 0.778906 -0.390554
vn -0.400864 0.673925 -0.620591
vn -0.557428 0.489913 -0.670268
vn -0.345963 0.383230 -0.856413
vn -0.245841 0.574693 -0.780571
vn -0.756160 -0.196937 0.624050
vn -0.860666 -0.253526 0.441565
vn -0.732701 0.365358 0.574162
vn -0.723792 0.126365 0.678349
vn -0.954369 -0.035560 0.296504
vn -0.715147 0.593504 0.369213
vn -0.089993 0.495805 -0.863759
vn -0.171393 0.304519 -0.936959
vn -0.229360 0.194271 0.953757
vn 0.007523 0.014618 0.999865
vn -0.012955 -0.411983 0.911100
vn -0.259718 0.022418 0.965424
vn -0.515754 0.551593 0.655548
vn -0.456504 0.693231 0.557705
vn -0.230946 0.842045 0.487466
vn -0.213167 0.862071 0.459775
vn -0.158527 0.889618 0.428310
vn -0.233252 0.927208 0.293051
vn -0.438393 0.325875 0.837626
vn -0.241134 0.773606 0.585993
vn -0.226840 0.940941 0.251344
vn -0.296416 0.936344 -0.188144
vn -0.324112 0.940272 -0.104112
vn -0.025112 0.444505 -0.895424
vn 0.017548 0.375807 -0.926532
vn -0.102912 0.527792 -0.843116
vn -0.102184 0.556909 -0.824264
vn -0.320049 0.937030 -0.139801
vn -0.240738 0.847177 -0.473642
vn -0.198087 0.843358 -0.499509
vn -0.287141 0.939681 -0.185873
vn -0.070157 0.493471 -0.866928
vn -0.191668 0.678628 -0.709032
vn -0.202160 0.733878 -0.648501
vn -0.169823 0.562275 -0.809325
vn -0.266904 0.928618 0.257740
vn -0.407985 0.877807 0.251002
vn -0.375823 0.815878 0.439431
vn -0.630921 0.663583 0.401991
vn -0.683692 0.465606 0.561940
vn -0.359207 0.821514 -0.442814
vn -0.275890 0.748931 -0.602484
vn -0.161354 0.668928 -0.725604
vn 0.109950 0.792953 -0.599280
vn -0.089203 0.315132 -0.944846
vn 0.039828 0.746845 -0.663805
vn -0.183032 0.887164 0.423603
vn -0.596489 0.713358 0.367860
vn -0.570658 0.612148 0.547379
vn -0.170949 0.877660 0.447761
vn -0.217551 0.851434 0.477213
vn -0.152560 0.844431 0.513481
vn 0.025530 0.749115 0.661948
vn -0.028959 0.255473 -0.966382
vn -0.016156 0.182822 -0.983013
vn 0.008386 0.271779 -0.962323
vn -0.028162 0.375566 -0.926368
vn -0.646756 0.271195 0.712853
vn -0.488746 0.123391 0.863656
vn -0.155838 0.470691 0.868426
vn -0.420541 0.904460 -0.071401
vn -0.525206 0.829389 0.190456
vn -0.574305 0.484656 0.659759
vn -0.494016 0.185267 0.849485
vn -0.015636 -0.817291 0.576013
vn -0.044963 0.717512 0.695093
vn -0.252378 0.835416 -0.488247
vn -0.143598 0.681690 -0.717411
vn -0.128639 0.658066 -0.741890
vn -0.211829 0.783308 -0.584430
vn -0.141486 0.600594 -0.786936
vn 0.056416 -0.998331 0.012386
vn 0.130395 0.651209 0.747612
vn 0.042157 0.434577 0.899647
vn 0.148853 0.729747 0.667317
vn -0.625006 0.632061 0.458111
vn -0.935465 -0.242320 0.257265
vn -0.933453 -0.334614 0.129223
vn -0.946706 -0.271634 0.173097
vn -0.937306 -0.211709 0.276835
vn -0.913243 -0.350723 0.207320
vn -0.932218 -0.227589 0.281377
vn -0.852856 -0.493383 0.170908
vn -0.915408 -0.267728 0.300584
vn -0.819978 -0.511733 0.256449
vn -0.868772 -0.260281 0.421295
vn -0.777975 -0.280245 0.562332
vn -0.709383 -0.563277 0.423668
vn -0.654671 -0.607106 0.450365
vn -0.727686 -0.351760 0.588845
vn -0.466901 -0.703225 0.536170
vn -0.548395 -0.457406 0.700031
vn -0.220029 -0.759817 0.611772
vn -0.260986 -0.514548 0.816778
vn -0.005171 -0.733619 0.679541
vn 0.006752 -0.472913 0.881083
vn 0.018396 0.171080 0.985085
vn -0.249901 0.136396 0.958616
vn -0.267834 -0.181109 0.946290
vn 0.022347 -0.140863 0.989777
vn -0.512282 0.184805 0.838698
vn -0.548292 -0.124193 0.827014
vn -0.644943 0.258119 0.719321
vn -0.726891 -0.056166 0.684452
vn -0.653500 0.254902 0.712715
vn -0.763009 -0.034473 0.645468
vn -0.600994 0.149298 0.785185
vn -0.724482 -0.047871 0.687629
vn -0.184795 -0.874585 0.448276
vn -0.006009 -0.865959 0.500079
vn -0.402463 -0.812754 0.421253
vn -0.566247 -0.762817 0.312209
vn -0.605979 -0.739587 0.292918
vn -0.781139 -0.472314 0.408341
vn -0.656906 -0.733084 0.176246
vn -0.678641 -0.733020 0.046140
vn -0.690625 -0.723126 0.011236
vn -0.819301 -0.570866 0.053458
vn -0.921122 -0.389003 0.014519
vn -0.932516 -0.354273 -0.070032
vn -0.947033 -0.316044 0.056965
vn -0.456762 0.424538 0.781752
vn -0.213018 0.446135 0.869245
vn -0.552138 0.466882 0.690771
vn -0.543478 0.442459 0.713345
vn -0.444136 0.304115 0.842768
vn -0.274586 0.022013 0.961310
vn -0.321451 0.154370 0.934259
vn -0.405987 -0.035584 0.913186
vn -0.348560 -0.102069 0.931712
vn -0.534471 -0.158109 0.830266
vn -0.602012 -0.124493 0.788722
vn -0.503379 -0.047601 0.862754
vn -0.432631 -0.111872 0.894603
vn -0.648650 -0.079874 0.756884
vn -0.670114 -0.155774 0.725728
vn -0.158964 -0.881947 0.443733
vn -0.000454 -0.904695 0.426059
vn -0.390563 -0.833704 0.390383
vn -0.520556 -0.819937 0.238168
vn -0.510820 -0.846985 0.147239
vn -0.515936 -0.855987 -0.033101
vn -0.542026 -0.836686 -0.078506
vn -0.595341 -0.800933 -0.063830
vn -0.650797 -0.750701 -0.113626
vn -0.779025 -0.589686 -0.213050
vn -0.892032 -0.388565 -0.230861
vn -0.348554 -0.927632 -0.134201
vn -0.334466 -0.934738 -0.119988
vn -0.353792 -0.933705 -0.055018
vn -0.294912 -0.934478 0.199445
vn -0.082195 -0.981119 0.175072
vn -0.007471 -0.983016 0.183368
vn -0.156874 -0.978774 -0.131876
vn -0.019003 -0.999116 -0.037511
vn -0.160354 -0.963947 -0.212350
vn -0.021150 -0.968040 -0.249902
vn -0.159758 -0.973327 -0.164656
vn -0.002446 -0.937537 -0.347877
vn -0.551655 0.041412 0.833044
vn -0.715157 -0.059281 0.696445
vn -0.681987 -0.061446 0.728779
vn -0.717032 -0.129694 0.684868
vn -0.760578 -0.106424 0.640464
vn -0.534579 0.009748 0.845063
vn -0.841446 -0.155339 0.517530
vn -0.799480 -0.154613 0.580453
vn -0.752639 -0.110702 0.649061
vn -0.879154 -0.138921 0.455838
vn -0.905943 -0.176009 0.385081
vn -0.823447 -0.090068 0.560198
vn -0.875473 -0.076727 0.477138
vn -0.921267 -0.118962 0.370290
vn -0.930340 -0.152408 0.333525
vn -0.792165 -0.206852 0.574184
vn -0.923740 -0.160580 0.347733
vn -0.899893 -0.089532 0.426821
vn -0.919665 -0.135609 0.368547
vn -0.906902 -0.053126 0.417978
vn -0.896879 -0.155611 0.413997
vn -0.915508 -0.197641 0.350403
vn -0.966978 -0.203450 0.153497
vn -0.001367 0.427942 0.903805
vn -0.887872 -0.366121 -0.278636
vn -0.528622 0.286845 0.798923
vn -0.593798 0.251335 0.764352
vn -0.508403 0.138627 0.849888
vn -0.337301 -0.042143 0.940453
vn -0.135459 -0.251583 0.958309
vn 0.018632 -0.990393 0.137020
vn -0.005131 0.078989 0.996862
vn 0.015633 -0.988131 -0.152816
vn 0.013938 0.369986 -0.928933
vn -0.018668 0.969717 0.243515
vn -0.026155 0.516438 0.855925
vn 0.006608 0.514378 -0.857538
vn 0.028358 0.577181 0.816124
vn -0.022537 0.402752 0.915031
vn -0.001424 0.154489 0.987993
vn -0.008234 0.635040 0.772436
vn -0.008769 0.351430 0.936173
vn 0.007874 0.332303 0.943140
vn -0.032171 -0.592159 0.805179
vn 0.011698 0.576750 0.816837
vn -0.012498 0.899173 0.437414
vn -0.010534 -0.353032 -0.935552
vn -0.003188 0.235435 0.971885
vn -0.012557 0.705847 -0.708253
vn -0.014013 0.972650 -0.231850
vn -0.009830 -0.921776 -0.387599
vn -0.036311 -0.356495 0.933591
vn 0.025332 0.637128 0.770342
vn -0.010246 -0.345992 -0.938182
vn 0.001022 0.641763 0.766903
vn -0.009679 0.729053 0.684388
vn -0.005947 0.462669 0.886511
vn 0.032034 0.571368 0.820068
vn -0.008779 0.176738 -0.984219
vn -0.008906 0.377190 -0.926093
vn -0.028408 0.303678 0.952351
vn -0.012590 0.957509 -0.288129
vn -0.002728 0.488736 0.872427
vn 0.007327 -0.962087 0.272644
vn -0.013474 0.909808 0.414810
vn -0.010264 -0.066746 -0.997717
vn -0.009826 0.864259 -0.502951
vn -0.018062 -0.568775 0.822295
vn -0.016043 0.946877 0.321197
vn -0.017064 -0.979498 0.200728
vn -0.014385 -0.805823 0.591981
vn -0.010123 -0.231120 -0.972872
vn -0.009673 0.038235 -0.999222
vn -0.021131 -0.154571 0.987756
vn -0.035187 -0.182908 0.982500
vn -0.012008 0.929692 -0.368142
vn -0.006134 0.178226 0.983970
vn -0.016784 0.086616 0.996100
vn 0.019539 0.134706 0.990693
vn -0.017079 -0.008805 0.999815
vn 0.007227 -0.988825 -0.148907
vn -0.008668 0.652913 -0.757384
vn -0.019937 -0.216178 0.976151
vn -0.010326 -0.963270 -0.268335
vn 0.024698 0.560104 0.828054
vn -0.008575 -0.929635 -0.368382
vn -0.020983 0.285342 0.958196
vn -0.024495 -0.999687 0.005064
vn -0.011071 -0.969959 0.243015
vn 0.035625 0.395900 0.917602
vn -0.011732 0.596802 0.802303
vn 0.025106 0.051652 0.998349
vn -0.013988 -0.933012 0.359574
vn -0.008754 0.546847 -0.837187
vn -0.009760 0.983310 -0.181677
vn -0.014524 0.999729 -0.018216
vn 0.033085 0.534754 0.844360
vn 0.032339 0.610457 0.791389
vn -0.019062 -0.169728 -0.985307
vn -0.024972 -0.252609 0.967246
vn -0.016929 0.185025 0.982588
vn -0.010945 0.853917 0.520294
vn -0.010857 -0.373020 -0.927760
vn -0.020887 0.992844 0.117573
vn -0.009233 0.794369 0.607366
vn -0.007608 -0.535993 -0.844188
vn -0.008589 -0.481859 -0.876207
vn 0.006846 -0.919076 0.394021
vn -0.002117 -0.006322 0.999978
vn 0.026350 -0.957423 0.287484
vn -0.008642 0.758472 -0.651648
vn -0.005453 -0.904837 0.425724
vn 0.906738 0.416445 0.066324
vn 0.963465 -0.107777 0.245194
vn 0.977139 -0.152320 0.148316
vn 0.966680 -0.175288 0.186557
vn 0.952132 -0.095223 0.290478
vn 0.940914 -0.257431 0.220023
vn 0.948314 -0.112127 0.296865
vn 0.896532 -0.396377 0.197778
vn 0.934495 -0.172803 0.311221
vn -0.377812 -0.815759 0.437945
vn -0.298852 -0.916813 0.264843
vn 0.862801 -0.418538 0.283550
vn 0.890047 -0.192892 0.413047
vn -0.357733 0.165782 0.918991
vn -0.021012 -0.989722 -0.141454
vn -0.695350 0.435373 0.571785
vn -0.660474 0.181819 0.728503
vn 0.766703 -0.261108 0.586506
vn 0.698711 -0.541842 0.467129
vn 0.660980 -0.608330 0.439362
vn 0.737542 -0.323832 0.592591
vn -0.169930 -0.973317 -0.154198
vn 0.475159 -0.703894 0.527975
vn 0.555606 -0.397781 0.730118
vn 0.210935 -0.758119 0.617059
vn 0.261021 -0.460648 0.848334
vn -0.694611 0.415324 0.587386
vn -0.866204 0.343160 0.363225
vn 0.269618 0.109539 0.956717
vn 0.275308 -0.153249 0.949063
vn -0.683211 0.432584 0.588298
vn -0.787971 -0.477358 0.388884
vn -0.454080 -0.872148 0.182123
vn -0.581000 0.149056 0.800138
vn -0.586683 0.375088 0.717713
vn 0.532526 0.160711 0.831016
vn -0.655872 -0.452008 0.604583
vn -0.449651 -0.667556 0.593449
vn 0.548677 -0.072887 0.832851
vn -0.297293 -0.025790 0.954438
vn -0.653763 -0.306014 0.692061
vn -0.558668 -0.203210 0.804112
vn -0.338053 -0.518431 0.785461
vn -0.466166 -0.169077 0.868391
vn -0.211499 0.030255 0.976910
vn -0.842901 -0.129814 0.522174
vn -0.769380 0.457727 0.445578
vn 0.652321 0.261044 0.711571
vn 0.709156 0.023312 0.704666
vn 0.622736 0.247575 0.742231
vn 0.736680 0.015497 0.676064
vn -0.849571 -0.219251 0.479749
vn 0.592344 0.104844 0.798835
vn 0.722299 -0.049847 0.689782
vn 0.172963 -0.878759 0.444823
vn -0.411851 0.019174 0.911049
vn -0.608421 0.046127 0.792273
vn -0.694967 0.460262 0.552431
vn 0.414239 -0.806548 0.421767
vn 0.592145 -0.717039 0.367722
vn 0.619966 -0.691326 0.371094
vn 0.792670 -0.417185 0.444557
vn -0.229152 -0.109564 0.967205
vn -0.325027 -0.915679 0.236408
vn -0.806642 -0.262362 0.529618
vn -0.744726 -0.384718 0.545322
vn -0.367986 -0.889259 0.271671
vn 0.686903 -0.683478 0.247026
vn 0.749923 -0.655649 0.087975
vn -0.830779 0.209272 0.515763
vn 0.770761 -0.633415 0.068653
vn -0.686579 0.487854 0.539080
vn -0.652327 0.478936 0.587443
vn 0.904785 -0.408805 0.119340
vn 0.957567 -0.285343 0.040551
vn -0.284491 -0.947753 0.144323
vn 0.968405 -0.245138 -0.045812
vn 0.992263 -0.113964 0.049264
vn 0.477958 0.412600 0.775446
vn 0.248323 0.396735 0.883707
vn 0.581985 0.444269 0.681115
vn -0.624695 0.461819 0.629667
vn 0.542484 0.391402 0.743314
vn 0.442071 0.242430 0.863597
vn 0.338421 0.049159 0.939710
vn -0.164143 -0.977415 0.133108
vn 0.345996 0.129222 0.929295
vn 0.397448 0.003521 0.917618
vn 0.391205 -0.000862 0.920303
vn 0.583951 -0.104177 0.805076
vn 0.631233 -0.092450 0.770064
vn 0.531404 -0.003016 0.847113
vn -0.030034 -0.586505 0.809389
vn -0.503224 -0.481167 0.717804
vn 0.434281 -0.117975 0.893019
vn 0.691914 0.004994 0.721963
vn 0.717827 -0.085449 0.690957
vn 0.152235 -0.883452 0.443100
vn -0.198407 -0.742221 0.640111
vn -0.131885 -0.566342 0.813550
vn 0.395583 -0.820309 0.413046
vn 0.537955 -0.783415 0.311232
vn 0.533711 -0.815018 0.225606
vn 0.540604 -0.840927 0.024287
vn 0.578627 -0.813099 -0.063722
vn 0.645691 -0.763238 -0.023462
vn -0.317974 -0.679370 0.661324
vn -0.158039 -0.093186 0.983026
vn -0.212436 -0.268047 0.939692
vn 0.771354 -0.636104 -0.019627
vn -0.030679 0.356374 0.933839
vn -0.066415 -0.767142 0.638030
vn -0.055223 -0.423718 0.904109
vn -0.066029 -0.555536 0.828867
vn -0.048269 0.016813 0.998693
vn 0.941456 -0.334848 -0.039222
vn -0.071783 -0.731769 0.677762
vn 0.930478 -0.312143 -0.191776
vn -0.085391 -0.642428 0.761574
vn 0.320866 -0.931668 -0.170412
vn -0.298602 -0.760100 0.577134
vn 0.319408 -0.941319 -0.109071
vn 0.332042 -0.943218 0.009419
vn -0.065231 0.225624 0.972028
vn -0.121080 -0.857337 0.500313
vn 0.267989 -0.929244 0.254339
vn -0.196012 -0.922981 0.331188
vn 0.057519 -0.979160 0.194776
vn -0.005225 -0.015243 0.999870
vn -0.201560 0.096832 0.974678
vn -0.797283 0.351927 0.490396
vn 0.110960 -0.985260 -0.130191
vn -0.856195 0.279758 0.434357
vn 0.115561 -0.957976 -0.262540
vn -0.516369 0.363155 0.775552
vn -0.541117 0.389086 0.745523
vn -0.205299 -0.245183 0.947490
vn 0.127225 -0.966604 -0.222465
vn 0.588088 0.022277 0.808490
vn 0.738769 -0.044409 0.672495
vn 0.708635 -0.022499 0.705216
vn 0.751182 -0.081257 0.655075
vn -0.332677 0.333874 0.881960
vn -0.375365 0.848114 0.373905
vn -0.306258 0.373230 0.875731
vn -0.615863 0.372374 0.694298
vn 0.784671 -0.065434 0.616449
vn -0.398893 0.800786 0.446795
vn 0.598404 0.049953 0.799636
vn 0.868756 -0.090112 0.486973
vn 0.836193 -0.084782 0.541842
vn 0.785613 -0.035861 0.617678
vn 0.907116 -0.052353 0.417613
vn -0.727107 0.359634 0.584789
vn 0.926785 -0.093894 0.363667
vn -0.562124 0.348230 0.750168
vn 0.008733 0.266673 0.963747
vn -0.594771 0.057181 0.801859
vn 0.843734 -0.028259 0.536017
vn -0.088184 0.286602 0.953983
vn -0.289319 0.945397 -0.150064
vn 0.893193 -0.023722 0.449048
vn 0.938337 -0.039270 0.343484
vn 0.945119 -0.067096 0.319764
vn 0.799900 -0.166360 0.576615
vn -0.386817 -0.572979 0.722542
vn 0.939815 -0.073294 0.333731
vn -0.396892 0.312722 0.862949
vn -0.453324 0.323147 0.830707
vn 0.920310 -0.030236 0.390018
vn -0.307090 0.950811 -0.040679
vn -0.567368 0.411992 0.712991
vn -0.377731 0.490026 0.785617
vn -0.749189 -0.251374 0.612802
vn -0.580572 -0.478305 0.658909
vn -0.411780 0.625173 0.663021
vn 0.936015 -0.066803 0.345563
vn 0.920153 0.013784 0.391317
vn 0.919488 -0.085142 0.383788
vn -0.422532 0.712172 0.560605
vn 0.941895 -0.100428 0.320543
vn 0.988056 -0.086837 0.127297
vn -0.343937 0.891824 0.293866
vn -0.356488 0.492674 0.793844
vn 0.850904 -0.431146 -0.300125
vn 0.503181 0.350507 0.789908
vn 0.602410 0.341010 0.721674
vn -0.887780 0.089049 0.451572
vn -0.806693 -0.183070 0.561899
vn -0.321556 0.943552 0.079445
vn -0.263491 0.263365 0.928015
vn -0.684424 -0.221740 0.694546
vn -0.195552 0.955688 -0.220046
vn 0.553518 0.252957 0.793493
vn -0.562974 0.415908 0.714199
vn 0.377923 0.063253 0.923674
vn 0.105371 -0.222891 0.969132
vn -0.459606 0.359879 0.811942
vn -0.329811 0.277336 0.902391
vn -0.870099 -0.076155 0.486959
vn -0.540810 0.559386 0.628181
vn -0.700106 0.533179 0.474943
vn -0.415679 0.752111 0.511411
vn -0.821988 0.415776 0.389188
vn -0.890915 0.187948 0.413457
vn -0.267289 0.370930 0.889364
vn -0.360477 0.387953 0.848262
vn -0.325528 0.925861 0.191869
vn -0.487963 0.339062 0.804319
vn -0.011231 0.963061 -0.269048
vn -0.018138 0.249978 0.968082
vn -0.865957 0.315709 0.387875
vn -0.280541 -0.485375 0.828075
vn -0.262102 0.326867 0.907998
vn -0.008737 0.303251 0.952871
vn -0.379392 -0.485086 0.787879
vn -0.288199 -0.514144 0.807835
vn -0.442670 0.258978 0.858472
vn -0.505088 -0.186004 0.842786
vn -0.472399 -0.322995 0.820069
vn -0.565808 0.215382 0.795909
vn -0.259789 -0.385151 0.885533
vn -0.414166 0.202235 0.887450
vn -0.264176 -0.102492 0.959013
vn -0.272854 0.282389 0.919678
vn -0.034999 -0.189549 0.981247
vn -0.275425 -0.137975 0.951370
vn -0.050080 -0.189851 0.980535
vn -0.442537 -0.114826 0.889368
vn -0.610291 0.326922 0.721573
vn -0.656976 0.236793 0.715759
vn 0.326344 -0.857100 0.398596
vn 0.263164 -0.925873 0.271117
vn 0.143844 0.114644 0.982937
vn -0.002645 -0.991951 -0.126592
vn 0.731545 0.443572 0.517769
vn 0.553023 0.141861 0.821000
vn 0.140687 -0.976589 -0.162727
vn 0.750896 0.389105 0.533622
vn 0.886880 0.262693 0.380048
vn 0.735798 0.413665 0.536174
vn 0.847155 -0.417670 0.328451
vn 0.470333 -0.873157 0.127999
vn 0.595890 0.141104 0.790573
vn 0.612063 0.403486 0.680131
vn 0.658975 -0.407697 0.632088
vn 0.403221 -0.728523 0.553775
vn -0.071910 0.037456 0.996708
vn 0.655410 0.121231 0.745480
vn 0.567917 -0.182875 0.802513
vn 0.293736 -0.548540 0.782830
vn 0.386881 -0.108765 0.915693
vn -0.147203 0.072793 0.986424
vn 0.851902 0.010461 0.523596
vn 0.828265 0.387273 0.404966
vn 0.875981 -0.113331 0.468842
vn 0.077519 0.060509 0.995153
vn 0.382092 0.010331 0.924067
vn 0.713304 0.490845 0.500270
vn 0.179522 0.231960 0.956016
vn 0.278982 -0.915425 0.290112
vn 0.813093 -0.148633 0.562840
vn 0.738258 -0.330300 0.588113
vn 0.317241 -0.903381 0.288549
vn 0.790819 0.169682 0.588058
vn 0.773175 0.461158 0.435355
vn 0.731076 0.434697 0.525895
vn 0.261612 -0.944522 0.198590
vn 0.642866 0.497380 0.582526
vn 0.162219 -0.976220 0.143803
vn 0.502692 -0.474460 0.722626
vn 0.150872 -0.767950 0.622487
vn 0.070134 -0.660015 0.747971
vn 0.282212 -0.672294 0.684381
vn 0.137975 -0.108580 0.984466
vn 0.171286 -0.295745 0.939785
vn -0.045739 0.469453 0.881772
vn 0.036387 -0.911480 0.409732
vn -0.003699 -0.533060 0.846069
vn 0.046222 -0.632689 0.773025
vn -0.007565 0.148622 0.988865
vn 0.025761 -0.792700 0.609067
vn 0.038204 -0.638510 0.768665
vn 0.259326 -0.752185 0.605779
vn -0.011868 0.314361 0.949229
vn 0.092464 -0.896790 0.432687
vn 0.165342 -0.918960 0.358015
vn 0.195389 0.061744 0.978780
vn 0.767854 0.290885 0.570777
vn 0.839190 0.254295 0.480722
vn 0.573969 0.334316 0.747525
vn 0.575291 0.369881 0.729540
vn 0.183415 -0.240059 0.953274
vn 0.322599 0.352030 0.878638
vn 0.340835 0.846092 0.409830
vn 0.302604 0.371592 0.877696
vn 0.598623 0.313014 0.737342
vn 0.369523 0.789126 0.490646
vn 0.685006 0.286265 0.669940
vn 0.553737 0.151619 0.818772
vn -0.049232 0.237911 0.970039
vn 0.657950 -0.142200 0.739514
vn 0.070387 0.247854 0.966237
vn 0.257672 0.955547 -0.143304
vn 0.317458 -0.624582 0.713525
vn 0.431453 0.212790 0.876680
vn 0.502140 0.233516 0.832662
vn 0.276408 0.960365 -0.036027
vn 0.567417 0.290737 0.770396
vn 0.367718 0.510375 0.777368
vn 0.706354 -0.348041 0.616385
vn 0.502613 -0.567559 0.652117
vn 0.398201 0.615663 0.679996
vn 0.407948 0.686432 0.601987
vn 0.307617 0.896302 0.319399
vn 0.222164 0.411568 0.883886
vn 0.890520 0.103575 0.442997
vn 0.868641 -0.136781 0.476187
vn 0.291450 0.952742 0.085670
vn 0.212220 0.170664 0.962204
vn 0.771046 -0.266792 0.578196
vn 0.165577 0.963114 -0.212121
vn 0.580902 0.373204 0.723375
vn 0.465942 0.305766 0.830305
vn 0.321833 0.179955 0.929538
vn 0.843759 -0.155073 0.513831
vn 0.418171 0.528712 0.738645
vn 0.661511 0.512876 0.547138
vn 0.392963 0.731193 0.557617
vn 0.815319 0.362768 0.451281
vn 0.887715 0.089011 0.451706
vn 0.154429 0.261719 0.952709
vn 0.345002 0.404657 0.846892
vn 0.292012 0.933781 0.206838
vn 0.556549 0.271411 0.785232
vn 0.862641 0.244202 0.442962
vn 0.242154 -0.491719 0.836406
vn 0.261938 0.272545 0.925801
vn 0.360466 -0.397444 0.843862
vn 0.243171 -0.482690 0.841355
vn 0.375121 0.252021 0.892059
vn 0.540574 -0.060257 0.839136
vn 0.481173 -0.196176 0.854393
vn 0.588005 0.247701 0.769996
vn 0.215389 -0.371194 0.903229
vn 0.437250 0.203453 0.876024
vn 0.188535 -0.145820 0.971180
vn 0.268869 0.291289 0.918074
vn 0.311537 -0.073958 0.947351
vn 0.022067 -0.210056 0.977440
vn 0.496636 0.018336 0.867765
vn 0.560202 0.383180 0.734403
vn 0.650682 0.313985 0.691395
vn 0.252088 -0.074415 0.964839
vn -0.287266 -0.081296 0.954395
vn -0.201115 0.002527 0.979564
vn -0.389664 0.001403 0.920956
vn -0.562625 -0.000005 0.826712
vn -0.611001 -0.000569 0.791629
vn -0.196652 0.042462 0.979553
vn -0.381379 0.076992 0.921207
vn -0.551585 0.108397 0.827046
vn -0.599487 0.118196 0.791609
vn -0.185172 0.080304 0.979420
vn -0.358426 0.150186 0.921398
vn -0.518404 0.214216 0.827870
vn -0.564891 0.231429 0.792047
vn -0.168582 0.112143 0.979288
vn -0.322946 0.215070 0.921656
vn -0.467209 0.308755 0.828484
vn -0.508468 0.334428 0.793485
vn -0.144298 0.140792 0.979467
vn -0.275511 0.271982 0.922019
vn -0.397312 0.393310 0.829126
vn -0.431028 0.428435 0.794140
vn -0.112249 0.167234 0.979506
vn -0.216133 0.320913 0.922118
vn -0.311509 0.464474 0.828991
vn -0.337563 0.505959 0.793761
vn -0.075049 0.186618 0.979562
vn -0.148712 0.357138 0.922137
vn -0.214919 0.515866 0.829272
vn -0.233391 0.562434 0.793219
vn -0.037022 0.198061 0.979490
vn -0.074677 0.378959 0.922395
vn -0.108297 0.548231 0.829286
vn -0.117721 0.597777 0.792972
vn -0.001427 0.201502 0.979487
vn 0.001616 0.387079 0.922045
vn 0.002872 0.559455 0.828856
vn 0.002910 0.609065 0.793115
vn 0.040089 0.197455 0.979492
vn 0.079118 0.379506 0.921800
vn 0.113017 0.548749 0.828313
vn 0.122735 0.597155 0.792681
vn 0.083916 0.184770 0.979193
vn 0.153463 0.357089 0.921378
vn 0.219128 0.516098 0.828026
vn 0.237642 0.562112 0.792185
vn 0.116845 0.167524 0.978919
vn 0.219412 0.321495 0.921140
vn 0.316130 0.464146 0.827424
vn 0.342255 0.505472 0.792060
vn 0.143439 0.144978 0.978983
vn 0.277847 0.274491 0.920574
vn 0.400497 0.394863 0.826853
vn 0.434766 0.428720 0.791945
vn 0.169498 0.113869 0.978930
vn 0.325697 0.216745 0.920295
vn 0.469407 0.311965 0.826036
vn 0.510879 0.336449 0.791078
vn 0.189390 0.076946 0.978882
vn 0.361057 0.150751 0.920278
vn 0.521859 0.215147 0.825454
vn 0.566713 0.233372 0.790173
vn 0.200784 0.039103 0.978855
vn 0.383149 0.076163 0.920541
vn 0.553734 0.111398 0.825209
vn 0.600480 0.122162 0.790253
vn 0.204550 -0.000191 0.978856
vn 0.390457 -0.000066 0.920621
vn 0.563547 0.002907 0.826079
vn 0.612341 0.002262 0.790591
vn 0.200160 -0.040258 0.978936
vn 0.382608 -0.074134 0.920932
vn 0.552729 -0.107227 0.826434
vn 0.601724 -0.117788 0.789971
vn 0.189018 -0.076347 0.979001
vn 0.361365 -0.144957 0.921088
vn 0.521258 -0.211772 0.826706
vn 0.567642 -0.231308 0.790113
vn 0.171941 -0.108012 0.979168
vn 0.325533 -0.210767 0.921740
vn 0.470704 -0.307463 0.826985
vn 0.511988 -0.335358 0.790825
vn 0.149895 -0.135235 0.979410
vn 0.278885 -0.268991 0.921882
vn 0.401256 -0.392663 0.827532
vn 0.435955 -0.428578 0.791369
vn 0.118887 -0.161022 0.979764
vn 0.220479 -0.317594 0.922238
vn 0.316324 -0.463293 0.827828
vn 0.343542 -0.505425 0.791533
vn 0.084249 -0.180705 0.979922
vn 0.152672 -0.355110 0.922273
vn 0.218248 -0.515919 0.828369
vn 0.237606 -0.562726 0.791759
vn 0.041742 -0.193110 0.980289
vn 0.078085 -0.378316 0.922377
vn 0.110891 -0.548898 0.828501
vn 0.121195 -0.598048 0.792244
vn -0.000009 -0.198094 0.980183
vn 0.000100 -0.386430 0.922319
vn 0.000445 -0.559658 0.828723
vn 0.000632 -0.609888 0.792487
vn -0.036525 -0.194596 0.980203
vn -0.075868 -0.378839 0.922348
vn -0.109970 -0.548783 0.828700
vn -0.120205 -0.598515 0.792042
vn -0.076854 -0.182854 0.980132
vn -0.149518 -0.356708 0.922174
vn -0.216516 -0.516745 0.828309
vn -0.235939 -0.563607 0.791631
vn -0.114906 -0.161958 0.980085
vn -0.217705 -0.319727 0.922160
vn -0.313825 -0.465091 0.827771
vn -0.341738 -0.507125 0.791227
vn -0.143298 -0.138736 0.979907
vn -0.274151 -0.273225 0.922057
vn -0.398896 -0.395525 0.827310
vn -0.434843 -0.430751 0.790800
vn -0.165755 -0.110389 0.979969
vn -0.322307 -0.214218 0.922079
vn -0.469620 -0.310430 0.826493
vn -0.511414 -0.337780 0.790165
vn 0.002176 0.002330 0.999995
vn -0.186344 -0.072320 0.979819
vn -0.360987 -0.143372 0.921484
vn -0.521978 -0.211298 0.826373
vn -0.567520 -0.231914 0.790023
vn -0.197440 -0.035475 0.979673
vn -0.382631 -0.072312 0.921067
vn -0.553092 -0.106531 0.826281
vn -0.600690 -0.118392 0.790667
vn -0.607302 -0.001439 0.794470
vn -0.708433 -0.002151 0.705775
vn -0.836400 -0.002635 0.548113
vn -0.926841 -0.001852 0.375449
vn -0.981758 -0.002114 0.190122
vn -0.999997 -0.002014 -0.001596
vn -0.981171 -0.001878 -0.193132
vn -0.925890 -0.001816 -0.377790
vn -0.835708 -0.001773 -0.549171
vn -0.713884 -0.001654 -0.700262
vn -0.564484 -0.001454 -0.825443
vn -0.392118 -0.001255 -0.919914
vn -0.204302 -0.000911 -0.978907
vn -0.594871 0.117312 0.795215
vn -0.694296 0.134621 0.706987
vn -0.821033 0.158740 0.548367
vn -0.909821 0.176544 0.375577
vn -0.963670 0.187281 0.190435
vn -0.981592 0.190984 -0.001742
vn -0.963053 0.187359 -0.193459
vn -0.908662 0.176907 -0.378203
vn -0.820112 0.159535 -0.549514
vn -0.700416 0.135932 -0.700671
vn -0.553744 0.107327 -0.825741
vn -0.384715 0.074146 -0.920052
vn -0.200375 0.038228 -0.978973
vn -0.560462 0.228653 0.795990
vn -0.654038 0.266815 0.707845
vn -0.773590 0.316268 0.549120
vn -0.857813 0.350286 0.376107
vn -0.908768 0.371228 0.190606
vn -0.925818 0.377966 -0.001626
vn -0.908294 0.370712 -0.193842
vn -0.856928 0.349553 -0.378798
vn -0.773376 0.315194 -0.550039
vn -0.660370 0.268644 -0.701243
vn -0.521889 0.211912 -0.826272
vn -0.362442 0.146994 -0.920342
vn -0.188818 0.075685 -0.979091
vn -0.504734 0.332858 0.796523
vn -0.588233 0.390340 0.708249
vn -0.696192 0.461512 0.549839
vn -0.772414 0.511110 0.377018
vn -0.818810 0.541291 0.191190
vn -0.834355 0.551225 -0.001420
vn -0.818679 0.540486 -0.194011
vn -0.772428 0.509456 -0.379223
vn -0.697014 0.459239 -0.550700
vn -0.594939 0.391608 -0.701920
vn -0.470058 0.308768 -0.826866
vn -0.326519 0.213829 -0.920686
vn -0.170087 0.110710 -0.979190
vn -0.428757 0.427216 0.796024
vn -0.499832 0.498148 0.708531
vn -0.591725 0.588456 0.550982
vn -0.657111 0.652077 0.378154
vn -0.697082 0.690804 0.192009
vn -0.710686 0.703508 -0.001052
vn -0.697414 0.689890 -0.194076
vn -0.657947 0.650352 -0.379667
vn -0.593498 0.586222 -0.551456
vn -0.506468 0.499729 -0.702681
vn -0.400055 0.394075 -0.827442
vn -0.277827 0.272893 -0.921054
vn -0.144726 0.141040 -0.979368
vn -0.335016 0.502955 0.796743
vn -0.392247 0.585960 0.709079
vn -0.464721 0.692444 0.551865
vn -0.516175 0.767980 0.379171
vn -0.548044 0.813874 0.193021
vn -0.558998 0.829169 -0.000619
vn -0.548728 0.813133 -0.194195
vn -0.517572 0.766553 -0.380152
vn -0.466821 0.690845 -0.552097
vn -0.398338 0.588784 -0.703320
vn -0.314457 0.464207 -0.828027
vn -0.218403 0.321458 -0.921393
vn -0.114144 0.166284 -0.979449
vn -0.230450 0.558826 0.796622
vn -0.268998 0.651228 0.709607
vn -0.319328 0.769880 0.552553
vn -0.355061 0.854062 0.380144
vn -0.377278 0.905606 0.193751
vn -0.384709 0.923038 -0.000175
vn -0.377975 0.905240 -0.194100
vn -0.356616 0.853250 -0.380514
vn -0.321717 0.768875 -0.552567
vn -0.274381 0.655200 -0.703866
vn -0.216740 0.516484 -0.828413
vn -0.150865 0.357471 -0.921659
vn -0.078800 0.184993 -0.979576
vn -0.116907 0.593299 0.796448
vn -0.136187 0.691216 0.709699
vn -0.161673 0.817332 0.553019
vn -0.179970 0.907020 0.380690
vn -0.191249 0.962143 0.194175
vn -0.195539 0.980696 0.000137
vn -0.191940 0.962068 -0.193864
vn -0.181353 0.906844 -0.380454
vn -0.163817 0.817048 -0.552808
vn -0.139819 0.696178 -0.704121
vn -0.110792 0.548778 -0.828594
vn -0.077311 0.379830 -0.921820
vn -0.040802 0.196515 -0.979652
vn 0.002401 0.604814 0.796363
vn 0.002302 0.704718 0.709484
vn 0.002373 0.833141 0.553056
vn 0.002201 0.924690 0.380714
vn 0.002066 0.980888 0.194560
vn 0.001858 0.999998 0.000450
vn 0.001449 0.981052 -0.193740
vn 0.001070 0.924958 -0.380069
vn 0.000656 0.833406 -0.552660
vn 0.000235 0.710194 -0.704006
vn -0.000214 0.559866 -0.828583
vn -0.000660 0.387506 -0.921867
vn -0.001127 0.200505 -0.979692
vn 0.121794 0.592744 0.796129
vn 0.140919 0.690783 0.709198
vn 0.166322 0.816637 0.552667
vn 0.184212 0.906189 0.380640
vn 0.195121 0.961322 0.194389
vn 0.198923 0.980015 0.000735
vn 0.194658 0.961676 -0.193100
vn 0.183302 0.906775 -0.379683
vn 0.164987 0.817255 -0.552153
vn 0.140163 0.696545 -0.703690
vn 0.110320 0.549193 -0.828382
vn 0.075973 0.380166 -0.921793
vn 0.038595 0.196656 -0.979713
vn 0.235257 0.558088 0.795734
vn 0.273482 0.650379 0.708671
vn 0.323326 0.768657 0.551930
vn 0.358598 0.852565 0.380184
vn 0.380268 0.904233 0.194317
vn 0.387328 0.921942 0.000965
vn 0.379957 0.904728 -0.192612
vn 0.358075 0.853300 -0.379026
vn 0.322580 0.769409 -0.551319
vn 0.274543 0.656000 -0.703057
vn 0.216161 0.517298 -0.828056
vn 0.149472 0.358094 -0.921643
vn 0.076591 0.185315 -0.979690
vn 0.339705 0.502005 0.795356
vn 0.395943 0.584773 0.708004
vn 0.467649 0.691145 0.551020
vn 0.518462 0.766357 0.379333
vn 0.549742 0.812495 0.194000
vn 0.560353 0.828253 0.001176
vn 0.549729 0.812973 -0.192024
vn 0.518317 0.767081 -0.378066
vn 0.467219 0.691922 -0.550410
vn 0.398251 0.590074 -0.702288
vn 0.313765 0.465440 -0.827597
vn 0.216884 0.322402 -0.921422
vn 0.111832 0.166740 -0.979638
vn 0.432095 0.426855 0.794411
vn 0.502693 0.497088 0.707250
vn 0.593488 0.587259 0.550362
vn 0.657862 0.651036 0.378643
vn 0.697233 0.690221 0.193549
vn 0.710661 0.703533 0.001261
vn 0.697451 0.690602 -0.191394
vn 0.658047 0.651696 -0.377181
vn 0.593585 0.587859 -0.549617
vn 0.506288 0.501506 -0.701544
vn 0.399259 0.395704 -0.827049
vn 0.276273 0.274108 -0.921161
vn 0.142366 0.141646 -0.979627
vn 0.506711 0.334581 0.794544
vn 0.589714 0.390743 0.706794
vn 0.696344 0.461588 0.549583
vn 0.771715 0.511327 0.378154
vn 0.817798 0.542043 0.193381
vn 0.833521 0.552486 0.001261
vn 0.818173 0.542273 -0.191135
vn 0.772191 0.511644 -0.376750
vn 0.696863 0.461581 -0.548930
vn 0.594639 0.393927 -0.700875
vn 0.469191 0.310765 -0.826610
vn 0.324915 0.215164 -0.920942
vn 0.167676 0.111343 -0.979534
vn 0.561870 0.230998 0.794319
vn 0.654453 0.269360 0.706496
vn 0.772771 0.318075 0.549229
vn 0.856158 0.352576 0.377734
vn 0.907377 0.373312 0.193144
vn 0.924830 0.380380 0.001253
vn 0.907773 0.373515 -0.190880
vn 0.856758 0.352481 -0.376460
vn 0.773299 0.318078 -0.548484
vn 0.660105 0.271271 -0.700481
vn 0.521028 0.214052 -0.826263
vn 0.360781 0.148412 -0.920766
vn 0.186380 0.076463 -0.979498
vn 0.595680 0.120583 0.794119
vn 0.693983 0.139723 0.706304
vn 0.819429 0.164360 0.549110
vn 0.908154 0.181497 0.377246
vn 0.962430 0.191368 0.192631
vn 0.980810 0.194963 0.001270
vn 0.962862 0.190970 -0.190857
vn 0.908828 0.180188 -0.376249
vn 0.820270 0.162636 -0.548367
vn 0.700254 0.138648 -0.700301
vn 0.552842 0.109512 -0.826059
vn 0.382938 0.075842 -0.920656
vn 0.197771 0.039071 -0.979469
vn 0.607587 0.001484 0.794252
vn 0.707684 0.001831 0.706527
vn 0.835691 0.002043 0.549196
vn 0.926323 0.001883 0.376725
vn 0.981320 0.001814 0.192376
vn 0.999998 0.001657 0.000995
vn 0.981539 0.001473 -0.191255
vn 0.926521 0.001281 -0.376240
vn 0.836157 0.001031 -0.548489
vn 0.713798 0.000754 -0.700351
vn 0.563516 0.000441 -0.826105
vn 0.390373 0.000123 -0.920657
vn 0.201611 -0.000198 -0.979466
vn 0.596153 -0.118200 0.794122
vn 0.693759 -0.137367 0.706986
vn 0.819567 -0.161888 0.549638
vn 0.908753 -0.178407 0.377279
vn 0.963050 -0.188384 0.192474
vn 0.981380 -0.192076 0.000968
vn 0.963320 -0.188293 -0.191209
vn 0.909072 -0.177870 -0.376763
vn 0.820313 -0.160697 -0.548875
vn 0.700105 -0.137148 -0.700745
vn 0.552624 -0.108641 -0.826320
vn 0.382709 -0.075648 -0.920767
vn 0.197655 -0.039531 -0.979474
vn 0.563000 -0.229353 0.793995
vn 0.654375 -0.268415 0.706928
vn 0.772269 -0.317310 0.550377
vn 0.856380 -0.350877 0.378812
vn 0.908213 -0.371254 0.193184
vn 0.925685 -0.378294 0.000911
vn 0.908410 -0.371559 -0.191665
vn 0.857057 -0.350710 -0.377434
vn 0.773233 -0.316603 -0.549430
vn 0.659721 -0.270145 -0.701277
vn 0.520505 -0.213385 -0.826765
vn 0.360322 -0.148258 -0.920971
vn 0.186157 -0.076964 -0.979501
vn 0.507691 -0.333169 0.794511
vn 0.590304 -0.389176 0.707165
vn 0.696714 -0.459477 0.550882
vn 0.771949 -0.509882 0.379625
vn 0.818549 -0.540784 0.193728
vn 0.834340 -0.551250 0.000801
vn 0.818671 -0.541135 -0.192226
vn 0.772223 -0.510597 -0.378102
vn 0.696457 -0.460669 -0.550210
vn 0.593930 -0.393150 -0.701912
vn 0.468367 -0.310324 -0.827243
vn 0.324282 -0.215133 -0.921173
vn 0.167296 -0.111929 -0.979533
vn 0.432419 -0.425882 0.794757
vn 0.502952 -0.495747 0.708008
vn 0.593758 -0.585800 0.551624
vn 0.658070 -0.650164 0.379777
vn 0.697487 -0.689874 0.193871
vn 0.710768 -0.703427 0.000597
vn 0.697248 -0.690423 -0.192772
vn 0.657439 -0.651366 -0.378808
vn 0.592632 -0.587470 -0.551059
vn 0.505080 -0.501136 -0.702678
vn 0.398115 -0.395470 -0.827712
vn 0.275397 -0.274254 -0.921380
vn 0.141897 -0.142267 -0.979605
vn 0.340147 -0.501572 0.795441
vn 0.395710 -0.584048 0.708732
vn 0.467039 -0.690628 0.552184
vn 0.517786 -0.766400 0.380170
vn 0.548881 -0.813096 0.193920
vn 0.559215 -0.829022 0.000296
vn 0.548397 -0.813538 -0.193435
vn 0.516784 -0.767323 -0.379669
vn 0.465516 -0.691919 -0.551854
vn 0.396545 -0.590000 -0.703315
vn 0.312243 -0.465466 -0.828158
vn 0.215728 -0.322771 -0.921564
vn 0.111231 -0.167479 -0.979581
vn -0.001468 -0.000567 -0.999999
vn 0.235300 -0.558219 0.795629
vn 0.272828 -0.650117 0.709163
vn 0.321962 -0.768714 0.552648
vn 0.356829 -0.853180 0.380469
vn 0.378090 -0.905245 0.193855
vn 0.384964 -0.922932 0.000001
vn 0.377475 -0.905490 -0.193909
vn 0.355590 -0.853729 -0.380398
vn 0.320164 -0.769569 -0.552503
vn 0.272343 -0.656065 -0.703852
vn 0.214344 -0.517483 -0.828413
vn 0.148179 -0.358580 -0.921663
vn 0.075846 -0.186193 -0.979581
vn 0.120654 -0.593308 0.795882
vn 0.139424 -0.691009 0.709273
vn 0.164175 -0.816985 0.552794
vn 0.181580 -0.906868 0.380289
vn 0.192074 -0.962121 0.193470
vn 0.195409 -0.980722 -0.000323
vn 0.191357 -0.962130 -0.194134
vn 0.180225 -0.906989 -0.380643
vn 0.162202 -0.817301 -0.552910
vn 0.137705 -0.696647 -0.704074
vn 0.108423 -0.549500 -0.828429
vn 0.074421 -0.380773 -0.921669
vn 0.037884 -0.197653 -0.979540
vn 0.000490 -0.605479 0.795861
vn -0.000062 -0.705057 0.709150
vn -0.000472 -0.833480 0.552549
vn -0.000977 -0.925044 0.379858
vn -0.001339 -0.981182 0.193082
vn -0.001615 -0.999999 -0.000631
vn -0.001908 -0.980941 -0.194296
vn -0.002120 -0.924752 -0.380564
vn -0.002200 -0.833240 -0.552907
vn -0.002260 -0.710238 -0.703958
vn -0.002180 -0.560250 -0.828321
vn -0.002119 -0.388126 -0.921604
vn -0.001755 -0.201611 -0.979464
vn -0.119408 -0.594022 0.795537
vn -0.139118 -0.691522 0.708833
vn -0.164909 -0.817335 0.552058
vn -0.183263 -0.906886 0.379436
vn -0.194419 -0.961801 0.192717
vn -0.198361 -0.980129 -0.000852
vn -0.194804 -0.961396 -0.194346
vn -0.184118 -0.906249 -0.380543
vn -0.166345 -0.816710 -0.552552
vn -0.141985 -0.696264 -0.703602
vn -0.112592 -0.549338 -0.827980
vn -0.078380 -0.380809 -0.921326
vn -0.041481 -0.197685 -0.979387
vn -0.233970 -0.559494 0.795125
vn -0.272518 -0.651259 0.708234
vn -0.322492 -0.769486 0.551262
vn -0.357908 -0.853466 0.378810
vn -0.379727 -0.904872 0.192390
vn -0.386904 -0.922119 -0.001075
vn -0.380005 -0.904327 -0.194392
vn -0.358531 -0.852569 -0.380240
vn -0.323512 -0.768624 -0.551867
vn -0.275974 -0.655494 -0.702969
vn -0.218128 -0.517277 -0.827554
vn -0.151894 -0.358650 -0.921031
vn -0.079438 -0.186233 -0.979289
vn -0.339219 -0.503446 0.794653
vn -0.395318 -0.585805 0.707500
vn -0.467244 -0.691873 0.550450
vn -0.518274 -0.767178 0.377928
vn -0.549679 -0.813043 0.191871
vn -0.560191 -0.828363 -0.001244
vn -0.549710 -0.812459 -0.194241
vn -0.518508 -0.766205 -0.379577
vn -0.467812 -0.690971 -0.551100
vn -0.399436 -0.589410 -0.702173
vn -0.315528 -0.465341 -0.826982
vn -0.219241 -0.322869 -0.920700
vn -0.114589 -0.167684 -0.979159
vn -0.431813 -0.427994 0.793951
vn -0.502532 -0.498007 0.706718
vn -0.593590 -0.587874 0.549596
vn -0.658153 -0.651634 0.377104
vn -0.697557 -0.690539 0.191235
vn -0.710772 -0.703421 -0.001388
vn -0.697385 -0.689968 -0.193904
vn -0.657965 -0.650779 -0.378904
vn -0.593727 -0.586988 -0.550394
vn -0.506987 -0.500967 -0.701424
vn -0.400698 -0.395704 -0.826353
vn -0.278430 -0.274574 -0.920373
vn -0.145092 -0.142575 -0.979092
vn -0.507391 -0.335592 0.793683
vn -0.590250 -0.391207 0.706089
vn -0.696843 -0.461741 0.548821
vn -0.772257 -0.511669 0.376581
vn -0.818273 -0.542195 0.190931
vn -0.833686 -0.552237 -0.001489
vn -0.817935 -0.541716 -0.193715
vn -0.771842 -0.510926 -0.378437
vn -0.696674 -0.460951 -0.549700
vn -0.594997 -0.393671 -0.700715
vn -0.470362 -0.310878 -0.825902
vn -0.326921 -0.215802 -0.920083
vn -0.170341 -0.112361 -0.978958
vn -0.563058 -0.231285 0.793394
vn -0.655015 -0.269721 0.705837
vn -0.773211 -0.318529 0.548346
vn -0.856787 -0.352736 0.376155
vn -0.907862 -0.373454 0.190574
vn -0.924920 -0.380159 -0.001530
vn -0.907360 -0.373186 -0.193469
vn -0.856149 -0.352152 -0.378152
vn -0.772855 -0.317871 -0.549229
vn -0.660221 -0.271363 -0.700336
vn -0.522000 -0.214426 -0.825553
vn -0.362662 -0.149220 -0.919896
vn -0.188999 -0.077453 -0.978918
vn -0.596296 -0.119352 0.793843
vn -0.694706 -0.138798 0.705775
vn -0.820183 -0.163609 0.548207
vn -0.908946 -0.180846 0.375649
vn -0.962993 -0.191008 0.190159
vn -0.980904 -0.194486 -0.001549
vn -0.962435 -0.190841 -0.193129
vn -0.908135 -0.180343 -0.377847
vn -0.819752 -0.162868 -0.549073
vn -0.700288 -0.139098 -0.700178
vn -0.553770 -0.110118 -0.825356
vn -0.384818 -0.076568 -0.919811
vn -0.200438 -0.040086 -0.978886
vn -0.204186 0.004783 0.978920
vn -0.391254 0.003710 0.920275
vn -0.563877 0.004878 0.825845
vn -0.613106 0.003108 0.789995
vn -0.200946 0.040273 0.978774
vn -0.384291 0.076693 0.920021
vn -0.553379 0.110477 0.825571
vn -0.600658 0.119840 0.790474
vn -0.190226 0.074373 0.978919
vn -0.363037 0.145767 0.920302
vn -0.522800 0.210906 0.825953
vn -0.566801 0.229345 0.791288
vn -0.170290 0.111154 0.979105
vn -0.326922 0.212813 0.920779
vn -0.471010 0.307359 0.826850
vn -0.511120 0.331459 0.793027
vn -0.145076 0.140966 0.979327
vn -0.277712 0.271969 0.921362
vn -0.400604 0.392055 0.828136
vn -0.433945 0.426116 0.793800
vn -0.113317 0.166986 0.979426
vn -0.217201 0.321073 0.921811
vn -0.314068 0.463436 0.828607
vn -0.339912 0.504643 0.793596
vn -0.076448 0.186673 0.979443
vn -0.148920 0.357227 0.922069
vn -0.215762 0.515640 0.829193
vn -0.234653 0.561823 0.793280
vn -0.037936 0.198263 0.979414
vn -0.074270 0.379122 0.922361
vn -0.108964 0.548131 0.829264
vn -0.118662 0.596953 0.793453
vn -0.000501 0.202256 0.979332
vn 0.000361 0.386664 0.922221
vn 0.000390 0.558818 0.829290
vn 0.001354 0.609065 0.793119
vn 0.036459 0.198933 0.979335
vn 0.075782 0.379263 0.922180
vn 0.111504 0.548061 0.828973
vn 0.122152 0.597763 0.792312
vn 0.074383 0.188275 0.979295
vn 0.150184 0.358033 0.921551
vn 0.217988 0.516322 0.828186
vn 0.236840 0.562424 0.792203
vn 0.112579 0.168103 0.979320
vn 0.217711 0.322595 0.921159
vn 0.314702 0.464966 0.827508
vn 0.340871 0.505973 0.792338
vn 0.143684 0.142976 0.979241
vn 0.277546 0.274317 0.920716
vn 0.400095 0.394670 0.827139
vn 0.433843 0.428800 0.792408
vn 0.169160 0.111816 0.979225
vn 0.326240 0.215802 0.920324
vn 0.470125 0.310145 0.826313
vn 0.510713 0.335341 0.791655
vn 0.188927 0.075051 0.979119
vn 0.362350 0.148801 0.920087
vn 0.521470 0.214398 0.825895
vn 0.566683 0.232874 0.790342
vn 0.199887 0.038858 0.979048
vn 0.383989 0.076578 0.920157
vn 0.552884 0.110658 0.825878
vn 0.600675 0.121664 0.790182
vn 0.203399 0.001796 0.979094
vn 0.391035 0.001705 0.920374
vn 0.563174 0.003061 0.826333
vn 0.612514 0.002222 0.790457
vn 0.199777 -0.036364 0.979166
vn 0.383654 -0.072980 0.920589
vn 0.552580 -0.106363 0.826645
vn 0.601825 -0.117545 0.789930
vn 0.188892 -0.072199 0.979340
vn 0.362469 -0.144353 0.920749
vn 0.521034 -0.211924 0.826808
vn 0.567384 -0.231129 0.790351
vn 0.170140 -0.107195 0.979572
vn 0.325894 -0.212231 0.921277
vn 0.470490 -0.307628 0.827045
vn 0.511541 -0.335575 0.791022
vn 0.144363 -0.139071 0.979703
vn 0.277458 -0.271329 0.921628
vn 0.400268 -0.393269 0.827723
vn 0.435217 -0.428778 0.791667
vn 0.111753 -0.165155 0.979916
vn 0.217947 -0.319772 0.922087
vn 0.314867 -0.463812 0.828093
vn 0.342218 -0.505534 0.792037
vn 0.078134 -0.183299 0.979947
vn 0.150769 -0.355851 0.922301
vn 0.217642 -0.515656 0.828693
vn 0.236674 -0.562504 0.792196
vn 0.040239 -0.194100 0.980156
vn 0.076684 -0.377910 0.922661
vn 0.110627 -0.548144 0.829035
vn 0.120785 -0.598065 0.792294
vn 0.000385 -0.198650 0.980070
vn -0.000063 -0.385873 0.922552
vn -0.000621 -0.559255 0.828996
vn -0.000445 -0.609742 0.792600
vn -0.038779 -0.194508 0.980134
vn -0.076714 -0.378085 0.922587
vn -0.110661 -0.548645 0.828700
vn -0.120667 -0.598099 0.792286
vn -0.078866 -0.182949 0.979954
vn -0.150872 -0.355836 0.922290
vn -0.217545 -0.515937 0.828542
vn -0.236360 -0.563007 0.791932
vn -0.113964 -0.163984 0.979858
vn -0.218269 -0.319535 0.922093
vn -0.315133 -0.463861 0.827964
vn -0.342098 -0.505898 0.791857
vn -0.146243 -0.137253 0.979681
vn -0.278596 -0.269960 0.921687
vn -0.401063 -0.392600 0.827656
vn -0.435177 -0.428352 0.791919
vn -0.171307 -0.106888 0.979402
vn -0.326707 -0.211231 0.921219
vn -0.471118 -0.306861 0.826973
vn -0.511601 -0.333796 0.791736
vn -0.000691 0.002228 0.999997
vn -0.189774 -0.071802 0.979199
vn -0.362445 -0.144285 0.920769
vn -0.521787 -0.211483 0.826446
vn -0.567274 -0.229567 0.790885
vn -0.200407 -0.035431 0.979072
vn -0.383752 -0.072569 0.920580
vn -0.553386 -0.105918 0.826163
vn -0.602121 -0.116014 0.789931
vn -0.607730 0.002234 0.794140
vn -0.705934 0.000659 0.708278
vn -0.834316 -0.000522 0.551287
vn -0.926302 -0.001261 0.376780
vn -0.981769 -0.001804 0.190068
vn -0.999997 -0.001958 -0.001654
vn -0.981121 -0.001875 -0.193385
vn -0.925842 -0.001801 -0.377906
vn -0.835633 -0.001783 -0.549286
vn -0.713834 -0.001632 -0.700313
vn -0.564290 -0.001471 -0.825575
vn -0.392106 -0.001251 -0.919919
vn -0.204023 -0.000956 -0.978966
vn -0.595354 0.117269 0.794859
vn -0.692309 0.135195 0.708823
vn -0.818652 0.160092 0.551525
vn -0.908696 0.177975 0.377619
vn -0.963452 0.187885 0.190944
vn -0.981522 0.191343 -0.001617
vn -0.962995 0.187537 -0.193572
vn -0.908585 0.176978 -0.378354
vn -0.820009 0.159595 -0.549650
vn -0.700322 0.135992 -0.700753
vn -0.553573 0.107401 -0.825846
vn -0.384618 0.074289 -0.920081
vn -0.200076 0.038400 -0.979028
vn -0.561647 0.225634 0.796016
vn -0.653593 0.264174 0.709245
vn -0.772462 0.315024 0.551418
vn -0.856812 0.350479 0.378204
vn -0.908457 0.371547 0.191463
vn -0.925700 0.378255 -0.001469
vn -0.908173 0.370984 -0.193889
vn -0.856828 0.349705 -0.378882
vn -0.773234 0.315326 -0.550162
vn -0.660272 0.268738 -0.701300
vn -0.521791 0.211878 -0.826342
vn -0.362331 0.146914 -0.920398
vn -0.188683 0.075651 -0.979120
vn -0.506265 0.330092 0.796702
vn -0.588893 0.387549 0.709233
vn -0.696034 0.460145 0.551184
vn -0.771931 0.510786 0.378444
vn -0.818459 0.541534 0.192006
vn -0.834187 0.551481 -0.001177
vn -0.818580 0.540649 -0.193971
vn -0.772358 0.509552 -0.379235
vn -0.696880 0.459290 -0.550827
vn -0.594872 0.391710 -0.701920
vn -0.469929 0.308798 -0.826928
vn -0.326397 0.213752 -0.920747
vn -0.169893 0.110561 -0.979241
vn -0.430734 0.424996 0.796145
vn -0.501007 0.496026 0.709190
vn -0.591999 0.587548 0.551656
vn -0.656922 0.651787 0.378983
vn -0.696874 0.690822 0.192694
vn -0.710594 0.703601 -0.000735
vn -0.697364 0.689979 -0.193940
vn -0.657899 0.650430 -0.379618
vn -0.593488 0.586151 -0.551543
vn -0.506489 0.499620 -0.702744
vn -0.399994 0.394048 -0.827485
vn -0.277669 0.272859 -0.921112
vn -0.144536 0.141000 -0.979402
vn -0.336862 0.501436 0.796923
vn -0.393204 0.584952 0.709381
vn -0.465185 0.692025 0.552001
vn -0.516345 0.767582 0.379745
vn -0.548006 0.813774 0.193549
vn -0.558905 0.829232 -0.000289
vn -0.548639 0.813237 -0.194013
vn -0.517514 0.766612 -0.380112
vn -0.466749 0.690902 -0.552087
vn -0.398241 0.588744 -0.703409
vn -0.314331 0.464178 -0.828091
vn -0.218201 0.321438 -0.921448
vn -0.113879 0.166231 -0.979489
vn -0.231916 0.558079 0.796720
vn -0.269717 0.650877 0.709656
vn -0.319851 0.769561 0.552695
vn -0.355432 0.853723 0.380559
vn -0.377473 0.905464 0.194033
vn -0.384866 0.922973 0.000006
vn -0.377954 0.905286 -0.193927
vn -0.356562 0.853296 -0.380460
vn -0.321637 0.768893 -0.552588
vn -0.274212 0.655199 -0.703933
vn -0.216516 0.516474 -0.828478
vn -0.150722 0.357433 -0.921696
vn -0.078598 0.184950 -0.979600
vn -0.117513 0.593172 0.796453
vn -0.136284 0.691227 0.709671
vn -0.161990 0.817130 0.553225
vn -0.180240 0.906848 0.380973
vn -0.191444 0.962069 0.194349
vn -0.195688 0.980666 0.000270
vn -0.191990 0.962079 -0.193762
vn -0.181331 0.906874 -0.380391
vn -0.163710 0.817056 -0.552827
vn -0.139723 0.696144 -0.704174
vn -0.110715 0.548740 -0.828629
vn -0.077193 0.379780 -0.921851
vn -0.040662 0.196423 -0.979676
vn 0.002073 0.605303 0.795992
vn 0.002134 0.704659 0.709543
vn 0.001935 0.832960 0.553330
vn 0.001993 0.924593 0.380952
vn 0.001815 0.980861 0.194703
vn 0.001647 0.999999 0.000548
vn 0.001380 0.981066 -0.193670
vn 0.001053 0.924955 -0.380076
vn 0.000714 0.833388 -0.552688
vn 0.000303 0.710158 -0.704043
vn -0.000117 0.559804 -0.828625
vn -0.000556 0.387429 -0.921899
vn -0.000818 0.200396 -0.979715
vn 0.120702 0.593463 0.795759
vn 0.139798 0.690885 0.709320
vn 0.165287 0.816690 0.552899
vn 0.183663 0.906253 0.380755
vn 0.194740 0.961371 0.194529
vn 0.198612 0.980078 0.000668
vn 0.194503 0.961687 -0.193202
vn 0.183307 0.906754 -0.379731
vn 0.165030 0.817208 -0.552210
vn 0.140255 0.696490 -0.703726
vn 0.110416 0.549123 -0.828415
vn 0.076091 0.380054 -0.921829
vn 0.038803 0.196559 -0.979724
vn 0.233747 0.558677 0.795765
vn 0.271802 0.650809 0.708923
vn 0.322021 0.769175 0.551971
vn 0.357953 0.852925 0.379986
vn 0.379969 0.904374 0.194244
vn 0.387200 0.921995 0.000798
vn 0.379911 0.904693 -0.192867
vn 0.358095 0.853232 -0.379161
vn 0.322637 0.769321 -0.551407
vn 0.274652 0.655918 -0.703091
vn 0.216251 0.517228 -0.828077
vn 0.149585 0.357989 -0.921666
vn 0.076651 0.185249 -0.979698
vn 0.337931 0.502638 0.795712
vn 0.394107 0.585585 0.708357
vn 0.466814 0.691844 0.550851
vn 0.518132 0.766890 0.378708
vn 0.549650 0.812652 0.193601
vn 0.560344 0.828260 0.000807
vn 0.549763 0.812882 -0.192310
vn 0.518403 0.766923 -0.378270
vn 0.467348 0.691762 -0.550501
vn 0.398405 0.589978 -0.702282
vn 0.313863 0.465358 -0.827606
vn 0.216974 0.322304 -0.921435
vn 0.111933 0.166647 -0.979643
vn 0.430830 0.426881 0.795084
vn 0.501651 0.497712 0.707551
vn 0.593826 0.587544 0.549694
vn 0.658328 0.651056 0.377797
vn 0.697727 0.689866 0.193036
vn 0.710947 0.703245 0.000862
vn 0.697695 0.690262 -0.191729
vn 0.658205 0.651389 -0.377437
vn 0.593688 0.587753 -0.549619
vn 0.506353 0.501431 -0.701550
vn 0.399385 0.395598 -0.827039
vn 0.276380 0.273973 -0.921169
vn 0.142479 0.141532 -0.979627
vn 0.506577 0.332988 0.795298
vn 0.590053 0.389740 0.707064
vn 0.697364 0.461266 0.548559
vn 0.772861 0.510553 0.376857
vn 0.818661 0.540917 0.192883
vn 0.834074 0.551651 0.001108
vn 0.818536 0.541680 -0.191263
vn 0.772427 0.511312 -0.376719
vn 0.697027 0.461446 -0.548836
vn 0.594721 0.393792 -0.700881
vn 0.469290 0.310644 -0.826600
vn 0.324990 0.215090 -0.920933
vn 0.167757 0.111280 -0.979528
vn 0.562233 0.229422 0.794519
vn 0.655644 0.266314 0.706547
vn 0.774459 0.315829 0.548148
vn 0.857513 0.350638 0.376464
vn 0.907777 0.372471 0.192887
vn 0.925115 0.379685 0.001484
vn 0.907938 0.373184 -0.190742
vn 0.856925 0.352278 -0.376271
vn 0.773455 0.317945 -0.548342
vn 0.660189 0.271185 -0.700435
vn 0.521102 0.213980 -0.826236
vn 0.360840 0.148377 -0.920749
vn 0.186425 0.076428 -0.979492
vn 0.597105 0.119270 0.793247
vn 0.695550 0.136403 0.705411
vn 0.820908 0.160757 0.547967
vn 0.908647 0.179105 0.377202
vn 0.962452 0.190462 0.193418
vn 0.980872 0.194647 0.001747
vn 0.962955 0.190917 -0.190444
vn 0.908929 0.180181 -0.376010
vn 0.820394 0.162572 -0.548200
vn 0.700326 0.138588 -0.700240
vn 0.552907 0.109452 -0.826023
vn 0.382975 0.075749 -0.920648
vn 0.197840 0.038961 -0.979460
vn 0.609743 0.001381 0.792598
vn 0.709154 0.001250 0.705053
vn 0.836200 0.001591 0.548422
vn 0.926035 0.002374 0.377429
vn 0.981074 0.002182 0.193622
vn 0.999997 0.001892 0.001643
vn 0.981631 0.001535 -0.190784
vn 0.926599 0.001326 -0.376049
vn 0.836257 0.001070 -0.548336
vn 0.713870 0.000778 -0.700278
vn 0.563591 0.000464 -0.826054
vn 0.390380 0.000128 -0.920654
vn 0.201701 -0.000204 -0.979447
vn 0.598044 -0.117044 0.792871
vn 0.695456 -0.135530 0.705672
vn 0.820328 -0.159507 0.549200
vn 0.908841 -0.176600 0.377917
vn 0.963077 -0.187372 0.193324
vn 0.981492 -0.191498 0.001229
vn 0.963404 -0.188018 -0.191056
vn 0.909173 -0.177763 -0.376569
vn 0.820411 -0.160593 -0.548758
vn 0.700170 -0.137112 -0.700687
vn 0.552671 -0.108586 -0.826295
vn 0.382750 -0.075538 -0.920759
vn 0.197718 -0.039413 -0.979466
vn 0.563765 -0.229367 0.793448
vn 0.655580 -0.266895 0.706387
vn 0.773473 -0.315172 0.549915
vn 0.857132 -0.349432 0.378446
vn 0.908384 -0.370746 0.193355
vn 0.925792 -0.378032 0.001051
vn 0.908505 -0.371306 -0.191705
vn 0.857171 -0.350534 -0.377337
vn 0.773352 -0.316435 -0.549359
vn 0.659794 -0.270028 -0.701253
vn 0.520583 -0.213294 -0.826740
vn 0.360387 -0.148261 -0.920945
vn 0.186196 -0.076942 -0.979495
vn 0.507956 -0.333583 0.794168
vn 0.590704 -0.388616 0.707140
vn 0.697100 -0.459148 0.550668
vn 0.772672 -0.509322 0.378905
vn 0.818976 -0.540245 0.193423
vn 0.834510 -0.550993 0.000739
vn 0.818824 -0.540906 -0.192217
vn 0.772354 -0.510430 -0.378062
vn 0.696543 -0.460585 -0.550172
vn 0.593953 -0.393075 -0.701934
vn 0.468460 -0.310201 -0.827237
vn 0.324338 -0.215043 -0.921174
vn 0.167371 -0.111870 -0.979526
vn 0.432255 -0.426045 0.794759
vn 0.502861 -0.495911 0.707957
vn 0.593616 -0.586096 0.551464
vn 0.658131 -0.650274 0.379483
vn 0.697694 -0.689757 0.193541
vn 0.710920 -0.703273 0.000420
vn 0.697379 -0.690271 -0.192842
vn 0.657492 -0.651234 -0.378943
vn 0.592659 -0.587440 -0.551063
vn 0.505159 -0.501076 -0.702665
vn 0.398184 -0.395438 -0.827694
vn 0.275442 -0.274166 -0.921393
vn 0.141964 -0.142214 -0.979603
vn 0.339453 -0.501908 0.795525
vn 0.395359 -0.584351 0.708679
vn 0.466865 -0.690812 0.552102
vn 0.517707 -0.766537 0.380001
vn 0.548901 -0.813124 0.193744
vn 0.559308 -0.828960 0.000176
vn 0.548448 -0.813490 -0.193491
vn 0.516842 -0.767235 -0.379769
vn 0.465607 -0.691835 -0.551882
vn 0.396640 -0.589925 -0.703324
vn 0.312300 -0.465423 -0.828161
vn 0.215763 -0.322715 -0.921576
vn 0.111287 -0.167438 -0.979581
vn -0.001297 -0.000594 -0.999999
vn 0.234279 -0.558356 0.795834
vn 0.272270 -0.650298 0.709212
vn 0.321713 -0.768835 0.552624
vn 0.356747 -0.853234 0.380425
vn 0.378133 -0.905224 0.193867
vn 0.385086 -0.922881 -0.000081
vn 0.377571 -0.905414 -0.194075
vn 0.355681 -0.853656 -0.380476
vn 0.320241 -0.769507 -0.552544
vn 0.272470 -0.656013 -0.703852
vn 0.214439 -0.517419 -0.828429
vn 0.148246 -0.358510 -0.921680
vn 0.076030 -0.186113 -0.979582
vn 0.119764 -0.593440 0.795918
vn 0.138720 -0.690961 0.709457
vn 0.163796 -0.816953 0.552954
vn 0.181475 -0.906848 0.380386
vn 0.192013 -0.962112 0.193577
vn 0.195444 -0.980715 -0.000346
vn 0.191370 -0.962110 -0.194224
vn 0.180306 -0.906939 -0.380725
vn 0.162209 -0.817264 -0.552963
vn 0.137784 -0.696606 -0.704099
vn 0.108354 -0.549450 -0.828471
vn 0.074496 -0.380748 -0.921673
vn 0.037953 -0.197590 -0.979550
vn -0.000049 -0.605415 0.795910
vn -0.000216 -0.704825 0.709381
vn -0.000622 -0.833297 0.552825
vn -0.001022 -0.924970 0.380038
vn -0.001336 -0.981141 0.193289
vn -0.001575 -0.999999 -0.000590
vn -0.001909 -0.980921 -0.194397
vn -0.002071 -0.924709 -0.380670
vn -0.002131 -0.833213 -0.552948
vn -0.002164 -0.710215 -0.703982
vn -0.002088 -0.560192 -0.828360
vn -0.001925 -0.388134 -0.921601
vn -0.001684 -0.201555 -0.979476
vn -0.119713 -0.593662 0.795760
vn -0.139255 -0.691206 0.709114
vn -0.164853 -0.817144 0.552357
vn -0.183187 -0.906801 0.379677
vn -0.194408 -0.961768 0.192895
vn -0.198407 -0.980119 -0.000873
vn -0.194756 -0.961387 -0.194435
vn -0.184008 -0.906259 -0.380573
vn -0.166129 -0.816716 -0.552608
vn -0.141838 -0.696232 -0.703664
vn -0.112414 -0.549316 -0.828019
vn -0.078305 -0.380763 -0.921351
vn -0.041307 -0.197643 -0.979403
vn -0.233883 -0.559052 0.795462
vn -0.272062 -0.650999 0.708648
vn -0.322237 -0.769385 0.551553
vn -0.357884 -0.853387 0.379011
vn -0.379787 -0.904829 0.192474
vn -0.387030 -0.922066 -0.001051
vn -0.379967 -0.904340 -0.194407
vn -0.358446 -0.852586 -0.380281
vn -0.323409 -0.768606 -0.551952
vn -0.275879 -0.655445 -0.703052
vn -0.218027 -0.517239 -0.827604
vn -0.151804 -0.358607 -0.921063
vn -0.079211 -0.186277 -0.979299
vn -0.338853 -0.502592 0.795349
vn -0.394803 -0.585537 0.708009
vn -0.466998 -0.691973 0.550532
vn -0.518167 -0.767206 0.378019
vn -0.549529 -0.813126 0.191946
vn -0.560091 -0.828430 -0.001253
vn -0.549577 -0.812552 -0.194226
vn -0.518416 -0.766240 -0.379632
vn -0.467664 -0.690995 -0.551195
vn -0.399205 -0.589470 -0.702254
vn -0.315251 -0.465381 -0.827066
vn -0.218927 -0.322966 -0.920741
vn -0.114339 -0.167664 -0.979191
vn -0.431640 -0.426628 0.794780
vn -0.502449 -0.497150 0.707381
vn -0.593446 -0.587871 0.549755
vn -0.658127 -0.651646 0.377129
vn -0.697543 -0.690531 0.191314
vn -0.710777 -0.703416 -0.001395
vn -0.697321 -0.690033 -0.193904
vn -0.657915 -0.650778 -0.378994
vn -0.593654 -0.587031 -0.550426
vn -0.506833 -0.501008 -0.701506
vn -0.400512 -0.395692 -0.826449
vn -0.278232 -0.274643 -0.920412
vn -0.144864 -0.142559 -0.979128
vn -0.507155 -0.333111 0.794878
vn -0.590207 -0.389597 0.707015
vn -0.696959 -0.461167 0.549156
vn -0.772509 -0.511320 0.376539
vn -0.818367 -0.542018 0.191030
vn -0.833717 -0.552191 -0.001410
vn -0.817926 -0.541749 -0.193663
vn -0.771738 -0.510986 -0.378568
vn -0.696591 -0.461049 -0.549722
vn -0.594866 -0.393617 -0.700857
vn -0.470226 -0.310835 -0.825996
vn -0.326816 -0.215673 -0.920150
vn -0.170141 -0.112281 -0.979002
vn -0.562830 -0.227096 0.794764
vn -0.654822 -0.266698 0.707164
vn -0.773162 -0.317596 0.548957
vn -0.856628 -0.352774 0.376483
vn -0.907698 -0.373698 0.190876
vn -0.924820 -0.380402 -0.001430
vn -0.907320 -0.373318 -0.193401
vn -0.856076 -0.352195 -0.378276
vn -0.772799 -0.317876 -0.549305
vn -0.660126 -0.271289 -0.700454
vn -0.521890 -0.214414 -0.825626
vn -0.362542 -0.149151 -0.919955
vn -0.188824 -0.077492 -0.978949
vn -0.596970 -0.114431 0.794061
vn -0.693355 -0.134796 0.707876
vn -0.819231 -0.162232 0.550038
vn -0.908464 -0.181494 0.376500
vn -0.962886 -0.191522 0.190185
vn -0.980818 -0.194918 -0.001587
vn -0.962388 -0.190966 -0.193240
vn -0.908075 -0.180354 -0.377985
vn -0.819660 -0.162893 -0.549202
vn -0.700190 -0.139086 -0.700278
vn -0.553596 -0.110213 -0.825460
vn -0.384711 -0.076710 -0.919844
vn -0.200154 -0.040307 -0.978935

f 4/4/4 2/2/2 1/1/1
f 8/8/8 6/6/6 5/5/5
f 13/13/13 15/15/15 14/14/14
f 17/17/17 19/19/19 18/18/18
f 32/32/32 30/30/30 29/29/29
f 36/36/36 34/34/34 33/33/33
f 37/37/37 39/39/39 38/38/38
f 21/21/21 23/23/23 20/20/20
f 25/25/25 27/27/27 24/24/24
f 41/41/41 43/43/43 42/42/42
f 48/48/48 46/46/46 45/45/45
f 52/52/52 50/50/50 49/49/49
f 53/53/53 55/55/55 54/54/54
f 60/60/60 58/58/58 57/57/57
f 29/29/29 62/62/62 61/61/61
f 66/66/66 64/64/64 63/63/63
f 67/67/67 6/6/6 68/68/68
f 72/72/72 70/70/70 69/69/69
f 76/76/76 74/74/74 73/73/73
f 77/77/77 79/79/79 78/78/78
f 81/81/81 83/83/83 82/82/82
f 59/59/59 86/86/86 85/85/85
f 88/88/88 90/90/90 89/89/89
f 96/96/96 94/94/94 93/93/93
f 100/100/100 98/98/98 97/97/97
f 101/101/101 103/103/103 102/102/102
f 106/106/106 34/34/34 87/87/87
f 108/108/108 115/115/115 107/107/107
f 117/117/117 36/36/36 118/118/118
f 124/124/124 126/126/126 125/125/125
f 131/131/131 129/129/129 128/128/128
f 132/132/132 134/134/134 133/133/133
f 142/142/142 140/140/140 139/139/139
f 148/148/148 60/60/60 147/147/147
f 144/144/144 127/127/127 124/124/124
f 149/149/149 151/151/151 150/150/150
f 156/156/156 154/154/154 153/153/153
f 159/159/159 158/158/158 157/157/157
f 116/116/116 164/164/164 105/105/105
f 171/171/171 169/169/169 168/168/168
f 174/174/174 173/173/173 172/172/172
f 179/179/179 181/181/181 180/180/180
f 186/186/186 188/188/188 187/187/187
f 194/194/194 196/196/196 195/195/195
f 199/199/199 139/139/139 198/198/198
f 206/206/206 208/208/208 207/207/207
f 213/213/213 211/211/211 210/210/210
f 202/202/202 214/214/214 201/201/201
f 96/96/96 216/216/216 54/54/54
f 92/92/92 43/43/43 44/44/44
f 97/97/97 246/246/246 100/100/100
f 250/250/250 229/229/229 228/228/228
f 252/252/252 58/58/58 253/253/253
f 258/258/258 256/256/256 255/255/255
f 260/260/260 229/229/229 259/259/259
f 110/110/110 112/112/112 113/113/113
f 114/114/114 263/263/263 109/109/109
f 265/265/265 267/267/267 266/266/266
f 56/56/56 270/270/270 269/269/269
f 274/274/274 249/249/249 250/250/250
f 185/185/185 63/63/63 64/64/64
f 280/280/280 278/278/278 276/276/276
f 285/285/285 283/283/283 157/157/157
f 288/288/288 211/211/211 212/212/212
f 141/141/141 92/92/92 46/46/46
f 289/289/289 175/175/175 176/176/176
f 148/148/148 105/105/105 106/106/106
f 312/312/312 170/170/170 171/171/171
f 238/238/238 42/42/42 43/43/43
f 318/318/318 160/160/160 317/317/317
f 310/310/310 308/308/308 307/307/307
f 241/241/241 325/325/325 324/324/324
f 160/160/160 240/240/240 317/317/317
f 47/47/47 307/307/307 308/308/308
f 108/108/108 315/315/315 164/164/164
f 345/345/345 86/86/86 119/119/119
f 348/348/348 350/350/350 349/349/349
f 356/356/356 358/358/358 357/357/357
f 355/355/355 353/353/353 352/352/352
f 363/363/363 32/32/32 362/362/362
f 149/149/149 150/150/150 176/176/176
f 364/364/364 253/253/253 365/365/365
f 366/366/366 368/368/368 367/367/367
f 183/183/183 371/371/371 63/63/63
f 163/163/163 161/161/161 160/160/160
f 209/209/209 101/101/101 208/208/208
f 378/378/378 165/165/165 166/166/166
f 379/379/379 381/381/381 380/380/380
f 383/383/383 3/3/3 4/4/4
f 284/284/284 386/386/386 385/385/385
f 387/387/387 389/389/389 388/388/388
f 391/391/391 229/229/229 249/249/249
f 73/73/73 397/397/397 396/396/396
f 405/405/405 407/407/407 406/406/406
f 203/203/203 411/411/411 410/410/410
f 414/414/414 413/413/413 412/412/412
f 1/1/1 357/357/357 4/4/4
f 277/277/277 131/131/131 275/275/275
f 254/254/254 57/57/57 58/58/58
f 358/358/358 415/415/415 351/351/351
f 417/417/417 386/386/386 408/408/408
f 401/401/401 192/192/192 420/420/420
f 419/419/419 127/127/127 143/143/143
f 421/421/421 182/182/182 422/422/422
f 103/103/103 302/302/302 409/409/409
f 428/428/428 368/368/368 174/174/174
f 380/380/380 359/359/359 356/356/356
f 62/62/62 266/266/266 323/323/323
f 140/140/140 431/431/431 430/430/430
f 357/357/357 351/351/351 348/348/348
f 356/356/356 379/379/379 380/380/380
f 415/415/415 403/403/403 434/434/434
f 437/437/437 436/436/436 435/435/435
f 438/438/438 440/440/440 439/439/439
f 188/188/188 450/450/450 449/449/449
f 452/452/452 454/454/454 453/453/453
f 265/265/265 181/181/181 421/421/421
f 224/224/224 64/64/64 225/225/225
f 237/237/237 213/213/213 427/427/427
f 275/275/275 128/128/128 458/458/458
f 281/281/281 460/460/460 459/459/459
f 50/50/50 79/79/79 461/461/461
f 73/73/73 282/282/282 281/281/281
f 468/468/468 466/466/466 465/465/465
f 390/390/390 352/352/352 359/359/359
f 482/482/482 484/484/484 483/483/483
f 489/489/489 487/487/487 486/486/486
f 493/493/493 495/495/495 494/494/494
f 472/472/472 470/470/470 469/469/469
f 502/502/502 500/500/500 499/499/499
f 220/220/220 222/222/222 223/223/223
f 512/512/512 143/143/143 66/66/66
f 518/518/518 511/511/511 80/80/80
f 513/513/513 230/230/230 286/286/286
f 205/205/205 31/31/31 244/244/244
f 189/189/189 451/451/451 188/188/188
f 163/163/163 532/532/532 8/8/8
f 533/533/533 225/225/225 251/251/251
f 446/446/446 447/447/447 412/412/412
f 335/335/335 540/540/540 334/334/334
f 544/544/544 546/546/546 545/545/545
f 329/329/329 291/291/291 292/292/292
f 199/199/199 262/262/262 238/238/238
f 385/385/385 416/416/416 550/550/550
f 532/532/532 191/191/191 247/247/247
f 363/363/363 118/118/118 243/243/243
f 236/236/236 237/237/237 250/250/250
f 578/578/578 580/580/580 579/579/579
f 573/573/573 571/571/571 570/570/570
f 561/561/561 562/562/562 272/272/272
f 241/241/241 259/259/259 240/240/240
f 590/590/590 592/592/592 591/591/591
f 545/545/545 595/595/595 594/594/594
f 503/503/503 155/155/155 504/504/504
f 606/606/606 624/624/624 623/623/623
f 478/478/478 480/480/480 479/479/479
f 646/646/646 648/648/648 647/647/647
f 590/590/590 689/689/689 684/684/684
f 564/564/564 651/651/651 650/650/650
f 728/728/728 184/184/184 727/727/727
f 714/714/714 716/716/716 715/715/715
f 692/692/692 575/575/575 693/693/693
f 541/541/541 581/581/581 578/578/578
f 346/346/346 248/248/248 400/400/400
f 161/161/161 230/230/230 160/160/160
f 128/128/128 94/94/94 95/95/95
f 698/698/698 704/704/704 703/703/703
f 574/574/574 576/576/576 575/575/575
f 290/290/290 401/401/401 328/328/328
f 630/630/630 725/725/725 726/726/726
f 733/733/733 735/735/735 734/734/734
f 755/755/755 496/496/496 493/493/493
f 759/759/759 481/481/481 760/760/760
f 757/757/757 762/762/762 761/761/761
f 764/764/764 466/466/466 467/467/467
f 768/768/768 3808/3808/3808 3809/3809/3809
f 759/759/759 488/488/488 489/489/489
f 492/492/492 475/475/475 771/771/771
f 474/474/474 769/769/769 473/473/473
f 773/773/773 465/465/465 772/772/772
f 771/771/771 486/486/486 483/483/483
f 484/484/484 775/775/775 491/491/491
f 774/774/774 489/489/489 486/486/486
f 495/495/495 764/764/764 756/756/756
f 495/495/495 761/761/761 494/494/494
f 137/137/137 784/784/784 136/136/136
f 325/325/325 797/797/797 547/547/547
f 165/165/165 51/51/51 52/52/52
f 369/369/369 29/29/29 370/370/370
f 730/730/730 568/568/568 569/569/569
f 90/90/90 301/301/301 89/89/89
f 243/243/243 516/516/516 242/242/242
f 800/800/800 806/806/806 805/805/805
f 817/817/817 808/808/808 816/816/816
f 816/816/816 823/823/823 822/822/822
f 306/306/306 447/447/447 807/807/807
f 815/815/815 809/809/809 808/808/808
f 829/829/829 828/828/828 825/825/825
f 726/726/726 501/501/501 502/502/502
f 274/274/274 424/424/424 423/423/423
f 879/879/879 881/881/881 880/880/880
f 884/884/884 879/879/879 885/885/885
f 219/219/219 217/217/217 211/211/211
f 906/906/906 904/904/904 897/897/897
f 455/455/455 205/205/205 542/542/542
f 898/898/898 830/830/830 829/829/829
f 903/903/903 880/880/880 881/881/881
f 906/906/906 897/897/897 898/898/898
f 377/377/377 519/519/519 165/165/165
f 923/923/923 948/948/948 946/946/946
f 946/946/946 951/951/951 950/950/950
f 3519/3519/3519 739/739/739 3517/3517/3517
f 900/900/900 886/886/886 880/880/880
f 225/225/225 65/65/65 144/144/144
f 182/182/182 442/442/442 422/422/422
f 809/809/809 947/947/947 824/824/824
f 954/954/954 962/962/962 961/961/961
f 927/927/927 965/965/965 966/966/966
f 885/885/885 880/880/880 886/886/886
f 925/925/925 966/966/966 967/967/967
f 343/343/343 341/341/341 340/340/340
f 965/965/965 971/971/971 968/968/968
f 968/968/968 970/970/970 969/969/969
f 972/972/972 969/969/969 973/973/973
f 963/963/963 981/981/981 978/978/978
f 336/336/336 338/338/338 339/339/339
f 992/992/992 827/827/827 828/828/828
f 810/810/810 996/996/996 959/959/959
f 1007/1007/1007 1002/1002/1002 1008/1008/1008
f 1012/1012/1012 827/827/827 1009/1009/1009
f 1011/1011/1011 1007/1007/1007 1008/1008/1008
f 294/294/294 292/292/292 291/291/291
f 907/907/907 920/920/920 919/919/919
f 1017/1017/1017 1019/1019/1019 1018/1018/1018
f 1020/1020/1020 1022/1022/1022 1021/1021/1021
f 1035/1035/1035 1020/1020/1020 1044/1044/1044
f 1061/1061/1061 1047/1047/1047 1046/1046/1046
f 1063/1063/1063 1046/1046/1046 1062/1062/1062
f 1044/1044/1044 1021/1021/1021 1045/1045/1045
f 1102/1102/1102 1097/1097/1097 1109/1109/1109
f 1116/1116/1116 1118/1118/1118 1117/1117/1117
f 1016/1016/1016 1014/1014/1014 1013/1013/1013
f 881/881/881 904/904/904 903/903/903
f 816/816/816 1127/1127/1127 817/817/817
f 1094/1094/1094 949/949/949 1097/1097/1097
f 514/514/514 167/167/167 515/515/515
f 146/146/146 81/81/81 82/82/82
f 1133/1133/1133 1130/1130/1130 1129/1129/1129
f 1102/1102/1102 1126/1126/1126 822/822/822
f 822/822/822 1116/1116/1116 816/816/816
f 1145/1145/1145 1148/1148/1148 1136/1136/1136
f 1076/1076/1076 1151/1151/1151 1069/1069/1069
f 1148/1148/1148 1086/1086/1086 1087/1087/1087
f 1109/1109/1109 1114/1114/1114 1136/1136/1136
f 1154/1154/1154 1156/1156/1156 1155/1155/1155
f 1153/1153/1153 967/967/967 1156/1156/1156
f 3464/3464/3464 463/463/463 3714/3714/3714
f 1144/1144/1144 1152/1152/1152 1151/1151/1151
f 1156/1156/1156 1163/1163/1163 1162/1162/1162
f 1164/1164/1164 1169/1169/1169 1165/1165/1165
f 1145/1145/1145 1176/1176/1176 1147/1147/1147
f 1114/1114/1114 1154/1154/1154 1171/1171/1171
f 1183/1183/1183 1164/1164/1164 1177/1177/1177
f 1184/1184/1184 1177/1177/1177 1185/1185/1185
f 1069/1069/1069 1062/1062/1062 1064/1064/1064
f 1023/1023/1023 1194/1194/1194 1022/1022/1022
f 1162/1162/1162 1170/1170/1170 1169/1169/1169
f 1195/1195/1195 1185/1185/1185 1191/1191/1191
f 1183/1183/1183 1176/1176/1176 1155/1155/1155
f 1201/1201/1201 1152/1152/1152 1196/1196/1196
f 1061/1061/1061 1201/1201/1201 1202/1202/1202
f 3825/3825/3825 843/843/843 3836/3836/3836
f 1203/1203/1203 1195/1195/1195 1034/1034/1034
f 1202/1202/1202 1184/1184/1184 1195/1195/1195
f 1218/1218/1218 1203/1203/1203 1217/1217/1217
f 1060/1060/1060 1202/1202/1202 1203/1203/1203
f 1225/1225/1225 1217/1217/1217 1219/1219/1219
f 671/671/671 694/694/694 670/670/670
f 1219/1219/1219 1024/1024/1024 1035/1035/1035
f 1217/1217/1217 1034/1034/1034 1024/1024/1024
f 1226/1226/1226 1015/1015/1015 1227/1227/1227
f 1243/1243/1243 1234/1234/1234 1233/1233/1233
f 1231/1231/1231 1229/1229/1229 1228/1228/1228
f 847/847/847 1233/1233/1233 843/843/843
f 843/843/843 1244/1244/1244 878/878/878
f 1233/1233/1233 1245/1245/1245 1244/1244/1244
f 1923/1923/1923 233/233/233 216/216/216
f 2100/2100/2100 499/499/499 500/500/500
f 3914/3914/3914 2135/2135/2135 3900/3900/3900
f 61/61/61 323/323/323 505/505/505
f 210/210/210 217/217/217 457/457/457
f 1299/1299/1299 1309/1309/1309 1300/1300/1300
f 3863/3863/3863 1231/1231/1231 3862/3862/3862
f 1066/1066/1066 1321/1321/1321 1322/1322/1322
f 1322/1322/1322 1228/1228/1228 1229/1229/1229
f 1060/1060/1060 1321/1321/1321 1047/1047/1047
f 1325/1325/1325 1323/1323/1323 1310/1310/1310
f 1244/1244/1244 1332/1332/1332 1330/1330/1330
f 1290/1290/1290 1242/1242/1242 1288/1288/1288
f 1337/1337/1337 1339/1339/1339 1338/1338/1338
f 1330/1330/1330 1340/1340/1340 1339/1339/1339
f 1341/1341/1341 1245/1245/1245 1294/1294/1294
f 1342/1342/1342 1332/1332/1332 1341/1341/1341
f 1343/1343/1343 1341/1341/1341 1344/1344/1344
f 1344/1344/1344 1294/1294/1294 1293/1293/1293
f 3857/3857/3857 1345/1345/1345 1346/1346/1346
f 1347/1347/1347 1342/1342/1342 1343/1343/1343
f 3856/3856/3856 1295/1295/1295 1345/1345/1345
f 1349/1349/1349 1348/1348/1348 1347/1347/1347
f 3861/3861/3861 1347/1347/1347 3853/3853/3853
f 3853/3853/3853 1343/1343/1343 3857/3857/3857
f 906/906/906 829/829/829 1353/1353/1353
f 905/905/905 1353/1353/1353 1354/1354/1354
f 865/865/865 1355/1355/1355 1357/1357/1357
f 1355/1355/1355 829/829/829 825/825/825
f 1357/1357/1357 825/825/825 826/826/826
f 1356/1356/1356 1353/1353/1353 1355/1355/1355
f 3834/3834/3834 1338/1338/1338 3833/3833/3833
f 866/866/866 1356/1356/1356 865/865/865
f 1358/1358/1358 1354/1354/1354 1356/1356/1356
f 3828/3828/3828 1337/1337/1337 3834/3834/3834
f 838/838/838 1012/1012/1012 841/841/841
f 1363/1363/1363 1338/1338/1338 1339/1339/1339
f 1368/1368/1368 1339/1339/1339 1340/1340/1340
f 1348/1348/1348 1340/1340/1340 1342/1342/1342
f 1371/1371/1371 3824/3824/3824 3829/3829/3829
f 524/524/524 526/526/526 523/523/523
f 528/528/528 530/530/530 527/527/527
f 1372/1372/1372 1369/1369/1369 1371/1371/1371
f 535/535/535 537/537/537 538/538/538
f 1367/1367/1367 1348/1348/1348 1350/1350/1350
f 1370/1370/1370 1359/1359/1359 1369/1369/1369
f 1369/1369/1369 3833/3833/3833 3824/3824/3824
f 1373/1373/1373 903/903/903 904/904/904
f 555/555/555 557/557/557 558/558/558
f 1374/1374/1374 910/910/910 1373/1373/1373
f 1373/1373/1373 905/905/905 1375/1375/1375
f 1374/1374/1374 1375/1375/1375 1376/1376/1376
f 1375/1375/1375 1354/1354/1354 1370/1370/1370
f 1378/1378/1378 908/908/908 1377/1377/1377
f 376/376/376 651/651/651 1387/1387/1387
f 1388/1388/1388 973/973/973 969/969/969
f 586/586/586 588/588/588 585/585/585
f 1390/1390/1390 1388/1388/1388 1391/1391/1391
f 1391/1391/1391 969/969/969 970/970/970
f 597/597/597 599/599/599 596/596/596
f 600/600/600 602/602/602 603/603/603
f 1392/1392/1392 970/970/970 979/979/979
f 608/608/608 610/610/610 607/607/607
f 612/612/612 523/523/523 611/611/611
f 614/614/614 616/616/616 613/613/613
f 617/617/617 25/25/25 24/24/24
f 620/620/620 622/622/622 619/619/619
f 1397/1397/1397 1391/1391/1391 1392/1392/1392
f 1398/1398/1398 1392/1392/1392 1399/1399/1399
f 1400/1400/1400 920/920/920 1378/1378/1378
f 1402/1402/1402 1165/1165/1165 1169/1169/1169
f 636/636/636 638/638/638 635/635/635
f 930/930/930 1402/1402/1402 929/929/929
f 641/641/641 643/643/643 644/644/644
f 929/929/929 1169/1169/1169 1170/1170/1170
f 1404/1404/1404 1403/1403/1403 1402/1402/1402
f 1411/1411/1411 1365/1365/1365 1406/1406/1406
f 1412/1412/1412 1415/1415/1415 1414/1414/1414
f 652/652/652 654/654/654 655/655/655
f 609/609/609 657/657/657 658/658/658
f 659/659/659 661/661/661 662/662/662
f 558/558/558 586/586/586 585/585/585
f 665/665/665 667/667/667 664/664/664
f 1413/1413/1413 1406/1406/1406 1412/1412/1412
f 1418/1418/1418 3810/3810/3810 3813/3813/3813
f 1417/1417/1417 1371/1371/1371 1416/1416/1416
f 1416/1416/1416 3829/3829/3829 3810/3810/3810
f 1419/1419/1419 1416/1416/1416 1418/1418/1418
f 1386/1386/1386 1374/1374/1374 1420/1420/1420
f 677/677/677 679/679/679 676/676/676
f 1385/1385/1385 1420/1420/1420 1421/1421/1421
f 1420/1420/1420 1376/1376/1376 1422/1422/1422
f 685/685/685 687/687/687 688/688/688
f 1421/1421/1421 1422/1422/1422 1423/1423/1423
f 528/528/528 691/691/691 658/658/658
f 1422/1422/1422 1372/1372/1372 1417/1417/1417
f 1018/1018/1018 747/747/747 1425/1425/1425
f 699/699/699 701/701/701 702/702/702
f 1424/1424/1424 579/579/579 1017/1017/1017
f 3663/3663/3663 1767/1767/1767 3660/3660/3660
f 700/700/700 711/711/711 712/712/712
f 1093/1093/1093 3754/3754/3754 1571/1571/1571
f 717/717/717 530/530/530 719/719/719
f 721/721/721 723/723/723 720/720/720
f 704/704/704 3543/3543/3543 3554/3554/3554
f 19/19/19 1426/1426/1426 1430/1430/1430
f 1429/1429/1429 1427/1427/1427 1426/1426/1426
f 1658/1658/1658 3542/3542/3542 3544/3544/3544
f 1439/1439/1439 1434/1434/1434 1438/1438/1438
f 1437/1437/1437 1435/1435/1435 1434/1434/1434
f 1426/1426/1426 1433/1433/1433 1432/1432/1432
f 1442/1442/1442 1432/1432/1432 1440/1440/1440
f 742/742/742 744/744/744 745/745/745
f 1432/1432/1432 1441/1441/1441 1440/1440/1440
f 751/751/751 753/753/753 750/750/750
f 1438/1438/1438 1403/1403/1403 1405/1405/1405
f 1446/1446/1446 1444/1444/1444 1443/1443/1443
f 1447/1447/1447 1446/1446/1446 1443/1443/1443
f 3860/3860/3860 1443/1443/1443 3848/3848/3848
f 1415/1415/1415 1445/1445/1445 1446/1446/1446
f 1414/1414/1414 1446/1446/1446 1448/1448/1448
f 2173/2173/2173 469/469/469 470/470/470
f 777/777/777 779/779/779 686/686/686
f 780/780/780 782/782/782 783/783/783
f 1676/1676/1676 1806/1806/1806 1675/1675/1675
f 3859/3859/3859 1349/1349/1349 3861/3861/3861
f 789/789/789 791/791/791 788/788/788
f 745/745/745 793/793/793 742/742/742
f 652/652/652 795/795/795 653/653/653
f 1455/1455/1455 1457/1457/1457 1456/1456/1456
f 1454/1454/1454 1350/1350/1350 1452/1452/1452
f 610/610/610 802/802/802 801/801/801
f 3831/3831/3831 698/698/698 703/703/703
f 1352/1352/1352 1045/1045/1045 1351/1351/1351
f 1015/1015/1015 1459/1459/1459 1460/1460/1460
f 811/811/811 813/813/813 814/814/814
f 2118/2118/2118 3817/3817/3817 2117/2117/2117
f 819/819/819 821/821/821 818/818/818
f 1466/1466/1466 1194/1194/1194 1190/1190/1190
f 1467/1467/1467 1465/1465/1465 1466/1466/1466
f 1182/1182/1182 1468/1468/1468 1467/1467/1467
f 832/832/832 833/833/833 831/831/831
f 835/835/835 837/837/837 834/834/834
f 1467/1467/1467 1190/1190/1190 1182/1182/1182
f 1469/1469/1469 1444/1444/1444 1445/1445/1445
f 840/840/840 712/712/712 690/690/690
f 1453/1453/1453 1469/1469/1469 1454/1454/1454
f 599/599/599 845/845/845 846/846/846
f 1226/1226/1226 3849/3849/3849 3855/3855/3855
f 851/851/851 853/853/853 850/850/850
f 855/855/855 856/856/856 854/854/854
f 858/858/858 860/860/860 857/857/857
f 861/861/861 863/863/863 864/864/864
f 1014/1014/1014 3855/3855/3855 3858/3858/3858
f 867/867/867 868/868/868 869/869/869
f 870/870/870 872/872/872 873/873/873
f 874/874/874 876/876/876 877/877/877
f 1310/1310/1310 1471/1471/1471 1309/1309/1309
f 1476/1476/1476 1427/1427/1427 1475/1475/1475
f 1461/1461/1461 1475/1475/1475 1460/1460/1460
f 887/887/887 889/889/889 890/890/890
f 788/788/788 892/892/892 891/891/891
f 894/894/894 896/896/896 893/893/893
f 1460/1460/1460 1227/1227/1227 1015/1015/1015
f 901/901/901 524/524/524 612/612/612
f 1465/1465/1465 1477/1477/1477 1464/1464/1464
f 1865/1865/1865 3500/3500/3500 1864/1864/1864
f 911/911/911 913/913/913 914/914/914
f 916/916/916 918/918/918 915/915/915
f 1850/1850/1850 3507/3507/3507 1851/1851/1851
f 921/921/921 895/895/895 894/894/894
f 1479/1479/1479 1436/1436/1436 1478/1478/1478
f 926/926/926 667/667/667 601/601/601
f 1481/1481/1481 563/563/563 1480/1480/1480
f 269/269/269 84/84/84 1482/1482/1482
f 931/931/931 933/933/933 916/916/916
f 934/934/934 614/614/614 869/869/869
f 936/936/936 688/688/688 937/937/937
f 938/938/938 662/662/662 939/939/939
f 1484/1484/1484 122/122/122 123/123/123
f 941/941/941 835/835/835 834/834/834
f 320/320/320 509/509/509 510/510/510
f 1849/1849/1849 3505/3505/3505 1850/1850/1850
f 84/84/84 1484/1484/1484 83/83/83
f 1487/1487/1487 1488/1488/1488 539/539/539
f 1757/1757/1757 3502/3502/3502 3509/3509/3509
f 365/365/365 1491/1491/1491 364/364/364
f 461/461/461 80/80/80 511/511/511
f 117/117/117 362/362/362 1496/1496/1496
f 1494/1494/1494 541/541/541 1495/1495/1495
f 926/926/926 957/957/957 958/958/958
f 1477/1477/1477 1433/1433/1433 1476/1476/1476
f 1709/1709/1709 1585/1585/1585 1700/1700/1700
f 119/119/119 1496/1496/1496 345/345/345
f 271/271/271 504/504/504 156/156/156
f 511/511/511 189/189/189 186/186/186
f 345/345/345 1492/1492/1492 365/365/365
f 255/255/255 344/344/344 254/254/254
f 57/57/57 299/299/299 132/132/132
f 1501/1501/1501 268/268/268 1500/1500/1500
f 267/267/267 1499/1499/1499 145/145/145
f 974/974/974 976/976/976 977/977/977
f 1678/1678/1678 1693/1693/1693 1676/1676/1676
f 3846/3846/3846 1807/1807/1807 3840/3840/3840
f 557/557/557 663/663/663 558/558/558
f 983/983/983 984/984/984 985/985/985
f 1443/1443/1443 3849/3849/3849 3848/3848/3848
f 421/421/421 268/268/268 265/265/265
f 989/989/989 991/991/991 988/988/988
f 1490/1490/1490 418/418/418 1504/1504/1504
f 279/279/279 309/309/309 310/310/310
f 997/997/997 676/676/676 679/679/679
f 998/998/998 999/999/999 875/875/875
f 1504/1504/1504 38/38/38 1505/1505/1505
f 1506/1506/1506 1507/1507/1507 1486/1486/1486
f 360/360/360 1508/1508/1508 1506/1506/1506
f 1506/1506/1506 207/207/207 360/360/360
f 939/939/939 1006/1006/1006 938/938/938
f 270/270/270 1483/1483/1483 269/269/269
f 66/66/66 546/546/546 512/512/512
f 1010/1010/1010 793/793/793 935/935/935
f 367/367/367 437/437/437 1509/1509/1509
f 244/244/244 363/363/363 243/243/243
f 1670/1670/1670 3534/3534/3534 1669/1669/1669
f 209/209/209 1510/1510/1510 226/226/226
f 235/235/235 1512/1512/1512 1511/1511/1511
f 1511/1511/1511 234/234/234 235/235/235
f 388/388/388 426/426/426 425/425/425
f 427/427/427 250/250/250 237/237/237
f 161/161/161 521/521/521 231/231/231
f 100/100/100 45/45/45 44/44/44
f 1025/1025/1025 608/608/608 1027/1027/1027
f 1029/1029/1029 1031/1031/1031 1028/1028/1028
f 939/939/939 1033/1033/1033 1032/1032/1032
f 41/41/41 594/594/594 99/99/99
f 1036/1036/1036 783/783/783 1037/1037/1037
f 702/702/702 1038/1038/1038 1039/1039/1039
f 1040/1040/1040 1042/1042/1042 1043/1043/1043
f 362/362/362 369/369/369 1493/1493/1493
f 187/187/187 477/477/477 186/186/186
f 70/70/70 539/539/539 198/198/198
f 1511/1511/1511 1521/1521/1521 234/234/234
f 1049/1049/1049 603/603/603 1048/1048/1048
f 613/613/613 869/869/869 614/614/614
f 860/860/860 1051/1051/1051 857/857/857
f 1005/1005/1005 1053/1053/1053 1006/1006/1006
f 753/753/753 1056/1056/1056 1054/1054/1054
f 1057/1057/1057 1059/1059/1059 1055/1055/1055
f 293/293/293 1522/1522/1522 292/292/292
f 288/288/288 1521/1521/1521 1522/1522/1522
f 292/292/292 1523/1523/1523 329/329/329
f 331/331/331 1508/1508/1508 1524/1524/1524
f 306/306/306 453/453/453 305/305/305
f 100/100/100 41/41/41 99/99/99
f 462/462/462 78/78/78 79/79/79
f 330/330/330 1524/1524/1524 462/462/462
f 635/635/635 1068/1068/1068 636/636/636
f 1485/1485/1485 1526/1526/1526 1528/1528/1528
f 206/206/206 1528/1528/1528 1510/1510/1510
f 1070/1070/1070 1072/1072/1072 831/831/831
f 942/942/942 1073/1073/1073 1074/1074/1074
f 916/916/916 1075/1075/1075 917/917/917
f 440/440/440 1530/1530/1530 439/439/439
f 157/157/157 1514/1514/1514 285/285/285
f 1529/1529/1529 5/5/5 1530/1530/1530
f 371/371/371 546/546/546 63/63/63
f 790/790/790 663/663/663 791/791/791
f 1077/1077/1077 857/857/857 1078/1078/1078
f 1403/1403/1403 1435/1435/1435 1165/1165/1165
f 1080/1080/1080 1082/1082/1082 1079/1079/1079
f 531/531/531 1529/1529/1529 440/440/440
f 21/21/21 1084/1084/1084 1085/1085/1085
f 272/272/272 1531/1531/1531 561/561/561
f 137/137/137 396/396/396 397/397/397
f 690/690/690 802/802/802 691/691/691
f 335/335/335 3567/3567/3567 581/581/581
f 1090/1090/1090 1029/1029/1029 1091/1091/1091
f 1092/1092/1092 794/794/794 1042/1042/1042
f 1533/1533/1533 137/137/137 138/138/138
f 661/661/661 1095/1095/1095 1096/1096/1096
f 69/69/69 445/445/445 72/72/72
f 1099/1099/1099 1101/1101/1101 1098/1098/1098
f 38/38/38 1536/1536/1536 1505/1505/1505
f 1104/1104/1104 1106/1106/1106 1103/1103/1103
f 852/852/852 1108/1108/1108 853/853/853
f 1377/1377/1377 909/909/909 1386/1386/1386
f 291/291/291 411/411/411 294/294/294
f 316/316/316 516/516/516 33/33/33
f 539/539/539 1533/1533/1533 534/534/534
f 1505/1505/1505 316/316/316 313/313/313
f 1110/1110/1110 1112/1112/1112 1113/1113/1113
f 1539/1539/1539 460/460/460 264/264/264
f 522/522/522 1537/1537/1537 1539/1539/1539
f 834/834/834 1120/1120/1120 1119/1119/1119
f 1122/1122/1122 1124/1124/1124 1121/1121/1121
f 612/612/612 1041/1041/1041 901/901/901
f 935/935/935 615/615/615 614/614/614
f 276/276/276 130/130/130 131/131/131
f 1686/1686/1686 3522/3522/3522 1685/1685/1685
f 193/193/193 1541/1541/1541 273/273/273
f 231/231/231 1540/1540/1540 287/287/287
f 556/556/556 982/982/982 557/557/557
f 365/365/365 85/85/85 345/345/345
f 190/190/190 318/318/318 1541/1541/1541
f 1810/1810/1810 3574/3574/3574 3528/3528/3528
f 3924/3924/3924 3512/3512/3512 3791/3791/3791
f 1132/1132/1132 985/985/985 1131/1131/1131
f 208/208/208 102/102/102 132/132/132
f 1134/1134/1134 662/662/662 661/661/661
f 1491/1491/1491 80/80/80 77/77/77
f 429/429/429 1542/1542/1542 147/147/147
f 1137/1137/1137 915/915/915 918/918/918
f 172/172/172 428/428/428 174/174/174
f 1139/1139/1139 1141/1141/1141 1142/1142/1142
f 549/549/549 54/54/54 55/55/55
f 1517/1517/1517 1518/1518/1518 296/296/296
f 976/976/976 1146/1146/1146 938/938/938
f 834/834/834 984/984/984 941/941/941
f 1543/1543/1543 286/286/286 115/115/115
f 1544/1544/1544 239/239/239 513/513/513
f 133/133/133 1544/1544/1544 1542/1542/1542
f 506/506/506 257/257/257 258/258/258
f 420/420/420 328/328/328 401/401/401
f 1158/1158/1158 1160/1160/1160 1157/1157/1157
f 587/587/587 1103/1103/1103 588/588/588
f 1513/1513/1513 1514/1514/1514 151/151/151
f 607/607/607 1027/1027/1027 608/608/608
f 304/304/304 1545/1545/1545 303/303/303
f 364/364/364 77/77/77 506/506/506
f 69/69/69 198/198/198 139/139/139
f 1006/1006/1006 976/976/976 938/938/938
f 700/700/700 1112/1112/1112 701/701/701
f 3877/3877/3877 3525/3525/3525 3787/3787/3787
f 1166/1166/1166 657/657/657 656/656/656
f 1167/1167/1167 858/858/858 1077/1077/1077
f 1300/1300/1300 3524/3524/3524 1299/1299/1299
f 1172/1172/1172 1174/1174/1174 1175/1175/1175
f 218/218/218 200/200/200 217/217/217
f 1179/1179/1179 1181/1181/1181 1178/1178/1178
f 372/372/372 97/97/97 98/98/98
f 89/89/89 227/227/227 88/88/88
f 1186/1186/1186 1188/1188/1188 1189/1189/1189
f 172/172/172 1517/1517/1517 1549/1549/1549
f 1482/1482/1482 81/81/81 1498/1498/1498
f 1090/1090/1090 1193/1193/1193 1030/1030/1030
f 394/394/394 353/353/353 1551/1551/1551
f 526/526/526 1198/1198/1198 1197/1197/1197
f 811/811/811 858/858/858 812/812/812
f 1199/1199/1199 1026/1026/1026 1025/1025/1025
f 606/606/606 697/697/697 696/696/696
f 1204/1204/1204 1206/1206/1206 743/743/743
f 1207/1207/1207 523/523/523 526/526/526
f 1209/1209/1209 867/867/867 613/613/613
f 914/914/914 685/685/685 936/936/936
f 1478/1478/1478 1441/1441/1441 1477/1477/1477
f 1029/1029/1029 1161/1161/1161 1091/1091/1091
f 1211/1211/1211 1213/1213/1213 1214/1214/1214
f 3858/3858/3858 1451/1451/1451 3859/3859/3859
f 844/844/844 1216/1216/1216 845/845/845
f 423/423/423 273/273/273 274/274/274
f 1220/1220/1220 1222/1222/1222 1083/1083/1083
f 22/22/22 1224/1224/1224 23/23/23
f 882/882/882 897/897/897 881/881/881
f 1519/1519/1519 173/173/173 387/387/387
f 1189/1189/1189 1232/1232/1232 1178/1178/1178
f 349/349/349 550/550/550 416/416/416
f 1071/1071/1071 1236/1236/1236 1072/1072/1072
f 1237/1237/1237 1239/1239/1239 745/745/745
f 1221/1221/1221 1189/1189/1189 1240/1240/1240
f 1510/1510/1510 1512/1512/1512 333/333/333
f 939/939/939 1241/1241/1241 1005/1005/1005
f 1556/1556/1556 5/5/5 67/67/67
f 1553/1553/1553 394/394/394 1551/1551/1551
f 404/404/404 67/67/67 347/347/347
f 1247/1247/1247 1249/1249/1249 1246/1246/1246
f 142/142/142 238/238/238 92/92/92
f 1251/1251/1251 635/635/635 1250/1250/1250
f 850/850/850 1253/1253/1253 851/851/851
f 1254/1254/1254 1077/1077/1077 1255/1255/1255
f 57/57/57 133/133/133 429/429/429
f 443/443/443 552/552/552 551/551/551
f 1187/1187/1187 1175/1175/1175 1188/1188/1188
f 1256/1256/1256 831/831/831 833/833/833
f 432/432/432 382/382/382 383/383/383
f 741/741/741 747/747/747 746/746/746
f 434/434/434 351/351/351 415/415/415
f 349/349/349 383/383/383 348/348/348
f 251/251/251 1481/1481/1481 1480/1480/1480
f 395/395/395 352/352/352 353/353/353
f 1518/1518/1518 1550/1550/1550 1551/1551/1551
f 1558/1558/1558 378/378/378 340/340/340
f 109/109/109 314/314/314 315/315/315
f 285/285/285 1513/1513/1513 407/407/407
f 395/395/395 393/393/393 392/392/392
f 202/202/202 410/410/410 1558/1558/1558
f 417/417/417 405/405/405 432/432/432
f 1246/1246/1246 1258/1258/1258 1247/1247/1247
f 3/3/3 297/297/297 2/2/2
f 1259/1259/1259 1261/1261/1261 1262/1262/1262
f 403/403/403 347/347/347 284/284/284
f 955/955/955 953/953/953 952/952/952
f 462/462/462 51/51/51 330/330/330
f 1096/1096/1096 687/687/687 1263/1263/1263
f 429/429/429 60/60/60 57/57/57
f 896/896/896 1265/1265/1265 932/932/932
f 1267/1267/1267 1268/1268/1268 1266/1266/1266
f 423/423/423 327/327/327 420/420/420
f 37/37/37 180/180/180 40/40/40
f 20/20/20 1187/1187/1187 1186/1186/1186
f 1256/1256/1256 1071/1071/1071 1070/1070/1070
f 155/155/155 156/156/156 504/504/504
f 1188/1188/1188 1269/1269/1269 1232/1232/1232
f 1236/1236/1236 1271/1271/1271 1262/1262/1262
f 1272/1272/1272 535/535/535 621/621/621
f 565/565/565 463/463/463 464/464/464
f 1273/1273/1273 745/745/745 1239/1239/1239
f 876/876/876 1255/1255/1255 1274/1274/1274
f 316/316/316 164/164/164 315/315/315
f 437/437/437 503/503/503 1509/1509/1509
f 194/194/194 1495/1495/1495 197/197/197
f 1275/1275/1275 864/864/864 863/863/863
f 624/624/624 631/631/631 630/630/630
f 1277/1277/1277 1137/1137/1137 1278/1278/1278
f 569/569/569 567/567/567 566/566/566
f 1481/1481/1481 125/125/125 366/366/366
f 324/324/324 547/547/547 326/326/326
f 1279/1279/1279 1107/1107/1107 1280/1280/1280
f 1525/1525/1525 329/329/329 1523/1523/1523
f 1281/1281/1281 1137/1137/1137 918/918/918
f 171/171/171 1553/1553/1553 1552/1552/1552
f 1488/1488/1488 396/396/396 1533/1533/1533
f 1557/1557/1557 1562/1562/1562 1559/1559/1559
f 1282/1282/1282 1206/1206/1206 1205/1205/1205
f 1053/1053/1053 1278/1278/1278 1281/1281/1281
f 778/778/778 607/607/607 1283/1283/1283
f 713/713/713 3566/3566/3566 3569/3569/3569
f 251/251/251 144/144/144 124/124/124
f 4/4/4 348/348/348 383/383/383
f 709/709/709 707/707/707 706/706/706
f 728/728/728 45/45/45 246/246/246
f 261/261/261 1563/1563/1563 544/544/544
f 789/789/789 1287/1287/1287 790/790/790
f 74/74/74 263/263/263 282/282/282
f 403/403/403 385/385/385 434/434/434
f 1178/1178/1178 1240/1240/1240 1189/1189/1189
f 1223/1223/1223 1289/1289/1289 1224/1224/1224
f 158/158/158 150/150/150 151/151/151
f 1220/1220/1220 1186/1186/1186 1221/1221/1221
f 296/296/296 354/354/354 433/433/433
f 784/784/784 1538/1538/1538 1566/1566/1566
f 1181/1181/1181 1291/1291/1291 1222/1222/1222
f 1269/1269/1269 1257/1257/1257 1246/1246/1246
f 1566/1566/1566 438/438/438 399/399/399
f 136/136/136 1566/1566/1566 1564/1564/1564
f 1563/1563/1563 169/169/169 1565/1565/1565
f 107/107/107 109/109/109 108/108/108
f 1297/1297/1297 1298/1298/1298 1296/1296/1296
f 1464/1464/1464 1476/1476/1476 1461/1461/1461
f 1520/1520/1520 507/507/507 508/508/508
f 1301/1301/1301 1303/1303/1303 1304/1304/1304
f 1306/1306/1306 1308/1308/1308 1305/1305/1305
f 175/175/175 1532/1532/1532 272/272/272
f 1532/1532/1532 200/200/200 201/201/201
f 1311/1311/1311 1312/1312/1312 1313/1313/1313
f 872/872/872 1315/1315/1315 1316/1316/1316
f 1317/1317/1317 1318/1318/1318 1319/1319/1319
f 3836/3836/3836 878/878/878 3828/3828/3828
f 1305/1305/1305 864/864/864 1276/1276/1276
f 1040/1040/1040 863/863/863 1320/1320/1320
f 1564/1564/1564 399/399/399 169/169/169
f 592/592/592 1575/1575/1575 591/591/591
f 591/591/591 1088/1088/1088 689/689/689
f 1581/1581/1581 1583/1583/1583 1582/1582/1582
f 1196/1196/1196 1147/1147/1147 1176/1176/1176
f 710/710/710 583/583/583 713/713/713
f 285/285/285 408/408/408 386/386/386
f 953/953/953 961/961/961 963/963/963
f 1594/1594/1594 1589/1589/1589 1593/1593/1593
f 1585/1585/1585 1587/1587/1587 1586/1586/1586
f 1592/1592/1592 1590/1590/1590 1589/1589/1589
f 3885/3885/3885 944/944/944 3899/3899/3899
f 1600/1600/1600 1598/1598/1598 1597/1597/1597
f 1604/1604/1604 1602/1602/1602 1601/1601/1601
f 1399/1399/1399 979/979/979 980/980/980
f 1589/1589/1589 1596/1596/1596 1595/1595/1595
f 1610/1610/1610 1608/1608/1608 1607/1607/1607
f 298/298/298 361/361/361 360/360/360
f 551/551/551 276/276/276 277/277/277
f 1627/1627/1627 3814/3814/3814 3819/3819/3819
f 859/859/859 818/818/818 860/860/860
f 1078/1078/1078 1328/1328/1328 1329/1329/1329
f 1555/1555/1555 1530/1530/1530 1556/1556/1556
f 572/572/572 680/680/680 681/681/681
f 772/772/772 776/776/776 774/774/774
f 977/977/977 918/918/918 917/917/917
f 404/404/404 392/392/392 393/393/393
f 1054/1054/1054 750/750/750 753/753/753
f 1644/1644/1644 1643/1643/1643 1642/1642/1642
f 932/932/932 1082/1082/1082 933/933/933
f 1067/1067/1067 1334/1334/1334 1068/1068/1068
f 1540/1540/1540 264/264/264 114/114/114
f 597/597/597 643/643/643 1336/1336/1336
f 471/471/471 762/762/762 470/470/470
f 1642/1642/1642 3831/3831/3831 3842/3842/3842
f 1644/1644/1644 3842/3842/3842 3843/3843/3843
f 923/923/923 950/950/950 927/927/927
f 96/96/96 548/548/548 95/95/95
f 520/520/520 522/522/522 521/521/521
f 445/445/445 443/443/443 442/442/442
f 849/849/849 848/848/848 842/842/842
f 480/480/480 755/755/755 493/493/493
f 1646/1646/1646 481/481/481 1639/1639/1639
f 311/311/311 1567/1567/1567 170/170/170
f 464/464/464 3497/3497/3497 3495/3495/3495
f 3497/3497/3497 1361/1361/1361 3495/3495/3495
f 234/234/234 236/236/236 235/235/235
f 190/190/190 192/192/192 191/191/191
f 153/153/153 152/152/152 149/149/149
f 231/231/231 286/286/286 230/230/230
f 1552/1552/1552 1551/1551/1551 1550/1550/1550
f 760/760/760 1648/1648/1648 488/488/488
f 3832/3832/3832 1649/1649/1649 3830/3830/3830
f 828/828/828 826/826/826 825/825/825
f 52/52/52 166/166/166 165/165/165
f 1663/1663/1663 1661/1661/1661 1660/1660/1660
f 287/287/287 115/115/115 286/286/286
f 668/668/668 670/670/670 669/669/669
f 634/634/634 640/640/640 639/639/639
f 553/553/553 559/559/559 554/554/554
f 118/118/118 33/33/33 516/516/516
f 492/492/492 491/491/491 490/490/490
f 3552/3552/3552 1651/1651/1651 3553/3553/3553
f 582/582/582 584/584/584 583/583/583
f 384/384/384 392/392/392 415/415/415
f 1381/1381/1381 1383/1383/1383 1380/1380/1380
f 1562/1562/1562 435/435/435 436/436/436
f 952/952/952 951/951/951 947/947/947
f 3529/3529/3529 583/583/583 584/584/584
f 1660/1660/1660 1667/1667/1667 1666/1666/1666
f 1394/1394/1394 1396/1396/1396 1393/1393/1393
f 1660/1660/1660 1664/1664/1664 1663/1663/1663
f 1671/1671/1671 1669/1669/1669 1668/1668/1668
f 1624/1624/1624 1673/1673/1673 1672/1672/1672
f 1407/1407/1407 1409/1409/1409 1410/1410/1410
f 1677/1677/1677 1675/1675/1675 1674/1674/1674
f 1613/1613/1613 1677/1677/1677 1625/1625/1625
f 1679/1679/1679 1676/1676/1676 1677/1677/1677
f 1626/1626/1626 3811/3811/3811 3814/3814/3814
f 534/534/534 198/198/198 539/539/539
f 176/176/176 150/150/150 159/159/159
f 803/803/803 734/734/734 800/800/800
f 400/400/400 191/191/191 192/192/192
f 65/65/65 143/143/143 144/144/144
f 3526/3526/3526 1656/1656/1656 3540/3540/3540
f 402/402/402 157/157/157 283/283/283
f 629/629/629 627/627/627 626/626/626
f 461/461/461 49/49/49 50/50/50
f 758/758/758 495/495/495 756/756/756
f 796/796/796 786/786/786 785/785/785
f 406/406/406 1513/1513/1513 1560/1560/1560
f 342/342/342 166/166/166 167/167/167
f 1694/1694/1694 1658/1658/1658 1695/1695/1695
f 1692/1692/1692 1694/1694/1694 1696/1696/1696
f 3557/3557/3557 1652/1652/1652 3552/3552/3552
f 3921/3921/3921 1703/1703/1703 3923/3923/3923
f 326/326/326 302/302/302 90/90/90
f 3916/3916/3916 1702/1702/1702 1706/1706/1706
f 3919/3919/3919 1698/1698/1698 1701/1701/1701
f 1699/1699/1699 3927/3927/3927 3918/3918/3918
f 1557/1557/1557 1560/1560/1560 1561/1561/1561
f 1127/1127/1127 1117/1117/1117 1128/1128/1128
f 400/400/400 289/289/289 346/346/346
f 1706/1706/1706 1707/1707/1707 1708/1708/1708
f 1707/1707/1707 1599/1599/1599 1600/1600/1600
f 1709/1709/1709 1708/1708/1708 1588/1588/1588
f 1714/1714/1714 1711/1711/1711 1713/1713/1713
f 3919/3919/3919 1709/1709/1709 1700/1700/1700
f 1704/1704/1704 1577/1577/1577 1703/1703/1703
f 1716/1716/1716 1713/1713/1713 1715/1715/1715
f 1559/1559/1559 1549/1549/1549 297/297/297
f 1722/1722/1722 1720/1720/1720 1719/1719/1719
f 1335/1335/1335 596/596/596 1489/1489/1489
f 410/410/410 377/377/377 378/378/378
f 973/973/973 1163/1163/1163 972/972/972
f 168/168/168 399/399/399 398/398/398
f 1571/1571/1571 1089/1089/1089 1093/1093/1093
f 1572/1572/1572 682/682/682 1571/1571/1571
f 749/749/749 647/647/647 754/754/754
f 1730/1730/1730 1723/1723/1723 1729/1729/1729
f 1594/1594/1594 1729/1729/1729 1592/1592/1592
f 1729/1729/1729 1591/1591/1591 1592/1592/1592
f 1731/1731/1731 1730/1730/1730 1583/1583/1583
f 1384/1384/1384 1377/1377/1377 1379/1379/1379
f 1732/1732/1732 1712/1712/1712 1714/1714/1714
f 1724/1724/1724 1731/1731/1731 1732/1732/1732
f 1712/1712/1712 1731/1731/1731 1580/1580/1580
f 1722/1722/1722 1732/1732/1732 1733/1733/1733
f 1721/1721/1721 1733/1733/1733 1734/1734/1734
f 1734/1734/1734 1716/1716/1716 1717/1717/1717
f 1735/1735/1735 1736/1736/1736 1697/1697/1697
f 1733/1733/1733 1714/1714/1714 1716/1716/1716
f 1663/1663/1663 1741/1741/1741 1668/1668/1668
f 1742/1742/1742 1740/1740/1740 1743/1743/1743
f 1738/1738/1738 1737/1737/1737 1735/1735/1735
f 1665/1665/1665 1666/1666/1666 1740/1740/1740
f 1665/1665/1665 1744/1744/1744 1664/1664/1664
f 1725/1725/1725 1746/1746/1746 1745/1745/1745
f 1591/1591/1591 1745/1745/1745 1590/1590/1590
f 1590/1590/1590 1747/1747/1747 1596/1596/1596
f 1745/1745/1745 1748/1748/1748 1747/1747/1747
f 1659/1659/1659 3538/3538/3538 3542/3542/3542
f 3287/3287/3287 3545/3545/3545 3282/3282/3282
f 1185/1185/1185 1182/1182/1182 1190/1190/1190
f 1664/1664/1664 1749/1749/1749 1741/1741/1741
f 1741/1741/1741 1739/1739/1739 1738/1738/1738
f 1746/1746/1746 1743/1743/1743 1748/1748/1748
f 1726/1726/1726 1742/1742/1742 1746/1746/1746
f 1153/1153/1153 924/924/924 925/925/925
f 1115/1115/1115 1153/1153/1153 1154/1154/1154
f 1654/1654/1654 3575/3575/3575 1655/1655/1655
f 1896/1896/1896 3549/3549/3549 1686/1686/1686
f 1720/1720/1720 1744/1744/1744 1726/1726/1726
f 1721/1721/1721 1749/1749/1749 1720/1720/1720
f 1750/1750/1750 1701/1701/1701 1698/1698/1698
f 1697/1697/1697 1750/1750/1750 1696/1696/1696
f 1151/1151/1151 1063/1063/1063 1062/1062/1062
f 1751/1751/1751 1670/1670/1670 1671/1671/1671
f 1695/1695/1695 1752/1752/1752 1751/1751/1751
f 961/961/961 986/986/986 981/981/981
f 1770/1770/1770 1768/1768/1768 1767/1767/1767
f 1766/1766/1766 1593/1593/1593 1765/1765/1765
f 1731/1731/1731 1579/1579/1579 1580/1580/1580
f 1579/1579/1579 1774/1774/1774 1578/1578/1578
f 3928/3928/3928 1771/1771/1771 3929/3929/3929
f 1764/1764/1764 3928/3928/3928 3917/3917/3917
f 1777/1777/1777 1775/1775/1775 1774/1774/1774
f 3762/3762/3762 1699/1699/1699 1700/1700/1700
f 1004/1004/1004 1128/1128/1128 1003/1003/1003
f 1774/1774/1774 1771/1771/1771 1772/1772/1772
f 987/987/987 1399/1399/1399 980/980/980
f 1578/1578/1578 1772/1772/1772 1764/1764/1764
f 1783/1783/1783 1781/1781/1781 1778/1778/1778
f 1597/1597/1597 1770/1770/1770 1767/1767/1767
f 639/639/639 3895/3895/3895 3884/3884/3884
f 3928/3928/3928 1769/1769/1769 1770/1770/1770
f 1793/1793/1793 1789/1789/1789 1788/1788/1788
f 3929/3929/3929 1798/1798/1798 1769/1769/1769
f 3508/3508/3508 3773/3773/3773 1806/1806/1806
f 1802/1802/1802 3924/3924/3924 3922/3922/3922
f 1788/1788/1788 1794/1794/1794 1793/1793/1793
f 1793/1793/1793 1795/1795/1795 1776/1776/1776
f 3773/3773/3773 1675/1675/1675 1806/1806/1806
f 1584/1584/1584 1783/1783/1783 1789/1789/1789
f 1771/1771/1771 3920/3920/3920 3929/3929/3929
f 1801/1801/1801 1798/1798/1798 1800/1800/1800
f 1768/1768/1768 1798/1798/1798 1799/1799/1799
f 1775/1775/1775 1797/1797/1797 1771/1771/1771
f 508/508/508 515/515/515 1520/1520/1520
f 1796/1796/1796 1802/1802/1802 1797/1797/1797
f 1800/1800/1800 3920/3920/3920 3922/3922/3922
f 1794/1794/1794 1804/1804/1804 1795/1795/1795
f 3532/3532/3532 1752/1752/1752 3547/3547/3547
f 485/485/485 1807/1807/1807 775/775/775
f 3809/3809/3809 1640/1640/1640 768/768/768
f 3837/3837/3837 1810/1810/1810 1653/1653/1653
f 485/485/485 1640/1640/1640 1808/1808/1808
f 1690/1690/1690 3770/3770/3770 3772/3772/3772
f 487/487/487 1648/1648/1648 1811/1811/1811
f 3839/3839/3839 1816/1816/1816 3822/3822/3822
f 3838/3838/3838 1648/1648/1648 3830/3830/3830
f 3839/3839/3839 1811/1811/1811 3838/3838/3838
f 1812/1812/1812 487/487/487 1811/1811/1811
f 1641/1641/1641 767/767/767 768/768/768
f 465/465/465 755/755/755 776/776/776
f 767/767/767 3823/3823/3823 3808/3808/3808
f 3822/3822/3822 3826/3826/3826 3847/3847/3847
f 1809/1809/1809 1815/1815/1815 767/767/767
f 3837/3837/3837 1651/1651/1651 3840/3840/3840
f 675/675/675 3541/3541/3541 3496/3496/3496
f 1814/1814/1814 1822/1822/1822 1821/1821/1821
f 1821/1821/1821 3821/3821/3821 3820/3820/3820
f 1824/1824/1824 1649/1649/1649 1825/1825/1825
f 1827/1827/1827 1850/1850/1850 1805/1805/1805
f 1668/1668/1668 1662/1662/1662 1663/1663/1663
f 1779/1779/1779 1848/1848/1848 1828/1828/1828
f 1790/1790/1790 1805/1805/1805 1794/1794/1794
f 1833/1833/1833 1853/1853/1853 1852/1852/1852
f 3521/3521/3521 693/693/693 575/575/575
f 1614/1614/1614 1616/1616/1616 1617/1617/1617
f 1852/1852/1852 3498/3498/3498 3501/3501/3501
f 1620/1620/1620 1622/1622/1622 1623/1623/1623
f 1855/1855/1855 1574/1574/1574 1861/1861/1861
f 1847/1847/1847 3501/3501/3501 3513/3513/3513
f 1766/1766/1766 1855/1855/1855 1782/1782/1782
f 1629/1629/1629 1631/1631/1631 1628/1628/1628
f 1633/1633/1633 1634/1634/1634 1632/1632/1632
f 1635/1635/1635 1637/1637/1637 1638/1638/1638
f 1848/1848/1848 1852/1852/1852 1847/1847/1847
f 1855/1855/1855 1863/1863/1863 1862/1862/1862
f 1803/1803/1803 1867/1867/1867 1802/1802/1802
f 1862/1862/1862 1831/1831/1831 1832/1832/1832
f 1782/1782/1782 1862/1862/1862 1781/1781/1781
f 3922/3922/3922 1865/1865/1865 1800/1800/1800
f 1873/1873/1873 1870/1870/1870 1869/1869/1869
f 1874/1874/1874 799/799/799 804/804/804
f 2045/2045/2045 3897/3897/3897 2044/2044/2044
f 1219/1219/1219 1295/1295/1295 1225/1225/1225
f 1615/1615/1615 1396/1396/1396 1395/1395/1395
f 3884/3884/3884 1877/1877/1877 1876/1876/1876
f 645/645/645 3786/3786/3786 3559/3559/3559
f 1345/1345/1345 1035/1035/1035 1346/1346/1346
f 634/634/634 3884/3884/3884 3880/3880/3880
f 15/15/15 1327/1327/1327 14/14/14
f 3910/3910/3910 1878/1878/1878 1893/1893/1893
f 1894/1894/1894 605/605/605 1893/1893/1893
f 3506/3506/3506 627/627/627 693/693/693
f 3560/3560/3560 645/645/645 3559/3559/3559
f 340/340/340 454/454/454 1558/1558/1558
f 1897/1897/1897 195/195/195 1898/1898/1898
f 1889/1889/1889 1877/1877/1877 1890/1890/1890
f 1901/1901/1901 129/129/129 1900/1900/1900
f 196/196/196 754/754/754 232/232/232
f 1705/1705/1705 3921/3921/3921 3916/3916/3916
f 340/340/340 166/166/166 343/343/343
f 1570/1570/1570 563/563/563 561/561/561
f 1904/1904/1904 194/194/194 1897/1897/1897
f 1781/1781/1781 1832/1832/1832 1780/1780/1780
f 1905/1905/1905 55/55/55 1906/1906/1906
f 1000/1000/1000 995/995/995 996/996/996
f 986/986/986 920/920/920 987/987/987
f 1191/1191/1191 1190/1190/1190 1194/1194/1194
f 2094/2094/2094 2075/2075/2075 2093/2093/2093
f 1920/1920/1920 1919/1919/1919 1915/1915/1915
f 453/453/453 1912/1912/1912 1911/1911/1911
f 1915/1915/1915 1918/1918/1918 1916/1916/1916
f 3882/3882/3882 2106/2106/2106 3901/3901/3901
f 1655/1655/1655 3531/3531/3531 1868/1868/1868
f 1916/1916/1916 1926/1926/1926 1925/1925/1925
f 704/704/704 3561/3561/3561 703/703/703
f 278/278/278 1925/1925/1925 1900/1900/1900
f 3565/3565/3565 1818/1818/1818 1820/1820/1820
f 1097/1097/1097 1115/1115/1115 1114/1114/1114
f 1927/1927/1927 727/727/727 1923/1923/1923
f 3578/3578/3578 3654/3654/3654 3758/3758/3758
f 1920/1920/1920 307/307/307 1929/1929/1929
f 1929/1929/1929 48/48/48 728/728/728
f 503/503/503 1497/1497/1497 1509/1509/1509
f 1902/1902/1902 787/787/787 796/796/796
f 1816/1816/1816 3820/3820/3820 3826/3826/3826
f 1925/1925/1925 1923/1923/1923 1924/1924/1924
f 1535/1535/1535 1568/1568/1568 1534/1534/1534
f 254/254/254 258/258/258 255/255/255
f 1509/1509/1509 366/366/366 367/367/367
f 119/119/119 35/35/35 36/36/36
f 219/219/219 293/293/293 294/294/294
f 141/141/141 47/47/47 431/431/431
f 542/542/542 244/244/244 245/245/245
f 1940/1940/1940 430/430/430 431/431/431
f 1779/1779/1779 1827/1827/1827 1790/1790/1790
f 1701/1701/1701 3915/3915/3915 3919/3919/3919
f 1661/1661/1661 3515/3515/3515 1667/1667/1667
f 270/270/270 754/754/754 647/647/647
f 197/197/197 749/749/749 196/196/196
f 1727/1727/1727 1212/1212/1212 1211/1211/1211
f 53/53/53 232/232/232 754/754/754
f 1465/1465/1465 1479/1479/1479 1478/1478/1478
f 1284/1284/1284 3854/3854/3854 1293/1293/1293
f 1951/1951/1951 412/412/412 413/413/413
f 168/168/168 1554/1554/1554 1553/1553/1553
f 1486/1486/1486 206/206/206 207/207/207
f 506/506/506 78/78/78 361/361/361
f 994/994/994 1007/1007/1007 993/993/993
f 951/951/951 963/963/963 964/964/964
f 1013/1013/1013 3861/3861/3861 1351/1351/1351
f 3826/3826/3826 1820/1820/1820 1818/1818/1818
f 1498/1498/1498 1954/1954/1954 1482/1482/1482
f 299/299/299 543/543/543 132/132/132
f 1754/1754/1754 1756/1756/1756 1753/1753/1753
f 1681/1681/1681 1683/1683/1683 1682/1682/1682
f 1696/1696/1696 1695/1695/1695 1697/1697/1697
f 13/13/13 738/738/738 737/737/737
f 473/473/473 475/475/475 474/474/474
f 482/482/482 768/768/768 1640/1640/1640
f 204/204/204 30/30/30 205/205/205
f 1761/1761/1761 820/820/820 819/819/819
f 611/611/611 1125/1125/1125 612/612/612
f 1501/1501/1501 1908/1908/1908 1909/1909/1909
f 1074/1074/1074 711/711/711 699/699/699
f 1960/1960/1960 82/82/82 83/83/83
f 120/120/120 1960/1960/1960 123/123/123
f 35/35/35 87/87/87 34/34/34
f 1773/1773/1773 1025/1025/1025 1031/1031/1031
f 1965/1965/1965 1569/1569/1569 1535/1535/1535
f 494/494/494 471/471/471 479/479/479
f 1966/1966/1966 1969/1969/1969 1968/1968/1968
f 446/446/446 1971/1971/1971 1967/1967/1967
f 174/174/174 125/125/125 126/126/126
f 1580/1580/1580 1578/1578/1578 1577/1577/1577
f 1785/1785/1785 1787/1787/1787 1784/1784/1784
f 1972/1972/1972 304/304/304 305/305/305
f 1254/1254/1254 875/875/875 999/999/999
f 1973/1973/1973 342/342/342 514/514/514
f 321/321/321 1973/1973/1973 509/509/509
f 1910/1910/1910 275/275/275 1907/1907/1907
f 509/509/509 514/514/514 508/508/508
f 1486/1486/1486 1527/1527/1527 1485/1485/1485
f 1974/1974/1974 804/804/804 1975/1975/1975
f 1977/1977/1977 1974/1974/1974 1978/1978/1978
f 1980/1980/1980 1966/1966/1966 1981/1981/1981
f 379/379/379 2/2/2 295/295/295
f 1718/1718/1718 1710/1710/1710 1701/1701/1701
f 884/884/884 992/992/992 883/883/883
f 1680/1680/1680 1678/1678/1678 1679/1679/1679
f 902/902/902 525/525/525 524/524/524
f 344/344/344 256/256/256 299/299/299
f 135/135/135 137/137/137 136/136/136
f 236/236/236 228/228/228 333/333/333
f 448/448/448 1967/1967/1967 1966/1966/1966
f 589/589/589 604/604/604 584/584/584
f 910/910/910 908/908/908 907/907/907
f 1981/1981/1981 1968/1968/1968 1987/1987/1987
f 1982/1982/1982 1987/1987/1987 1979/1979/1979
f 1988/1988/1988 1987/1987/1987 1989/1989/1989
f 1990/1990/1990 1989/1989/1989 1991/1991/1991
f 1991/1991/1991 1993/1993/1993 1992/1992/1992
f 322/322/322 320/320/320 319/319/319
f 992/992/992 830/830/830 883/883/883
f 1144/1144/1144 1086/1086/1086 1143/1143/1143
f 1995/1995/1995 1978/1978/1978 1994/1994/1994
f 1133/1133/1133 1118/1118/1118 1126/1126/1126
f 1997/1997/1997 1994/1994/1994 1996/1996/1996
f 870/870/870 1335/1335/1335 1489/1489/1489
f 805/805/805 1982/1982/1982 1998/1998/1998
f 727/727/727 2000/2000/2000 1999/1999/1999
f 1996/1996/1996 1988/1988/1988 1990/1990/1990
f 1994/1994/1994 1979/1979/1979 1988/1988/1988
f 1829/1829/1829 792/792/792 1273/1273/1273
f 1830/1830/1830 941/941/941 983/983/983
f 798/798/798 800/800/800 799/799/799
f 729/729/729 731/731/731 730/730/730
f 2011/2011/2011 2023/2023/2023 2022/2022/2022
f 1834/1834/1834 846/846/846 1159/1159/1159
f 402/402/402 284/284/284 347/347/347
f 2022/2022/2022 2024/2024/2024 2025/2025/2025
f 1838/1838/1838 989/989/989 988/988/988
f 810/810/810 952/952/952 809/809/809
f 1823/1823/1823 1840/1840/1840 644/644/644
f 1430/1430/1430 1432/1432/1432 1431/1431/1431
f 1215/1215/1215 1841/1841/1841 1079/1079/1079
f 149/149/149 176/176/176 177/177/177
f 1316/1316/1316 873/873/873 872/872/872
f 2112/2112/2112 1384/1384/1384 2106/2106/2106
f 1842/1842/1842 1844/1844/1844 1845/1845/1845
f 1159/1159/1159 845/845/845 1160/1160/1160
f 837/837/837 1846/1846/1846 1120/1120/1120
f 1971/1971/1971 2030/2030/2030 2027/2027/2027
f 517/517/517 370/370/370 189/189/189
f 858/858/858 833/833/833 812/812/812
f 1471/1471/1471 2027/2027/2027 1888/1888/1888
f 3551/3551/3551 626/626/626 627/627/627
f 2174/2174/2174 770/770/770 490/490/490
f 935/935/935 1854/1854/1854 1010/1010/1010
f 1613/1613/1613 1611/1611/1611 1618/1618/1618
f 1231/1231/1231 1225/1225/1225 1295/1295/1295
f 1856/1856/1856 891/891/891 892/892/892
f 1300/1300/1300 748/748/748 741/741/741
f 1150/1150/1150 1858/1858/1858 1859/1859/1859
f 1643/1643/1643 696/696/696 1642/1642/1642
f 1215/1215/1215 1264/1264/1264 1216/1216/1216
f 1320/1320/1320 902/902/902 901/901/901
f 1956/1956/1956 1944/1944/1944 1960/1960/1960
f 2031/2031/2031 669/669/669 1474/1474/1474
f 2034/2034/2034 1310/1310/1310 1299/1299/1299
f 1879/1879/1879 1656/1656/1656 1657/1657/1657
f 40/40/40 242/242/242 39/39/39
f 1992/1992/1992 2039/2039/2039 1456/1456/1456
f 888/888/888 957/957/957 889/889/889
f 1882/1882/1882 1996/1996/1996 1990/1990/1990
f 1078/1078/1078 1255/1255/1255 1077/1077/1077
f 1871/1871/1871 1192/1192/1192 1090/1090/1090
f 294/294/294 218/218/218 219/219/219
f 1323/1323/1323 2026/2026/2026 1471/1471/1471
f 123/123/123 83/83/83 1484/1484/1484
f 1324/1324/1324 2041/2041/2041 1323/1323/1323
f 384/384/384 359/359/359 352/352/352
f 1324/1324/1324 2038/2038/2038 2036/2036/2036
f 1883/1883/1883 1885/1885/1885 1829/1829/1829
f 287/287/287 114/114/114 107/107/107
f 1096/1096/1096 1134/1134/1134 661/661/661
f 915/915/915 931/931/931 916/916/916
f 806/806/806 1981/1981/1981 1982/1982/1982
f 3533/3533/3533 584/584/584 604/604/604
f 1425/1425/1425 2042/2042/2042 1018/1018/1018
f 1018/1018/1018 1948/1948/1948 1017/1017/1017
f 3562/3562/3562 740/740/740 3519/3519/3519
f 1948/1948/1948 649/649/649 646/646/646
f 1881/1881/1881 1990/1990/1990 1991/1991/1991
f 1900/1900/1900 130/130/130 278/278/278
f 992/992/992 994/994/994 993/993/993
f 923/923/923 925/925/925 924/924/924
f 3878/3878/3878 2047/2047/2047 3876/3876/3876
f 1643/1643/1643 625/625/625 606/606/606
f 2050/2050/2050 2051/2051/2051 2049/2049/2049
f 2045/2045/2045 1404/1404/1404 2047/2047/2047
f 3876/3876/3876 945/945/945 3885/3885/3885
f 1139/1139/1139 1079/1079/1079 1841/1841/1841
f 1037/1037/1037 892/892/892 982/982/982
f 2055/2055/2055 2057/2057/2057 2056/2056/2056
f 1198/1198/1198 718/718/718 717/717/717
f 1619/1619/1619 1612/1612/1612 1611/1611/1611
f 2058/2058/2058 1606/1606/1606 2059/2059/2059
f 2059/2059/2059 1607/1607/1607 2058/2058/2058
f 2058/2058/2058 1624/1624/1624 1605/1605/1605
f 71/71/71 179/179/179 37/37/37
f 405/405/405 1557/1557/1557 382/382/382
f 976/976/976 1006/1006/1006 977/977/977
f 322/322/322 1972/1972/1972 1911/1911/1911
f 2061/2061/2061 2063/2063/2063 2062/2062/2062
f 2066/2066/2066 2067/2067/2067 1825/1825/1825
f 2052/2052/2052 2064/2064/2064 2051/2051/2051
f 1609/1609/1609 2066/2066/2066 1647/1647/1647
f 1515/1515/1515 152/152/152 1516/1516/1516
f 1009/1009/1009 993/993/993 1007/1007/1007
f 1644/1644/1644 3815/3815/3815 2118/2118/2118
f 279/279/279 1916/1916/1916 278/278/278
f 1285/1285/1285 3862/3862/3862 1284/1284/1284
f 1647/1647/1647 1825/1825/1825 1649/1649/1649
f 2056/2056/2056 2067/2067/2067 2065/2065/2065
f 319/319/319 1953/1953/1953 1952/1952/1952
f 667/667/667 1913/1913/1913 1914/1914/1914
f 2070/2070/2070 625/625/625 2048/2048/2048
f 2052/2052/2052 2055/2055/2055 2063/2063/2063
f 2038/2038/2038 1655/1655/1655 1458/1458/1458
f 1606/1606/1606 2073/2073/2073 2072/2072/2072
f 1235/1235/1235 1270/1270/1270 1236/1236/1236
f 2072/2072/2072 2075/2075/2075 2074/2074/2074
f 2059/2059/2059 2072/2072/2072 2062/2062/2062
f 2074/2074/2074 2077/2077/2077 2076/2076/2076
f 1601/1601/1601 2078/2078/2078 2073/2073/2073
f 2049/2049/2049 1643/1643/1643 1645/1645/1645
f 1000/1000/1000 1001/1001/1001 994/994/994
f 1089/1089/1089 684/684/684 689/689/689
f 1931/1931/1931 1306/1306/1306 1930/1930/1930
f 1462/1462/1462 1021/1021/1021 1022/1022/1022
f 1932/1932/1932 1934/1934/1934 1935/1935/1935
f 875/875/875 1846/1846/1846 998/998/998
f 1936/1936/1936 1937/1937/1937 1938/1938/1938
f 44/44/44 46/46/46 92/92/92
f 1534/1534/1534 1956/1956/1956 120/120/120
f 1541/1541/1541 317/317/317 391/391/391
f 2081/2081/2081 2084/2084/2084 2083/2083/2083
f 146/146/146 1959/1959/1959 300/300/300
f 1360/1360/1360 1942/1942/1942 1361/1361/1361
f 985/985/985 1032/1032/1032 1033/1033/1033
f 1995/1995/1995 1892/1892/1892 2043/2043/2043
f 2079/2079/2079 2082/2082/2082 2081/2081/2081
f 2095/2095/2095 2076/2076/2076 2077/2077/2077
f 2081/2081/2081 2078/2078/2078 2079/2079/2079
f 2055/2055/2055 2054/2054/2054 2053/2053/2053
f 501/501/501 2095/2095/2095 500/500/500
f 2097/2097/2097 2099/2099/2099 2098/2098/2098
f 2098/2098/2098 2094/2094/2094 2083/2083/2083
f 2140/2140/2140 3893/3893/3893 3866/3866/3866
f 2141/2141/2141 3894/3894/3894 3893/3893/3893
f 2051/2051/2051 2048/2048/2048 2049/2049/2049
f 592/592/592 2101/2101/2101 1576/1576/1576
f 2071/2071/2071 2076/2076/2076 2096/2096/2096
f 2102/2102/2102 2098/2098/2098 2101/2101/2101
f 593/593/593 2102/2102/2102 592/592/592
f 1019/1019/1019 746/746/746 747/747/747
f 1950/1950/1950 12/12/12 1327/1327/1327
f 725/725/725 2096/2096/2096 501/501/501
f 1385/1385/1385 2104/2104/2104 1379/1379/1379
f 1379/1379/1379 2106/2106/2106 1384/1384/1384
f 2107/2107/2107 2100/2100/2100 2097/2097/2097
f 3908/3908/3908 502/502/502 3896/3896/3896
f 3896/3896/3896 499/499/499 3901/3901/3901
f 940/940/940 2109/2109/2109 944/944/944
f 928/928/928 1170/1170/1170 973/973/973
f 3868/3868/3868 684/684/684 3899/3899/3899
f 1962/1962/1962 1964/1964/1964 1961/1961/1961
f 3878/3878/3878 573/573/573 3897/3897/3897
f 2039/2039/2039 1968/1968/1968 1969/1969/1969
f 1389/1389/1389 2110/2110/2110 2109/2109/2109
f 1398/1398/1398 2113/2113/2113 1397/1397/1397
f 3757/3757/3757 3753/3753/3753 3743/3743/3743
f 3911/3911/3911 2107/2107/2107 2103/2103/2103
f 949/949/949 924/924/924 1115/1115/1115
f 260/260/260 324/324/324 326/326/326
f 1390/1390/1390 2113/2113/2113 2110/2110/2110
f 2070/2070/2070 2064/2064/2064 2071/2071/2071
f 3867/3867/3867 2103/2103/2103 593/593/593
f 2105/2105/2105 1421/1421/1421 2114/2114/2114
f 2114/2114/2114 1423/1423/1423 2115/2115/2115
f 3892/3892/3892 2115/2115/2115 3903/3903/3903
f 3908/3908/3908 2114/2114/2114 3892/3892/3892
f 554/554/554 1902/1902/1902 553/553/553
f 972/972/972 967/967/967 966/966/966
f 1765/1765/1765 1573/1573/1573 1574/1574/1574
f 1984/1984/1984 1986/1986/1986 1983/1983/1983
f 2053/2053/2053 2069/2069/2069 2057/2057/2057
f 3573/3573/3573 724/724/724 714/714/714
f 1625/1625/1625 1674/1674/1674 1673/1673/1673
f 3881/3881/3881 2119/2119/2119 2122/2122/2122
f 3903/3903/3903 2123/2123/2123 3904/3904/3904
f 56/56/56 1906/1906/1906 55/55/55
f 626/626/626 3879/3879/3879 629/629/629
f 2001/2001/2001 2003/2003/2003 2004/2004/2004
f 3912/3912/3912 2127/2127/2127 3907/3907/3907
f 2006/2006/2006 2008/2008/2008 2009/2009/2009
f 2127/2127/2127 1412/1412/1412 2128/2128/2128
f 2014/2014/2014 2016/2016/2016 2017/2017/2017
f 2018/2018/2018 2020/2020/2020 2021/2021/2021
f 1495/1495/1495 1947/1947/1947 197/197/197
f 1379/1379/1379 1386/1386/1386 1385/1385/1385
f 3814/3814/3814 1680/1680/1680 1618/1618/1618
f 2029/2029/2029 1884/1884/1884 2028/2028/2028
f 3902/3902/3902 2120/2120/2120 3887/3887/3887
f 629/629/629 3914/3914/3914 3872/3872/3872
f 682/682/682 943/943/943 1089/1089/1089
f 724/724/724 2121/2121/2121 716/716/716
f 1757/1757/1757 3821/3821/3821 3845/3845/3845
f 765/765/765 3844/3844/3844 3809/3809/3809
f 3851/3851/3851 715/715/715 3852/3852/3852
f 706/706/706 3870/3870/3870 3872/3872/3872
f 981/981/981 987/987/987 980/980/980
f 1457/1457/1457 1656/1656/1656 1880/1880/1880
f 2017/2017/2017 2032/2032/2032 2033/2033/2033
f 1458/1458/1458 1868/1868/1868 1457/1457/1457
f 1776/1776/1776 1792/1792/1792 1793/1793/1793
f 1959/1959/1959 1946/1946/1946 1958/1958/1958
f 3663/3663/3663 3725/3725/3725 3661/3661/3661
f 3913/3913/3913 2122/2122/2122 3850/3850/3850
f 1093/1093/1093 689/689/689 1088/1088/1088
f 966/966/966 968/968/968 972/972/972
f 3852/3852/3852 3881/3881/3881 3913/3913/3913
f 2172/2172/2172 2170/2170/2170 2171/2171/2171
f 670/670/670 2137/2137/2137 669/669/669
f 3761/3761/3761 1903/1903/1903 233/233/233
f 1429/1429/1429 28/28/28 1449/1449/1449
f 964/964/964 978/978/978 971/971/971
f 3841/3841/3841 1413/1413/1413 2127/2127/2127
f 1473/1473/1473 669/669/669 2137/2137/2137
f 3834/3834/3834 1359/1359/1359 1358/1358/1358
f 2138/2138/2138 1870/1870/1870 2137/2137/2137
f 1872/1872/1872 2137/2137/2137 1870/1870/1870
f 715/715/715 3888/3888/3888 3881/3881/3881
f 1881/1881/1881 1992/1992/1992 1880/1880/1880
f 3843/3843/3843 739/739/739 740/740/740
f 1837/1837/1837 3513/3513/3513 3514/3514/3514
f 253/253/253 59/59/59 85/85/85
f 1808/1808/1808 3840/3840/3840 1807/1807/1807
f 1647/1647/1647 3818/3818/3818 1609/1609/1609
f 3865/3865/3865 671/671/671 668/668/668
f 2112/2112/2112 3883/3883/3883 2111/2111/2111
f 1405/1405/1405 2044/2044/2044 1438/1438/1438
f 3829/3829/3829 1364/1364/1364 1366/1366/1366
f 273/273/273 391/391/391 249/249/249
f 576/576/576 3520/3520/3520 3555/3555/3555
f 3875/3875/3875 668/668/668 2031/2031/2031
f 1430/1430/1430 2140/2140/2140 2139/2139/2139
f 2136/2136/2136 3860/3860/3860 28/28/28
f 1430/1430/1430 18/18/18 19/19/19
f 3893/3893/3893 570/570/570 695/695/695
f 1442/1442/1442 2046/2046/2046 2141/2141/2141
f 1431/1431/1431 2141/2141/2141 2140/2140/2140
f 3869/3869/3869 3850/3850/3850 2136/2136/2136
f 3808/3808/3808 1817/1817/1817 766/766/766
f 3866/3866/3866 695/695/695 671/671/671
f 2142/2142/2142 798/798/798 2138/2138/2138
f 571/571/571 2142/2142/2142 694/694/694
f 3819/3819/3819 1618/1618/1618 1611/1611/1611
f 2143/2143/2143 2025/2025/2025 2142/2142/2142
f 694/694/694 2138/2138/2138 670/670/670
f 681/681/681 2144/2144/2144 572/572/572
f 2144/2144/2144 2022/2022/2022 2143/2143/2143
f 328/328/328 457/457/457 290/290/290
f 1572/1572/1572 2011/2011/2011 2144/2144/2144
f 630/630/630 3903/3903/3903 624/624/624
f 2085/2085/2085 2087/2087/2087 2088/2088/2088
f 2090/2090/2090 2092/2092/2092 2089/2089/2089
f 572/572/572 2143/2143/2143 571/571/571
f 1875/1875/1875 2153/2153/2153 2149/2149/2149
f 1873/1873/1873 2149/2149/2149 2154/2154/2154
f 2103/2103/2103 2097/2097/2097 2102/2102/2102
f 2157/2157/2157 2155/2155/2155 2156/2156/2156
f 2128/2128/2128 1414/1414/1414 2120/2120/2120
f 3874/3874/3874 589/589/589 582/582/582
f 3872/3872/3872 628/628/628 629/629/629
f 2149/2149/2149 2158/2158/2158 2159/2159/2159
f 2159/2159/2159 3905/3905/3905 3890/3890/3890
f 698/698/698 3902/3902/3902 705/705/705
f 3823/3823/3823 3827/3827/3827 1817/1817/1817
f 2158/2158/2158 3874/3874/3874 3905/3905/3905
f 1438/1438/1438 2046/2046/2046 1439/1439/1439
f 2035/2035/2035 2160/2160/2160 2161/2161/2161
f 2161/2161/2161 3889/3889/3889 3886/3886/3886
f 3871/3871/3871 605/605/605 589/589/589
f 3873/3873/3873 18/18/18 3875/3875/3875
f 370/370/370 61/61/61 451/451/451
f 649/649/649 413/413/413 648/648/648
f 2153/2153/2153 2156/2156/2156 2158/2158/2158
f 1428/1428/1428 1449/1449/1449 1450/1450/1450
f 1490/1490/1490 73/73/73 1488/1488/1488
f 3890/3890/3890 710/710/710 633/633/633
f 2155/2155/2155 3891/3891/3891 3871/3871/3871
f 1456/1456/1456 1880/1880/1880 1992/1992/1992
f 2125/2125/2125 2087/2087/2087 2124/2124/2124
f 2160/2160/2160 3890/3890/3890 3889/3889/3889
f 300/300/300 505/505/505 323/323/323
f 1064/1064/1064 1046/1046/1046 1065/1065/1065
f 2043/2043/2043 1891/1891/1891 2155/2155/2155
f 2129/2129/2129 2004/2004/2004 2003/2003/2003
f 2131/2131/2131 2133/2133/2133 2134/2134/2134
f 3848/3848/3848 1450/1450/1450 1449/1449/1449
f 1998/1998/1998 804/804/804 805/805/805
f 3879/3879/3879 3864/3864/3864 3914/3914/3914
f 474/474/474 490/490/490 770/770/770
f 1164/1164/1164 1182/1182/1182 1177/1177/1177
f 707/707/707 3909/3909/3909 3870/3870/3870
f 708/708/708 2162/2162/2162 707/707/707
f 2162/2162/2162 3886/3886/3886 3909/3909/3909
f 548/548/548 1905/1905/1905 458/458/458
f 1145/1145/1145 1114/1114/1114 1171/1171/1171
f 705/705/705 1650/1650/1650 704/704/704
f 2043/2043/2043 1977/1977/1977 1995/1995/1995
f 737/737/737 554/554/554 559/559/559
f 1034/1034/1034 1191/1191/1191 1023/1023/1023
f 458/458/458 1907/1907/1907 275/275/275
f 195/195/195 232/232/232 233/233/233
f 2040/2040/2040 1969/1969/1969 1970/1970/1970
f 2145/2145/2145 2147/2147/2147 2148/2148/2148
f 2054/2054/2054 2049/2049/2049 1645/1645/1645
f 3832/3832/3832 1639/1639/1639 3818/3818/3818
f 9/9/9 11/11/11 10/10/10
f 252/252/252 506/506/506 258/258/258
f 472/472/472 479/479/479 471/471/471
f 1865/1865/1865 3791/3791/3791 3503/3503/3503
f 900/900/900 910/910/910 907/907/907
f 1941/1941/1941 2151/2151/2151 1942/1942/1942
f 1921/1921/1921 1927/1927/1927 1919/1919/1919
f 2163/2163/2163 1898/1898/1898 2116/2116/2116
f 271/271/271 153/153/153 178/178/178
f 1904/1904/1904 12/12/12 9/9/9
f 282/282/282 264/264/264 460/460/460
f 1872/1872/1872 2154/2154/2154 2035/2035/2035
f 1326/1326/1326 1897/1897/1897 2163/2163/2163
f 628/628/628 693/693/693 627/627/627
f 1724/1724/1724 1719/1719/1719 1723/1723/1723
f 1549/1549/1549 436/436/436 172/172/172
f 1582/1582/1582 1730/1730/1730 1729/1729/1729
f 1921/1921/1921 1929/1929/1929 1928/1928/1928
f 3563/3563/3563 10/10/10 11/11/11
f 2152/2152/2152 1950/1950/1950 1949/1949/1949
f 475/475/475 774/774/774 771/771/771
f 769/769/769 2171/2171/2171 473/473/473
f 2171/2171/2171 476/476/476 473/473/473
f 476/476/476 772/772/772 475/475/475
f 1791/1791/1791 464/464/464 1760/1760/1760
f 2166/2166/2166 2168/2168/2168 2169/2169/2169
f 595/595/595 372/372/372 98/98/98
f 483/483/483 1641/1641/1641 482/482/482
f 762/762/762 2173/2173/2173 470/470/470
f 771/771/771 484/484/484 492/492/492
f 486/486/486 1809/1809/1809 483/483/483
f 297/297/297 1517/1517/1517 296/296/296
f 763/763/763 2174/2174/2174 762/762/762
f 776/776/776 759/759/759 489/489/489
f 184/184/184 2176/2176/2176 2000/2000/2000
f 412/412/412 303/303/303 414/414/414
f 2005/2005/2005 185/185/185 224/224/224
f 3811/3811/3811 1682/1682/1682 3846/3846/3846
f 2164/2164/2164 756/756/756 764/764/764
f 1472/1472/1472 2161/2161/2161 2162/2162/2162
f 950/950/950 964/964/964 965/965/965
f 2177/2177/2177 2179/2179/2179 2180/2180/2180
f 227/227/227 1510/1510/1510 333/333/333
f 764/764/764 467/467/467 2164/2164/2164
f 2182/2182/2182 2184/2184/2184 2181/2181/2181
f 2186/2186/2186 2018/2018/2018 2185/2185/2185
f 1985/1985/1985 2181/2181/2181 1986/1986/1986
f 214/214/214 729/729/729 1531/1531/1531
f 1545/1545/1545 1546/1546/1546 1569/1569/1569
f 865/865/865 842/842/842 866/866/866
f 849/849/849 1357/1357/1357 1362/1362/1362
f 452/452/452 1558/1558/1558 454/454/454
f 559/559/559 3188/3188/3188 737/737/737
f 16/16/16 737/737/737 3188/3188/3188
f 560/560/560 498/498/498 374/374/374
f 3193/3193/3193 3195/3195/3195 3194/3194/3194
f 3200/3200/3200 3198/3198/3198 3199/3199/3199
f 3211/3211/3211 3213/3213/3213 3212/3212/3212
f 3215/3215/3215 3217/3217/3217 3216/3216/3216
f 2187/2187/2187 2002/2002/2002 2001/2001/2001
f 2169/2169/2169 2189/2189/2189 2190/2190/2190
f 2192/2192/2192 2085/2085/2085 2191/2191/2191
f 2193/2193/2193 2195/2195/2195 2196/2196/2196
f 2198/2198/2198 2200/2200/2200 2197/2197/2197
f 1998/1998/1998 1979/1979/1979 1975/1975/1975
f 3664/3664/3664 3668/3668/3668 3671/3671/3671
f 2116/2116/2116 1903/1903/1903 1902/1902/1902
f 1859/1859/1859 2009/2009/2009 1150/1150/1150
f 3904/3904/3904 2126/2126/2126 3906/3906/3906
f 1135/1135/1135 1087/1087/1087 1130/1130/1130
f 2201/2201/2201 2015/2015/2015 2014/2014/2014
f 1149/1149/1149 110/110/110 1858/1858/1858
f 3221/3221/3221 3218/3218/3218 3215/3215/3215
f 2203/2203/2203 2205/2205/2205 2206/2206/2206
f 579/579/579 1895/1895/1895 1019/1019/1019
f 1755/1755/1755 2208/2208/2208 1756/1756/1756
f 3891/3891/3891 1893/1893/1893 605/605/605
f 1211/1211/1211 2150/2150/2150 1727/1727/1727
f 868/868/868 2210/2210/2210 2209/2209/2209
f 944/944/944 930/930/930 940/940/940
f 2130/2130/2130 2202/2202/2202 2201/2201/2201
f 233/233/233 1898/1898/1898 195/195/195
f 665/665/665 750/750/750 666/666/666
f 1167/1167/1167 999/999/999 618/618/618
f 2211/2211/2211 2213/2213/2213 2214/2214/2214
f 2215/2215/2215 2217/2217/2217 2218/2218/2218
f 3867/3867/3867 590/590/590 3868/3868/3868
f 2220/2220/2220 220/220/220 2219/2219/2219
f 823/823/823 948/948/948 1094/1094/1094
f 3225/3225/3225 3227/3227/3227 3226/3226/3226
f 266/266/266 455/455/455 265/265/265
f 3882/3882/3882 2107/2107/2107 3883/3883/3883
f 2221/2221/2221 3519/3519/3519 3517/3517/3517
f 2223/2223/2223 2225/2225/2225 2226/2226/2226
f 2207/2207/2207 2124/2124/2124 2208/2208/2208
f 673/673/673 3869/3869/3869 3864/3864/3864
f 817/817/817 996/996/996 815/815/815
f 2227/2227/2227 2146/2146/2146 2145/2145/2145
f 1947/1947/1947 646/646/646 749/749/749
f 3900/3900/3900 17/17/17 3873/3873/3873
f 2229/2229/2229 1638/1638/1638 1381/1381/1381
f 1679/1679/1679 1618/1618/1618 1680/1680/1680
f 1637/1637/1637 2232/2232/2232 2230/2230/2230
f 2233/2233/2233 1617/1617/1617 1616/1616/1616
f 2231/2231/2231 2236/2236/2236 2237/2237/2237
f 1381/1381/1381 2238/2238/2238 1382/1382/1382
f 3586/3586/3586 2242/2242/2242 3587/3587/3587
f 1630/1630/1630 2233/2233/2233 1631/1631/1631
f 1681/1681/1681 472/472/472 469/469/469
f 1408/1408/1408 2243/2243/2243 2244/2244/2244
f 3236/3236/3236 3238/3238/3238 3237/3237/3237
f 3232/3232/3232 3240/3240/3240 3235/3235/3235
f 1637/1637/1637 2238/2238/2238 1638/1638/1638
f 3237/3237/3237 3233/3233/3233 3234/3234/3234
f 1409/1409/1409 1634/1634/1634 2245/2245/2245
f 1380/1380/1380 2247/2247/2247 2246/2246/2246
f 1628/1628/1628 2245/2245/2245 1621/1621/1621
f 2249/2249/2249 1622/1622/1622 1633/1633/1633
f 1632/1632/1632 1408/1408/1408 2244/2244/2244
f 2248/2248/2248 1631/1631/1631 2250/2250/2250
f 2235/2235/2235 1637/1637/1637 1636/1636/1636
f 3245/3245/3245 3199/3199/3199 3198/3198/3198
f 631/631/631 2071/2071/2071 725/725/725
f 515/515/515 52/52/52 49/49/49
f 782/782/782 2251/2251/2251 1251/1251/1251
f 2253/2253/2253 2255/2255/2255 2252/2252/2252
f 397/397/397 459/459/459 784/784/784
f 1456/1456/1456 2040/2040/2040 1455/1455/1455
f 2040/2040/2040 2036/2036/2036 1455/1455/1455
f 1401/1401/1401 2111/2111/2111 1398/1398/1398
f 2041/2041/2041 1970/1970/1970 2026/2026/2026
f 1535/1535/1535 414/414/414 1965/1965/1965
f 1586/1586/1586 2080/2080/2080 2079/2079/2079
f 2256/2256/2256 1132/1132/1132 1886/1886/1886
f 1700/1700/1700 3918/3918/3918 3919/3919/3919
f 3815/3815/3815 1686/1686/1686 3817/3817/3817
f 1263/1263/1263 1886/1886/1886 1096/1096/1096
f 598/598/598 844/844/844 599/599/599
f 2257/2257/2257 2259/2259/2259 2260/2260/2260
f 2258/2258/2258 2262/2262/2262 2259/2259/2259
f 2259/2259/2259 2263/2263/2263 2216/2216/2216
f 2260/2260/2260 2216/2216/2216 2215/2215/2215
f 1967/1967/1967 1970/1970/1970 1969/1969/1969
f 2212/2212/2212 1963/1963/1963 2213/2213/2213
f 922/922/922 2218/2218/2218 2217/2217/2217
f 1312/1312/1312 1101/1101/1101 2264/2264/2264
f 1307/1307/1307 1286/1286/1286 789/789/789
f 1548/1548/1548 1546/1546/1546 1972/1972/1972
f 2266/2266/2266 2268/2268/2268 2265/2265/2265
f 2265/2265/2265 2270/2270/2270 2269/2269/2269
f 2272/2272/2272 2269/2269/2269 2271/2271/2271
f 2273/2273/2273 2265/2265/2265 2272/2272/2272
f 2275/2275/2275 2277/2277/2277 2274/2274/2274
f 2278/2278/2278 2277/2277/2277 2279/2279/2279
f 2284/2284/2284 3617/3617/3617 3639/3639/3639
f 2287/2287/2287 2286/2286/2286 2281/2281/2281
f 2288/2288/2288 2283/2283/2283 2287/2287/2287
f 2290/2290/2290 3639/3639/3639 3620/3620/3620
f 2291/2291/2291 2293/2293/2293 2294/2294/2294
f 2295/2295/2295 2294/2294/2294 2279/2279/2279
f 2296/2296/2296 2291/2291/2291 2295/2295/2295
f 2297/2297/2297 2292/2292/2292 2291/2291/2291
f 2294/2294/2294 2299/2299/2299 2300/2300/2300
f 2279/2279/2279 2300/2300/2300 2278/2278/2278
f 2298/2298/2298 2302/2302/2302 2292/2292/2292
f 2292/2292/2292 2303/2303/2303 2293/2293/2293
f 2293/2293/2293 2304/2304/2304 2299/2299/2299
f 2304/2304/2304 2306/2306/2306 2299/2299/2299
f 2306/2306/2306 2300/2300/2300 2299/2299/2299
f 2308/2308/2308 2310/2310/2310 2307/2307/2307
f 2302/2302/2302 2310/2310/2310 2303/2303/2303
f 2301/2301/2301 2307/2307/2307 2302/2302/2302
f 2312/2312/2312 2307/2307/2307 2311/2311/2311
f 2313/2313/2313 2315/2315/2315 2316/2316/2316
f 2318/2318/2318 2320/2320/2320 2317/2317/2317
f 3748/3748/3748 2322/2322/2322 2323/2323/2323
f 2324/2324/2324 2273/2273/2273 2326/2326/2326
f 2313/2313/2313 2326/2326/2326 2327/2327/2327
f 2328/2328/2328 2313/2313/2313 2316/2316/2316
f 2329/2329/2329 2324/2324/2324 2328/2328/2328
f 2331/2331/2331 2333/2333/2333 2330/2330/2330
f 2330/2330/2330 2267/2267/2267 2266/2266/2266
f 2325/2325/2325 2266/2266/2266 2273/2273/2273
f 2329/2329/2329 2330/2330/2330 2325/2325/2325
f 2333/2333/2333 2335/2335/2335 2267/2267/2267
f 2336/2336/2336 2333/2333/2333 2332/2332/2332
f 2338/2338/2338 2332/2332/2332 2337/2337/2337
f 2331/2331/2331 2337/2337/2337 2332/2332/2332
f 2329/2329/2329 2339/2339/2339 2331/2331/2331
f 2328/2328/2328 2340/2340/2340 2329/2329/2329
f 2316/2316/2316 2341/2341/2341 2328/2328/2328
f 2342/2342/2342 2315/2315/2315 2343/2343/2343
f 2344/2344/2344 2346/2346/2346 2347/2347/2347
f 2341/2341/2341 2347/2347/2347 2340/2340/2340
f 2342/2342/2342 2344/2344/2344 2341/2341/2341
f 2348/2348/2348 2345/2345/2345 2344/2344/2344
f 2350/2350/2350 2352/2352/2352 2353/2353/2353
f 2339/2339/2339 2353/2353/2353 2337/2337/2337
f 2340/2340/2340 2350/2350/2350 2339/2339/2339
f 2347/2347/2347 2351/2351/2351 2350/2350/2350
f 2337/2337/2337 2354/2354/2354 2338/2338/2338
f 2353/2353/2353 2355/2355/2355 2354/2354/2354
f 2356/2356/2356 2276/2276/2276 2357/2357/2357
f 2356/2356/2356 2358/2358/2358 2359/2359/2359
f 2356/2356/2356 2296/2296/2296 2295/2295/2295
f 2279/2279/2279 2356/2356/2356 2295/2295/2295
f 2360/2360/2360 2270/2270/2270 2268/2268/2268
f 2267/2267/2267 2360/2360/2360 2268/2268/2268
f 2362/2362/2362 2364/2364/2364 2365/2365/2365
f 2362/2362/2362 2361/2361/2361 2358/2358/2358
f 2366/2366/2366 2358/2358/2358 2357/2357/2357
f 2366/2366/2366 2363/2363/2363 2362/2362/2362
f 2357/2357/2357 2368/2368/2368 2366/2366/2366
f 2366/2366/2366 2369/2369/2369 2367/2367/2367
f 2276/2276/2276 2370/2370/2370 2368/2368/2368
f 2368/2368/2368 2282/2282/2282 2369/2369/2369
f 2372/2372/2372 2374/2374/2374 2371/2371/2371
f 2375/2375/2375 2377/2377/2377 2007/2007/2007
f 2378/2378/2378 2380/2380/2380 2381/2381/2381
f 2382/2382/2382 2381/2381/2381 2383/2383/2383
f 2384/2384/2384 2378/2378/2378 2382/2382/2382
f 2385/2385/2385 2379/2379/2379 2378/2378/2378
f 2388/2388/2388 2390/2390/2390 2387/2387/2387
f 2387/2387/2387 2392/2392/2392 2391/2391/2391
f 2393/2393/2393 2387/2387/2387 2391/2391/2391
f 2394/2394/2394 2388/2388/2388 2387/2387/2387
f 2186/2186/2186 2402/2402/2402 2400/2400/2400
f 2403/2403/2403 2327/2327/2327 2326/2326/2326
f 2272/2272/2272 2326/2326/2326 2273/2273/2273
f 2271/2271/2271 2403/2403/2403 2272/2272/2272
f 2405/2405/2405 2404/2404/2404 2403/2403/2403
f 2404/2404/2404 2408/2408/2408 2327/2327/2327
f 2409/2409/2409 2411/2411/2411 2412/2412/2412
f 2409/2409/2409 2271/2271/2271 2269/2269/2269
f 2413/2413/2413 2269/2269/2269 2270/2270/2270
f 2413/2413/2413 2410/2410/2410 2409/2409/2409
f 2417/2417/2417 2416/2416/2416 2418/2418/2418
f 2417/2417/2417 2406/2406/2406 2405/2405/2405
f 2412/2412/2412 2405/2405/2405 2271/2271/2271
f 2411/2411/2411 2417/2417/2417 2412/2412/2412
f 2406/2406/2406 2407/2407/2407 2404/2404/2404
f 3569/3569/3569 632/632/632 713/713/713
f 2420/2420/2420 2397/2397/2397 2421/2421/2421
f 2420/2420/2420 2423/2423/2423 2422/2422/2422
f 2424/2424/2424 2422/2422/2422 2419/2419/2419
f 2424/2424/2424 2398/2398/2398 2420/2420/2420
f 2425/2425/2425 2392/2392/2392 2426/2426/2426
f 2421/2421/2421 2426/2426/2426 2423/2423/2423
f 2397/2397/2397 2425/2425/2425 2421/2421/2421
f 2396/2396/2396 2391/2391/2391 2425/2425/2425
f 2427/2427/2427 2315/2315/2315 2314/2314/2314
f 2427/2427/2427 2408/2408/2408 2428/2428/2428
f 2430/2430/2430 2428/2428/2428 2429/2429/2429
f 2343/2343/2343 2427/2427/2427 2430/2430/2430
f 2432/2432/2432 2430/2430/2430 2431/2431/2431
f 2431/2431/2431 2429/2429/2429 2433/2433/2433
f 2435/2435/2435 2433/2433/2433 2434/2434/2434
f 2436/2436/2436 2431/2431/2431 2435/2435/2435
f 2428/2428/2428 2407/2407/2407 2437/2437/2437
f 2422/2422/2422 2407/2407/2407 2419/2419/2419
f 2438/2438/2438 2422/2422/2422 2423/2423/2423
f 2429/2429/2429 2437/2437/2437 2438/2438/2438
f 2440/2440/2440 2433/2433/2433 2439/2439/2439
f 2441/2441/2441 2433/2433/2433 2429/2429/2429
f 2442/2442/2442 2439/2439/2439 2441/2441/2441
f 2443/2443/2443 2440/2440/2440 2439/2439/2439
f 2445/2445/2445 2444/2444/2444 2443/2443/2443
f 2447/2447/2447 2443/2443/2443 2442/2442/2442
f 2383/2383/2383 2445/2445/2445 2447/2447/2447
f 2381/2381/2381 2446/2446/2446 2445/2445/2445
f 2448/2448/2448 2423/2423/2423 2426/2426/2426
f 2449/2449/2449 2426/2426/2426 2392/2392/2392
f 2441/2441/2441 2449/2449/2449 2442/2442/2442
f 2441/2441/2441 2438/2438/2438 2448/2448/2448
f 2449/2449/2449 2390/2390/2390 2450/2450/2450
f 2450/2450/2450 2389/2389/2389 2451/2451/2451
f 2447/2447/2447 2451/2451/2451 2383/2383/2383
f 2442/2442/2442 2450/2450/2450 2447/2447/2447
f 2451/2451/2451 2453/2453/2453 2452/2452/2452
f 2452/2452/2452 2455/2455/2455 2454/2454/2454
f 2382/2382/2382 2454/2454/2454 2384/2384/2384
f 2383/2383/2383 2452/2452/2452 2382/2382/2382
f 2456/2456/2456 2373/2373/2373 2372/2372/2372
f 2459/2459/2459 2461/2461/2461 2458/2458/2458
f 2463/2463/2463 2465/2465/2465 2462/2462/2462
f 2462/2462/2462 2285/2285/2285 2284/2284/2284
f 2466/2466/2466 2284/2284/2284 2290/2290/2290
f 2467/2467/2467 2462/2462/2462 2466/2466/2466
f 2461/2461/2461 3703/3703/3703 3701/3701/3701
f 2468/2468/2468 2470/2470/2470 2471/2471/2471
f 2472/2472/2472 2471/2471/2471 2473/2473/2473
f 2474/2474/2474 3701/3701/3701 3688/3688/3688
f 2475/2475/2475 2477/2477/2477 2478/2478/2478
f 2458/2458/2458 2453/2453/2453 2479/2479/2479
f 2479/2479/2479 2389/2389/2389 2388/2388/2388
f 2395/2395/2395 2479/2479/2479 2388/2388/2388
f 2480/2480/2480 2458/2458/2458 2479/2479/2479
f 2481/2481/2481 2483/2483/2483 2478/2478/2478
f 2484/2484/2484 2485/2485/2485 221/221/221
f 2471/2471/2471 2464/2464/2464 2463/2463/2463
f 2473/2473/2473 2463/2463/2463 2467/2467/2467
f 2487/2487/2487 2466/2466/2466 2486/2486/2486
f 2486/2486/2486 2290/2290/2290 2488/2488/2488
f 2490/2490/2490 2488/2488/2488 2489/2489/2489
f 2491/2491/2491 2486/2486/2486 2490/2490/2490
f 2492/2492/2492 2467/2467/2467 2487/2487/2487
f 2493/2493/2493 2487/2487/2487 2491/2491/2491
f 2494/2494/2494 2492/2492/2492 2493/2493/2493
f 2495/2495/2495 2473/2473/2473 2492/2492/2492
f 3690/3690/3690 2474/2474/2474 3688/3688/3688
f 3691/3691/3691 2496/2496/2496 3690/3690/3690
f 2498/2498/2498 2493/2493/2493 2499/2499/2499
f 2500/2500/2500 2499/2499/2499 2501/2501/2501
f 3700/3700/3700 2498/2498/2498 2500/2500/2500
f 3687/3687/3687 2494/2494/2494 2498/2498/2498
f 2306/2306/2306 2278/2278/2278 2300/2300/2300
f 2305/2305/2305 2504/2504/2504 2306/2306/2306
f 2504/2504/2504 2507/2507/2507 2506/2506/2506
f 2506/2506/2506 2288/2288/2288 2508/2508/2508
f 2274/2274/2274 2508/2508/2508 2275/2275/2275
f 2278/2278/2278 2506/2506/2506 2274/2274/2274
f 3633/3633/3633 2489/2489/2489 2488/2488/2488
f 3620/3620/3620 2488/2488/2488 2290/2290/2290
f 2507/2507/2507 2289/2289/2289 2288/2288/2288
f 2505/2505/2505 2509/2509/2509 2507/2507/2507
f 2508/2508/2508 2287/2287/2287 2511/2511/2511
f 2511/2511/2511 2281/2281/2281 2280/2280/2280
f 2370/2370/2370 2280/2280/2280 2282/2282/2282
f 2275/2275/2275 2511/2511/2511 2370/2370/2370
f 2512/2512/2512 2489/2489/2489 2513/2513/2513
f 2514/2514/2514 2513/2513/2513 2515/2515/2515
f 2517/2517/2517 2514/2514/2514 2516/2516/2516
f 2517/2517/2517 2490/2490/2490 2512/2512/2512
f 2499/2499/2499 2491/2491/2491 2517/2517/2517
f 2499/2499/2499 2516/2516/2516 2501/2501/2501
f 2510/2510/2510 2519/2519/2519 2518/2518/2518
f 2518/2518/2518 2521/2521/2521 2520/2520/2520
f 3616/3616/3616 2520/2520/2520 3621/3621/3621
f 3632/3632/3632 2518/2518/2518 3616/3616/3616
f 2522/2522/2522 2303/2303/2303 2310/2310/2310
f 2523/2523/2523 2310/2310/2310 2309/2309/2309
f 2305/2305/2305 2522/2522/2522 2524/2524/2524
f 2524/2524/2524 2523/2523/2523 2525/2525/2525
f 2519/2519/2519 2525/2525/2525 2521/2521/2521
f 2505/2505/2505 2524/2524/2524 2519/2519/2519
f 2308/2308/2308 2527/2527/2527 2526/2526/2526
f 2526/2526/2526 2529/2529/2529 2528/2528/2528
f 2531/2531/2531 2528/2528/2528 2530/2530/2530
f 2309/2309/2309 2526/2526/2526 2531/2531/2531
f 1214/1214/1214 2151/2151/2151 1211/1211/1211
f 2419/2419/2419 2418/2418/2418 2424/2424/2424
f 2533/2533/2533 2349/2349/2349 2317/2317/2317
f 2534/2534/2534 2317/2317/2317 2320/2320/2320
f 2535/2535/2535 2533/2533/2533 2534/2534/2534
f 2536/2536/2536 2345/2345/2345 2533/2533/2533
f 2537/2537/2537 2346/2346/2346 2536/2536/2536
f 2538/2538/2538 2536/2536/2536 2535/2535/2535
f 2539/2539/2539 2537/2537/2537 2538/2538/2538
f 2540/2540/2540 2351/2351/2351 2537/2537/2537
f 2312/2312/2312 2541/2541/2541 2527/2527/2527
f 2527/2527/2527 2542/2542/2542 2529/2529/2529
f 2543/2543/2543 2434/2434/2434 2544/2544/2544
f 2545/2545/2545 2544/2544/2544 2546/2546/2546
f 2319/2319/2319 2543/2543/2543 2545/2545/2545
f 2318/2318/2318 2435/2435/2435 2543/2543/2543
f 2514/2514/2514 2548/2548/2548 2547/2547/2547
f 2547/2547/2547 2550/2550/2550 2549/2549/2549
f 2552/2552/2552 2549/2549/2549 2551/2551/2551
f 2552/2552/2552 2514/2514/2514 2547/2547/2547
f 2520/2520/2520 2554/2554/2554 2553/2553/2553
f 2553/2553/2553 2556/2556/2556 2555/2555/2555
f 3590/3590/3590 2555/2555/2555 3593/3593/3593
f 3621/3621/3621 2553/2553/2553 3590/3590/3590
f 2523/2523/2523 2531/2531/2531 2557/2557/2557
f 2557/2557/2557 2530/2530/2530 2558/2558/2558
f 2525/2525/2525 2557/2557/2557 2559/2559/2559
f 2559/2559/2559 2558/2558/2558 2560/2560/2560
f 2554/2554/2554 2560/2560/2560 2556/2556/2556
f 2521/2521/2521 2559/2559/2559 2554/2554/2554
f 2561/2561/2561 2007/2007/2007 2006/2006/2006
f 2376/2376/2376 2225/2225/2225 2377/2377/2377
f 2564/2564/2564 2566/2566/2566 2563/2563/2563
f 2563/2563/2563 338/338/338 2567/2567/2567
f 2569/2569/2569 2567/2567/2567 2568/2568/2568
f 2570/2570/2570 2563/2563/2563 2569/2569/2569
f 2572/2572/2572 2574/2574/2574 2571/2571/2571
f 2571/2571/2571 2576/2576/2576 2575/2575/2575
f 2544/2544/2544 2575/2575/2575 2546/2546/2546
f 2544/2544/2544 2572/2572/2572 2571/2571/2571
f 2578/2578/2578 2569/2569/2569 2577/2577/2577
f 2579/2579/2579 2569/2569/2569 2568/2568/2568
f 2574/2574/2574 2579/2579/2579 2576/2576/2576
f 2573/2573/2573 2577/2577/2577 2574/2574/2574
f 2581/2581/2581 2583/2583/2583 2580/2580/2580
f 2584/2584/2584 2583/2583/2583 2585/2585/2585
f 3697/3697/3697 2580/2580/2580 2584/2584/2584
f 3676/3676/3676 2580/2580/2580 3675/3675/3675
f 2582/2582/2582 2552/2552/2552 2583/2583/2583
f 2583/2583/2583 2551/2551/2551 2585/2585/2585
f 2500/2500/2500 2589/2589/2589 2588/2588/2588
f 2590/2590/2590 2589/2589/2589 2591/2591/2591
f 3693/3693/3693 2588/2588/2588 2590/2590/2590
f 3695/3695/3695 2500/2500/2500 2588/2588/2588
f 2501/2501/2501 2591/2591/2591 2589/2589/2589
f 2592/2592/2592 2594/2594/2594 2595/2595/2595
f 2386/2386/2386 2503/2503/2503 2502/2502/2502
f 2596/2596/2596 2386/2386/2386 2374/2374/2374
f 2596/2596/2596 2373/2373/2373 2597/2597/2597
f 2599/2599/2599 2597/2597/2597 2598/2598/2598
f 2599/2599/2599 2379/2379/2379 2596/2596/2596
f 2600/2600/2600 2380/2380/2380 2599/2599/2599
f 2600/2600/2600 2598/2598/2598 2601/2601/2601
f 2603/2603/2603 2601/2601/2601 2602/2602/2602
f 2603/2603/2603 2446/2446/2446 2600/2600/2600
f 2604/2604/2604 2602/2602/2602 2605/2605/2605
f 2440/2440/2440 2605/2605/2605 2434/2434/2434
f 2444/2444/2444 2604/2604/2604 2440/2440/2440
f 2606/2606/2606 2581/2581/2581 2607/2607/2607
f 2606/2606/2606 2590/2590/2590 2591/2591/2591
f 2591/2591/2591 2582/2582/2582 2606/2606/2606
f 3676/3676/3676 2456/2456/2456 3689/3689/3689
f 3689/3689/3689 2372/2372/2372 3693/3693/3693
f 2478/2478/2478 2608/2608/2608 2481/2481/2481
f 2609/2609/2609 2611/2611/2611 2199/2199/2199
f 2564/2564/2564 2613/2613/2613 2612/2612/2612
f 2612/2612/2612 2598/2598/2598 2597/2597/2597
f 2457/2457/2457 2597/2597/2597 2373/2373/2373
f 2565/2565/2565 2612/2612/2612 2457/2457/2457
f 2614/2614/2614 2570/2570/2570 2578/2578/2578
f 2615/2615/2615 2578/2578/2578 2573/2573/2573
f 2602/2602/2602 2614/2614/2614 2615/2615/2615
f 2601/2601/2601 2613/2613/2613 2614/2614/2614
f 2572/2572/2572 2605/2605/2605 2616/2616/2616
f 2616/2616/2616 2602/2602/2602 2615/2615/2615
f 2573/2573/2573 2616/2616/2616 2615/2615/2615
f 1459/1459/1459 1045/1045/1045 1021/1021/1021
f 1265/1265/1265 1079/1079/1079 1082/1082/1082
f 1612/1612/1612 1609/1609/1609 1611/1611/1611
f 2067/2067/2067 2069/2069/2069 2068/2068/2068
f 1135/1135/1135 1136/1136/1136 1148/1148/1148
f 1938/1938/1938 2618/2618/2618 2617/2617/2617
f 95/95/95 458/458/458 128/128/128
f 2058/2058/2058 1608/1608/1608 1612/1612/1612
f 1454/1454/1454 1445/1445/1445 1367/1367/1367
f 655/655/655 1048/1048/1048 2619/2619/2619
f 722/722/722 2621/2621/2621 723/723/723
f 1131/1131/1131 1033/1033/1033 1134/1134/1134
f 562/562/562 366/366/366 1497/1497/1497
f 1723/1723/1723 1725/1725/1725 1591/1591/1591
f 1786/1786/1786 1122/1122/1122 1787/1787/1787
f 267/267/267 323/323/323 266/266/266
f 1325/1325/1325 1654/1654/1654 2038/2038/2038
f 1468/1468/1468 1435/1435/1435 1479/1479/1479
f 658/658/658 529/529/529 528/528/528
f 8/8/8 247/247/247 7/7/7
f 382/382/382 1559/1559/1559 3/3/3
f 788/788/788 1307/1307/1307 789/789/789
f 940/940/940 929/929/929 928/928/928
f 911/911/911 2623/2623/2623 912/912/912
f 2621/2621/2621 655/655/655 654/654/654
f 2624/2624/2624 2625/2625/2625 2626/2626/2626
f 998/998/998 27/27/27 26/26/26
f 635/635/635 2626/2626/2626 2625/2625/2625
f 2627/2627/2627 644/644/644 1840/1840/1840
f 2628/2628/2628 1840/1840/1840 2629/2629/2629
f 1200/1200/1200 2627/2627/2627 2628/2628/2628
f 1199/1199/1199 641/641/641 2627/2627/2627
f 1520/1520/1520 49/49/49 477/477/477
f 1452/1452/1452 1349/1349/1349 1451/1451/1451
f 2630/2630/2630 1859/1859/1859 1858/1858/1858
f 644/644/644 1335/1335/1335 1823/1823/1823
f 1197/1197/1197 717/717/717 2632/2632/2632
f 2632/2632/2632 719/719/719 1166/1166/1166
f 2628/2628/2628 1166/1166/1166 1200/1200/1200
f 2629/2629/2629 2632/2632/2632 2628/2628/2628
f 1762/1762/1762 1050/1050/1050 821/821/821
f 1823/1823/1823 873/873/873 1839/1839/1839
f 2634/2634/2634 794/794/794 652/652/652
f 1028/1028/1028 1027/1027/1027 1161/1161/1161
f 1042/1042/1042 2635/2635/2635 1043/1043/1043
f 93/93/93 1901/1901/1901 1924/1924/1924
f 2036/2036/2036 1458/1458/1458 1455/1455/1455
f 1527/1527/1527 1525/1525/1525 1526/1526/1526
f 877/877/877 1274/1274/1274 1277/1277/1277
f 134/134/134 797/797/797 1544/1544/1544
f 1328/1328/1328 931/931/931 1329/1329/1329
f 607/607/607 1091/1091/1091 1161/1161/1161
f 1043/1043/1043 2637/2637/2637 2636/2636/2636
f 2636/2636/2636 2639/2639/2639 2638/2638/2638
f 1275/1275/1275 2638/2638/2638 1276/1276/1276
f 1275/1275/1275 1043/1043/1043 2636/2636/2636
f 1272/1272/1272 2626/2626/2626 2640/2640/2640
f 2640/2640/2640 638/638/638 637/637/637
f 1110/1110/1110 2640/2640/2640 637/637/637
f 536/536/536 2640/2640/2640 2641/2641/2641
f 1472/1472/1472 1474/1474/1474 1473/1473/1473
f 2042/2042/2042 1951/1951/1951 649/649/649
f 1058/1058/1058 1105/1105/1105 1059/1059/1059
f 2642/2642/2642 2643/2643/2643 2644/2644/2644
f 1192/1192/1192 2644/2644/2644 1193/1193/1193
f 912/912/912 2642/2642/2642 1192/1192/1192
f 3898/3898/3898 3526/3526/3526 3786/3786/3786
f 1049/1049/1049 2620/2620/2620 2621/2621/2621
f 616/616/616 1885/1885/1885 613/613/613
f 1331/1331/1331 666/666/666 750/750/750
f 990/990/990 1198/1198/1198 525/525/525
f 1911/1911/1911 321/321/321 322/322/322
f 1298/1298/1298 1205/1205/1205 2645/2645/2645
f 76/76/76 1504/1504/1504 75/75/75
f 1502/1502/1502 421/421/421 422/422/422
f 610/610/610 658/658/658 691/691/691
f 1146/1146/1146 659/659/659 938/938/938
f 2646/2646/2646 914/914/914 936/936/936
f 1280/1280/1280 1238/1238/1238 1279/1279/1279
f 975/975/975 2647/2647/2647 2648/2648/2648
f 2647/2647/2647 975/975/975 974/974/974
f 1453/1453/1453 1452/1452/1452 1451/1451/1451
f 1514/1514/1514 158/158/158 151/151/151
f 835/835/835 1843/1843/1843 1842/1842/1842
f 1271/1271/1271 1173/1173/1173 1289/1289/1289
f 2649/2649/2649 813/813/813 2650/2650/2650
f 1893/1893/1893 1826/1826/1826 1894/1894/1894
f 1050/1050/1050 1937/1937/1937 1051/1051/1051
f 2651/2651/2651 814/814/814 813/813/813
f 1006/1006/1006 1281/1281/1281 977/977/977
f 2653/2653/2653 2654/2654/2654 2655/2655/2655
f 1001/1001/1001 1003/1003/1003 1002/1002/1002
f 585/585/585 679/679/679 558/558/558
f 2624/2624/2624 621/621/621 620/620/620
f 555/555/555 2028/2028/2028 556/556/556
f 1207/1207/1207 1197/1197/1197 2629/2629/2629
f 1626/1626/1626 478/478/478 472/472/472
f 426/426/426 419/419/419 1567/1567/1567
f 1030/1030/1030 1773/1773/1773 1031/1031/1031
f 3898/3898/3898 634/634/634 3880/3880/3880
f 534/534/534 138/138/138 262/262/262
f 1125/1125/1125 1042/1042/1042 1041/1041/1041
f 333/333/333 88/88/88 227/227/227
f 569/569/569 561/561/561 730/730/730
f 1489/1489/1489 871/871/871 870/870/870
f 1857/1857/1857 620/620/620 891/891/891
f 1673/1673/1673 3770/3770/3770 3763/3763/3763
f 622/622/622 864/864/864 1308/1308/1308
f 2647/2647/2647 974/974/974 2657/2657/2657
f 619/619/619 891/891/891 620/620/620
f 261/261/261 545/545/545 262/262/262
f 393/393/393 1556/1556/1556 404/404/404
f 2658/2658/2658 2647/2647/2647 2657/2657/2657
f 1075/1075/1075 2657/2657/2657 917/917/917
f 1081/1081/1081 2658/2658/2658 1075/1075/1075
f 1080/1080/1080 2659/2659/2659 2658/2658/2658
f 2644/2644/2644 1141/1141/1141 2660/2660/2660
f 2660/2660/2660 1140/1140/1140 1336/1336/1336
f 642/642/642 1336/1336/1336 643/643/643
f 1193/1193/1193 2660/2660/2660 642/642/642
f 679/679/679 555/555/555 558/558/558
f 1503/1503/1503 1500/1500/1500 1502/1502/1502
f 1318/1318/1318 1101/1101/1101 1100/1100/1100
f 2661/2661/2661 1139/1139/1139 1142/1142/1142
f 2661/2661/2661 2663/2663/2663 2662/2662/2662
f 2662/2662/2662 2659/2659/2659 2661/2661/2661
f 2662/2662/2662 2622/2622/2622 2664/2664/2664
f 2664/2664/2664 911/911/911 2646/2646/2646
f 2648/2648/2648 2646/2646/2646 1146/1146/1146
f 2648/2648/2648 2662/2662/2662 2664/2664/2664
f 2083/2083/2083 2093/2093/2093 2081/2081/2081
f 1442/1442/1442 1437/1437/1437 1439/1439/1439
f 519/519/519 330/330/330 51/51/51
f 1885/1885/1885 1209/1209/1209 613/613/613
f 799/799/799 805/805/805 804/804/804
f 1946/1946/1946 1952/1952/1952 1953/1953/1953
f 1302/1302/1302 1253/1253/1253 1252/1252/1252
f 566/566/566 224/224/224 533/533/533
f 1389/1389/1389 928/928/928 1388/1388/1388
f 683/683/683 681/681/681 680/680/680
f 836/836/836 1842/1842/1842 2665/2665/2665
f 2665/2665/2665 1845/1845/1845 1303/1303/1303
f 2666/2666/2666 1303/1303/1303 1302/1302/1302
f 24/24/24 2665/2665/2665 2666/2666/2666
f 831/831/831 2650/2650/2650 832/832/832
f 1845/1845/1845 1304/1304/1304 1303/1303/1303
f 2010/2010/2010 2012/2012/2012 2011/2011/2011
f 1051/1051/1051 2667/2667/2667 2668/2668/2668
f 1522/1522/1522 1511/1511/1511 1523/1523/1523
f 531/531/531 441/441/441 522/522/522
f 782/782/782 1251/1251/1251 1250/1250/1250
f 1250/1250/1250 2625/2625/2625 2669/2669/2669
f 2669/2669/2669 1857/1857/1857 1856/1856/1856
f 783/783/783 1856/1856/1856 1037/1037/1037
f 782/782/782 2669/2669/2669 783/783/783
f 720/720/720 2671/2671/2671 721/721/721
f 1055/1055/1055 1930/1930/1930 1056/1056/1056
f 1333/1333/1333 1251/1251/1251 2251/2251/2251
f 619/619/619 1308/1308/1308 1307/1307/1307
f 652/652/652 2619/2619/2619 2634/2634/2634
f 521/521/521 1539/1539/1539 1540/1540/1540
f 1838/1838/1838 537/537/537 2672/2672/2672
f 2672/2672/2672 536/536/536 2641/2641/2641
f 1113/1113/1113 2641/2641/2641 1110/1110/1110
f 1113/1113/1113 1838/1838/1838 2672/2672/2672
f 1016/1016/1016 1351/1351/1351 1045/1045/1045
f 3897/3897/3897 570/570/570 3894/3894/3894
f 226/226/226 104/104/104 101/101/101
f 3564/3564/3564 3827/3827/3827 1818/1818/1818
f 1036/1036/1036 1884/1884/1884 1883/1883/1883
f 2674/2674/2674 1304/1304/1304 2673/2673/2673
f 2673/2673/2673 1844/1844/1844 2675/2675/2675
f 1334/1334/1334 2675/2675/2675 1039/1039/1039
f 1333/1333/1333 2673/2673/2673 1334/1334/1334
f 2676/2676/2676 1039/1039/1039 2675/2675/2675
f 1843/1843/1843 2675/2675/2675 1844/1844/1844
f 942/942/942 2676/2676/2676 1843/1843/1843
f 1074/1074/1074 702/702/702 2676/2676/2676
f 811/811/811 859/859/859 858/858/858
f 752/752/752 1055/1055/1055 753/753/753
f 1200/1200/1200 656/656/656 1026/1026/1026
f 1120/1120/1120 874/874/874 2677/2677/2677
f 2677/2677/2677 877/877/877 1052/1052/1052
f 1241/1241/1241 1052/1052/1052 1005/1005/1005
f 1119/1119/1119 2677/2677/2677 1241/1241/1241
f 1560/1560/1560 151/151/151 1515/1515/1515
f 1208/1208/1208 611/611/611 523/523/523
f 215/215/215 736/736/736 214/214/214
f 1460/1460/1460 1462/1462/1462 1461/1461/1461
f 1208/1208/1208 1839/1839/1839 873/873/873
f 854/854/854 1282/1282/1282 1297/1297/1297
f 72/72/72 182/182/182 179/179/179
f 544/544/544 1565/1565/1565 512/512/512
f 217/217/217 456/456/456 457/457/457
f 2047/2047/2047 930/930/930 945/945/945
f 1204/1204/1204 1937/1937/1937 2633/2633/2633
f 913/913/913 686/686/686 685/685/685
f 840/840/840 1113/1113/1113 1112/1112/1112
f 1531/1531/1531 730/730/730 561/561/561
f 2678/2678/2678 1283/1283/1283 801/801/801
f 601/601/601 1914/1914/1914 602/602/602
f 1537/1537/1537 459/459/459 460/460/460
f 1819/1819/1819 3509/3509/3509 3527/3527/3527
f 991/991/991 862/862/862 538/538/538
f 2679/2679/2679 1073/1073/1073 1830/1830/1830
f 2680/2680/2680 983/983/983 2256/2256/2256
f 779/779/779 2256/2256/2256 1263/1263/1263
f 778/778/778 2680/2680/2680 779/779/779
f 2678/2678/2678 1830/1830/1830 2680/2680/2680
f 180/180/180 245/245/245 40/40/40
f 1886/1886/1886 1131/1131/1131 1134/1134/1134
f 1138/1138/1138 1274/1274/1274 1255/1255/1255
f 1841/1841/1841 1140/1140/1140 1139/1139/1139
f 75/75/75 314/314/314 74/74/74
f 193/193/193 420/420/420 192/192/192
f 2681/2681/2681 1099/1099/1099 1098/1098/1098
f 170/170/170 1565/1565/1565 169/169/169
f 349/349/349 417/417/417 432/432/432
f 1121/1121/1121 2684/2684/2684 2683/2683/2683
f 547/547/547 409/409/409 302/302/302
f 123/123/123 121/121/121 120/120/120
f 2643/2643/2643 1142/1142/1142 1141/1141/1141
f 1542/1542/1542 513/513/513 1543/1543/1543
f 899/899/899 907/907/907 919/919/919
f 1210/1210/1210 676/676/676 867/867/867
f 791/791/791 982/982/982 892/892/892
f 24/24/24 837/837/837 836/836/836
f 893/893/893 932/932/932 931/931/931
f 1860/1860/1860 863/863/863 862/862/862
f 535/535/535 862/862/862 861/861/861
f 832/832/832 813/813/813 812/812/812
f 2650/2650/2650 813/813/813 832/832/832
f 1569/1569/1569 1547/1547/1547 1568/1568/1568
f 181/181/181 542/542/542 180/180/180
f 660/660/660 937/937/937 688/688/688
f 2013/2013/2013 568/568/568 2012/2012/2012
f 887/887/887 2631/2631/2631 2630/2630/2630
f 1524/1524/1524 361/361/361 78/78/78
f 520/520/520 162/162/162 1529/1529/1529
f 2653/2653/2653 854/854/854 2685/2685/2685
f 1238/1238/1238 2655/2655/2655 2686/2686/2686
f 718/718/718 527/527/527 530/530/530
f 1492/1492/1492 518/518/518 1491/1491/1491
f 792/792/792 615/615/615 793/793/793
f 599/599/599 1835/1835/1835 596/596/596
f 290/290/290 456/456/456 175/175/175
f 312/312/312 1552/1552/1552 425/425/425
f 1248/1248/1248 1179/1179/1179 1249/1249/1249
f 153/153/153 177/177/177 178/178/178
f 1240/1240/1240 1222/1222/1222 1221/1221/1221
f 1257/1257/1257 1235/1235/1235 1071/1071/1071
f 1291/1291/1291 1083/1083/1083 1222/1222/1222
f 1052/1052/1052 1277/1277/1277 1053/1053/1053
f 743/743/743 2618/2618/2618 1204/1204/1204
f 444/444/444 430/430/430 443/443/443
f 23/23/23 1172/1172/1172 1187/1187/1187
f 2687/2687/2687 1180/1180/1180 1179/1179/1179
f 102/102/102 409/409/409 134/134/134
f 1283/1283/1283 610/610/610 801/801/801
f 373/373/373 650/650/650 651/651/651
f 1180/1180/1180 1084/1084/1084 1291/1291/1291
f 855/855/855 2655/2655/2655 1237/1237/1237
f 1173/1173/1173 1917/1917/1917 1174/1174/1174
f 2689/2689/2689 853/853/853 2688/2688/2688
f 2688/2688/2688 1108/1108/1108 1279/1279/1279
f 2686/2686/2686 1279/1279/1279 1238/1238/1238
f 2687/2687/2687 2688/2688/2688 2686/2686/2686
f 2691/2691/2691 1252/1252/1252 2690/2690/2690
f 2690/2690/2690 850/850/850 2689/2689/2689
f 1248/1248/1248 2689/2689/2689 2687/2687/2687
f 1248/1248/1248 2691/2691/2691 2690/2690/2690
f 2692/2692/2692 24/24/24 2666/2666/2666
f 2691/2691/2691 2666/2666/2666 1302/1302/1302
f 1247/1247/1247 2692/2692/2692 2691/2691/2691
f 1258/1258/1258 617/617/617 2692/2692/2692
f 394/394/394 1555/1555/1555 393/393/393
f 2693/2693/2693 1259/1259/1259 1223/1223/1223
f 1072/1072/1072 1262/1262/1262 1261/1261/1261
f 1257/1257/1257 1168/1168/1168 1258/1258/1258
f 398/398/398 1555/1555/1555 1554/1554/1554
f 871/871/871 1314/1314/1314 872/872/872
f 1178/1178/1178 1249/1249/1249 1179/1179/1179
f 1224/1224/1224 1173/1173/1173 1172/1172/1172
f 1010/1010/1010 2618/2618/2618 742/742/742
f 1175/1175/1175 1292/1292/1292 1269/1269/1269
f 2654/2654/2654 2686/2686/2686 2655/2655/2655
f 2694/2694/2694 1216/1216/1216 1264/1264/1264
f 71/71/71 1487/1487/1487 70/70/70
f 701/701/701 1111/1111/1111 1038/1038/1038
f 1072/1072/1072 2649/2649/2649 2650/2650/2650
f 1085/1085/1085 22/22/22 21/21/21
f 895/895/895 1264/1264/1264 896/896/896
f 1601/1601/1601 1605/1605/1605 1604/1604/1604
f 1259/1259/1259 1271/1271/1271 1289/1289/1289
f 21/21/21 1220/1220/1220 1083/1083/1083
f 988/988/988 538/538/538 537/537/537
f 598/598/598 1336/1336/1336 1140/1140/1140
f 820/820/820 1762/1762/1762 821/821/821
f 1050/1050/1050 818/818/818 821/821/821
f 1298/1298/1298 1761/1761/1761 2652/2652/2652
f 1168/1168/1168 618/618/618 617/617/617
f 858/858/858 1256/1256/1256 833/833/833
f 39/39/39 516/516/516 1536/1536/1536
f 2652/2652/2652 819/819/819 814/814/814
f 313/313/313 315/315/315 314/314/314
f 2026/2026/2026 1971/1971/1971 2027/2027/2027
f 2656/2656/2656 596/596/596 1835/1835/1835
f 814/814/814 818/818/818 811/811/811
f 2696/2696/2696 813/813/813 2649/2649/2649
f 1260/1260/1260 2649/2649/2649 1261/1261/1261
f 2693/2693/2693 2696/2696/2696 1260/1260/1260
f 2697/2697/2697 2651/2651/2651 2696/2696/2696
f 381/381/381 390/390/390 380/380/380
f 3818/3818/3818 1611/1611/1611 1609/1609/1609
f 1475/1475/1475 1428/1428/1428 1227/1227/1227
f 1292/1292/1292 1917/1917/1917 1235/1235/1235
f 1551/1551/1551 354/354/354 1518/1518/1518
f 1526/1526/1526 1523/1523/1523 1511/1511/1511
f 1593/1593/1593 1595/1595/1595 1573/1573/1573
f 1232/1232/1232 1246/1246/1246 1249/1249/1249
f 2695/2695/2695 1223/1223/1223 22/22/22
f 2698/2698/2698 1296/1296/1296 2697/2697/2697
f 2698/2698/2698 2693/2693/2693 2695/2695/2695
f 2685/2685/2685 2695/2695/2695 1085/1085/1085
f 2685/2685/2685 1297/1297/1297 2698/2698/2698
f 562/562/562 271/271/271 272/272/272
f 2652/2652/2652 1296/1296/1296 1298/1298/1298
f 1365/1365/1365 1364/1364/1364 1363/1363/1363
f 1958/1958/1958 1953/1953/1953 1957/1957/1957
f 585/585/585 2210/2210/2210 997/997/997
f 1561/1561/1561 1515/1515/1515 435/435/435
f 975/975/975 1146/1146/1146 976/976/976
f 347/347/347 68/68/68 346/346/346
f 1038/1038/1038 636/636/636 1068/1068/1068
f 2700/2700/2700 780/780/780 2699/2699/2699
f 2699/2699/2699 1036/1036/1036 1883/1883/1883
f 2701/2701/2701 1883/1883/1883 1829/1829/1829
f 851/851/851 2699/2699/2699 2701/2701/2701
f 2674/2674/2674 2251/2251/2251 2702/2702/2702
f 2702/2702/2702 781/781/781 2700/2700/2700
f 1253/1253/1253 2700/2700/2700 851/851/851
f 1301/1301/1301 2702/2702/2702 1253/1253/1253
f 1519/1519/1519 388/388/388 1550/1550/1550
f 1273/1273/1273 1280/1280/1280 2703/2703/2703
f 2703/2703/2703 1107/1107/1107 852/852/852
f 2701/2701/2701 852/852/852 851/851/851
f 1829/1829/1829 2703/2703/2703 2701/2701/2701
f 91/91/91 326/326/326 90/90/90
f 1784/1784/1784 2656/2656/2656 1785/1785/1785
f 2683/2683/2683 2705/2705/2705 2704/2704/2704
f 604/604/604 3499/3499/3499 3533/3533/3533
f 1669/1669/1669 3548/3548/3548 1662/1662/1662
f 2062/2062/2062 2060/2060/2060 2059/2059/2059
f 621/621/621 861/861/861 622/622/622
f 2023/2023/2023 732/732/732 2024/2024/2024
f 686/686/686 1263/1263/1263 687/687/687
f 857/857/857 2668/2668/2668 1328/1328/1328
f 883/883/883 882/882/882 879/879/879
f 637/637/637 1111/1111/1111 1110/1110/1110
f 2668/2668/2668 893/893/893 1328/1328/1328
f 2667/2667/2667 894/894/894 2668/2668/2668
f 1039/1039/1039 1068/1068/1068 1334/1334/1334
f 313/313/313 1504/1504/1504 1505/1505/1505
f 1911/1911/1911 305/305/305 453/453/453
f 1936/1936/1936 1964/1964/1964 2212/2212/2212
f 2707/2707/2707 2401/2401/2401 2183/2183/2183
f 2708/2708/2708 2183/2183/2183 2182/2182/2182
f 738/738/738 2116/2116/2116 554/554/554
f 2349/2349/2349 2432/2432/2432 2436/2436/2436
f 2711/2711/2711 2020/2020/2020 2019/2019/2019
f 2400/2400/2400 2019/2019/2019 2186/2186/2186
f 2714/2714/2714 2716/2716/2716 2713/2713/2713
f 2717/2717/2717 2719/2719/2719 2720/2720/2720
f 2721/2721/2721 2723/2723/2723 2724/2724/2724
f 2726/2726/2726 2728/2728/2728 2725/2725/2725
f 2725/2725/2725 2730/2730/2730 2729/2729/2729
f 2731/2731/2731 2729/2729/2729 2709/2709/2709
f 2732/2732/2732 2725/2725/2725 2731/2731/2731
f 2734/2734/2734 2736/2736/2736 2733/2733/2733
f 2738/2738/2738 2740/2740/2740 2737/2737/2737
f 2737/2737/2737 2741/2741/2741 2742/2742/2742
f 2744/2744/2744 2746/2746/2746 2743/2743/2743
f 2745/2745/2745 2748/2748/2748 2747/2747/2747
f 2749/2749/2749 2747/2747/2747 2751/2751/2751
f 2753/2753/2753 2751/2751/2751 2752/2752/2752
f 2250/2250/2250 2246/2246/2246 2248/2248/2248
f 2754/2754/2754 1614/1614/1614 2755/2755/2755
f 3598/3598/3598 2755/2755/2755 3609/3609/3609
f 3608/3608/3608 2747/2747/2747 3609/3609/3609
f 1617/1617/1617 2755/2755/2755 1614/1614/1614
f 2242/2242/2242 1620/1620/1620 2757/2757/2757
f 2191/2191/2191 2760/2760/2760 2759/2759/2759
f 2761/2761/2761 2760/2760/2760 2762/2762/2762
f 3648/3648/3648 2761/2761/2761 3649/3649/3649
f 3623/3623/3623 2759/2759/2759 3648/3648/3648
f 3209/3209/3209 3223/3223/3223 3224/3224/3224
f 1395/1395/1395 2236/2236/2236 2235/2235/2235
f 1395/1395/1395 1636/1636/1636 1615/1615/1615
f 1616/1616/1616 2229/2229/2229 2233/2233/2233
f 1617/1617/1617 2763/2763/2763 2756/2756/2756
f 2756/2756/2756 3628/3628/3628 3608/3608/3608
f 2765/2765/2765 2234/2234/2234 1630/1630/1630
f 2766/2766/2766 3628/3628/3628 3622/3622/3622
f 3202/3202/3202 3246/3246/3246 3247/3247/3247
f 1516/1516/1516 435/435/435 1515/1515/1515
f 2768/2768/2768 3552/3552/3552 3553/3553/3553
f 1495/1495/1495 578/578/578 1424/1424/1424
f 2135/2135/2135 28/28/28 17/17/17
f 3526/3526/3526 2773/2773/2773 2774/2774/2774
f 1690/1690/1690 3926/3926/3926 3925/3925/3925
f 2778/2778/2778 2780/2780/2780 2777/2777/2777
f 2777/2777/2777 2781/2781/2781 2782/2782/2782
f 2784/2784/2784 2777/2777/2777 2783/2783/2783
f 3555/3555/3555 575/575/575 576/576/576
f 1494/1494/1494 9/9/9 540/540/540
f 3529/3529/3529 2015/2015/2015 3566/3566/3566
f 451/451/451 505/505/505 450/450/450
f 2786/2786/2786 2788/2788/2788 2785/2785/2785
f 2779/2779/2779 2785/2785/2785 2780/2780/2780
f 2789/2789/2789 2741/2741/2741 2740/2740/2740
f 2790/2790/2790 2752/2752/2752 2789/2789/2789
f 2792/2792/2792 2794/2794/2794 2791/2791/2791
f 2793/2793/2793 2796/2796/2796 2794/2794/2794
f 2796/2796/2796 2750/2750/2750 2749/2749/2749
f 2794/2794/2794 2749/2749/2749 2753/2753/2753
f 2798/2798/2798 1396/1396/1396 2754/2754/2754
f 3591/3591/3591 2754/2754/2754 3598/3598/3598
f 2798/2798/2798 2800/2800/2800 1393/1393/1393
f 3591/3591/3591 2799/2799/2799 2798/2798/2798
f 2797/2797/2797 2795/2795/2795 2801/2801/2801
f 2791/2791/2791 2753/2753/2753 2790/2790/2790
f 216/216/216 232/232/232 54/54/54
f 3804/3804/3804 2807/2807/2807 3803/3803/3803
f 3805/3805/3805 2804/2804/2804 3803/3803/3803
f 2769/2769/2769 3557/3557/3557 3552/3552/3552
f 183/183/183 184/184/184 97/97/97
f 2811/2811/2811 2775/2775/2775 2776/2776/2776
f 2804/2804/2804 2776/2776/2776 2805/2805/2805
f 2809/2809/2809 2811/2811/2811 2804/2804/2804
f 2812/2812/2812 2813/2813/2813 2814/2814/2814
f 3805/3805/3805 2816/2816/2816 3795/3795/3795
f 3796/3796/3796 2815/2815/2815 3795/3795/3795
f 3798/3798/3798 2820/2820/2820 2821/2821/2821
f 3793/3793/3793 2819/2819/2819 3798/3798/3798
f 2824/2824/2824 2735/2735/2735 2819/2819/2819
f 2823/2823/2823 2824/2824/2824 2819/2819/2819
f 2825/2825/2825 2826/2826/2826 2724/2724/2724
f 3793/3793/3793 2827/2827/2827 3792/3792/3792
f 3796/3796/3796 2826/2826/2826 3792/3792/3792
f 2713/2713/2713 2829/2829/2829 2828/2828/2828
f 2828/2828/2828 2831/2831/2831 2830/2830/2830
f 2822/2822/2822 2828/2828/2828 2830/2830/2830
f 2821/2821/2821 2713/2713/2713 2828/2828/2828
f 2832/2832/2832 2822/2822/2822 2830/2830/2830
f 2833/2833/2833 2830/2830/2830 2831/2831/2831
f 2834/2834/2834 2832/2832/2832 2833/2833/2833
f 2835/2835/2835 2827/2827/2827 2832/2832/2832
f 2837/2837/2837 2839/2839/2839 2836/2836/2836
f 2836/2836/2836 2841/2841/2841 2840/2840/2840
f 2842/2842/2842 2840/2840/2840 2727/2727/2727
f 2843/2843/2843 2836/2836/2836 2842/2842/2842
f 2840/2840/2840 2845/2845/2845 2844/2844/2844
f 2718/2718/2718 2845/2845/2845 2719/2719/2719
f 2730/2730/2730 2844/2844/2844 2718/2718/2718
f 2727/2727/2727 2844/2844/2844 2728/2728/2728
f 2846/2846/2846 2719/2719/2719 2845/2845/2845
f 2846/2846/2846 2841/2841/2841 2847/2847/2847
f 2829/2829/2829 2847/2847/2847 2831/2831/2831
f 2829/2829/2829 2716/2716/2716 2846/2846/2846
f 2847/2847/2847 2839/2839/2839 2848/2848/2848
f 2848/2848/2848 2838/2838/2838 2849/2849/2849
f 2833/2833/2833 2849/2849/2849 2834/2834/2834
f 2831/2831/2831 2848/2848/2848 2833/2833/2833
f 2850/2850/2850 2851/2851/2851 2852/2852/2852
f 2853/2853/2853 2852/2852/2852 2854/2854/2854
f 2783/2783/2783 2782/2782/2782 2855/2855/2855
f 2785/2785/2785 2853/2853/2853 2856/2856/2856
f 2780/2780/2780 2856/2856/2856 2781/2781/2781
f 2857/2857/2857 2855/2855/2855 2782/2782/2782
f 2859/2859/2859 2782/2782/2782 2781/2781/2781
f 2861/2861/2861 2842/2842/2842 2860/2860/2860
f 2860/2860/2860 2727/2727/2727 2726/2726/2726
f 2862/2862/2862 2726/2726/2726 2732/2732/2732
f 2863/2863/2863 2860/2860/2860 2862/2862/2862
f 2861/2861/2861 2858/2858/2858 2857/2857/2857
f 2843/2843/2843 2857/2857/2857 2859/2859/2859
f 2856/2856/2856 2854/2854/2854 2864/2864/2864
f 2781/2781/2781 2864/2864/2864 2859/2859/2859
f 2837/2837/2837 2859/2859/2859 2864/2864/2864
f 2838/2838/2838 2864/2864/2864 2854/2854/2854
f 2852/2852/2852 2834/2834/2834 2849/2849/2849
f 2854/2854/2854 2849/2849/2849 2838/2838/2838
f 2865/2865/2865 2818/2818/2818 2835/2835/2835
f 2851/2851/2851 2835/2835/2835 2834/2834/2834
f 2813/2813/2813 2815/2815/2815 2865/2865/2865
f 2814/2814/2814 2865/2865/2865 2851/2851/2851
f 2866/2866/2866 2814/2814/2814 2850/2850/2850
f 2788/2788/2788 2850/2850/2850 2853/2853/2853
f 2866/2866/2866 2787/2787/2787 2867/2867/2867
f 2812/2812/2812 2867/2867/2867 2775/2775/2775
f 1892/1892/1892 1890/1890/1890 1891/1891/1891
f 2720/2720/2720 2846/2846/2846 2870/2870/2870
f 298/298/298 256/256/256 257/257/257
f 2872/2872/2872 2713/2713/2713 2820/2820/2820
f 3794/3794/3794 2735/2735/2735 2734/2734/2734
f 2729/2729/2729 2874/2874/2874 2873/2873/2873
f 2846/2846/2846 2715/2715/2715 2870/2870/2870
f 2876/2876/2876 2878/2878/2878 2875/2875/2875
f 2733/2733/2733 2878/2878/2878 2734/2734/2734
f 3806/3806/3806 2879/2879/2879 2880/2880/2880
f 3806/3806/3806 2872/2872/2872 3794/3794/3794
f 2882/2882/2882 2884/2884/2884 2881/2881/2881
f 2881/2881/2881 2715/2715/2715 2714/2714/2714
f 2880/2880/2880 2714/2714/2714 2872/2872/2872
f 2879/2879/2879 2881/2881/2881 2880/2880/2880
f 2885/2885/2885 2887/2887/2887 2888/2888/2888
f 2888/2888/2888 2890/2890/2890 2885/2885/2885
f 2885/2885/2885 2892/2892/2892 2891/2891/2891
f 2893/2893/2893 2885/2885/2885 2891/2891/2891
f 1942/1942/1942 2532/2532/2532 2894/2894/2894
f 2895/2895/2895 2720/2720/2720 2870/2870/2870
f 2884/2884/2884 2870/2870/2870 2715/2715/2715
f 2883/2883/2883 2895/2895/2895 2884/2884/2884
f 2896/2896/2896 2892/2892/2892 2895/2895/2895
f 2889/2889/2889 2717/2717/2717 2890/2890/2890
f 2890/2890/2890 2720/2720/2720 2892/2892/2892
f 2897/2897/2897 2891/2891/2891 2896/2896/2896
f 2898/2898/2898 2896/2896/2896 2883/2883/2883
f 2899/2899/2899 2883/2883/2883 2882/2882/2882
f 2900/2900/2900 2882/2882/2882 2879/2879/2879
f 3797/3797/3797 2879/2879/2879 3807/3807/3807
f 2876/2876/2876 2901/2901/2901 2877/2877/2877
f 2901/2901/2901 2904/2904/2904 2903/2903/2903
f 1785/1785/1785 1835/1835/1835 1834/1834/1834
f 2905/2905/2905 2899/2899/2899 2900/2900/2900
f 2907/2907/2907 2897/2897/2897 2898/2898/2898
f 3797/3797/3797 2903/2903/2903 3799/3799/3799
f 632/632/632 577/577/577 633/633/633
f 3532/3532/3532 2867/2867/2867 2787/2787/2787
f 434/434/434 550/550/550 350/350/350
f 2768/2768/2768 3640/3640/3640 3643/3643/3643
f 2910/2910/2910 1623/1623/1623 2249/2249/2249
f 2241/2241/2241 2758/2758/2758 2242/2242/2242
f 3640/3640/3640 2913/2913/2913 3652/3652/3652
f 1623/1623/1623 2757/2757/2757 1620/1620/1620
f 3587/3587/3587 2757/2757/2757 3652/3652/3652
f 2229/2229/2229 1380/1380/1380 2250/2250/2250
f 2765/2765/2765 1629/1629/1629 2914/2914/2914
f 2915/2915/2915 1629/1629/1629 2912/2912/2912
f 3642/3642/3642 2914/2914/2914 2915/2915/2915
f 3641/3641/3641 2765/2765/2765 2914/2914/2914
f 2919/2919/2919 3642/3642/3642 3613/3613/3613
f 2918/2918/2918 2912/2912/2912 2241/2241/2241
f 3614/3614/3614 2241/2241/2241 3586/3586/3586
f 3618/3618/3618 3613/3613/3613 3670/3670/3670
f 3541/3541/3541 2180/2180/2180 3496/3496/3496
f 3521/3521/3521 2188/2188/2188 3506/3506/3506
f 3705/3705/3705 714/714/714 3851/3851/3851
f 2925/2925/2925 2917/2917/2917 2924/2924/2924
f 2924/2924/2924 2916/2916/2916 2919/2919/2919
f 3610/3610/3610 2919/2919/2919 3618/3618/3618
f 3611/3611/3611 2924/2924/2924 3610/3610/3610
f 2926/2926/2926 2766/2766/2766 2925/2925/2925
f 3658/3658/3658 2925/2925/2925 3611/3611/3611
f 1715/1715/1715 1705/1705/1705 1710/1710/1710
f 785/785/785 498/498/498 796/796/796
f 1387/1387/1387 565/565/565 1791/1791/1791
f 374/374/374 1899/1899/1899 560/560/560
f 3573/3573/3573 2206/2206/2206 3556/3556/3556
f 2929/2929/2929 2886/2886/2886 2893/2893/2893
f 2932/2932/2932 2934/2934/2934 2931/2931/2931
f 1905/1905/1905 1908/1908/1908 1907/1907/1907
f 2930/2930/2930 2936/2936/2936 2937/2937/2937
f 2938/2938/2938 2930/2930/2930 2929/2929/2929
f 1493/1493/1493 517/517/517 518/518/518
f 1603/1603/1603 1586/1586/1586 1602/1602/1602
f 2939/2939/2939 2929/2929/2929 2908/2908/2908
f 2940/2940/2940 2908/2908/2908 2907/2907/2907
f 3665/3665/3665 1600/1600/1600 3661/3661/3661
f 2886/2886/2886 2937/2937/2937 2887/2887/2887
f 2906/2906/2906 2898/2898/2898 2899/2899/2899
f 2908/2908/2908 2893/2893/2893 2897/2897/2897
f 2942/2942/2942 2933/2933/2933 2941/2941/2941
f 2941/2941/2941 2937/2937/2937 2936/2936/2936
f 3501/3501/3501 2936/2936/2936 3513/3513/3513
f 3498/3498/3498 2941/2941/2941 3501/3501/3501
f 2943/2943/2943 2710/2710/2710 2873/2873/2873
f 2943/2943/2943 2874/2874/2874 2889/2889/2889
f 2945/2945/2945 2889/2889/2889 2888/2888/2888
f 2946/2946/2946 2943/2943/2943 2945/2945/2945
f 2932/2932/2932 2888/2888/2888 2887/2887/2887
f 2931/2931/2931 2945/2945/2945 2932/2932/2932
f 727/727/727 1929/1929/1929 728/728/728
f 2903/2903/2903 2947/2947/2947 2948/2948/2948
f 545/545/545 42/42/42 262/262/262
f 1480/1480/1480 533/533/533 251/251/251
f 2907/2907/2907 2949/2949/2949 2940/2940/2940
f 2906/2906/2906 2950/2950/2950 2949/2949/2949
f 1558/1558/1558 215/215/215 202/202/202
f 3799/3799/3799 2948/2948/2948 3801/3801/3801
f 2054/2054/2054 1644/1644/1644 2118/2118/2118
f 3705/3705/3705 2203/2203/2203 3573/3573/3573
f 1828/1828/1828 1849/1849/1849 1827/1827/1827
f 2953/2953/2953 2955/2955/2955 2952/2952/2952
f 2952/2952/2952 2957/2957/2957 2956/2956/2956
f 2956/2956/2956 2258/2258/2258 2952/2952/2952
f 2953/2953/2953 2258/2258/2258 2257/2257/2257
f 2454/2454/2454 2474/2474/2474 2496/2496/2496
f 3747/3747/3747 2959/2959/2959 3766/3766/3766
f 3747/3747/3747 2131/2131/2131 3737/3737/3737
f 2961/2961/2961 2963/2963/2963 2958/2958/2958
f 2958/2958/2958 2964/2964/2964 2959/2959/2959
f 222/222/222 2485/2485/2485 2965/2965/2965
f 2477/2477/2477 2966/2966/2966 2608/2608/2608
f 2631/2631/2631 2006/2006/2006 1859/1859/1859
f 2384/2384/2384 2496/2496/2496 2497/2497/2497
f 2967/2967/2967 2959/2959/2959 2964/2964/2964
f 2968/2968/2968 2970/2970/2970 2969/2969/2969
f 3759/3759/3759 2971/2971/2971 3784/3784/3784
f 3784/3784/3784 2960/2960/2960 3766/3766/3766
f 2972/2972/2972 2033/2033/2033 2032/2032/2032
f 2007/2007/2007 2973/2973/2973 2008/2008/2008
f 3560/3560/3560 2134/2134/2134 2133/2133/2133
f 1836/1836/1836 1832/1832/1832 1831/1831/1831
f 3506/3506/3506 2090/2090/2090 3551/3551/3551
f 955/955/955 959/959/959 956/956/956
f 672/672/672 674/674/674 673/673/673
f 633/633/633 713/713/713 632/632/632
f 2024/2024/2024 733/733/733 803/803/803
f 2025/2025/2025 803/803/803 798/798/798
f 425/425/425 1550/1550/1550 388/388/388
f 2975/2975/2975 888/888/888 887/887/887
f 1319/1319/1319 1157/1157/1157 2694/2694/2694
f 1212/1212/1212 2977/2977/2977 1213/1213/1213
f 889/889/889 2228/2228/2228 2227/2227/2227
f 1978/1978/1978 1975/1975/1975 1979/1979/1979
f 1138/1138/1138 1329/1329/1329 915/915/915
f 751/751/751 2979/2979/2979 2978/2978/2978
f 1619/1619/1619 1625/1625/1625 1624/1624/1624
f 2252/2252/2252 1728/1728/1728 1727/1727/1727
f 1157/1157/1157 845/845/845 1216/1216/1216
f 2706/2706/2706 1938/1938/1938 2617/2617/2617
f 2980/2980/2980 2254/2254/2254 2981/2981/2981
f 2982/2982/2982 887/887/887 2630/2630/2630
f 802/802/802 711/711/711 2679/2679/2679
f 678/678/678 2029/2029/2029 2028/2028/2028
f 527/527/527 690/690/690 528/528/528
f 1839/1839/1839 2629/2629/2629 1840/1840/1840
f 2983/2983/2983 602/602/602 1914/1914/1914
f 2983/2983/2983 1913/1913/1913 1331/1331/1331
f 2985/2985/2985 1331/1331/1331 1054/1054/1054
f 2986/2986/2986 2983/2983/2983 2985/2985/2985
f 2987/2987/2987 2635/2635/2635 2634/2634/2634
f 2985/2985/2985 2639/2639/2639 2986/2986/2986
f 2990/2990/2990 1318/1318/1318 2989/2989/2989
f 2991/2991/2991 2993/2993/2993 2994/2994/2994
f 2995/2995/2995 2994/2994/2994 2996/2996/2996
f 1106/1106/1106 2991/2991/2991 2995/2995/2995
f 1058/1058/1058 2992/2992/2992 2991/2991/2991
f 1415/1415/1415 1365/1365/1365 1367/1367/1367
f 1317/1317/1317 2217/2217/2217 2997/2997/2997
f 1932/1932/1932 2255/2255/2255 2980/2980/2980
f 926/926/926 2999/2999/2999 664/664/664
f 3001/3001/3001 2992/2992/2992 3000/3000/3000
f 3000/3000/3000 1057/1057/1057 2978/2978/2978
f 2999/2999/2999 2978/2978/2978 2979/2979/2979
f 2998/2998/2998 3000/3000/3000 2999/2999/2999
f 3002/3002/3002 2209/2209/2209 3003/3003/3003
f 3002/3002/3002 2996/2996/2996 2994/2994/2994
f 2993/2993/2993 3002/3002/3002 2994/2994/2994
f 3001/3001/3001 2998/2998/2998 3002/3002/3002
f 1103/1103/1103 2995/2995/2995 3004/3004/3004
f 3004/3004/3004 2996/2996/2996 3003/3003/3003
f 2209/2209/2209 3004/3004/3004 3003/3003/3003
f 588/588/588 3004/3004/3004 2210/2210/2210
f 295/295/295 433/433/433 381/381/381
f 2638/2638/2638 2988/2988/2988 3005/3005/3005
f 3005/3005/3005 1056/1056/1056 1930/1930/1930
f 1305/1305/1305 1930/1930/1930 1306/1306/1306
f 1276/1276/1276 3005/3005/3005 1305/1305/1305
f 1987/1987/1987 1993/1993/1993 1989/1989/1989
f 2633/2633/2633 1761/1761/1761 2645/2645/2645
f 1423/1423/1423 1417/1417/1417 1419/1419/1419
f 3561/3561/3561 739/739/739 703/703/703
f 2671/2671/2671 2704/2704/2704 2705/2705/2705
f 1473/1473/1473 2035/2035/2035 1472/1472/1472
f 922/922/922 2694/2694/2694 895/895/895
f 1401/1401/1401 1378/1378/1378 1384/1384/1384
f 556/556/556 1884/1884/1884 1037/1037/1037
f 842/842/842 3825/3825/3825 3836/3836/3836
f 1854/1854/1854 2617/2617/2617 1010/1010/1010
f 933/933/933 1081/1081/1081 1075/1075/1075
f 1440/1440/1440 1436/1436/1436 1437/1437/1437
f 529/529/529 719/719/719 530/530/530
f 1031/1031/1031 1027/1027/1027 1028/1028/1028
f 777/777/777 912/912/912 1871/1871/1871
f 2645/2645/2645 1204/1204/1204 2633/2633/2633
f 441/441/441 1538/1538/1538 1537/1537/1537
f 790/790/790 587/587/587 586/586/586
f 2065/2065/2065 1610/1610/1610 1607/1607/1607
f 1860/1860/1860 990/990/990 902/902/902
f 60/60/60 87/87/87 59/59/59
f 1424/1424/1424 1948/1948/1948 1947/1947/1947
f 332/332/332 1507/1507/1507 331/331/331
f 261/261/261 138/138/138 135/135/135
f 187/187/187 449/449/449 507/507/507
f 1719/1719/1719 1726/1726/1726 1725/1725/1725
f 1931/1931/1931 1059/1059/1059 3006/3006/3006
f 3006/3006/3006 1105/1105/1105 1104/1104/1104
f 1287/1287/1287 1104/1104/1104 587/587/587
f 1286/1286/1286 3006/3006/3006 1287/1287/1287
f 3007/3007/3007 3009/3009/3009 3010/3010/3010
f 3009/3009/3009 653/653/653 795/795/795
f 618/618/618 26/26/26 25/25/25
f 2029/2029/2029 1210/1210/1210 1209/1209/1209
f 957/957/957 600/600/600 2228/2228/2228
f 1049/1049/1049 2228/2228/2228 600/600/600
f 2631/2631/2631 3011/3011/3011 2561/2561/2561
f 890/890/890 2227/2227/2227 3011/3011/3011
f 3011/3011/3011 2145/2145/2145 3012/3012/3012
f 2561/2561/2561 3012/3012/3012 2375/2375/2375
f 1026/1026/1026 609/609/609 608/608/608
f 2706/2706/2706 1961/1961/1961 1964/1964/1964
f 3013/3013/3013 2485/2485/2485 3014/3014/3014
f 2148/2148/2148 1267/1267/1267 3015/3015/3015
f 3015/3015/3015 1266/1266/1266 1311/1311/1311
f 2997/2997/2997 1101/1101/1101 1317/1317/1317
f 642/642/642 1773/1773/1773 1193/1193/1193
f 186/186/186 461/461/461 511/511/511
f 1041/1041/1041 1320/1320/1320 901/901/901
f 1121/1121/1121 3017/3017/3017 1122/1122/1122
f 2984/2984/2984 2987/2987/2987 3018/3018/3018
f 3018/3018/3018 2634/2634/2634 2619/2619/2619
f 1048/1048/1048 3018/3018/3018 2619/2619/2619
f 603/603/603 2984/2984/2984 3018/3018/3018
f 2679/2679/2679 801/801/801 802/802/802
f 2062/2062/2062 2074/2074/2074 2061/2061/2061
f 2061/2061/2061 2076/2076/2076 2064/2064/2064
f 414/414/414 1545/1545/1545 1965/1965/1965
f 3016/3016/3016 2683/2683/2683 3019/3019/3019
f 3019/3019/3019 2704/2704/2704 2670/2670/2670
f 3020/3020/3020 2670/2670/2670 720/720/720
f 3007/3007/3007 3019/3019/3019 3020/3020/3020
f 1871/1871/1871 1091/1091/1091 777/777/777
f 3021/3021/3021 1122/1122/1122 3017/3017/3017
f 3022/3022/3022 3017/3017/3017 3010/3010/3010
f 1314/1314/1314 3022/3022/3022 1315/1315/1315
f 1784/1784/1784 3021/3021/3021 1314/1314/1314
f 1316/1316/1316 1763/1763/1763 611/611/611
f 3023/3023/3023 3010/3010/3010 3009/3009/3009
f 3023/3023/3023 795/795/795 1092/1092/1092
f 1763/1763/1763 1092/1092/1092 1125/1125/1125
f 1315/1315/1315 3023/3023/3023 1763/1763/1763
f 3016/3016/3016 3010/3010/3010 3017/3017/3017
f 752/752/752 2978/2978/2978 1057/1057/1057
f 2986/2986/2986 2637/2637/2637 2987/2987/2987
f 3024/3024/3024 653/653/653 3008/3008/3008
f 3020/3020/3020 3008/3008/3008 3007/3007/3007
f 720/720/720 3024/3024/3024 3020/3020/3020
f 723/723/723 654/654/654 3024/3024/3024
f 2681/2681/2681 1268/1268/1268 3025/3025/3025
f 2671/2671/2671 1268/1268/1268 721/721/721
f 2705/2705/2705 3025/3025/3025 2671/2671/2671
f 1313/1313/1313 3027/3027/3027 1311/1311/1311
f 3026/3026/3026 3029/3029/3029 3027/3027/3027
f 3027/3027/3027 3030/3030/3030 3031/3031/3031
f 1311/1311/1311 3031/3031/3031 3015/3015/3015
f 2012/2012/2012 731/731/731 2023/2023/2023
f 917/917/917 974/974/974 977/977/977
f 743/743/743 856/856/856 744/744/744
f 1888/1888/1888 2030/2030/2030 1425/1425/1425
f 2682/2682/2682 2684/2684/2684 3032/3032/3032
f 3032/3032/3032 1124/1124/1124 2989/2989/2989
f 1100/1100/1100 2989/2989/2989 1318/1318/1318
f 1099/1099/1099 3032/3032/3032 1100/1100/1100
f 1123/1123/1123 2989/2989/2989 1124/1124/1124
f 3033/3033/3033 1159/1159/1159 1158/1158/1158
f 2990/2990/2990 1158/1158/1158 1319/1319/1319
f 1123/1123/1123 3033/3033/3033 2990/2990/2990
f 1786/1786/1786 1834/1834/1834 3033/3033/3033
f 1054/1054/1054 2988/2988/2988 2985/2985/2985
f 2979/2979/2979 664/664/664 2999/2999/2999
f 2623/2623/2623 2663/2663/2663 2643/2643/2643
f 1095/1095/1095 688/688/688 687/687/687
f 3034/3034/3034 2261/2261/2261 2956/2956/2956
f 3036/3036/3036 2956/2956/2956 2957/2957/2957
f 3037/3037/3037 3034/3034/3034 3036/3036/3036
f 3038/3038/3038 3035/3035/3035 3034/3034/3034
f 3040/3040/3040 3026/3026/3026 1313/1313/1313
f 2263/2263/2263 3041/3041/3041 3040/3040/3040
f 3042/3042/3042 3043/3043/3043 3041/3041/3041
f 3041/3041/3041 3028/3028/3028 3026/3026/3026
f 3044/3044/3044 3043/3043/3043 3039/3039/3039
f 3046/3046/3046 3045/3045/3045 3044/3044/3044
f 3047/3047/3047 3049/3049/3049 3045/3045/3045
f 3043/3043/3043 3049/3049/3049 3028/3028/3028
f 3038/3038/3038 3051/3051/3051 3050/3050/3050
f 3050/3050/3050 3053/3053/3053 3052/3052/3052
f 3052/3052/3052 3044/3044/3044 3050/3050/3050
f 3039/3039/3039 3050/3050/3050 3044/3044/3044
f 3054/3054/3054 3039/3039/3039 3042/3042/3042
f 3042/3042/3042 2262/2262/2262 3054/3054/3054
f 2261/2261/2261 3054/3054/3054 2262/2262/2262
f 2216/2216/2216 2997/2997/2997 2217/2217/2217
f 2212/2212/2212 2667/2667/2667 1936/1936/1936
f 3056/3056/3056 2209/2209/2209 3055/3055/3055
f 934/934/934 1961/1961/1961 1854/1854/1854
f 2013/2013/2013 3757/3757/3757 567/567/567
f 3058/3058/3058 3060/3060/3060 3061/3061/3061
f 3059/3059/3059 3063/3063/3063 3060/3060/3060
f 3060/3060/3060 2213/2213/2213 1963/1963/1963
f 3061/3061/3061 1963/1963/1963 1962/1962/1962
f 3063/3063/3063 2214/2214/2214 2213/2213/2213
f 3062/3062/3062 3064/3064/3064 3063/3063/3063
f 3065/3065/3065 2260/2260/2260 3064/3064/3064
f 3064/3064/3064 2215/2215/2215 2214/2214/2214
f 3066/3066/3066 3031/3031/3031 3030/3030/3030
f 2608/2608/2608 3067/3067/3067 3066/3066/3066
f 2966/2966/2966 3068/3068/3068 3067/3067/3067
f 3031/3031/3031 3068/3068/3068 3015/3015/3015
f 2455/2455/2455 2461/2461/2461 2474/2474/2474
f 2476/2476/2476 2226/2226/2226 2477/2477/2477
f 3551/3551/3551 2089/2089/2089 3525/3525/3525
f 3526/3526/3526 3769/3769/3769 3786/3786/3786
f 433/433/433 355/355/355 381/381/381
f 2115/2115/2115 1419/1419/1419 2123/2123/2123
f 3509/3509/3509 2922/2922/2922 3527/3527/3527
f 3769/3769/3769 2131/2131/2131 2134/2134/2134
f 3069/3069/3069 2167/2167/2167 2166/2166/2166
f 2971/2971/2971 2928/2928/2928 2960/2960/2960
f 2961/2961/2961 2773/2773/2773 2962/2962/2962
f 3070/3070/3070 2478/2478/2478 2483/2483/2483
f 2610/2610/2610 3071/3071/3071 2954/2954/2954
f 2502/2502/2502 2374/2374/2374 2386/2386/2386
f 3072/3072/3072 2595/2595/2595 3073/3073/3073
f 2964/2964/2964 3052/3052/3052 2967/2967/2967
f 3048/3048/3048 3074/3074/3074 3049/3049/3049
f 2593/2593/2593 3075/3075/3075 3074/3074/3074
f 3075/3075/3075 3029/3029/3029 3074/3074/3074
f 3074/3074/3074 3028/3028/3028 3049/3049/3049
f 3072/3072/3072 3075/3075/3075 2592/2592/2592
f 3076/3076/3076 2482/2482/2482 2481/2481/2481
f 2481/2481/2481 3066/3066/3066 3076/3076/3076
f 3076/3076/3076 3030/3030/3030 3075/3075/3075
f 2967/2967/2967 3053/3053/3053 2970/2970/2970
f 2482/2482/2482 3073/3073/3073 2483/2483/2483
f 479/479/479 493/493/493 494/494/494
f 706/706/706 3873/3873/3873 709/709/709
f 3561/3561/3561 2221/2221/2221 3517/3517/3517
f 2013/2013/2013 3754/3754/3754 3755/3755/3755
f 3533/3533/3533 2016/2016/2016 3529/3529/3529
f 3562/3562/3562 2222/2222/2222 2974/2974/2974
f 1171/1171/1171 1155/1155/1155 1176/1176/1176
f 2586/2586/2586 2565/2565/2565 2587/2587/2587
f 2982/2982/2982 113/113/113 2484/2484/2484
f 2562/2562/2562 3077/3077/3077 3068/3068/3068
f 2376/2376/2376 3012/3012/3012 3077/3077/3077
f 3012/3012/3012 2148/2148/2148 3077/3077/3077
f 3077/3077/3077 3015/3015/3015 3068/3068/3068
f 2963/2963/2963 3046/3046/3046 2964/2964/2964
f 3051/3051/3051 2970/2970/2970 3053/3053/3053
f 1683/1683/1683 491/491/491 775/775/775
f 3850/3850/3850 1447/1447/1447 3860/3860/3860
f 1986/1986/1986 3734/3734/3734 3768/3768/3768
f 3079/3079/3079 2546/2546/2546 2575/2575/2575
f 3081/3081/3081 2575/2575/2575 2576/2576/2576
f 1983/1983/1983 3768/3768/3768 3765/3765/3765
f 3082/3082/3082 2319/2319/2319 2545/2545/2545
f 3080/3080/3080 2545/2545/2545 2546/2546/2546
f 3734/3734/3734 3082/3082/3082 3080/3080/3080
f 3732/3732/3732 2323/2323/2323 3082/3082/3082
f 1309/1309/1309 1888/1888/1888 748/748/748
f 3073/3073/3073 2772/2772/2772 2771/2771/2771
f 2760/2760/2760 3084/3084/3084 2762/2762/2762
f 2760/2760/2760 2088/2088/2088 3083/3083/3083
f 3085/3085/3085 3086/3086/3086 3087/3087/3087
f 3089/3089/3089 3090/3090/3090 3088/3088/3088
f 3089/3089/3089 3084/3084/3084 3085/3085/3085
f 3092/3092/3092 3090/3090/3090 3091/3091/3091
f 3093/3093/3093 2744/2744/2744 2743/2743/2743
f 2751/2751/2751 2748/2748/2748 3093/3093/3093
f 3093/3093/3093 2752/2752/2752 2751/2751/2751
f 2742/2742/2742 3093/3093/3093 3094/3094/3094
f 3094/3094/3094 2743/2743/2743 3095/3095/3095
f 3096/3096/3096 3098/3098/3098 3087/3087/3087
f 3099/3099/3099 3087/3087/3087 3086/3086/3086
f 3097/3097/3097 3095/3095/3095 3098/3098/3098
f 3100/3100/3100 2746/2746/2746 3101/3101/3101
f 3101/3101/3101 3102/3102/3102 3100/3100/3100
f 2764/2764/2764 2927/2927/2927 3101/3101/3101
f 2745/2745/2745 3101/3101/3101 2746/2746/2746
f 3102/3102/3102 3091/3091/3091 3100/3100/3100
f 3100/3100/3100 3095/3095/3095 2743/2743/2743
f 2869/2869/2869 3592/3592/3592 3634/3634/3634
f 3102/3102/3102 3104/3104/3104 3092/3092/3092
f 3658/3658/3658 2869/2869/2869 3634/3634/3634
f 2927/2927/2927 3103/3103/3103 3102/3102/3102
f 3098/3098/3098 3091/3091/3091 3090/3090/3090
f 3087/3087/3087 3090/3090/3090 3085/3085/3085
f 2088/2088/2088 3105/3105/3105 3083/3083/3083
f 3083/3083/3083 3086/3086/3086 3084/3084/3084
f 2483/2483/2483 2771/2771/2771 3070/3070/3070
f 2401/2401/2401 2185/2185/2185 2321/2321/2321
f 3099/3099/3099 3105/3105/3105 3106/3106/3106
f 2125/2125/2125 3106/3106/3106 3105/3105/3105
f 3108/3108/3108 2742/2742/2742 3107/3107/3107
f 3107/3107/3107 3094/3094/3094 3097/3097/3097
f 3110/3110/3110 3107/3107/3107 3109/3109/3109
f 3109/3109/3109 3097/3097/3097 3096/3096/3096
f 3111/3111/3111 3096/3096/3096 3099/3099/3099
f 3112/3112/3112 3109/3109/3109 3111/3111/3111
f 3113/3113/3113 2737/2737/2737 3108/3108/3108
f 3115/3115/3115 2722/2722/2722 3114/3114/3114
f 3117/3117/3117 3114/3114/3114 3116/3116/3116
f 3119/3119/3119 3116/3116/3116 3118/3118/3118
f 3118/3118/3118 3120/3120/3120 3121/3121/3121
f 3116/3116/3116 3113/3113/3113 3120/3120/3120
f 3122/3122/3122 3111/3111/3111 3123/3123/3123
f 3122/3122/3122 1755/1755/1755 1754/1754/1754
f 3124/3124/3124 3126/3126/3126 3127/3127/3127
f 3125/3125/3125 3121/3121/3121 3126/3126/3126
f 3128/3128/3128 3118/3118/3118 3125/3125/3125
f 3129/3129/3129 3125/3125/3125 3124/3124/3124
f 2020/2020/2020 3128/3128/3128 3129/3129/3129
f 3853/3853/3853 1346/1346/1346 1352/1352/1352
f 1065/1065/1065 1047/1047/1047 1066/1066/1066
f 1814/1814/1814 3830/3830/3830 1649/1649/1649
f 2021/2021/2021 3129/3129/3129 3130/3130/3130
f 3111/3111/3111 3106/3106/3106 3123/3123/3123
f 3123/3123/3123 2207/2207/2207 1755/1755/1755
f 2377/2377/2377 2224/2224/2224 2973/2973/2973
f 3014/3014/3014 113/113/113 112/112/112
f 1756/1756/1756 3782/3782/3782 3767/3767/3767
f 3131/3131/3131 2530/2530/2530 2528/2528/2528
f 3133/3133/3133 2528/2528/2528 2529/2529/2529
f 1753/1753/1753 3767/3767/3767 3775/3775/3775
f 3134/3134/3134 3127/3127/3127 3135/3135/3135
f 2327/2327/2327 2314/2314/2314 2313/2313/2313
f 2436/2436/2436 2317/2317/2317 2349/2349/2349
f 2018/2018/2018 3711/3711/3711 3712/3712/3712
f 2534/2534/2534 3137/3137/3137 2535/2535/2535
f 2320/2320/2320 3136/3136/3136 2534/2534/2534
f 2185/2185/2185 3712/3712/3712 3771/3771/3771
f 3138/3138/3138 2542/2542/2542 2539/2539/2539
f 3134/3134/3134 3744/3744/3744 3745/3745/3745
f 3785/3785/3785 3134/3134/3134 3745/3745/3745
f 3140/3140/3140 2539/2539/2539 2538/2538/2538
f 2535/2535/2535 3140/3140/3140 2538/2538/2538
f 3711/3711/3711 3130/3130/3130 3785/3785/3785
f 2558/2558/2558 3132/3132/3132 3141/3141/3141
f 3782/3782/3782 3141/3141/3141 3132/3132/3132
f 2560/2560/2560 3141/3141/3141 3142/3142/3142
f 3760/3760/3760 3142/3142/3142 3141/3141/3141
f 958/958/958 2976/2976/2976 2981/2981/2981
f 1933/1933/1933 2980/2980/2980 3143/3143/3143
f 2399/2399/2399 2418/2418/2418 2416/2416/2416
f 2348/2348/2348 2343/2343/2343 2432/2432/2432
f 2322/2322/2322 2319/2319/2319 2323/2323/2323
f 2718/2718/2718 2874/2874/2874 2730/2730/2730
f 2709/2709/2709 2873/2873/2873 2710/2710/2710
f 2894/2894/2894 1361/1361/1361 1942/1942/1942
f 346/346/346 176/176/176 347/347/347
f 1876/1876/1876 1882/1882/1882 1881/1881/1881
f 2802/2802/2802 3607/3607/3607 3592/3592/3592
f 3104/3104/3104 3088/3088/3088 3092/3092/3092
f 2974/2974/2974 3649/3649/3649 3603/3603/3603
f 3089/3089/3089 2761/2761/2761 2762/2762/2762
f 3088/3088/3088 3145/3145/3145 3089/3089/3089
f 2803/2803/2803 3603/3603/3603 3607/3607/3607
f 3870/3870/3870 692/692/692 628/628/628
f 2123/2123/2123 1418/1418/1418 2126/2126/2126
f 1365/1365/1365 1368/1368/1368 1367/1367/1367
f 1581/1581/1581 1782/1782/1782 1783/1783/1783
f 3569/3569/3569 2129/2129/2129 3520/3520/3520
f 3555/3555/3555 2002/2002/2002 3521/3521/3521
f 3146/3146/3146 2551/2551/2551 3147/3147/3147
f 3751/3751/3751 3147/3147/3147 3750/3750/3750
f 3742/3742/3742 3146/3146/3146 3751/3751/3751
f 3149/3149/3149 2585/2585/2585 3146/3146/3146
f 3196/3196/3196 3197/3197/3197 3195/3195/3195
f 3604/3604/3604 2191/2191/2191 3623/3623/3623
f 3142/3142/3142 2556/2556/2556 2560/2560/2560
f 3777/3777/3777 3150/3150/3150 3142/3142/3142
f 3646/3646/3646 2550/2550/2550 3593/3593/3593
f 3150/3150/3150 2555/2555/2555 2556/2556/2556
f 3778/3778/3778 3151/3151/3151 3150/3150/3150
f 3788/3788/3788 3152/3152/3152 3646/3646/3646
f 3153/3153/3153 2551/2551/2551 2549/2549/2549
f 3152/3152/3152 2549/2549/2549 2550/2550/2550
f 3781/3781/3781 3153/3153/3153 3152/3152/3152
f 3776/3776/3776 3147/3147/3147 3153/3153/3153
f 3148/3148/3148 2206/2206/2206 2205/2205/2205
f 2183/2183/2183 2321/2321/2321 2184/2184/2184
f 2132/2132/2132 2928/2928/2928 2133/2133/2133
f 3684/3684/3684 2204/2204/2204 2203/2203/2203
f 3719/3719/3719 2197/2197/2197 3721/3721/3721
f 2594/2594/2594 2773/2773/2773 2951/2951/2951
f 2595/2595/2595 2951/2951/2951 2772/2772/2772
f 1870/1870/1870 799/799/799 1869/1869/1869
f 3713/3713/3713 2178/2178/2178 3706/3706/3706
f 3706/3706/3706 3736/3736/3736 3790/3790/3790
f 336/336/336 3774/3774/3774 3722/3722/3722
f 339/339/339 3154/3154/3154 336/336/336
f 3789/3789/3789 3149/3149/3149 3742/3742/3742
f 3683/3683/3683 2584/2584/2584 3149/3149/3149
f 2963/2963/2963 3048/3048/3048 3047/3047/3047
f 3722/3722/3722 337/337/337 336/336/336
f 339/339/339 2566/2566/2566 2586/2586/2586
f 3156/3156/3156 2168/2168/2168 2167/2167/2167
f 2610/2610/2610 2167/2167/2167 2611/2611/2611
f 2954/2954/2954 3156/3156/3156 2610/2610/2610
f 3157/3157/3157 2953/2953/2953 2257/2257/2257
f 3707/3707/3707 2169/2169/2169 3709/3709/3709
f 2567/2567/2567 3159/3159/3159 2568/2568/2568
f 337/337/337 2567/2567/2567 338/338/338
f 3730/3730/3730 2166/2166/2166 3707/3707/3707
f 3764/3764/3764 1983/1983/1983 3765/3765/3765
f 2579/2579/2579 3081/3081/3081 2576/2576/2576
f 2568/2568/2568 3160/3160/3160 2579/2579/2579
f 3709/3709/3709 2190/2190/2190 3764/3764/3764
f 3065/3065/3065 3162/3162/3162 3161/3161/3161
f 3161/3161/3161 1984/1984/1984 2189/2189/2189
f 3157/3157/3157 2189/2189/2189 2168/2168/2168
f 2257/2257/2257 3161/3161/3161 3157/3157/3157
f 734/734/734 1922/1922/1922 806/806/806
f 3059/3059/3059 2708/2708/2708 3163/3163/3163
f 3163/3163/3163 2182/2182/2182 1985/1985/1985
f 3162/3162/3162 1985/1985/1985 1984/1984/1984
f 3062/3062/3062 3163/3163/3163 3162/3162/3162
f 3203/3203/3203 3205/3205/3205 3204/3204/3204
f 2122/2122/2122 1448/1448/1448 1447/1447/1447
f 3817/3817/3817 1685/1685/1685 3812/3812/3812
f 139/139/139 444/444/444 69/69/69
f 1570/1570/1570 566/566/566 533/533/533
f 2957/2957/2957 3165/3165/3165 3036/3036/3036
f 2955/2955/2955 3164/3164/3164 2957/2957/2957
f 1912/1912/1912 341/341/341 1973/1973/1973
f 3130/3130/3130 3124/3124/3124 3134/3134/3134
f 1548/1548/1548 319/319/319 1547/1547/1547
f 1949/1949/1949 1327/1327/1327 1887/1887/1887
f 2969/2969/2969 3078/3078/3078 3167/3167/3167
f 3167/3167/3167 3169/3169/3169 3168/3168/3168
f 3724/3724/3724 2017/2017/2017 3720/3720/3720
f 3720/3720/3720 2033/2033/2033 3759/3759/3759
f 3168/3168/3168 3165/3165/3165 3170/3170/3170
f 3170/3170/3170 3164/3164/3164 3171/3171/3171
f 3779/3779/3779 3171/3171/3171 3756/3756/3756
f 3724/3724/3724 3170/3170/3170 3779/3779/3779
f 3171/3171/3171 3166/3166/3166 3172/3172/3172
f 3172/3172/3172 3071/3071/3071 3173/3173/3173
f 3752/3752/3752 3173/3173/3173 3749/3749/3749
f 3756/3756/3756 3172/3172/3172 3752/3752/3752
f 3169/3169/3169 3036/3036/3036 3165/3165/3165
f 2593/2593/2593 2962/2962/2962 2594/2594/2594
f 3173/3173/3173 2609/2609/2609 3174/3174/3174
f 3174/3174/3174 2199/2199/2199 2198/2198/2198
f 3783/3783/3783 2198/2198/2198 3719/3719/3719
f 3749/3749/3749 3174/3174/3174 3783/3783/3783
f 2190/2190/2190 1984/1984/1984 1983/1983/1983
f 2196/2196/2196 2767/2767/2767 3148/3148/3148
f 2119/2119/2119 1414/1414/1414 1448/1448/1448
f 1464/1464/1464 1466/1466/1466 1465/1465/1465
f 2199/2199/2199 3069/3069/3069 2200/2200/2200
f 2457/2457/2457 2587/2587/2587 2565/2565/2565
f 2226/2226/2226 2562/2562/2562 2966/2966/2966
f 481/481/481 1627/1627/1627 1639/1639/1639
f 333/333/333 235/235/235 236/236/236
f 3078/3078/3078 3037/3037/3037 3169/3169/3169
f 3040/3040/3040 2997/2997/2997 2263/2263/2263
f 2219/2219/2219 1933/1933/1933 2220/2220/2220
f 2385/2385/2385 2497/2497/2497 2503/2503/2503
f 221/221/221 3175/3175/3175 2484/2484/2484
f 2220/2220/2220 3143/3143/3143 3175/3175/3175
f 3175/3175/3175 2976/2976/2976 2975/2975/2975
f 2484/2484/2484 2975/2975/2975 2982/2982/2982
f 2954/2954/2954 3166/3166/3166 2955/2955/2955
f 2630/2630/2630 110/110/110 2982/2982/2982
f 1547/1547/1547 1952/1952/1952 1955/1955/1955
f 2091/2091/2091 2188/2188/2188 2187/2187/2187
f 3733/3733/3733 2178/2178/2178 2177/2177/2177
f 1918/1918/1918 1927/1927/1927 1926/1926/1926
f 3563/3563/3563 111/111/111 3511/3511/3511
f 955/955/955 960/960/960 954/954/954
f 2037/2037/2037 112/112/112 3563/3563/3563
f 3143/3143/3143 2981/2981/2981 2976/2976/2976
f 2218/2218/2218 2214/2214/2214 2215/2215/2215
f 672/672/672 3787/3787/3787 3541/3541/3541
f 2152/2152/2152 3014/3014/3014 2037/2037/2037
f 1147/1147/1147 1143/1143/1143 1145/1145/1145
f 2248/2248/2248 1409/1409/1409 2245/2245/2245
f 1615/1615/1615 1635/1635/1635 1616/1616/1616
f 1410/1410/1410 2246/2246/2246 2247/2247/2247
f 3241/3241/3241 3242/3242/3242 3240/3240/3240
f 3177/3177/3177 1383/1383/1383 1382/1382/1382
f 2238/2238/2238 3176/3176/3176 1382/1382/1382
f 3176/3176/3176 2230/2230/2230 3178/3178/3178
f 1410/1410/1410 3179/3179/3179 1407/1407/1407
f 3179/3179/3179 2243/2243/2243 1407/1407/1407
f 1633/1633/1633 2800/2800/2800 2249/2249/2249
f 1621/1621/1621 2758/2758/2758 2912/2912/2912
f 1622/1622/1622 2245/2245/2245 1634/1634/1634
f 2236/2236/2236 3181/3181/3181 3182/3182/3182
f 2237/2237/2237 3182/3182/3182 3183/3183/3183
f 2250/2250/2250 2233/2233/2233 2229/2229/2229
f 2912/2912/2912 1628/1628/1628 1621/1621/1621
f 135/135/135 1564/1564/1564 1563/1563/1563
f 1567/1567/1567 512/512/512 1565/1565/1565
f 1085/1085/1085 2653/2653/2653 2685/2685/2685
f 3184/3184/3184 868/868/868 3056/3056/3056
f 869/869/869 3057/3057/3057 934/934/934
f 1266/1266/1266 1098/1098/1098 1312/1312/1312
f 1267/1267/1267 722/722/722 721/721/721
f 937/937/937 2646/2646/2646 936/936/936
f 2146/2146/2146 722/722/722 2147/2147/2147
f 2211/2211/2211 921/921/921 2667/2667/2667
f 1957/1957/1957 507/507/507 449/449/449
f 1313/1313/1313 2264/2264/2264 3040/3040/3040
f 1496/1496/1496 1493/1493/1493 1492/1492/1492
f 2681/2681/2681 2705/2705/2705 2682/2682/2682
f 2887/2887/2887 2933/2933/2933 2932/2932/2932
f 1687/1687/1687 1659/1659/1659 1694/1694/1694
f 145/145/145 1498/1498/1498 81/81/81
f 1317/1317/1317 1319/1319/1319 2694/2694/2694
f 37/37/37 418/418/418 71/71/71
f 1935/1935/1935 3185/3185/3185 2977/2977/2977
f 104/104/104 301/301/301 103/103/103
f 2101/2101/2101 2083/2083/2083 2084/2084/2084
f 543/543/543 360/360/360 207/207/207
f 1934/1934/1934 3186/3186/3186 3185/3185/3185
f 234/234/234 212/212/212 237/237/237
f 3845/3845/3845 1822/1822/1822 1824/1824/1824
f 1976/1976/1976 1874/1874/1874 1974/1974/1974
f 223/223/223 2219/2219/2219 220/220/220
f 3655/3655/3655 3605/3605/3605 3612/3612/3612
f 468/468/468 773/773/773 2165/2165/2165
f 1935/1935/1935 1728/1728/1728 1932/1932/1932
f 3240/3240/3240 3226/3226/3226 3235/3235/3235
f 3261/3261/3261 3250/3250/3250 3260/3260/3260
f 3215/3215/3215 3244/3244/3244 3264/3264/3264
f 3265/3265/3265 3215/3215/3215 3264/3264/3264
f 3267/3267/3267 3198/3198/3198 3196/3196/3196
f 3205/3205/3205 3269/3269/3269 3255/3255/3255
f 3214/3214/3214 3265/3265/3265 3270/3270/3270
f 3271/3271/3271 3214/3214/3214 3192/3192/3192
f 3251/3251/3251 3239/3239/3239 3236/3236/3236
f 3222/3222/3222 3266/3266/3266 3272/3272/3272
f 3232/3232/3232 3234/3234/3234 3233/3233/3233
f 3216/3216/3216 3243/3243/3243 3244/3244/3244
f 3196/3196/3196 3268/3268/3268 3267/3267/3267
f 3244/3244/3244 3254/3254/3254 3255/3255/3255
f 3238/3238/3238 3247/3247/3247 3246/3246/3246
f 3264/3264/3264 3255/3255/3255 3269/3269/3269
f 3253/3253/3253 3216/3216/3216 3217/3217/3217
f 3211/3211/3211 3221/3221/3221 3265/3265/3265
f 3257/3257/3257 3218/3218/3218 3256/3256/3256
f 3258/3258/3258 3272/3272/3272 3259/3259/3259
f 3274/3274/3274 3280/3280/3280 3273/3273/3273
f 3228/3228/3228 3262/3262/3262 3263/3263/3263
f 3275/3275/3275 3281/3281/3281 3280/3280/3280
f 3226/3226/3226 3273/3273/3273 3280/3280/3280
f 3236/3236/3236 3260/3260/3260 3251/3251/3251
f 3281/3281/3281 3236/3236/3236 3237/3237/3237
f 3287/3287/3287 3192/3192/3192 3189/3189/3189
f 3235/3235/3235 3280/3280/3280 3234/3234/3234
f 3234/3234/3234 3281/3281/3281 3237/3237/3237
f 3288/3288/3288 3259/3259/3259 3272/3272/3272
f 3260/3260/3260 3276/3276/3276 3251/3251/3251
f 3289/3289/3289 3278/3278/3278 3284/3284/3284
f 3210/3210/3210 3224/3224/3224 3283/3283/3283
f 3199/3199/3199 3201/3201/3201 3200/3200/3200
f 3228/3228/3228 3230/3230/3230 3229/3229/3229
f 3290/3290/3290 3285/3285/3285 3286/3286/3286
f 3282/3282/3282 3271/3271/3271 3287/3287/3287
f 3260/3260/3260 3262/3262/3262 3261/3261/3261
f 3243/3243/3243 3268/3268/3268 3254/3254/3254
f 3267/3267/3267 3241/3241/3241 3232/3232/3232
f 3194/3194/3194 3208/3208/3208 3193/3193/3193
f 3191/3191/3191 3269/3269/3269 3206/3206/3206
f 3270/3270/3270 3192/3192/3192 3214/3214/3214
f 3275/3275/3275 3230/3230/3230 3231/3231/3231
f 3264/3264/3264 3270/3270/3270 3265/3265/3265
f 3252/3252/3252 3276/3276/3276 3291/3291/3291
f 3248/3248/3248 3291/3291/3291 3223/3223/3223
f 3213/3213/3213 3279/3279/3279 3277/3277/3277
f 3272/3272/3272 3289/3289/3289 3288/3288/3288
f 3277/3277/3277 3212/3212/3212 3213/3213/3213
f 3228/3228/3228 3281/3281/3281 3231/3231/3231
f 3220/3220/3220 3253/3253/3253 3219/3219/3219
f 3219/3219/3219 3217/3217/3217 3257/3257/3257
f 3256/3256/3256 3222/3222/3222 3258/3258/3258
f 3247/3247/3247 3252/3252/3252 3248/3248/3248
f 3245/3245/3245 3232/3232/3232 3233/3233/3233
f 3266/3266/3266 3212/3212/3212 3289/3289/3289
f 3208/3208/3208 3255/3255/3255 3254/3254/3254
f 3288/3288/3288 3284/3284/3284 3285/3285/3285
f 3204/3204/3204 3208/3208/3208 3207/3207/3207
f 560/560/560 3187/3187/3187 559/559/559
f 3209/3209/3209 3201/3201/3201 3202/3202/3202
f 3189/3189/3189 3191/3191/3191 3190/3190/3190
f 448/448/448 807/807/807 447/447/447
f 647/647/647 122/122/122 270/270/270
f 1833/1833/1833 1780/1780/1780 1832/1832/1832
f 510/510/510 508/508/508 507/507/507
f 3210/3210/3210 1887/1887/1887 3201/3201/3201
f 1887/1887/1887 3200/3200/3200 3201/3201/3201
f 15/15/15 3197/3197/3197 3200/3200/3200
f 16/16/16 3195/3195/3195 3197/3197/3197
f 3195/3195/3195 3187/3187/3187 3194/3194/3194
f 3194/3194/3194 1899/1899/1899 3207/3207/3207
f 3207/3207/3207 375/375/375 3204/3204/3204
f 387/387/387 126/126/126 127/127/127
f 3189/3189/3189 1760/1760/1760 3287/3287/3287
f 3577/3577/3577 757/757/757 758/758/758
f 763/763/763 2172/2172/2172 2175/2175/2175
f 3583/3583/3583 3580/3580/3580 3581/3581/3581
f 3581/3581/3581 3579/3579/3579 3578/3578/3578
f 3594/3594/3594 3596/3596/3596 3595/3595/3595
f 3400/3400/3400 3602/3602/3602 3401/3401/3401
f 3626/3626/3626 3625/3625/3625 3627/3627/3627
f 3631/3631/3631 3599/3599/3599 3601/3601/3601
f 3636/3636/3636 3595/3595/3595 3596/3596/3596
f 3647/3647/3647 3588/3588/3588 3645/3645/3645
f 3650/3650/3650 3584/3584/3584 3647/3647/3647
f 3653/3653/3653 3580/3580/3580 3651/3651/3651
f 3653/3653/3653 3654/3654/3654 3579/3579/3579
f 1801/1801/1801 3656/3656/3656 3655/3655/3655
f 3651/3651/3651 3582/3582/3582 3650/3650/3650
f 3644/3644/3644 3595/3595/3595 3637/3637/3637
f 1767/1767/1767 3659/3659/3659 3660/3660/3660
f 1597/1597/1597 3661/3661/3661 1600/1600/1600
f 1708/1708/1708 3665/3665/3665 3664/3664/3664
f 3671/3671/3671 3667/3667/3667 3666/3666/3666
f 3666/3666/3666 3673/3673/3673 3672/3672/3672
f 1588/1588/1588 3664/3664/3664 1587/1587/1587
f 2080/2080/2080 3666/3666/3666 2082/2082/2082
f 2082/2082/2082 3672/3672/3672 2084/2084/2084
f 3674/3674/3674 3635/3635/3635 3631/3631/3631
f 3677/3677/3677 3636/3636/3636 3635/3635/3635
f 3682/3682/3682 3645/3645/3645 3681/3681/3681
f 3692/3692/3692 3650/3650/3650 3686/3686/3686
f 3681/3681/3681 3644/3644/3644 3680/3680/3680
f 786/786/786 3692/3692/3692 785/785/785
f 3694/3694/3694 3651/3651/3651 3692/3692/3692
f 785/785/785 3686/3686/3686 497/497/497
f 497/497/497 3682/3682/3682 650/650/650
f 650/650/650 3681/3681/3681 564/564/564
f 3696/3696/3696 3681/3681/3681 3680/3680/3680
f 3405/3405/3405 3605/3605/3605 3402/3402/3402
f 3702/3702/3702 3678/3678/3678 3677/3677/3677
f 3699/3699/3699 3679/3679/3679 3678/3678/3678
f 3645/3645/3645 3638/3638/3638 3644/3644/3644
f 1799/1799/1799 3659/3659/3659 1768/1768/1768
f 3708/3708/3708 3458/3458/3458 3460/3460/3460
f 3462/3462/3462 3708/3708/3708 3460/3460/3460
f 3714/3714/3714 564/564/564 3696/3696/3696
f 3615/3615/3615 3602/3602/3602 3600/3600/3600
f 3710/3710/3710 3696/3696/3696 3698/3698/3698
f 3635/3635/3635 3596/3596/3596 3599/3599/3599
f 3629/3629/3629 3627/3627/3627 3630/3630/3630
f 3597/3597/3597 3599/3599/3599 3596/3596/3596
f 3630/3630/3630 3715/3715/3715 3629/3629/3629
f 3627/3627/3627 3597/3597/3597 3594/3594/3594
f 3717/3717/3717 3723/3723/3723 3718/3718/3718
f 3715/3715/3715 3660/3660/3660 3629/3629/3629
f 3716/3716/3716 3725/3725/3725 3715/3715/3715
f 3668/3668/3668 3661/3661/3661 3725/3725/3725
f 3668/3668/3668 3717/3717/3717 3667/3667/3667
f 3667/3667/3667 3718/3718/3718 3673/3673/3673
f 3727/3727/3727 3673/3673/3673 3718/3718/3718
f 3728/3728/3728 3672/3672/3672 3673/3673/3673
f 3726/3726/3726 3718/3718/3718 3723/3723/3723
f 1576/1576/1576 2084/2084/2084 3672/3672/3672
f 3727/3727/3727 3731/3731/3731 3729/3729/3729
f 3203/3203/3203 1387/1387/1387 3190/3190/3190
f 3190/3190/3190 1791/1791/1791 3189/3189/3189
f 3283/3283/3283 1949/1949/1949 3210/3210/3210
f 317/317/317 259/259/259 391/391/391
f 2000/2000/2000 3653/3653/3653 3694/3694/3694
f 3601/3601/3601 3600/3600/3600 3602/3602/3602
f 3589/3589/3589 3584/3584/3584 3585/3585/3585
f 3577/3577/3577 756/756/756 2170/2170/2170
f 3585/3585/3585 3582/3582/3582 3583/3583/3583
f 3678/3678/3678 3637/3637/3637 3636/3636/3636
f 3204/3204/3204 376/376/376 3203/3203/3203
f 1801/1801/1801 3657/3657/3657 1799/1799/1799
f 3729/3729/3729 3728/3728/3728 3727/3727/3727
f 1575/1575/1575 3738/3738/3738 1088/1088/1088
f 3735/3735/3735 1576/1576/1576 3728/3728/3728
f 1776/1776/1776 1796/1796/1796 1775/1775/1775
f 1293/1293/1293 1290/1290/1290 1284/1284/1284
f 1326/1326/1326 1327/1327/1327 12/12/12
f 1294/1294/1294 1234/1234/1234 1290/1290/1290
f 878/878/878 1330/1330/1330 1337/1337/1337
f 497/497/497 374/374/374 498/498/498
f 122/122/122 413/413/413 121/121/121
f 3699/3699/3699 3704/3704/3704 3708/3708/3708
f 3606/3606/3606 3401/3401/3401 3602/3602/3602
f 3708/3708/3708 3698/3698/3698 3699/3699/3699
f 3464/3464/3464 3710/3710/3710 3462/3462/3462
f 3704/3704/3704 3443/3443/3443 3458/3458/3458
f 439/439/439 399/399/399 438/438/438
f 1512/1512/1512 1526/1526/1526 1511/1511/1511
f 1668/1668/1668 1738/1738/1738 1671/1671/1671
f 839/839/839 1362/1362/1362 838/838/838
f 1362/1362/1362 826/826/826 1012/1012/1012
f 3843/3843/3843 1896/1896/1896 3815/3815/3815
f 2053/2053/2053 2118/2118/2118 2117/2117/2117
f 3888/3888/3888 2120/2120/2120 2119/2119/2119
f 696/696/696 3816/3816/3816 3831/3831/3831
f 1826/1826/1826 639/639/639 640/640/640
f 3740/3740/3740 3729/3729/3729 3731/3731/3731
f 956/956/956 886/886/886 960/960/960
f 1980/1980/1980 1922/1922/1922 807/807/807
f 33/33/33 105/105/105 164/164/164
f 1343/1343/1343 3856/3856/3856 3857/3857/3857
f 3907/3907/3907 2128/2128/2128 3902/3902/3902
f 1766/1766/1766 1582/1582/1582 1594/1594/1594
f 14/14/14 2163/2163/2163 738/738/738
f 595/595/595 99/99/99 594/594/594
f 3233/3233/3233 3246/3246/3246 3245/3245/3245
f 1346/1346/1346 1044/1044/1044 1352/1352/1352
f 748/748/748 1425/1425/1425 747/747/747
f 3193/3193/3193 3254/3254/3254 3268/3268/3268
f 3190/3190/3190 3206/3206/3206 3203/3203/3203
f 3612/3612/3612 3606/3606/3606 3615/3615/3615
f 3624/3624/3624 3615/3615/3615 3625/3625/3625
f 3631/3631/3631 3443/3443/3443 3674/3674/3674
f 3679/3679/3679 3644/3644/3644 3637/3637/3637
f 3686/3686/3686 3647/3647/3647 3682/3682/3682
f 3702/3702/3702 3674/3674/3674 3704/3704/3704
f 3625/3625/3625 3600/3600/3600 3597/3597/3597
f 3601/3601/3601 3415/3415/3415 3631/3631/3631
f 3739/3739/3739 3735/3735/3735 3729/3729/3729
f 3630/3630/3630 3594/3594/3594 3741/3741/3741
f 3741/3741/3741 3716/3716/3716 3630/3630/3630
f 1284/1284/1284 1288/1288/1288 1285/1285/1285
f 3698/3698/3698 3680/3680/3680 3679/3679/3679
f 1778/1778/1778 1780/1780/1780 1779/1779/1779
f 1792/1792/1792 1584/1584/1584 1789/1789/1789
f 695/695/695 571/571/571 694/694/694
f 3638/3638/3638 3594/3594/3594 3595/3595/3595
f 3741/3741/3741 3588/3588/3588 3589/3589/3589
f 3247/3247/3247 3209/3209/3209 3202/3202/3202
f 3292/3292/3292 3294/3294/3294 3295/3295/3295
f 3296/3296/3296 3298/3298/3298 3299/3299/3299
f 3299/3299/3299 3300/3300/3300 3301/3301/3301
f 3302/3302/3302 3304/3304/3304 3305/3305/3305
f 3306/3306/3306 3308/3308/3308 3309/3309/3309
f 3307/3307/3307 3311/3311/3311 3308/3308/3308
f 3303/3303/3303 3301/3301/3301 3300/3300/3300
f 3312/3312/3312 3304/3304/3304 3313/3313/3313
f 3314/3314/3314 3316/3316/3316 3317/3317/3317
f 3318/3318/3318 3320/3320/3320 3321/3321/3321
f 3324/3324/3324 3321/3321/3321 3325/3325/3325
f 3326/3326/3326 3328/3328/3328 3323/3323/3323
f 3329/3329/3329 3331/3331/3331 3332/3332/3332
f 3333/3333/3333 3335/3335/3335 3336/3336/3336
f 3337/3337/3337 3339/3339/3339 3340/3340/3340
f 3333/3333/3333 3341/3341/3341 3342/3342/3342
f 3342/3342/3342 3343/3343/3343 3344/3344/3344
f 3319/3319/3319 3344/3344/3344 3343/3343/3343
f 3338/3338/3338 3334/3334/3334 3339/3339/3339
f 3346/3346/3346 3302/3302/3302 3347/3347/3347
f 3305/3305/3305 3347/3347/3347 3302/3302/3302
f 3312/3312/3312 3223/3223/3223 3349/3349/3349
f 3350/3350/3350 3340/3340/3340 3351/3351/3351
f 3312/3312/3312 3348/3348/3348 3305/3305/3305
f 3352/3352/3352 3341/3341/3341 3326/3326/3326
f 3311/3311/3311 3354/3354/3354 3308/3308/3308
f 3341/3341/3341 3327/3327/3327 3326/3326/3326
f 3359/3359/3359 3361/3361/3361 3362/3362/3362
f 3360/3360/3360 3250/3250/3250 3249/3249/3249
f 3318/3318/3318 3345/3345/3345 3319/3319/3319
f 3364/3364/3364 3318/3318/3318 3324/3324/3324
f 3314/3314/3314 3324/3324/3324 3365/3365/3365
f 3366/3366/3366 3301/3301/3301 3346/3346/3346
f 3299/3299/3299 3367/3367/3367 3296/3296/3296
f 3308/3308/3308 3368/3368/3368 3309/3309/3309
f 3369/3369/3369 3295/3295/3295 3294/3294/3294
f 3317/3317/3317 3364/3364/3364 3314/3314/3314
f 3370/3370/3370 3317/3317/3317 3316/3316/3316
f 3325/3325/3325 3365/3365/3365 3324/3324/3324
f 3352/3352/3352 3319/3319/3319 3343/3343/3343
f 3296/3296/3296 3353/3353/3353 3311/3311/3311
f 3297/3297/3297 3311/3311/3311 3310/3310/3310
f 3363/3363/3363 3354/3354/3354 3345/3345/3345
f 3345/3345/3345 3353/3353/3353 3344/3344/3344
f 3344/3344/3344 3367/3367/3367 3342/3342/3342
f 3366/3366/3366 3342/3342/3342 3367/3367/3367
f 3347/3347/3347 3334/3334/3334 3346/3346/3346
f 3339/3339/3339 3348/3348/3348 3340/3340/3340
f 3348/3348/3348 3351/3351/3351 3340/3340/3340
f 3363/3363/3363 3369/3369/3369 3368/3368/3368
f 3294/3294/3294 3368/3368/3368 3369/3369/3369
f 3293/3293/3293 3309/3309/3309 3294/3294/3294
f 3331/3331/3331 3374/3374/3374 3332/3332/3332
f 3346/3346/3346 3333/3333/3333 3366/3366/3366
f 3323/3323/3323 3352/3352/3352 3326/3326/3326
f 3356/3356/3356 3321/3321/3321 3320/3320/3320
f 3355/3355/3355 3325/3325/3325 3321/3321/3321
f 3357/3357/3357 3371/3371/3371 3325/3325/3325
f 3322/3322/3322 3320/3320/3320 3352/3352/3352
f 3361/3361/3361 3329/3329/3329 3362/3362/3362
f 3373/3373/3373 3375/3375/3375 3374/3374/3374
f 3374/3374/3374 3376/3376/3376 3332/3332/3332
f 3329/3329/3329 3376/3376/3376 3362/3362/3362
f 3327/3327/3327 3372/3372/3372 3328/3328/3328
f 3336/3336/3336 3375/3375/3375 3327/3327/3327
f 3335/3335/3335 3376/3376/3376 3375/3375/3375
f 3376/3376/3376 3337/3337/3337 3362/3362/3362
f 3337/3337/3337 3359/3359/3359 3362/3362/3362
f 3359/3359/3359 3276/3276/3276 3250/3250/3250
f 3377/3377/3377 3295/3295/3295 3370/3370/3370
f 3277/3277/3277 3315/3315/3315 3278/3278/3278
f 3371/3371/3371 3379/3379/3379 3365/3365/3365
f 3378/3378/3378 3358/3358/3358 3380/3380/3380
f 3365/3365/3365 3315/3315/3315 3314/3314/3314
f 3316/3316/3316 3279/3279/3279 3370/3370/3370
f 3282/3282/3282 3370/3370/3370 3279/3279/3279
f 3313/3313/3313 3224/3224/3224 3312/3312/3312
f 3378/3378/3378 3284/3284/3284 3379/3379/3379
f 3380/3380/3380 3285/3285/3285 3378/3378/3378
f 3379/3379/3379 3278/3278/3278 3315/3315/3315
f 3276/3276/3276 3351/3351/3351 3291/3291/3291
f 3291/3291/3291 3349/3349/3349 3223/3223/3223
f 3313/3313/3313 2965/2965/2965 3013/3013/3013
f 2965/2965/2965 3303/3303/3303 222/222/222
f 222/222/222 3300/3300/3300 223/223/223
f 223/223/223 3298/3298/3298 3186/3186/3186
f 3298/3298/3298 3185/3185/3185 3186/3186/3186
f 3297/3297/3297 2977/2977/2977 3185/3185/3185
f 3310/3310/3310 1213/1213/1213 2977/2977/2977
f 3307/3307/3307 1214/1214/1214 1213/1213/1213
f 2532/2532/2532 3306/3306/3306 3293/3293/3293
f 2894/2894/2894 3293/3293/3293 3292/3292/3292
f 2871/2871/2871 3292/3292/3292 3377/3377/3377
f 3253/3253/3253 3240/3240/3240 3242/3242/3242
f 3283/3283/3283 3013/3013/3013 2152/2152/2152
f 1997/1997/1997 1889/1889/1889 1892/1892/1892
f 1237/1237/1237 744/744/744 855/855/855
f 1535/1535/1535 120/120/120 121/121/121
f 1531/1531/1531 201/201/201 214/214/214
f 1119/1119/1119 1032/1032/1032 984/984/984
f 946/946/946 824/824/824 947/947/947
f 163/163/163 5/5/5 162/162/162
f 3589/3589/3589 3723/3723/3723 3741/3741/3741
f 1155/1155/1155 1162/1162/1162 1164/1164/1164
f 427/427/427 327/327/327 424/424/424
f 553/553/553 796/796/796 498/498/498
f 3381/3381/3381 2231/2231/2231 2237/2237/2237
f 3381/3381/3381 2230/2230/2230 2232/2232/2232
f 2237/2237/2237 3180/3180/3180 3381/3381/3381
f 3383/3383/3383 3385/3385/3385 3382/3382/3382
f 3384/3384/3384 3387/3387/3387 3385/3385/3385
f 3386/3386/3386 3389/3389/3389 3387/3387/3387
f 3388/3388/3388 3391/3391/3391 3389/3389/3389
f 3392/3392/3392 3394/3394/3394 3395/3395/3395
f 3395/3395/3395 3396/3396/3396 3397/3397/3397
f 3398/3398/3398 3397/3397/3397 3396/3396/3396
f 3400/3400/3400 3399/3399/3399 3398/3398/3398
f 3403/3403/3403 3405/3405/3405 3402/3402/3402
f 3406/3406/3406 3404/3404/3404 3403/3403/3403
f 3408/3408/3408 3407/3407/3407 3406/3406/3406
f 3410/3410/3410 3409/3409/3409 3408/3408/3408
f 3412/3412/3412 3411/3411/3411 3410/3410/3410
f 3415/3415/3415 3398/3398/3398 3414/3414/3414
f 3414/3414/3414 3396/3396/3396 3416/3416/3416
f 3416/3416/3416 3394/3394/3394 3417/3417/3417
f 3417/3417/3417 3393/3393/3393 3418/3418/3418
f 3393/3393/3393 3420/3420/3420 3418/3418/3418
f 3419/3419/3419 3421/3421/3421 3420/3420/3420
f 3390/3390/3390 3422/3422/3422 3421/3421/3421
f 3388/3388/3388 3423/3423/3423 3422/3422/3422
f 3386/3386/3386 3424/3424/3424 3423/3423/3423
f 3384/3384/3384 3425/3425/3425 3424/3424/3424
f 3425/3425/3425 3426/3426/3426 3184/3184/3184
f 2904/2904/2904 3428/3428/3428 2947/2947/2947
f 3429/3429/3429 2904/2904/2904 2902/2902/2902
f 3430/3430/3430 2902/2902/2902 2876/2876/2876
f 2875/2875/2875 3430/3430/3430 2876/2876/2876
f 3432/3432/3432 2733/2733/2733 2736/2736/2736
f 2825/2825/2825 3435/3435/3435 2824/2824/2824
f 3437/3437/3437 3439/3439/3439 3436/3436/3436
f 3441/3441/3441 3436/3436/3436 3440/3440/3440
f 2724/2724/2724 3434/3434/3434 2825/2825/2825
f 3436/3436/3436 3115/3115/3115 3117/3117/3117
f 3440/3440/3440 3117/3117/3117 3119/3119/3119
f 3443/3443/3443 3414/3414/3414 3442/3442/3442
f 3442/3442/3442 3416/3416/3416 3444/3444/3444
f 3444/3444/3444 3417/3417/3417 3445/3445/3445
f 3445/3445/3445 3418/3418/3418 3446/3446/3446
f 3446/3446/3446 3420/3420/3420 3447/3447/3447
f 3420/3420/3420 3448/3448/3448 3447/3447/3447
f 3421/3421/3421 3449/3449/3449 3448/3448/3448
f 3422/3422/3422 3450/3450/3450 3449/3449/3449
f 3423/3423/3423 3451/3451/3451 3450/3450/3450
f 3424/3424/3424 3452/3452/3452 3451/3451/3451
f 3425/3425/3425 3056/3056/3056 3452/3452/3452
f 3451/3451/3451 2253/2253/2253 2252/2252/2252
f 3450/3450/3450 2252/2252/2252 1727/1727/1727
f 3449/3449/3449 1727/1727/1727 2150/2150/2150
f 3448/3448/3448 2150/2150/2150 1941/1941/1941
f 3453/3453/3453 3448/3448/3448 1941/1941/1941
f 3454/3454/3454 3447/3447/3447 3453/3453/3453
f 3455/3455/3455 3446/3446/3446 3454/3454/3454
f 3456/3456/3456 3445/3445/3445 3455/3455/3455
f 3442/3442/3442 3456/3456/3456 3457/3457/3457
f 3443/3443/3443 3457/3457/3457 3458/3458/3458
f 3459/3459/3459 3458/3458/3458 3457/3457/3457
f 3457/3457/3457 3455/3455/3455 3459/3459/3459
f 3459/3459/3459 3454/3454/3454 3461/3461/3461
f 3462/3462/3462 3459/3459/3459 3461/3461/3461
f 3461/3461/3461 3453/3453/3453 3463/3463/3463
f 3464/3464/3464 3461/3461/3461 3463/3463/3463
f 3463/3463/3463 1941/1941/1941 1360/1360/1360
f 3404/3404/3404 3401/3401/3401 3405/3405/3405
f 3407/3407/3407 3399/3399/3399 3404/3404/3404
f 3409/3409/3409 3397/3397/3397 3407/3407/3407
f 3411/3411/3411 3395/3395/3395 3409/3409/3409
f 3465/3465/3465 3413/3413/3413 3412/3412/3412
f 3467/3467/3467 3469/3469/3469 3466/3466/3466
f 3465/3465/3465 3431/3431/3431 3433/3433/3433
f 3470/3470/3470 3466/3466/3466 3465/3465/3465
f 3438/3438/3438 3432/3432/3432 3435/3435/3435
f 3467/3467/3467 3438/3438/3438 3437/3437/3437
f 3468/3468/3468 3437/3437/3437 3441/3441/3441
f 3471/3471/3471 3468/3468/3468 3472/3472/3472
f 3472/3472/3472 3441/3441/3441 3473/3473/3473
f 3473/3473/3473 3440/3440/3440 2712/2712/2712
f 2712/2712/2712 3119/3119/3119 3128/3128/3128
f 3475/3475/3475 3472/3472/3472 3474/3474/3474
f 3474/3474/3474 3473/3473/3473 3476/3476/3476
f 3476/3476/3476 2712/2712/2712 2711/2711/2711
f 3477/3477/3477 2711/2711/2711 2400/2400/2400
f 3478/3478/3478 3476/3476/3476 3477/3477/3477
f 3479/3479/3479 3474/3474/3474 3478/3478/3478
f 3392/3392/3392 3413/3413/3413 3480/3480/3480
f 3466/3466/3466 3480/3480/3480 3413/3413/3413
f 3419/3419/3419 3392/3392/3392 3480/3480/3480
f 3390/3390/3390 3480/3480/3480 3391/3391/3391
f 3469/3469/3469 3391/3391/3391 3480/3480/3480
f 3389/3389/3389 3471/3471/3471 3475/3475/3475
f 3387/3387/3387 3475/3475/3475 3479/3479/3479
f 3385/3385/3385 3479/3479/3479 3481/3481/3481
f 3482/3482/3482 2400/2400/2400 2402/2402/2402
f 3483/3483/3483 3477/3477/3477 3482/3482/3482
f 3481/3481/3481 3478/3478/3478 3483/3483/3483
f 3484/3484/3484 2402/2402/2402 2707/2707/2707
f 3058/3058/3058 2707/2707/2707 2708/2708/2708
f 3061/3061/3061 3484/3484/3484 3058/3058/3058
f 3485/3485/3485 3482/3482/3482 3484/3484/3484
f 3382/3382/3382 3481/3481/3481 3486/3486/3486
f 3486/3486/3486 3483/3483/3483 3485/3485/3485
f 3426/3426/3426 3382/3382/3382 3487/3487/3487
f 3487/3487/3487 3486/3486/3486 1962/1962/1962
f 3486/3486/3486 3061/3061/3061 1962/1962/1962
f 1961/1961/1961 3487/3487/3487 1962/1962/1962
f 3057/3057/3057 3426/3426/3426 3487/3487/3487
f 3428/3428/3428 3402/3402/3402 3488/3488/3488
f 3427/3427/3427 3403/3403/3403 3428/3428/3428
f 3429/3429/3429 3406/3406/3406 3427/3427/3427
f 3430/3430/3430 3408/3408/3408 3429/3429/3429
f 3431/3431/3431 3410/3410/3410 3430/3430/3430
f 3470/3470/3470 3433/3433/3433 3432/3432/3432
f 3434/3434/3434 3438/3438/3438 3435/3435/3435
f 2723/2723/2723 3439/3439/3439 3434/3434/3434
f 2875/2875/2875 3433/3433/3433 3431/3431/3431
f 2736/2736/2736 3435/3435/3435 3432/3432/3432
f 2947/2947/2947 3488/3488/3488 3500/3500/3500
f 3464/3464/3464 1360/1360/1360 3497/3497/3497
f 1900/1900/1900 1924/1924/1924 1901/1901/1901
f 1736/1736/1736 1718/1718/1718 1750/1750/1750
f 1955/1955/1955 1943/1943/1943 1956/1956/1956
f 1671/1671/1671 1735/1735/1735 1751/1751/1751
f 1696/1696/1696 1698/1698/1698 1692/1692/1692
f 1800/1800/1800 1864/1864/1864 1801/1801/1801
f 2063/2063/2063 2056/2056/2056 2060/2060/2060
f 1737/1737/1737 1717/1717/1717 1736/1736/1736
f 1751/1751/1751 1697/1697/1697 1695/1695/1695
f 943/943/943 3899/3899/3899 684/684/684
f 3656/3656/3656 3402/3402/3402 3605/3605/3605
f 1577/1577/1577 1764/1764/1764 1703/1703/1703
f 3917/3917/3917 1599/1599/1599 3923/3923/3923
f 1945/1945/1945 82/82/82 1944/1944/1944
f 68/68/68 7/7/7 248/248/248
f 147/147/147 1543/1543/1543 148/148/148
f 1109/1109/1109 1133/1133/1133 1102/1102/1102
f 1503/1503/1503 1907/1907/1907 1908/1908/1908
f 1499/1499/1499 1909/1909/1909 1498/1498/1498
f 452/452/452 735/735/735 215/215/215
f 1824/1824/1824 3835/3835/3835 3845/3845/3845
f 1825/1825/1825 2068/2068/2068 1824/1824/1824
f 1463/1463/1463 1022/1022/1022 1194/1194/1194
f 841/841/841 1009/1009/1009 1011/1011/1011
f 1568/1568/1568 1955/1955/1955 1534/1534/1534
f 1926/1926/1926 1927/1927/1927 1923/1923/1923
f 1910/1910/1910 1502/1502/1502 1939/1939/1939
f 1939/1939/1939 422/422/422 442/442/442
f 309/309/309 1940/1940/1940 308/308/308
f 1804/1804/1804 1866/1866/1866 1803/1803/1803
f 269/269/269 1954/1954/1954 56/56/56
f 2065/2065/2065 2060/2060/2060 2056/2056/2056
f 3812/3812/3812 1758/1758/1758 3835/3835/3835
f 280/280/280 552/552/552 1940/1940/1940
f 1875/1875/1875 1869/1869/1869 1874/1874/1874
f 1739/1739/1739 1734/1734/1734 1737/1737/1737
f 1778/1778/1778 1790/1790/1790 1788/1788/1788
f 310/310/310 1915/1915/1915 279/279/279
f 1909/1909/1909 1906/1906/1906 1954/1954/1954
f 1789/1789/1789 1778/1778/1778 1788/1788/1788
f 978/978/978 980/980/980 979/979/979
f 1584/1584/1584 1731/1731/1731 1583/1583/1583
f 425/425/425 311/311/311 312/312/312
f 148/148/148 115/115/115 116/116/116
f 2044/2044/2044 3894/3894/3894 2046/2046/2046
f 277/277/277 1939/1939/1939 551/551/551
f 1943/1943/1943 1945/1945/1945 1944/1944/1944
f 1461/1461/1461 1463/1463/1463 1464/1464/1464
f 2253/2253/2253 3056/3056/3056 3055/3055/3055
f 2981/2981/2981 3489/3489/3489 958/958/958
f 2209/2209/2209 3489/3489/3489 3055/3055/3055
f 2254/2254/2254 3055/3055/3055 3489/3489/3489
f 2998/2998/2998 958/958/958 3489/3489/3489
f 2826/2826/2826 2721/2721/2721 2724/2724/2724
f 3490/3490/3490 2721/2721/2721 2817/2817/2817
f 2816/2816/2816 3490/3490/3490 2817/2817/2817
f 2334/2334/2334 2296/2296/2296 2335/2335/2335
f 2298/2298/2298 2334/2334/2334 2336/2336/2336
f 2301/2301/2301 2336/2336/2336 2338/2338/2338
f 2311/2311/2311 2338/2338/2338 2354/2354/2354
f 2312/2312/2312 2354/2354/2354 2355/2355/2355
f 2359/2359/2359 2361/2361/2361 2360/2360/2360
f 2335/2335/2335 2359/2359/2359 2360/2360/2360
f 2414/2414/2414 2365/2365/2365 2364/2364/2364
f 2413/2413/2413 2361/2361/2361 2365/2365/2365
f 2355/2355/2355 2540/2540/2540 2541/2541/2541
f 2541/2541/2541 2539/2539/2539 2542/2542/2542
f 2722/2722/2722 2739/2739/2739 2738/2738/2738
f 3114/3114/3114 2738/2738/2738 3113/3113/3113
f 3110/3110/3110 3121/3121/3121 3120/3120/3120
f 3108/3108/3108 3120/3120/3120 3113/3113/3113
f 3122/3122/3122 3127/3127/3127 3126/3126/3126
f 3112/3112/3112 3126/3126/3126 3121/3121/3121
f 3127/3127/3127 1753/1753/1753 3135/3135/3135
f 3139/3139/3139 2529/2529/2529 2542/2542/2542
f 3744/3744/3744 3133/3133/3133 3139/3139/3139
f 3490/3490/3490 2740/2740/2740 2739/2739/2739
f 3491/3491/3491 2789/2789/2789 3490/3490/3490
f 228/228/228 91/91/91 88/88/88
f 245/245/245 243/243/243 242/242/242
f 248/248/248 247/247/247 191/191/191
f 2/2/2 296/296/296 295/295/295
f 145/145/145 300/300/300 267/267/267
f 327/327/327 210/210/210 328/328/328
f 329/329/329 331/331/331 330/330/330
f 250/250/250 228/228/228 236/236/236
f 239/239/239 240/240/240 230/230/230
f 373/373/373 375/375/375 374/374/374
f 178/178/178 176/176/176 175/175/175
f 1218/1218/1218 1228/1228/1228 1321/1321/1321
f 3862/3862/3862 1295/1295/1295 3854/3854/3854
f 808/808/808 824/824/824 823/823/823
f 3858/3858/3858 1013/1013/1013 1014/1014/1014
f 3813/3813/3813 1411/1411/1411 1413/1413/1413
f 2154/2154/2154 2159/2159/2159 2160/2160/2160
f 3845/3845/3845 1758/1758/1758 1757/1757/1757
f 306/306/306 1922/1922/1922 452/452/452
f 2157/2157/2157 1976/1976/1976 1977/1977/1977
f 708/708/708 2031/2031/2031 1474/1474/1474
f 1450/1450/1450 1227/1227/1227 1428/1428/1428
f 1672/1672/1672 1605/1605/1605 1624/1624/1624
f 1813/1813/1813 1821/1821/1821 1816/1816/1816
f 1717/1717/1717 1715/1715/1715 1718/1718/1718
f 176/176/176 402/402/402 347/347/347
f 1710/1710/1710 3916/3916/3916 3915/3915/3915
f 1712/1712/1712 1577/1577/1577 1711/1711/1711
f 1705/1705/1705 1711/1711/1711 1704/1704/1704
f 971/971/971 979/979/979 970/970/970
f 822/822/822 1094/1094/1094 1102/1102/1102
f 2909/2909/2909 2793/2793/2793 2792/2792/2792
f 2810/2810/2810 2795/2795/2795 2793/2793/2793
f 2799/2799/2799 2249/2249/2249 2800/2800/2800
f 3662/3662/3662 2910/2910/2910 2799/2799/2799
f 2769/2769/2769 2801/2801/2801 2795/2795/2795
f 3177/3177/3177 3178/3178/3178 3179/3179/3179
f 3178/3178/3178 3180/3180/3180 3179/3179/3179
f 3181/3181/3181 1393/1393/1393 2800/2800/2800
f 3181/3181/3181 1632/1632/1632 3182/3182/3182
f 3182/3182/3182 2244/2244/2244 3183/3183/3183
f 3183/3183/3183 2243/2243/2243 3180/3180/3180
f 3492/3492/3492 2790/2790/2790 3491/3491/3491
f 2808/2808/2808 3491/3491/3491 2816/2816/2816
f 2239/2239/2239 3572/3572/3572 2240/2240/2240
f 1149/1149/1149 3571/3571/3571 3570/3570/3570
f 1150/1150/1150 3567/3567/3567 3571/3571/3571
f 2202/2202/2202 3566/3566/3566 2015/2015/2015
f 2921/2921/2921 3565/3565/3565 2923/2923/2923
f 3568/3568/3568 2133/2133/2133 2928/2928/2928
f 1777/1777/1777 1759/1759/1759 1792/1792/1792
f 1201/1201/1201 1183/1183/1183 1184/1184/1184
f 3561/3561/3561 2195/2195/2195 2194/2194/2194
f 3553/3553/3553 2770/2770/2770 2768/2768/2768
f 3927/3927/3927 1687/1687/1687 1692/1692/1692
f 1516/1516/1516 154/154/154 503/503/503
f 3549/3549/3549 2974/2974/2974 2803/2803/2803
f 3550/3550/3550 2779/2779/2779 2778/2778/2778
f 2771/2771/2771 3575/3575/3575 3546/3546/3546
f 3070/3070/3070 3546/3546/3546 3558/3558/3558
f 3547/3547/3547 2775/2775/2775 2867/2867/2867
f 1376/1376/1376 1370/1370/1370 1372/1372/1372
f 2767/2767/2767 3556/3556/3556 2206/2206/2206
f 2195/2195/2195 3543/3543/3543 2767/2767/2767
f 2775/2775/2775 3542/3542/3542 2776/2776/2776
f 3377/3377/3377 3545/3545/3545 2871/2871/2871
f 3804/3804/3804 3539/3539/3539 2806/2806/2806
f 2776/2776/2776 3538/3538/3538 2805/2805/2805
f 2240/2240/2240 3535/3535/3535 2920/2920/2920
f 2920/2920/2920 3669/3669/3669 3619/3619/3619
f 3548/3548/3548 2786/2786/2786 2779/2779/2779
f 1805/1805/1805 1851/1851/1851 1804/1804/1804
f 3534/3534/3534 2787/2787/2787 2786/2786/2786
f 2951/2951/2951 3540/3540/3540 3531/3531/3531
f 2772/2772/2772 3531/3531/3531 3575/3575/3575
f 2973/2973/2973 3530/3530/3530 3536/3536/3536
f 2224/2224/2224 3537/3537/3537 3530/3530/3530
f 1957/1957/1957 320/320/320 510/510/510
f 306/306/306 304/304/304 303/303/303
f 2770/2770/2770 3528/3528/3528 2913/2913/2913
f 2913/2913/2913 3574/3574/3574 2239/2239/2239
f 2923/2923/2923 3527/3527/3527 2922/2922/2922
f 308/308/308 431/431/431 47/47/47
f 207/207/207 132/132/132 543/543/543
f 1879/1879/1879 1881/1881/1881 1880/1880/1880
f 3733/3733/3733 3525/3525/3525 2089/2089/2089
f 2475/2475/2475 3558/3558/3558 3524/3524/3524
f 2476/2476/2476 3524/3524/3524 3523/3523/3523
f 2223/2223/2223 3523/3523/3523 3537/3537/3537
f 3522/3522/3522 2803/2803/2803 2802/2802/2802
f 2037/2037/2037 11/11/11 1950/1950/1950
f 1959/1959/1959 450/450/450 505/505/505
f 2003/2003/2003 3520/3520/3520 2129/2129/2129
f 9/9/9 334/334/334 540/540/540
f 2009/2009/2009 3518/3518/3518 3567/3567/3567
f 2008/2008/2008 3536/3536/3536 3518/3518/3518
f 3877/3877/3877 673/673/673 3879/3879/3879
f 3515/3515/3515 2778/2778/2778 2784/2784/2784
f 2935/2935/2935 3513/3513/3513 2936/2936/2936
f 111/111/111 3570/3570/3570 3511/3511/3511
f 3510/3510/3510 2935/2935/2935 2938/2938/2938
f 683/683/683 3885/3885/3885 943/943/943
f 3508/3508/3508 2810/2810/2810 2909/2909/2909
f 736/736/736 732/732/732 729/729/729
f 1795/1795/1795 1803/1803/1803 1796/1796/1796
f 3505/3505/3505 2938/2938/2938 2939/2939/2939
f 3507/3507/3507 2939/2939/2939 2940/2940/2940
f 2950/2950/2950 3504/3504/3504 2949/2949/2949
f 2940/2940/2940 3504/3504/3504 3507/3507/3507
f 3801/3801/3801 3512/3512/3512 2950/2950/2950
f 2868/2868/2868 3502/3502/3502 2869/2869/2869
f 2869/2869/2869 3522/3522/3522 2802/2802/2802
f 1024/1024/1024 1023/1023/1023 1020/1020/1020
f 3500/3500/3500 2948/2948/2948 2947/2947/2947
f 551/551/551 442/442/442 443/443/443
f 2972/2972/2972 3568/3568/3568 2928/2928/2928
f 2032/2032/2032 3499/3499/3499 2972/2972/2972
f 216/216/216 1924/1924/1924 1923/1923/1923
f 203/203/203 201/201/201 200/200/200
f 1828/1828/1828 1847/1847/1847 1837/1837/1837
f 1958/1958/1958 449/449/449 450/450/450
f 272/272/272 178/178/178 175/175/175
f 2871/2871/2871 3495/3495/3495 1361/1361/1361
f 3619/3619/3619 3564/3564/3564 2921/2921/2921
f 2801/2801/2801 3643/3643/3643 3662/3662/3662
f 2005/2005/2005 3654/3654/3654 2176/2176/2176
f 960/960/960 899/899/899 962/962/962
f 3657/3657/3657 3612/3612/3612 3624/3624/3624
f 3780/3780/3780 3646/3646/3646 3151/3151/3151
f 3151/3151/3151 3593/3593/3593 2555/2555/2555
f 2193/2193/2193 3623/3623/3623 2194/2194/2194
f 3607/3607/3607 3145/3145/3145 3144/3144/3144
f 3603/3603/3603 2761/2761/2761 3145/3145/3145
f 3592/3592/3592 3144/3144/3144 3104/3104/3104
f 2926/2926/2926 3634/3634/3634 3103/3103/3103
f 3634/3634/3634 3104/3104/3104 3103/3103/3103
f 3755/3755/3755 3746/3746/3746 3753/3753/3753
f 566/566/566 3758/3758/3758 2005/2005/2005
f 3488/3488/3488 1864/1864/1864 3500/3500/3500
f 1602/1602/1602 2079/2079/2079 2078/2078/2078
f 2868/2868/2868 3611/3611/3611 2922/2922/2922
f 2922/2922/2922 3610/3610/3610 2923/2923/2923
f 2923/2923/2923 3618/3618/3618 2921/2921/2921
f 3670/3670/3670 2918/2918/2918 3614/3614/3614
f 3619/3619/3619 3614/3614/3614 2920/2920/2920
f 2921/2921/2921 3670/3670/3670 3619/3619/3619
f 2920/2920/2920 3586/3586/3586 2240/2240/2240
f 3613/3613/3613 2915/2915/2915 2918/2918/2918
f 2917/2917/2917 3622/3622/3622 3641/3641/3641
f 2916/2916/2916 3641/3641/3641 3642/3642/3642
f 2239/2239/2239 3652/3652/3652 2913/2913/2913
f 2911/2911/2911 3652/3652/3652 2757/2757/2757
f 3643/3643/3643 2911/2911/2911 2910/2910/2910
f 2797/2797/2797 3662/3662/3662 3591/3591/3591
f 2797/2797/2797 3598/3598/3598 2750/2750/2750
f 3622/3622/3622 2763/2763/2763 2765/2765/2765
f 3608/3608/3608 2764/2764/2764 2745/2745/2745
f 2194/2194/2194 3648/3648/3648 2221/2221/2221
f 2221/2221/2221 3649/3649/3649 2222/2222/2222
f 2756/2756/2756 3609/3609/3609 2755/2755/2755
f 2750/2750/2750 3609/3609/3609 2747/2747/2747
f 3669/3669/3669 1817/1817/1817 3827/3827/3827
f 3763/3763/3763 1691/1691/1691 1699/1699/1699
f 2515/2515/2515 3590/3590/3590 2548/2548/2548
f 2548/2548/2548 3593/3593/3593 2550/2550/2550
f 2513/2513/2513 3632/3632/3632 3616/3616/3616
f 2513/2513/2513 3621/3621/3621 2515/2515/2515
f 2509/2509/2509 3620/3620/3620 2289/2289/2289
f 2510/2510/2510 3633/3633/3633 2509/2509/2509
f 2289/2289/2289 3639/3639/3639 2283/2283/2283
f 2283/2283/2283 3617/3617/3617 2286/2286/2286
f 2240/2240/2240 3587/3587/3587 2239/2239/2239
f 3659/3659/3659 3624/3624/3624 3626/3626/3626
f 716/716/716 3887/3887/3887 3888/3888/3888
f 727/727/727 3761/3761/3761 1923/1923/1923
f 2165/2165/2165 2170/2170/2170 2164/2164/2164
f 3660/3660/3660 3626/3626/3626 3629/3629/3629
f 3743/3743/3743 3578/3578/3578 3757/3757/3757
f 2175/2175/2175 769/769/769 770/770/770
f 2100/2100/2100 2095/2095/2095 2099/2099/2099
f 3758/3758/3758 3757/3757/3757 3578/3578/3578
f 640/640/640 3568/3568/3568 1826/1826/1826
f 1653/1653/1653 3553/3553/3553 1651/1651/1651
f 1895/1895/1895 3530/3530/3530 746/746/746
f 746/746/746 3537/3537/3537 741/741/741
f 1653/1653/1653 3528/3528/3528 3576/3576/3576
f 3762/3762/3762 1604/1604/1604 1672/1672/1672
f 2093/2093/2093 2073/2073/2073 2078/2078/2078
f 959/959/959 995/995/995 884/884/884
f 962/962/962 919/919/919 986/986/986
f 1400/1400/1400 1398/1398/1398 1399/1399/1399
f 1000/1000/1000 1127/1127/1127 1004/1004/1004
f 956/956/956 884/884/884 885/885/885
f 1662/1662/1662 3550/3550/3550 1661/1661/1661
f 2034/2034/2034 3546/3546/3546 1654/1654/1654
f 3926/3926/3926 3539/3539/3539 3802/3802/3802
f 3535/3535/3535 766/766/766 1817/1817/1817
f 3572/3572/3572 765/765/765 766/766/766
f 334/334/334 3571/3571/3571 335/335/335
f 1868/1868/1868 3540/3540/3540 1656/1656/1656
f 1684/1684/1684 1652/1652/1652 1678/1678/1678
f 1682/1682/1682 775/775/775 1807/1807/1807
f 1585/1585/1585 3762/3762/3762 1700/1700/1700
f 3763/3763/3763 1672/1672/1672 1673/1673/1673
f 2173/2173/2173 490/490/490 491/491/491
f 1658/1658/1658 3547/3547/3547 1752/1752/1752
f 3556/3556/3556 1650/1650/1650 724/724/724
f 1571/1571/1571 2010/2010/2010 1572/1572/1572
f 1587/1587/1587 3671/3671/3671 2080/2080/2080
f 2099/2099/2099 2077/2077/2077 2094/2094/2094
f 787/787/787 1999/1999/1999 786/786/786
f 2000/2000/2000 786/786/786 1999/1999/1999
f 3155/3155/3155 3697/3697/3697 3683/3683/3683
f 3713/3713/3713 3683/3683/3683 3789/3789/3789
f 2180/2180/2180 3685/3685/3685 3684/3684/3684
f 3496/3496/3496 3684/3684/3684 3705/3705/3705
f 1684/1684/1684 3840/3840/3840 1651/1651/1651
f 1760/1760/1760 3495/3495/3495 3545/3545/3545
f 2607/2607/2607 3693/3693/3693 2590/2590/2590
f 2581/2581/2581 3689/3689/3689 2607/2607/2607
f 2371/2371/2371 3700/3700/3700 3695/3695/3695
f 2371/2371/2371 3693/3693/3693 2372/2372/2372
f 2587/2587/2587 3675/3675/3675 2586/2586/2586
f 2586/2586/2586 3697/3697/3697 339/339/339
f 2497/2497/2497 3687/3687/3687 2503/2503/2503
f 2502/2502/2502 3687/3687/3687 3700/3700/3700
f 2494/2494/2494 3690/3690/3690 2495/2495/2495
f 3690/3690/3690 2472/2472/2472 2495/2495/2495
f 3688/3688/3688 2468/2468/2468 2472/2472/2472
f 3701/3701/3701 2469/2469/2469 2468/2468/2468
f 726/726/726 3892/3892/3892 630/630/630
f 581/581/581 3518/3518/3518 580/580/580
f 10/10/10 3570/3570/3570 334/334/334
f 1837/1837/1837 3510/3510/3510 1849/1849/1849
f 741/741/741 3523/3523/3523 1300/1300/1300
f 1299/1299/1299 3558/3558/3558 2034/2034/2034
f 1851/1851/1851 3504/3504/3504 1866/1866/1866
f 3527/3527/3527 1820/1820/1820 1819/1819/1819
f 580/580/580 3536/3536/3536 1895/1895/1895
f 1758/1758/1758 3522/3522/3522 3502/3502/3502
f 1693/1693/1693 3508/3508/3508 1806/1806/1806
f 3504/3504/3504 1867/1867/1867 1866/1866/1866
f 1894/1894/1894 3568/3568/3568 3499/3499/3499
f 2126/2126/2126 3813/3813/3813 3841/3841/3841
f 3906/3906/3906 3841/3841/3841 3912/3912/3912
f 2113/2113/2113 3867/3867/3867 2110/2110/2110
f 2179/2179/2179 3789/3789/3789 3685/3685/3685
f 624/624/624 3904/3904/3904 623/623/623
f 2192/2192/2192 3788/3788/3788 3780/3780/3780
f 2177/2177/2177 3787/3787/3787 3733/3733/3733
f 1364/1364/1364 3833/3833/3833 1338/1338/1338
f 3858/3858/3858 1470/1470/1470 1453/1453/1453
f 3135/3135/3135 3775/3775/3775 3744/3744/3744
f 2069/2069/2069 3835/3835/3835 2068/2068/2068
f 1351/1351/1351 3853/3853/3853 1352/1352/1352
f 2108/2108/2108 3901/3901/3901 499/499/499
f 2089/2089/2089 3736/3736/3736 3733/3733/3733
f 3828/3828/3828 1358/1358/1358 866/866/866
f 2001/2001/2001 3783/3783/3783 2187/2187/2187
f 2187/2187/2187 3719/3719/3719 2091/2091/2091
f 2130/2130/2130 3752/3752/3752 2004/2004/2004
f 2004/2004/2004 3749/3749/3749 2001/2001/2001
f 2014/2014/2014 3779/3779/3779 2201/2201/2201
f 2201/2201/2201 3756/3756/3756 2130/2130/2130
f 3167/3167/3167 3759/3759/3759 2969/2969/2969
f 3168/3168/3168 3720/3720/3720 3167/3167/3167
f 3159/3159/3159 3764/3764/3764 3160/3160/3160
f 3160/3160/3160 3765/3765/3765 3081/3081/3081
f 3730/3730/3730 3158/3158/3158 337/337/337
f 3158/3158/3158 3709/3709/3709 3159/3159/3159
f 2200/2200/2200 3730/3730/3730 3722/3722/3722
f 3685/3685/3685 3742/3742/3742 2204/2204/2204
f 3722/3722/3722 2197/2197/2197 2200/2200/2200
f 3790/3790/3790 2092/2092/2092 3721/3721/3721
f 3774/3774/3774 3721/3721/3721 2197/2197/2197
f 3154/3154/3154 3790/3790/3790 3774/3774/3774
f 3155/3155/3155 3706/3706/3706 3154/3154/3154
f 2091/2091/2091 3721/3721/3721 2092/2092/2092
f 2196/2196/2196 3750/3750/3750 3776/3776/3776
f 2193/2193/2193 3776/3776/3776 3781/3781/3781
f 3604/3604/3604 3781/3781/3781 3788/3788/3788
f 2086/2086/2086 3780/3780/3780 3778/3778/3778
f 2087/2087/2087 3778/3778/3778 3777/3777/3777
f 2204/2204/2204 3751/3751/3751 2205/2205/2205
f 2205/2205/2205 3750/3750/3750 3148/3148/3148
f 3909/3909/3909 574/574/574 692/692/692
f 2124/2124/2124 3777/3777/3777 3760/3760/3760
f 2208/2208/2208 3760/3760/3760 3782/3782/3782
f 3711/3711/3711 3140/3140/3140 3137/3137/3137
f 3785/3785/3785 3138/3138/3138 3140/3140/3140
f 3745/3745/3745 3139/3139/3139 3138/3138/3138
f 3771/3771/3771 3136/3136/3136 2322/2322/2322
f 3712/3712/3712 3137/3137/3137 3136/3136/3136
f 3775/3775/3775 3131/3131/3131 3133/3133/3133
f 3767/3767/3767 3132/3132/3132 3131/3131/3131
f 1813/1813/1813 3838/3838/3838 1814/1814/1814
f 1293/1293/1293 3856/3856/3856 1344/1344/1344
f 2184/2184/2184 3748/3748/3748 3732/3732/3732
f 2181/2181/2181 3732/3732/3732 3734/3734/3734
f 3765/3765/3765 3079/3079/3079 3081/3081/3081
f 3768/3768/3768 3080/3080/3080 3079/3079/3079
f 709/709/709 3875/3875/3875 2031/2031/2031
f 2774/2774/2774 3737/3737/3737 3769/3769/3769
f 3786/3786/3786 2134/2134/2134 3559/3559/3559
f 3809/3809/3809 766/766/766 765/765/765
f 2968/2968/2968 3766/3766/3766 2959/2959/2959
f 2969/2969/2969 3784/3784/3784 2968/2968/2968
f 2958/2958/2958 3737/3737/3737 2961/2961/2961
f 2132/2132/2132 3766/3766/3766 2960/2960/2960
f 2321/2321/2321 3771/3771/3771 3748/3748/3748
f 3860/3860/3860 1449/1449/1449 28/28/28
f 3905/3905/3905 582/582/582 710/710/710
f 3886/3886/3886 577/577/577 574/574/574
f 3847/3847/3847 1818/1818/1818 3827/3827/3827
f 705/705/705 3887/3887/3887 2121/2121/2121
f 3816/3816/3816 3907/3907/3907 698/698/698
f 2111/2111/2111 3911/3911/3911 2113/2113/2113
f 3810/3810/3810 1366/1366/1366 1411/1411/1411
f 1812/1812/1812 3822/3822/3822 1815/1815/1815
f 675/675/675 3852/3852/3852 674/674/674
f 3496/3496/3496 3851/3851/3851 675/675/675
f 2110/2110/2110 3868/3868/3868 2109/2109/2109
f 2104/2104/2104 3901/3901/3901 2106/2106/2106
f 2109/2109/2109 3899/3899/3899 944/944/944
f 3842/3842/3842 703/703/703 739/739/739
f 1680/1680/1680 3846/3846/3846 1684/1684/1684
f 1639/1639/1639 3819/3819/3819 3818/3818/3818
f 623/623/623 3906/3906/3906 697/697/697
f 2139/2139/2139 3866/3866/3866 3865/3865/3865
f 1808/1808/1808 3844/3844/3844 3837/3837/3837
f 3820/3820/3820 1819/1819/1819 1820/1820/1820
f 3872/3872/3872 3900/3900/3900 706/706/706
f 1646/1646/1646 3830/3830/3830 1648/1648/1648
f 3889/3889/3889 633/633/633 577/577/577
f 2139/2139/2139 3875/3875/3875 18/18/18
f 2156/2156/2156 3871/3871/3871 3874/3874/3874
f 674/674/674 3913/3913/3913 3869/3869/3869
f 2117/2117/2117 3812/3812/3812 2069/2069/2069
f 1815/1815/1815 3847/3847/3847 3823/3823/3823
f 3855/3855/3855 1444/1444/1444 1470/1470/1470
f 697/697/697 3912/3912/3912 3816/3816/3816
f 866/866/866 3836/3836/3836 3828/3828/3828
f 3864/3864/3864 2136/2136/2136 2135/2135/2135
f 3585/3585/3585 3726/3726/3726 3589/3589/3589
f 3583/3583/3583 3731/3731/3731 3585/3585/3585
f 3753/3753/3753 3738/3738/3738 3739/3739/3739
f 3740/3740/3740 3581/3581/3581 3743/3743/3743
f 1088/1088/1088 3746/3746/3746 1093/1093/1093
f 3739/3739/3739 3743/3743/3743 3753/3753/3753
f 2791/2791/2791 3493/3493/3493 2792/2792/2792
f 3492/3492/3492 2807/2807/2807 3493/3493/3493
f 2792/2792/2792 3494/3494/3494 2909/2909/2909
f 3493/3493/3493 2806/2806/2806 3494/3494/3494
f 3508/3508/3508 3494/3494/3494 3516/3516/3516
f 3516/3516/3516 2806/2806/2806 3539/3539/3539
f 2948/2948/2948 3791/3791/3791 3801/3801/3801
f 2105/2105/2105 3896/3896/3896 2104/2104/2104
f 3538/3538/3538 3804/3804/3804 2805/2805/2805
f 680/680/680 3876/3876/3876 683/683/683
f 1891/1891/1891 3910/3910/3910 3891/3891/3891
f 2905/2905/2905 3801/3801/3801 2950/2950/2950
f 2900/2900/2900 3799/3799/3799 2905/2905/2905
f 2901/2901/2901 3807/3807/3807 2877/2877/2877
f 2734/2734/2734 3806/3806/3806 3794/3794/3794
f 2877/2877/2877 3806/3806/3806 2878/2878/2878
f 2820/2820/2820 3794/3794/3794 2872/2872/2872
f 2818/2818/2818 3792/3792/3792 2827/2827/2827
f 2823/2823/2823 3792/3792/3792 2826/2826/2826
f 2822/2822/2822 3798/3798/3798 2821/2821/2821
f 2819/2819/2819 3800/3800/3800 3798/3798/3798
f 2817/2817/2817 3795/3795/3795 2816/2816/2816
f 2809/2809/2809 3795/3795/3795 2815/2815/2815
f 2808/2808/2808 3803/3803/3803 2807/2807/2807
f 2805/2805/2805 3803/3803/3803 2804/2804/2804
f 1702/1702/1702 3923/3923/3923 1599/1599/1599
f 3922/3922/3922 1797/1797/1797 1802/1802/1802
f 3915/3915/3915 1706/1706/1706 1709/1709/1709
f 3918/3918/3918 1692/1692/1692 1698/1698/1698
f 1657/1657/1657 3880/3880/3880 1879/1879/1879
f 1890/1890/1890 3895/3895/3895 3910/3910/3910
f 3772/3772/3772 1674/1674/1674 1675/1675/1675
f 1689/1689/1689 3772/3772/3772 3773/3773/3773
f 3926/3926/3926 3538/3538/3538 1688/1688/1688
f 3516/3516/3516 1689/1689/1689 3773/3773/3773
f 3917/3917/3917 1703/1703/1703 1764/1764/1764
f 1598/1598/1598 3928/3928/3928 1770/1770/1770
f 3880/3880/3880 1876/1876/1876 1879/1879/1879
f 1691/1691/1691 3925/3925/3925 3927/3927/3927
f 3925/3925/3925 1688/1688/1688 1687/1687/1687
f 1117/1117/1117 1118/1118/1118 3930/3930/3930
f 1066/1066/1066 1322/1322/1322 3930/3930/3930
f 1243/1243/1243 847/847/847 3930/3930/3930
f 3825/3825/3825 848/848/848 3930/3930/3930
f 1128/1128/1128 1117/1117/1117 3930/3930/3930
f 1129/1129/1129 1130/1130/1130 3930/3930/3930
f 841/841/841 1011/1011/1011 3930/3930/3930
f 1230/1230/1230 3863/3863/3863 3930/3930/3930
f 1242/1242/1242 1243/1243/1243 3930/3930/3930
f 1322/1322/1322 1229/1229/1229 3930/3930/3930
f 1064/1064/1064 1065/1065/1065 3930/3930/3930
f 1003/1003/1003 1128/1128/1128 3930/3930/3930
f 1229/1229/1229 1230/1230/1230 3930/3930/3930
f 3863/3863/3863 1285/1285/1285 3930/3930/3930
f 1285/1285/1285 1288/1288/1288 3930/3930/3930
f 848/848/848 839/839/839 3930/3930/3930
f 847/847/847 3825/3825/3825 3930/3930/3930
f 1118/1118/1118 1129/1129/1129 3930/3930/3930
f 1065/1065/1065 1066/1066/1066 3930/3930/3930
f 1087/1087/1087 1086/1086/1086 3930/3930/3930
f 1008/1008/1008 1002/1002/1002 3930/3930/3930
f 1011/1011/1011 1008/1008/1008 3930/3930/3930
f 1002/1002/1002 1003/1003/1003 3930/3930/3930
f 1076/1076/1076 1069/1069/1069 3930/3930/3930
f 838/838/838 841/841/841 3930/3930/3930
f 839/839/839 838/838/838 3930/3930/3930
f 1288/1288/1288 1242/1242/1242 3930/3930/3930
f 1130/1130/1130 1087/1087/1087 3930/3930/3930
f 1086/1086/1086 1076/1076/1076 3930/3930/3930
f 1069/1069/1069 1064/1064/1064 3930/3930/3930
f 2410/2410/2410 2414/2414/2414 3931/3931/3931
f 2411/2411/2411 2410/2410/2410 3931/3931/3931
f 3617/3617/3617 2285/2285/2285 3931/3931/3931
f 2394/2394/2394 2393/2393/2393 3931/3931/3931
f 2393/2393/2393 2396/2396/2396 3931/3931/3931
f 2281/2281/2281 2286/2286/2286 3931/3931/3931
f 2282/2282/2282 2280/2280/2280 3931/3931/3931
f 2398/2398/2398 2399/2399/2399 3931/3931/3931
f 2465/2465/2465 2464/2464/2464 3931/3931/3931
f 2396/2396/2396 2397/2397/2397 3931/3931/3931
f 2470/2470/2470 2469/2469/2469 3931/3931/3931
f 2399/2399/2399 2416/2416/2416 3931/3931/3931
f 2480/2480/2480 2395/2395/2395 3931/3931/3931
f 2459/2459/2459 2480/2480/2480 3931/3931/3931
f 2369/2369/2369 2282/2282/2282 3931/3931/3931
f 2460/2460/2460 2459/2459/2459 3931/3931/3931
f 2415/2415/2415 2411/2411/2411 3931/3931/3931
f 2416/2416/2416 2415/2415/2415 3931/3931/3931
f 2364/2364/2364 2363/2363/2363 3931/3931/3931
f 2286/2286/2286 3617/3617/3617 3931/3931/3931
f 2464/2464/2464 2470/2470/2470 3931/3931/3931
f 2469/2469/2469 3703/3703/3703 3931/3931/3931
f 2285/2285/2285 2465/2465/2465 3931/3931/3931
f 2414/2414/2414 2364/2364/2364 3931/3931/3931
f 2395/2395/2395 2394/2394/2394 3931/3931/3931
f 2363/2363/2363 2367/2367/2367 3931/3931/3931
f 2397/2397/2397 2398/2398/2398 3931/3931/3931
f 2280/2280/2280 2281/2281/2281 3931/3931/3931
f 3703/3703/3703 2460/2460/2460 3931/3931/3931
f 2367/2367/2367 2369/2369/2369 3931/3931/3931
f 3934/3934/3934 3937/3937/3937 3938/3938/3938
f 3934/3934/3934 3939/3939/3939 3935/3935/3935
f 3932/3932/3932 3937/3937/3937 3933/3933/3933
f 3938/3938/3938 3943/3943/3943 3939/3939/3939
f 3937/3937/3937 3940/3940/3940 3941/3941/3941
f 3937/3937/3937 3942/3942/3942 3938/3938/3938
f 3942/3942/3942 3947/3947/3947 3943/3943/3943
f 3941/3941/3941 3944/3944/3944 3945/3945/3945
f 3942/3942/3942 3945/3945/3945 3946/3946/3946
f 3947/3947/3947 3950/3950/3950 3951/3951/3951
f 3944/3944/3944 3949/3949/3949 3945/3945/3945
f 3945/3945/3945 3950/3950/3950 3946/3946/3946
f 3950/3950/3950 3955/3955/3955 3951/3951/3951
f 3949/3949/3949 3952/3952/3952 3953/3953/3953
f 3950/3950/3950 3953/3953/3953 3954/3954/3954
f 3955/3955/3955 3958/3958/3958 3959/3959/3959
f 3953/3953/3953 3956/3956/3956 3957/3957/3957
f 3953/3953/3953 3958/3958/3958 3954/3954/3954
f 3959/3959/3959 3962/3962/3962 3963/3963/3963
f 3957/3957/3957 3960/3960/3960 3961/3961/3961
f 3958/3958/3958 3961/3961/3961 3962/3962/3962
f 3962/3962/3962 3967/3967/3967 3963/3963/3963
f 3960/3960/3960 3965/3965/3965 3961/3961/3961
f 3961/3961/3961 3966/3966/3966 3962/3962/3962
f 3966/3966/3966 3971/3971/3971 3967/3967/3967
f 3965/3965/3965 3968/3968/3968 3969/3969/3969
f 3966/3966/3966 3969/3969/3969 3970/3970/3970
f 3970/3970/3970 3975/3975/3975 3971/3971/3971
f 3968/3968/3968 3973/3973/3973 3969/3969/3969
f 3969/3969/3969 3974/3974/3974 3970/3970/3970
f 3974/3974/3974 3979/3979/3979 3975/3975/3975
f 3973/3973/3973 3976/3976/3976 3977/3977/3977
f 3974/3974/3974 3977/3977/3977 3978/3978/3978
f 3979/3979/3979 3982/3982/3982 3983/3983/3983
f 3976/3976/3976 3981/3981/3981 3977/3977/3977
f 3977/3977/3977 3982/3982/3982 3978/3978/3978
f 3982/3982/3982 3987/3987/3987 3983/3983/3983
f 3981/3981/3981 3984/3984/3984 3985/3985/3985
f 3982/3982/3982 3985/3985/3985 3986/3986/3986
f 3987/3987/3987 3990/3990/3990 3991/3991/3991
f 3984/3984/3984 3989/3989/3989 3985/3985/3985
f 3985/3985/3985 3990/3990/3990 3986/3986/3986
f 3991/3991/3991 3994/3994/3994 3995/3995/3995
f 3989/3989/3989 3992/3992/3992 3993/3993/3993
f 3990/3990/3990 3993/3993/3993 3994/3994/3994
f 3995/3995/3995 3998/3998/3998 3999/3999/3999
f 3992/3992/3992 3997/3997/3997 3993/3993/3993
f 3993/3993/3993 3998/3998/3998 3994/3994/3994
f 3998/3998/3998 4003/4003/4003 3999/3999/3999
f 3997/3997/3997 4000/4000/4000 4001/4001/4001
f 3998/3998/3998 4001/4001/4001 4002/4002/4002
f 4002/4002/4002 4007/4007/4007 4003/4003/4003
f 4000/4000/4000 4005/4005/4005 4001/4001/4001
f 4001/4001/4001 4006/4006/4006 4002/4002/4002
f 4006/4006/4006 4011/4011/4011 4007/4007/4007
f 4005/4005/4005 4008/4008/4008 4009/4009/4009
f 4006/4006/4006 4009/4009/4009 4010/4010/4010
f 4011/4011/4011 4014/4014/4014 4015/4015/4015
f 4008/4008/4008 4013/4013/4013 4009/4009/4009
f 4009/4009/4009 4014/4014/4014 4010/4010/4010
f 4014/4014/4014 4019/4019/4019 4015/4015/4015
f 4013/4013/4013 4016/4016/4016 4017/4017/4017
f 4014/4014/4014 4017/4017/4017 4018/4018/4018
f 4019/4019/4019 4022/4022/4022 4023/4023/4023
f 4016/4016/4016 4021/4021/4021 4017/4017/4017
f 4017/4017/4017 4022/4022/4022 4018/4018/4018
f 4023/4023/4023 4026/4026/4026 4027/4027/4027
f 4021/4021/4021 4024/4024/4024 4025/4025/4025
f 4022/4022/4022 4025/4025/4025 4026/4026/4026
f 4027/4027/4027 4030/4030/4030 4031/4031/4031
f 4024/4024/4024 4029/4029/4029 4025/4025/4025
f 4025/4025/4025 4030/4030/4030 4026/4026/4026
f 4031/4031/4031 4034/4034/4034 4035/4035/4035
f 4029/4029/4029 4032/4032/4032 4033/4033/4033
f 4030/4030/4030 4033/4033/4033 4034/4034/4034
f 4034/4034/4034 4039/4039/4039 4035/4035/4035
f 4032/4032/4032 4037/4037/4037 4033/4033/4033
f 4033/4033/4033 4038/4038/4038 4034/4034/4034
f 4038/4038/4038 4043/4043/4043 4039/4039/4039
f 4037/4037/4037 4040/4040/4040 4041/4041/4041
f 4038/4038/4038 4041/4041/4041 4042/4042/4042
f 4043/4043/4043 4046/4046/4046 4047/4047/4047
f 4040/4040/4040 4045/4045/4045 4041/4041/4041
f 4041/4041/4041 4046/4046/4046 4042/4042/4042
f 4046/4046/4046 4051/4051/4051 4047/4047/4047
f 4045/4045/4045 4048/4048/4048 4049/4049/4049
f 4046/4046/4046 4049/4049/4049 4050/4050/4050
f 4051/4051/4051 4055/4055/4055 4056/4056/4056
f 4048/4048/4048 4054/4054/4054 4049/4049/4049
f 4049/4049/4049 4055/4055/4055 4050/4050/4050
f 4056/4056/4056 4059/4059/4059 4060/4060/4060
f 4053/4053/4053 4058/4058/4058 4054/4054/4054
f 4055/4055/4055 4058/4058/4058 4059/4059/4059
f 3932/3932/3932 4052/4052/4052 3936/3936/3936
f 3936/3936/3936 4052/4052/4052 3940/3940/3940
f 3940/3940/3940 4052/4052/4052 3944/3944/3944
f 3944/3944/3944 4052/4052/4052 3948/3948/3948
f 3948/3948/3948 4052/4052/4052 3952/3952/3952
f 3952/3952/3952 4052/4052/4052 3956/3956/3956
f 3956/3956/3956 4052/4052/4052 3960/3960/3960
f 3960/3960/3960 4052/4052/4052 3964/3964/3964
f 3964/3964/3964 4052/4052/4052 3968/3968/3968
f 3968/3968/3968 4052/4052/4052 3972/3972/3972
f 3972/3972/3972 4052/4052/4052 3976/3976/3976
f 3976/3976/3976 4052/4052/4052 3980/3980/3980
f 3980/3980/3980 4052/4052/4052 3984/3984/3984
f 3984/3984/3984 4052/4052/4052 3988/3988/3988
f 3988/3988/3988 4052/4052/4052 3992/3992/3992
f 3992/3992/3992 4052/4052/4052 3996/3996/3996
f 3996/3996/3996 4052/4052/4052 4000/4000/4000
f 4000/4000/4000 4052/4052/4052 4004/4004/4004
f 4004/4004/4004 4052/4052/4052 4008/4008/4008
f 4008/4008/4008 4052/4052/4052 4012/4012/4012
f 4012/4012/4012 4052/4052/4052 4016/4016/4016
f 4016/4016/4016 4052/4052/4052 4020/4020/4020
f 4020/4020/4020 4052/4052/4052 4024/4024/4024
f 4024/4024/4024 4052/4052/4052 4028/4028/4028
f 4028/4028/4028 4052/4052/4052 4032/4032/4032
f 4032/4032/4032 4052/4052/4052 4036/4036/4036
f 4036/4036/4036 4052/4052/4052 4040/4040/4040
f 4040/4040/4040 4052/4052/4052 4044/4044/4044
f 4044/4044/4044 4052/4052/4052 4048/4048/4048
f 4048/4048/4048 4052/4052/4052 4053/4053/4053
f 4053/4053/4053 4052/4052/4052 4057/4057/4057
f 4060/4060/4060 3934/3934/3934 3935/3935/3935
f 4058/4058/4058 3932/3932/3932 3933/3933/3933
f 4058/4058/4058 3934/3934/3934 4059/4059/4059
f 4057/4057/4057 4052/4052/4052 3932/3932/3932
f 4069/4069/4069 4081/4081/4081 4082/4082/4082
f 4066/4066/4066 4080/4080/4080 4067/4067/4067
f 4065/4065/4065 4077/4077/4077 4078/4078/4078
f 4063/4063/4063 4075/4075/4075 4076/4076/4076
f 4071/4071/4071 4085/4085/4085 4072/4072/4072
f 4069/4069/4069 4083/4083/4083 4070/4070/4070
f 4067/4067/4067 4081/4081/4081 4068/4068/4068
f 4066/4066/4066 4078/4078/4078 4079/4079/4079
f 4063/4063/4063 4077/4077/4077 4064/4064/4064
f 4061/4061/4061 4075/4075/4075 4062/4062/4062
f 4072/4072/4072 4086/4086/4086 4073/4073/4073
f 4071/4071/4071 4083/4083/4083 4084/4084/4084
f 4076/4076/4076 4090/4090/4090 4077/4077/4077
f 4074/4074/4074 4088/4088/4088 4075/4075/4075
f 4086/4086/4086 4098/4098/4098 4099/4099/4099
f 4083/4083/4083 4097/4097/4097 4084/4084/4084
f 4082/4082/4082 4094/4094/4094 4095/4095/4095
f 4079/4079/4079 4093/4093/4093 4080/4080/4080
f 4078/4078/4078 4090/4090/4090 4091/4091/4091
f 4076/4076/4076 4088/4088/4088 4089/4089/4089
f 4085/4085/4085 4097/4097/4097 4098/4098/4098
f 4082/4082/4082 4096/4096/4096 4083/4083/4083
f 4080/4080/4080 4094/4094/4094 4081/4081/4081
f 4079/4079/4079 4091/4091/4091 4092/4092/4092
f 4089/4089/4089 4103/4103/4103 4090/4090/4090
f 4088/4088/4088 4100/4100/4100 4101/4101/4101
f 4098/4098/4098 4112/4112/4112 4099/4099/4099
f 4096/4096/4096 4110/4110/4110 4097/4097/4097
f 4095/4095/4095 4107/4107/4107 4108/4108/4108
f 4092/4092/4092 4106/4106/4106 4093/4093/4093
f 4090/4090/4090 4104/4104/4104 4091/4091/4091
f 4089/4089/4089 4101/4101/4101 4102/4102/4102
f 4097/4097/4097 4111/4111/4111 4098/4098/4098
f 4095/4095/4095 4109/4109/4109 4096/4096/4096
f 4094/4094/4094 4106/4106/4106 4107/4107/4107
f 4092/4092/4092 4104/4104/4104 4105/4105/4105
f 4103/4103/4103 4115/4115/4115 4116/4116/4116
f 4100/4100/4100 4114/4114/4114 4101/4101/4101
f 4112/4112/4112 4124/4124/4124 4125/4125/4125
f 4110/4110/4110 4122/4122/4122 4123/4123/4123
f 4107/4107/4107 4121/4121/4121 4108/4108/4108
f 4105/4105/4105 4119/4119/4119 4106/4106/4106
f 4103/4103/4103 4117/4117/4117 4104/4104/4104
f 4101/4101/4101 4115/4115/4115 4102/4102/4102
f 4110/4110/4110 4124/4124/4124 4111/4111/4111
f 4109/4109/4109 4121/4121/4121 4122/4122/4122
f 4107/4107/4107 4119/4119/4119 4120/4120/4120
f 4105/4105/4105 4117/4117/4117 4118/4118/4118
f 4115/4115/4115 4129/4129/4129 4116/4116/4116
f 4114/4114/4114 4126/4126/4126 4127/4127/4127
f 4124/4124/4124 4138/4138/4138 4125/4125/4125
f 4123/4123/4123 4135/4135/4135 4136/4136/4136
f 4120/4120/4120 4134/4134/4134 4121/4121/4121
f 4119/4119/4119 4131/4131/4131 4132/4132/4132
f 4117/4117/4117 4129/4129/4129 4130/4130/4130
f 4114/4114/4114 4128/4128/4128 4115/4115/4115
f 4124/4124/4124 4136/4136/4136 4137/4137/4137
f 4122/4122/4122 4134/4134/4134 4135/4135/4135
f 4119/4119/4119 4133/4133/4133 4120/4120/4120
f 4117/4117/4117 4131/4131/4131 4118/4118/4118
f 4129/4129/4129 4141/4141/4141 4142/4142/4142
f 4126/4126/4126 4140/4140/4140 4127/4127/4127
f 4138/4138/4138 4150/4150/4150 4151/4151/4151
f 4136/4136/4136 4148/4148/4148 4149/4149/4149
f 4133/4133/4133 4147/4147/4147 4134/4134/4134
f 4131/4131/4131 4145/4145/4145 4132/4132/4132
f 4130/4130/4130 4142/4142/4142 4143/4143/4143
f 4127/4127/4127 4141/4141/4141 4128/4128/4128
f 4137/4137/4137 4149/4149/4149 4150/4150/4150
f 4135/4135/4135 4147/4147/4147 4148/4148/4148
f 4132/4132/4132 4146/4146/4146 4133/4133/4133
f 4131/4131/4131 4143/4143/4143 4144/4144/4144
f 4142/4142/4142 4154/4154/4154 4155/4155/4155
f 4140/4140/4140 4152/4152/4152 4153/4153/4153
f 4150/4150/4150 4164/4164/4164 4151/4151/4151
f 4149/4149/4149 4161/4161/4161 4162/4162/4162
f 4146/4146/4146 4160/4160/4160 4147/4147/4147
f 4144/4144/4144 4158/4158/4158 4145/4145/4145
f 4142/4142/4142 4156/4156/4156 4143/4143/4143
f 4140/4140/4140 4154/4154/4154 4141/4141/4141
f 4149/4149/4149 4163/4163/4163 4150/4150/4150
f 4148/4148/4148 4160/4160/4160 4161/4161/4161
f 4146/4146/4146 4158/4158/4158 4159/4159/4159
f 4144/4144/4144 4156/4156/4156 4157/4157/4157
f 4155/4155/4155 4167/4167/4167 4168/4168/4168
f 4153/4153/4153 4165/4165/4165 4166/4166/4166
f 4163/4163/4163 4177/4177/4177 4164/4164/4164
f 4161/4161/4161 4175/4175/4175 4162/4162/4162
f 4159/4159/4159 4173/4173/4173 4160/4160/4160
f 4158/4158/4158 4170/4170/4170 4171/4171/4171
f 4155/4155/4155 4169/4169/4169 4156/4156/4156
f 4153/4153/4153 4167/4167/4167 4154/4154/4154
f 4163/4163/4163 4175/4175/4175 4176/4176/4176
f 4161/4161/4161 4173/4173/4173 4174/4174/4174
f 4159/4159/4159 4171/4171/4171 4172/4172/4172
f 4156/4156/4156 4170/4170/4170 4157/4157/4157
f 4167/4167/4167 4181/4181/4181 4168/4168/4168
f 4165/4165/4165 4179/4179/4179 4166/4166/4166
f 4176/4176/4176 4190/4190/4190 4177/4177/4177
f 4175/4175/4175 4187/4187/4187 4188/4188/4188
f 4173/4173/4173 4185/4185/4185 4186/4186/4186
f 4170/4170/4170 4184/4184/4184 4171/4171/4171
f 4169/4169/4169 4181/4181/4181 4182/4182/4182
f 4167/4167/4167 4179/4179/4179 4180/4180/4180
f 4175/4175/4175 4189/4189/4189 4176/4176/4176
f 4173/4173/4173 4187/4187/4187 4174/4174/4174
f 4171/4171/4171 4185/4185/4185 4172/4172/4172
f 4170/4170/4170 4182/4182/4182 4183/4183/4183
f 4180/4180/4180 4194/4194/4194 4181/4181/4181
f 4178/4178/4178 4192/4192/4192 4179/4179/4179
f 4190/4190/4190 4202/4202/4202 4203/4203/4203
f 4187/4187/4187 4201/4201/4201 4188/4188/4188
f 4186/4186/4186 4198/4198/4198 4199/4199/4199
f 4183/4183/4183 4197/4197/4197 4184/4184/4184
f 4182/4182/4182 4194/4194/4194 4195/4195/4195
f 4180/4180/4180 4192/4192/4192 4193/4193/4193
f 4189/4189/4189 4201/4201/4201 4202/4202/4202
f 4186/4186/4186 4200/4200/4200 4187/4187/4187
f 4184/4184/4184 4198/4198/4198 4185/4185/4185
f 4183/4183/4183 4195/4195/4195 4196/4196/4196
f 4193/4193/4193 4207/4207/4207 4194/4194/4194
f 4192/4192/4192 4204/4204/4204 4205/4205/4205
f 4202/4202/4202 4216/4216/4216 4203/4203/4203
f 4200/4200/4200 4214/4214/4214 4201/4201/4201
f 4199/4199/4199 4211/4211/4211 4212/4212/4212
f 4196/4196/4196 4210/4210/4210 4197/4197/4197
f 4194/4194/4194 4208/4208/4208 4195/4195/4195
f 4193/4193/4193 4205/4205/4205 4206/4206/4206
f 4201/4201/4201 4215/4215/4215 4202/4202/4202
f 4199/4199/4199 4213/4213/4213 4200/4200/4200
f 4198/4198/4198 4210/4210/4210 4211/4211/4211
f 4196/4196/4196 4208/4208/4208 4209/4209/4209
f 4207/4207/4207 4219/4219/4219 4220/4220/4220
f 4204/4204/4204 4218/4218/4218 4205/4205/4205
f 4216/4216/4216 4228/4228/4228 4229/4229/4229
f 4213/4213/4213 4227/4227/4227 4214/4214/4214
f 4211/4211/4211 4225/4225/4225 4212/4212/4212
f 4209/4209/4209 4223/4223/4223 4210/4210/4210
f 4207/4207/4207 4221/4221/4221 4208/4208/4208
f 4205/4205/4205 4219/4219/4219 4206/4206/4206
f 4214/4214/4214 4228/4228/4228 4215/4215/4215
f 4213/4213/4213 4225/4225/4225 4226/4226/4226
f 4211/4211/4211 4223/4223/4223 4224/4224/4224
f 4209/4209/4209 4221/4221/4221 4222/4222/4222
f 4219/4219/4219 4233/4233/4233 4220/4220/4220
f 4218/4218/4218 4230/4230/4230 4231/4231/4231
f 4228/4228/4228 4242/4242/4242 4229/4229/4229
f 4226/4226/4226 4240/4240/4240 4227/4227/4227
f 4225/4225/4225 4237/4237/4237 4238/4238/4238
f 4223/4223/4223 4235/4235/4235 4236/4236/4236
f 4221/4221/4221 4233/4233/4233 4234/4234/4234
f 4218/4218/4218 4232/4232/4232 4219/4219/4219
f 4228/4228/4228 4240/4240/4240 4241/4241/4241
f 4226/4226/4226 4238/4238/4238 4239/4239/4239
f 4223/4223/4223 4237/4237/4237 4224/4224/4224
f 4221/4221/4221 4235/4235/4235 4222/4222/4222
f 4233/4233/4233 4245/4245/4245 4246/4246/4246
f 4230/4230/4230 4244/4244/4244 4231/4231/4231
f 4242/4242/4242 4254/4254/4254 4255/4255/4255
f 4240/4240/4240 4252/4252/4252 4253/4253/4253
f 4237/4237/4237 4251/4251/4251 4238/4238/4238
f 4235/4235/4235 4249/4249/4249 4236/4236/4236
f 4234/4234/4234 4246/4246/4246 4247/4247/4247
f 4231/4231/4231 4245/4245/4245 4232/4232/4232
f 4241/4241/4241 4253/4253/4253 4254/4254/4254
f 4239/4239/4239 4251/4251/4251 4252/4252/4252
f 4236/4236/4236 4250/4250/4250 4237/4237/4237
f 4235/4235/4235 4247/4247/4247 4248/4248/4248
f 4246/4246/4246 4258/4258/4258 4259/4259/4259
f 4244/4244/4244 4256/4256/4256 4257/4257/4257
f 4254/4254/4254 4268/4268/4268 4255/4255/4255
f 4253/4253/4253 4265/4265/4265 4266/4266/4266
f 4250/4250/4250 4264/4264/4264 4251/4251/4251
f 4248/4248/4248 4262/4262/4262 4249/4249/4249
f 4246/4246/4246 4260/4260/4260 4247/4247/4247
f 4244/4244/4244 4258/4258/4258 4245/4245/4245
f 4253/4253/4253 4267/4267/4267 4254/4254/4254
f 4252/4252/4252 4264/4264/4264 4265/4265/4265
f 4250/4250/4250 4262/4262/4262 4263/4263/4263
f 4248/4248/4248 4260/4260/4260 4261/4261/4261
f 4259/4259/4259 4271/4271/4271 4272/4272/4272
f 4257/4257/4257 4269/4269/4269 4270/4270/4270
f 4267/4267/4267 4281/4281/4281 4268/4268/4268
f 4265/4265/4265 4279/4279/4279 4266/4266/4266
f 4263/4263/4263 4277/4277/4277 4264/4264/4264
f 4262/4262/4262 4274/4274/4274 4275/4275/4275
f 4259/4259/4259 4273/4273/4273 4260/4260/4260
f 4257/4257/4257 4271/4271/4271 4258/4258/4258
f 4266/4266/4266 4280/4280/4280 4267/4267/4267
f 4265/4265/4265 4277/4277/4277 4278/4278/4278
f 4263/4263/4263 4275/4275/4275 4276/4276/4276
f 4260/4260/4260 4274/4274/4274 4261/4261/4261
f 4271/4271/4271 4285/4285/4285 4272/4272/4272
f 4269/4269/4269 4283/4283/4283 4270/4270/4270
f 4281/4281/4281 4293/4293/4293 4294/4294/4294
f 4279/4279/4279 4291/4291/4291 4292/4292/4292
f 4277/4277/4277 4289/4289/4289 4290/4290/4290
f 4274/4274/4274 4288/4288/4288 4275/4275/4275
f 4273/4273/4273 4285/4285/4285 4286/4286/4286
f 4271/4271/4271 4283/4283/4283 4284/4284/4284
f 4280/4280/4280 4292/4292/4292 4293/4293/4293
f 4277/4277/4277 4291/4291/4291 4278/4278/4278
f 4275/4275/4275 4289/4289/4289 4276/4276/4276
f 4274/4274/4274 4286/4286/4286 4287/4287/4287
f 4284/4284/4284 4298/4298/4298 4285/4285/4285
f 4282/4282/4282 4296/4296/4296 4283/4283/4283
f 4294/4294/4294 4306/4306/4306 4307/4307/4307
f 4291/4291/4291 4305/4305/4305 4292/4292/4292
f 4290/4290/4290 4302/4302/4302 4303/4303/4303
f 4287/4287/4287 4301/4301/4301 4288/4288/4288
f 4286/4286/4286 4298/4298/4298 4299/4299/4299
f 4284/4284/4284 4296/4296/4296 4297/4297/4297
f 4293/4293/4293 4305/4305/4305 4306/4306/4306
f 4290/4290/4290 4304/4304/4304 4291/4291/4291
f 4288/4288/4288 4302/4302/4302 4289/4289/4289
f 4287/4287/4287 4299/4299/4299 4300/4300/4300
f 4297/4297/4297 4311/4311/4311 4298/4298/4298
f 4296/4296/4296 4308/4308/4308 4309/4309/4309
f 4306/4306/4306 4320/4320/4320 4307/4307/4307
f 4304/4304/4304 4318/4318/4318 4305/4305/4305
f 4303/4303/4303 4315/4315/4315 4316/4316/4316
f 4300/4300/4300 4314/4314/4314 4301/4301/4301
f 4298/4298/4298 4312/4312/4312 4299/4299/4299
f 4297/4297/4297 4309/4309/4309 4310/4310/4310
f 4305/4305/4305 4319/4319/4319 4306/4306/4306
f 4304/4304/4304 4316/4316/4316 4317/4317/4317
f 4302/4302/4302 4314/4314/4314 4315/4315/4315
f 4300/4300/4300 4312/4312/4312 4313/4313/4313
f 4310/4310/4310 4324/4324/4324 4311/4311/4311
f 4308/4308/4308 4322/4322/4322 4309/4309/4309
f 4320/4320/4320 4332/4332/4332 4333/4333/4333
f 4318/4318/4318 4330/4330/4330 4331/4331/4331
f 4316/4316/4316 4328/4328/4328 4329/4329/4329
f 4313/4313/4313 4327/4327/4327 4314/4314/4314
f 4311/4311/4311 4325/4325/4325 4312/4312/4312
f 4310/4310/4310 4322/4322/4322 4323/4323/4323
f 4318/4318/4318 4332/4332/4332 4319/4319/4319
f 4316/4316/4316 4330/4330/4330 4317/4317/4317
f 4315/4315/4315 4327/4327/4327 4328/4328/4328
f 4312/4312/4312 4326/4326/4326 4313/4313/4313
f 4323/4323/4323 4337/4337/4337 4324/4324/4324
f 4322/4322/4322 4334/4334/4334 4335/4335/4335
f 4332/4332/4332 4346/4346/4346 4333/4333/4333
f 4330/4330/4330 4344/4344/4344 4331/4331/4331
f 4329/4329/4329 4341/4341/4341 4342/4342/4342
f 4327/4327/4327 4339/4339/4339 4340/4340/4340
f 4325/4325/4325 4337/4337/4337 4338/4338/4338
f 4322/4322/4322 4336/4336/4336 4323/4323/4323
f 4332/4332/4332 4344/4344/4344 4345/4345/4345
f 4330/4330/4330 4342/4342/4342 4343/4343/4343
f 4327/4327/4327 4341/4341/4341 4328/4328/4328
f 4325/4325/4325 4339/4339/4339 4326/4326/4326
f 4337/4337/4337 4350/4350/4350 4351/4351/4351
f 4334/4334/4334 4349/4349/4349 4335/4335/4335
f 4346/4346/4346 4359/4359/4359 4360/4360/4360
f 4344/4344/4344 4357/4357/4357 4358/4358/4358
f 4341/4341/4341 4356/4356/4356 4342/4342/4342
f 4340/4340/4340 4353/4353/4353 4354/4354/4354
f 4338/4338/4338 4351/4351/4351 4352/4352/4352
f 4335/4335/4335 4350/4350/4350 4336/4336/4336
f 4345/4345/4345 4358/4358/4358 4359/4359/4359
f 4343/4343/4343 4356/4356/4356 4357/4357/4357
f 4340/4340/4340 4355/4355/4355 4341/4341/4341
f 4338/4338/4338 4353/4353/4353 4339/4339/4339
f 4351/4351/4351 4363/4363/4363 4364/4364/4364
f 4349/4349/4349 4361/4361/4361 4362/4362/4362
f 4359/4359/4359 4373/4373/4373 4360/4360/4360
f 4358/4358/4358 4370/4370/4370 4371/4371/4371
f 4355/4355/4355 4369/4369/4369 4356/4356/4356
f 4354/4354/4354 4366/4366/4366 4367/4367/4367
f 4351/4351/4351 4365/4365/4365 4352/4352/4352
f 4349/4349/4349 4363/4363/4363 4350/4350/4350
f 4358/4358/4358 4372/4372/4372 4359/4359/4359
f 4357/4357/4357 4369/4369/4369 4370/4370/4370
f 4355/4355/4355 4367/4367/4367 4368/4368/4368
f 4352/4352/4352 4366/4366/4366 4353/4353/4353
f 4364/4364/4364 4376/4376/4376 4377/4377/4377
f 4362/4362/4362 4374/4374/4374 4375/4375/4375
f 4373/4373/4373 4385/4385/4385 4386/4386/4386
f 4370/4370/4370 4384/4384/4384 4371/4371/4371
f 4368/4368/4368 4382/4382/4382 4369/4369/4369
f 4367/4367/4367 4379/4379/4379 4380/4380/4380
f 4364/4364/4364 4378/4378/4378 4365/4365/4365
f 4362/4362/4362 4376/4376/4376 4363/4363/4363
f 4372/4372/4372 4384/4384/4384 4385/4385/4385
f 4370/4370/4370 4382/4382/4382 4383/4383/4383
f 4368/4368/4368 4380/4380/4380 4381/4381/4381
f 4365/4365/4365 4379/4379/4379 4366/4366/4366
f 4376/4376/4376 4390/4390/4390 4377/4377/4377
f 4374/4374/4374 4388/4388/4388 4375/4375/4375
f 4385/4385/4385 4399/4399/4399 4386/4386/4386
f 4384/4384/4384 4396/4396/4396 4397/4397/4397
f 4382/4382/4382 4394/4394/4394 4395/4395/4395
f 4379/4379/4379 4393/4393/4393 4380/4380/4380
f 4378/4378/4378 4390/4390/4390 4391/4391/4391
f 4376/4376/4376 4388/4388/4388 4389/4389/4389
f 4384/4384/4384 4398/4398/4398 4385/4385/4385
f 4382/4382/4382 4396/4396/4396 4383/4383/4383
f 4380/4380/4380 4394/4394/4394 4381/4381/4381
f 4379/4379/4379 4391/4391/4391 4392/4392/4392
f 4389/4389/4389 4403/4403/4403 4390/4390/4390
f 4387/4387/4387 4401/4401/4401 4388/4388/4388
f 4399/4399/4399 4411/4411/4411 4412/4412/4412
f 4396/4396/4396 4410/4410/4410 4397/4397/4397
f 4395/4395/4395 4407/4407/4407 4408/4408/4408
f 4393/4393/4393 4405/4405/4405 4406/4406/4406
f 4391/4391/4391 4403/4403/4403 4404/4404/4404
f 4389/4389/4389 4401/4401/4401 4402/4402/4402
f 4398/4398/4398 4410/4410/4410 4411/4411/4411
f 4395/4395/4395 4409/4409/4409 4396/4396/4396
f 4393/4393/4393 4407/4407/4407 4394/4394/4394
f 4391/4391/4391 4405/4405/4405 4392/4392/4392
f 4402/4402/4402 4416/4416/4416 4403/4403/4403
f 4401/4401/4401 4413/4413/4413 4414/4414/4414
f 4411/4411/4411 4425/4425/4425 4412/4412/4412
f 4409/4409/4409 4423/4423/4423 4410/4410/4410
f 4408/4408/4408 4420/4420/4420 4421/4421/4421
f 4406/4406/4406 4418/4418/4418 4419/4419/4419
f 4403/4403/4403 4417/4417/4417 4404/4404/4404
f 4402/4402/4402 4414/4414/4414 4415/4415/4415
f 4410/4410/4410 4424/4424/4424 4411/4411/4411
f 4408/4408/4408 4422/4422/4422 4409/4409/4409
f 4407/4407/4407 4419/4419/4419 4420/4420/4420
f 4404/4404/4404 4418/4418/4418 4405/4405/4405
f 4416/4416/4416 4428/4428/4428 4429/4429/4429
f 4413/4413/4413 4427/4427/4427 4414/4414/4414
f 4425/4425/4425 4437/4437/4437 4438/4438/4438
f 4423/4423/4423 4435/4435/4435 4436/4436/4436
f 4421/4421/4421 4433/4433/4433 4434/4434/4434
f 4418/4418/4418 4432/4432/4432 4419/4419/4419
f 4416/4416/4416 4430/4430/4430 4417/4417/4417
f 4415/4415/4415 4427/4427/4427 4428/4428/4428
f 4423/4423/4423 4437/4437/4437 4424/4424/4424
f 4421/4421/4421 4435/4435/4435 4422/4422/4422
f 4420/4420/4420 4432/4432/4432 4433/4433/4433
f 4418/4418/4418 4430/4430/4430 4431/4431/4431
f 4428/4428/4428 4442/4442/4442 4429/4429/4429
f 4426/4426/4426 4440/4440/4440 4427/4427/4427
f 4437/4437/4437 4451/4451/4451 4438/4438/4438
f 4435/4435/4435 4449/4449/4449 4436/4436/4436
f 4434/4434/4434 4446/4446/4446 4447/4447/4447
f 4432/4432/4432 4444/4444/4444 4445/4445/4445
f 4430/4430/4430 4442/4442/4442 4443/4443/4443
f 4427/4427/4427 4441/4441/4441 4428/4428/4428
f 4437/4437/4437 4449/4449/4449 4450/4450/4450
f 4435/4435/4435 4447/4447/4447 4448/4448/4448
f 4432/4432/4432 4446/4446/4446 4433/4433/4433
f 4430/4430/4430 4444/4444/4444 4431/4431/4431
f 4442/4442/4442 4454/4454/4454 4455/4455/4455
f 4439/4439/4439 4453/4453/4453 4440/4440/4440
f 4451/4451/4451 4463/4463/4463 4464/4464/4464
f 4449/4449/4449 4461/4461/4461 4462/4462/4462
f 4446/4446/4446 4460/4460/4460 4447/4447/4447
f 4444/4444/4444 4458/4458/4458 4445/4445/4445
f 4443/4443/4443 4455/4455/4455 4456/4456/4456
f 4440/4440/4440 4454/4454/4454 4441/4441/4441
f 4450/4450/4450 4462/4462/4462 4463/4463/4463
f 4447/4447/4447 4461/4461/4461 4448/4448/4448
f 4445/4445/4445 4459/4459/4459 4446/4446/4446
f 4444/4444/4444 4456/4456/4456 4457/4457/4457
f 4455/4455/4455 4467/4467/4467 4468/4468/4468
f 4453/4453/4453 4465/4465/4465 4466/4466/4466
f 4463/4463/4463 4477/4477/4477 4464/4464/4464
f 4462/4462/4462 4474/4474/4474 4475/4475/4475
f 4459/4459/4459 4473/4473/4473 4460/4460/4460
f 4457/4457/4457 4471/4471/4471 4458/4458/4458
f 4455/4455/4455 4469/4469/4469 4456/4456/4456
f 4453/4453/4453 4467/4467/4467 4454/4454/4454
f 4462/4462/4462 4476/4476/4476 4463/4463/4463
f 4461/4461/4461 4473/4473/4473 4474/4474/4474
f 4459/4459/4459 4471/4471/4471 4472/4472/4472
f 4457/4457/4457 4469/4469/4469 4470/4470/4470
f 4347/4347/4347 4073/4073/4073 4086/4086/4086
f 4347/4347/4347 4086/4086/4086 4099/4099/4099
f 4347/4347/4347 4099/4099/4099 4112/4112/4112
f 4347/4347/4347 4112/4112/4112 4125/4125/4125
f 4347/4347/4347 4125/4125/4125 4138/4138/4138
f 4347/4347/4347 4138/4138/4138 4151/4151/4151
f 4347/4347/4347 4151/4151/4151 4164/4164/4164
f 4347/4347/4347 4164/4164/4164 4177/4177/4177
f 4347/4347/4347 4177/4177/4177 4190/4190/4190
f 4347/4347/4347 4190/4190/4190 4203/4203/4203
f 4347/4347/4347 4203/4203/4203 4216/4216/4216
f 4347/4347/4347 4216/4216/4216 4229/4229/4229
f 4347/4347/4347 4229/4229/4229 4242/4242/4242
f 4347/4347/4347 4242/4242/4242 4255/4255/4255
f 4347/4347/4347 4255/4255/4255 4268/4268/4268
f 4347/4347/4347 4268/4268/4268 4281/4281/4281
f 4347/4347/4347 4281/4281/4281 4294/4294/4294
f 4347/4347/4347 4294/4294/4294 4307/4307/4307
f 4347/4347/4347 4307/4307/4307 4320/4320/4320
f 4347/4347/4347 4320/4320/4320 4333/4333/4333
f 4347/4347/4347 4333/4333/4333 4346/4346/4346
f 4347/4347/4347 4346/4346/4346 4360/4360/4360
f 4347/4347/4347 4360/4360/4360 4373/4373/4373
f 4347/4347/4347 4373/4373/4373 4386/4386/4386
f 4347/4347/4347 4386/4386/4386 4399/4399/4399
f 4347/4347/4347 4399/4399/4399 4412/4412/4412
f 4347/4347/4347 4412/4412/4412 4425/4425/4425
f 4347/4347/4347 4425/4425/4425 4438/4438/4438
f 4347/4347/4347 4438/4438/4438 4451/4451/4451
f 4347/4347/4347 4451/4451/4451 4464/4464/4464
f 4347/4347/4347 4464/4464/4464 4477/4477/4477
f 4468/4468/4468 4063/4063/4063 4064/4064/4064
f 4466/4466/4466 4061/4061/4061 4062/4062/4062
f 4477/4477/4477 4072/4072/4072 4073/4073/4073
f 4474/4474/4474 4071/4071/4071 4475/4475/4475
f 4472/4472/4472 4069/4069/4069 4473/4473/4473
f 4471/4471/4471 4066/4066/4066 4067/4067/4067
f 4468/4468/4468 4065/4065/4065 4469/4469/4469
f 4466/4466/4466 4063/4063/4063 4467/4467/4467
f 4347/4347/4347 4477/4477/4477 4073/4073/4073
f 4476/4476/4476 4071/4071/4071 4072/4072/4072
f 4474/4474/4474 4069/4069/4069 4070/4070/4070
f 4472/4472/4472 4067/4067/4067 4068/4068/4068
f 4469/4469/4469 4066/4066/4066 4470/4470/4470
f 3935/3935/3935 4465/4465/4465 4060/4060/4060
f 4465/4465/4465 4056/4056/4056 4060/4060/4060
f 4452/4452/4452 4051/4051/4051 4056/4056/4056
f 4439/4439/4439 4047/4047/4047 4051/4051/4051
f 4047/4047/4047 4413/4413/4413 4043/4043/4043
f 4043/4043/4043 4400/4400/4400 4039/4039/4039
f 4039/4039/4039 4387/4387/4387 4035/4035/4035
f 4387/4387/4387 4031/4031/4031 4035/4035/4035
f 4031/4031/4031 4361/4361/4361 4027/4027/4027
f 4361/4361/4361 4023/4023/4023 4027/4027/4027
f 4348/4348/4348 4019/4019/4019 4023/4023/4023
f 4334/4334/4334 4015/4015/4015 4019/4019/4019
f 4015/4015/4015 4308/4308/4308 4011/4011/4011
f 4011/4011/4011 4295/4295/4295 4007/4007/4007
f 4007/4007/4007 4282/4282/4282 4003/4003/4003
f 4282/4282/4282 3999/3999/3999 4003/4003/4003
f 3999/3999/3999 4256/4256/4256 3995/3995/3995
f 4256/4256/4256 3991/3991/3991 3995/3995/3995
f 4243/4243/4243 3987/3987/3987 3991/3991/3991
f 4230/4230/4230 3983/3983/3983 3987/3987/3987
f 3983/3983/3983 4204/4204/4204 3979/3979/3979
f 3979/3979/3979 4191/4191/4191 3975/3975/3975
f 3975/3975/3975 4178/4178/4178 3971/3971/3971
f 4178/4178/4178 3967/3967/3967 3971/3971/3971
f 3967/3967/3967 4152/4152/4152 3963/3963/3963
f 4152/4152/4152 3959/3959/3959 3963/3963/3963
f 4139/4139/4139 3955/3955/3955 3959/3959/3959
f 4126/4126/4126 3951/3951/3951 3955/3955/3955
f 3951/3951/3951 4100/4100/4100 3947/3947/3947
f 3947/3947/3947 4087/4087/4087 3943/3943/3943
f 3943/3943/3943 4074/4074/4074 3939/3939/3939
f 4074/4074/4074 3935/3935/3935 3939/3939/3939
f 4480/4480/4480 4483/4483/4483 4484/4484/4484
f 4480/4480/4480 4485/4485/4485 4481/4481/4481
f 4479/4479/4479 4482/4482/4482 4483/4483/4483
f 4484/4484/4484 4489/4489/4489 4485/4485/4485
f 4482/4482/4482 4487/4487/4487 4483/4483/4483
f 4483/4483/4483 4488/4488/4488 4484/4484/4484
f 4488/4488/4488 4493/4493/4493 4489/4489/4489
f 4487/4487/4487 4490/4490/4490 4491/4491/4491
f 4488/4488/4488 4491/4491/4491 4492/4492/4492
f 4493/4493/4493 4496/4496/4496 4497/4497/4497
f 4490/4490/4490 4495/4495/4495 4491/4491/4491
f 4491/4491/4491 4496/4496/4496 4492/4492/4492
f 4496/4496/4496 4501/4501/4501 4497/4497/4497
f 4495/4495/4495 4498/4498/4498 4499/4499/4499
f 4496/4496/4496 4499/4499/4499 4500/4500/4500
f 4501/4501/4501 4504/4504/4504 4505/4505/4505
f 4498/4498/4498 4503/4503/4503 4499/4499/4499
f 4499/4499/4499 4504/4504/4504 4500/4500/4500
f 4505/4505/4505 4508/4508/4508 4509/4509/4509
f 4503/4503/4503 4506/4506/4506 4507/4507/4507
f 4504/4504/4504 4507/4507/4507 4508/4508/4508
f 4509/4509/4509 4512/4512/4512 4513/4513/4513
f 4506/4506/4506 4511/4511/4511 4507/4507/4507
f 4507/4507/4507 4512/4512/4512 4508/4508/4508
f 4513/4513/4513 4516/4516/4516 4517/4517/4517
f 4511/4511/4511 4514/4514/4514 4515/4515/4515
f 4512/4512/4512 4515/4515/4515 4516/4516/4516
f 4516/4516/4516 4521/4521/4521 4517/4517/4517
f 4514/4514/4514 4519/4519/4519 4515/4515/4515
f 4515/4515/4515 4520/4520/4520 4516/4516/4516
f 4520/4520/4520 4525/4525/4525 4521/4521/4521
f 4518/4518/4518 4523/4523/4523 4519/4519/4519
f 4520/4520/4520 4523/4523/4523 4524/4524/4524
f 4525/4525/4525 4528/4528/4528 4529/4529/4529
f 4522/4522/4522 4527/4527/4527 4523/4523/4523
f 4523/4523/4523 4528/4528/4528 4524/4524/4524
f 4528/4528/4528 4533/4533/4533 4529/4529/4529
f 4527/4527/4527 4530/4530/4530 4531/4531/4531
f 4528/4528/4528 4531/4531/4531 4532/4532/4532
f 4533/4533/4533 4536/4536/4536 4537/4537/4537
f 4530/4530/4530 4535/4535/4535 4531/4531/4531
f 4531/4531/4531 4536/4536/4536 4532/4532/4532
f 4537/4537/4537 4540/4540/4540 4541/4541/4541
f 4534/4534/4534 4539/4539/4539 4535/4535/4535
f 4536/4536/4536 4539/4539/4539 4540/4540/4540
f 4541/4541/4541 4544/4544/4544 4545/4545/4545
f 4539/4539/4539 4542/4542/4542 4543/4543/4543
f 4539/4539/4539 4544/4544/4544 4540/4540/4540
f 4544/4544/4544 4549/4549/4549 4545/4545/4545
f 4542/4542/4542 4547/4547/4547 4543/4543/4543
f 4544/4544/4544 4547/4547/4547 4548/4548/4548
f 4548/4548/4548 4553/4553/4553 4549/4549/4549
f 4547/4547/4547 4550/4550/4550 4551/4551/4551
f 4547/4547/4547 4552/4552/4552 4548/4548/4548
f 4552/4552/4552 4557/4557/4557 4553/4553/4553
f 4551/4551/4551 4554/4554/4554 4555/4555/4555
f 4552/4552/4552 4555/4555/4555 4556/4556/4556
f 4557/4557/4557 4560/4560/4560 4561/4561/4561
f 4554/4554/4554 4559/4559/4559 4555/4555/4555
f 4555/4555/4555 4560/4560/4560 4556/4556/4556
f 4560/4560/4560 4565/4565/4565 4561/4561/4561
f 4559/4559/4559 4562/4562/4562 4563/4563/4563
f 4560/4560/4560 4563/4563/4563 4564/4564/4564
f 4565/4565/4565 4568/4568/4568 4569/4569/4569
f 4562/4562/4562 4567/4567/4567 4563/4563/4563
f 4563/4563/4563 4568/4568/4568 4564/4564/4564
f 4569/4569/4569 4572/4572/4572 4573/4573/4573
f 4567/4567/4567 4570/4570/4570 4571/4571/4571
f 4568/4568/4568 4571/4571/4571 4572/4572/4572
f 4572/4572/4572 4577/4577/4577 4573/4573/4573
f 4570/4570/4570 4575/4575/4575 4571/4571/4571
f 4571/4571/4571 4576/4576/4576 4572/4572/4572
f 4576/4576/4576 4581/4581/4581 4577/4577/4577
f 4575/4575/4575 4578/4578/4578 4579/4579/4579
f 4576/4576/4576 4579/4579/4579 4580/4580/4580
f 4580/4580/4580 4585/4585/4585 4581/4581/4581
f 4578/4578/4578 4583/4583/4583 4579/4579/4579
f 4579/4579/4579 4584/4584/4584 4580/4580/4580
f 4584/4584/4584 4589/4589/4589 4585/4585/4585
f 4583/4583/4583 4586/4586/4586 4587/4587/4587
f 4584/4584/4584 4587/4587/4587 4588/4588/4588
f 4589/4589/4589 4592/4592/4592 4593/4593/4593
f 4586/4586/4586 4591/4591/4591 4587/4587/4587
f 4587/4587/4587 4592/4592/4592 4588/4588/4588
f 4592/4592/4592 4597/4597/4597 4593/4593/4593
f 4591/4591/4591 4594/4594/4594 4595/4595/4595
f 4592/4592/4592 4595/4595/4595 4596/4596/4596
f 4597/4597/4597 4601/4601/4601 4602/4602/4602
f 4594/4594/4594 4600/4600/4600 4595/4595/4595
f 4595/4595/4595 4601/4601/4601 4596/4596/4596
f 4602/4602/4602 4605/4605/4605 4606/4606/4606
f 4600/4600/4600 4603/4603/4603 4604/4604/4604
f 4601/4601/4601 4604/4604/4604 4605/4605/4605
f 4478/4478/4478 4598/4598/4598 4482/4482/4482
f 4482/4482/4482 4598/4598/4598 4486/4486/4486
f 4486/4486/4486 4598/4598/4598 4490/4490/4490
f 4490/4490/4490 4598/4598/4598 4494/4494/4494
f 4494/4494/4494 4598/4598/4598 4498/4498/4498
f 4498/4498/4498 4598/4598/4598 4502/4502/4502
f 4502/4502/4502 4598/4598/4598 4506/4506/4506
f 4506/4506/4506 4598/4598/4598 4510/4510/4510
f 4510/4510/4510 4598/4598/4598 4514/4514/4514
f 4514/4514/4514 4598/4598/4598 4518/4518/4518
f 4518/4518/4518 4598/4598/4598 4522/4522/4522
f 4522/4522/4522 4598/4598/4598 4526/4526/4526
f 4526/4526/4526 4598/4598/4598 4530/4530/4530
f 4530/4530/4530 4598/4598/4598 4534/4534/4534
f 4534/4534/4534 4598/4598/4598 4538/4538/4538
f 4538/4538/4538 4598/4598/4598 4542/4542/4542
f 4542/4542/4542 4598/4598/4598 4546/4546/4546
f 4546/4546/4546 4598/4598/4598 4550/4550/4550
f 4550/4550/4550 4598/4598/4598 4554/4554/4554
f 4554/4554/4554 4598/4598/4598 4558/4558/4558
f 4558/4558/4558 4598/4598/4598 4562/4562/4562
f 4562/4562/4562 4598/4598/4598 4566/4566/4566
f 4566/4566/4566 4598/4598/4598 4570/4570/4570
f 4570/4570/4570 4598/4598/4598 4574/4574/4574
f 4574/4574/4574 4598/4598/4598 4578/4578/4578
f 4578/4578/4578 4598/4598/4598 4582/4582/4582
f 4582/4582/4582 4598/4598/4598 4586/4586/4586
f 4586/4586/4586 4598/4598/4598 4590/4590/4590
f 4590/4590/4590 4598/4598/4598 4594/4594/4594
f 4594/4594/4594 4598/4598/4598 4599/4599/4599
f 4599/4599/4599 4598/4598/4598 4603/4603/4603
f 4606/4606/4606 4480/4480/4480 4481/4481/4481
f 4603/4603/4603 4479/4479/4479 4604/4604/4604
f 4604/4604/4604 4480/4480/4480 4605/4605/4605
f 4603/4603/4603 4598/4598/4598 4478/4478/4478
f 4615/4615/4615 4627/4627/4627 4628/4628/4628
f 4612/4612/4612 4626/4626/4626 4613/4613/4613
f 4611/4611/4611 4623/4623/4623 4624/4624/4624
f 4609/4609/4609 4621/4621/4621 4622/4622/4622
f 4618/4618/4618 4630/4630/4630 4631/4631/4631
f 4615/4615/4615 4629/4629/4629 4616/4616/4616
f 4613/4613/4613 4627/4627/4627 4614/4614/4614
f 4612/4612/4612 4624/4624/4624 4625/4625/4625
f 4609/4609/4609 4623/4623/4623 4610/4610/4610
f 4607/4607/4607 4621/4621/4621 4608/4608/4608
f 4619/4619/4619 4631/4631/4631 4632/4632/4632
f 4617/4617/4617 4629/4629/4629 4630/4630/4630
f 4622/4622/4622 4636/4636/4636 4623/4623/4623
f 4620/4620/4620 4634/4634/4634 4621/4621/4621
f 4632/4632/4632 4644/4644/4644 4645/4645/4645
f 4629/4629/4629 4643/4643/4643 4630/4630/4630
f 4628/4628/4628 4640/4640/4640 4641/4641/4641
f 4626/4626/4626 4638/4638/4638 4639/4639/4639
f 4624/4624/4624 4636/4636/4636 4637/4637/4637
f 4622/4622/4622 4634/4634/4634 4635/4635/4635
f 4631/4631/4631 4643/4643/4643 4644/4644/4644
f 4628/4628/4628 4642/4642/4642 4629/4629/4629
f 4626/4626/4626 4640/4640/4640 4627/4627/4627
f 4624/4624/4624 4638/4638/4638 4625/4625/4625
f 4635/4635/4635 4649/4649/4649 4636/4636/4636
f 4634/4634/4634 4646/4646/4646 4647/4647/4647
f 4644/4644/4644 4658/4658/4658 4645/4645/4645
f 4642/4642/4642 4656/4656/4656 4643/4643/4643
f 4641/4641/4641 4653/4653/4653 4654/4654/4654
f 4639/4639/4639 4651/4651/4651 4652/4652/4652
f 4636/4636/4636 4650/4650/4650 4637/4637/4637
f 4635/4635/4635 4647/4647/4647 4648/4648/4648
f 4643/4643/4643 4657/4657/4657 4644/4644/4644
f 4642/4642/4642 4654/4654/4654 4655/4655/4655
f 4640/4640/4640 4652/4652/4652 4653/4653/4653
f 4637/4637/4637 4651/4651/4651 4638/4638/4638
f 4648/4648/4648 4662/4662/4662 4649/4649/4649
f 4646/4646/4646 4660/4660/4660 4647/4647/4647
f 4658/4658/4658 4670/4670/4670 4671/4671/4671
f 4656/4656/4656 4668/4668/4668 4669/4669/4669
f 4653/4653/4653 4667/4667/4667 4654/4654/4654
f 4651/4651/4651 4665/4665/4665 4652/4652/4652
f 4649/4649/4649 4663/4663/4663 4650/4650/4650
f 4648/4648/4648 4660/4660/4660 4661/4661/4661
f 4656/4656/4656 4670/4670/4670 4657/4657/4657
f 4654/4654/4654 4668/4668/4668 4655/4655/4655
f 4653/4653/4653 4665/4665/4665 4666/4666/4666
f 4651/4651/4651 4663/4663/4663 4664/4664/4664
f 4661/4661/4661 4675/4675/4675 4662/4662/4662
f 4660/4660/4660 4672/4672/4672 4673/4673/4673
f 4670/4670/4670 4684/4684/4684 4671/4671/4671
f 4668/4668/4668 4682/4682/4682 4669/4669/4669
f 4667/4667/4667 4679/4679/4679 4680/4680/4680
f 4665/4665/4665 4677/4677/4677 4678/4678/4678
f 4663/4663/4663 4675/4675/4675 4676/4676/4676
f 4661/4661/4661 4673/4673/4673 4674/4674/4674
f 4670/4670/4670 4682/4682/4682 4683/4683/4683
f 4667/4667/4667 4681/4681/4681 4668/4668/4668
f 4665/4665/4665 4679/4679/4679 4666/4666/4666
f 4663/4663/4663 4677/4677/4677 4664/4664/4664
f 4675/4675/4675 4687/4687/4687 4688/4688/4688
f 4672/4672/4672 4686/4686/4686 4673/4673/4673
f 4684/4684/4684 4696/4696/4696 4697/4697/4697
f 4682/4682/4682 4694/4694/4694 4695/4695/4695
f 4679/4679/4679 4693/4693/4693 4680/4680/4680
f 4678/4678/4678 4690/4690/4690 4691/4691/4691
f 4676/4676/4676 4688/4688/4688 4689/4689/4689
f 4673/4673/4673 4687/4687/4687 4674/4674/4674
f 4683/4683/4683 4695/4695/4695 4696/4696/4696
f 4681/4681/4681 4693/4693/4693 4694/4694/4694
f 4678/4678/4678 4692/4692/4692 4679/4679/4679
f 4676/4676/4676 4690/4690/4690 4677/4677/4677
f 4688/4688/4688 4700/4700/4700 4701/4701/4701
f 4686/4686/4686 4698/4698/4698 4699/4699/4699
f 4696/4696/4696 4710/4710/4710 4697/4697/4697
f 4695/4695/4695 4707/4707/4707 4708/4708/4708
f 4692/4692/4692 4706/4706/4706 4693/4693/4693
f 4691/4691/4691 4703/4703/4703 4704/4704/4704
f 4688/4688/4688 4702/4702/4702 4689/4689/4689
f 4686/4686/4686 4700/4700/4700 4687/4687/4687
f 4695/4695/4695 4709/4709/4709 4696/4696/4696
f 4694/4694/4694 4706/4706/4706 4707/4707/4707
f 4692/4692/4692 4704/4704/4704 4705/4705/4705
f 4689/4689/4689 4703/4703/4703 4690/4690/4690
f 4701/4701/4701 4713/4713/4713 4714/4714/4714
f 4699/4699/4699 4711/4711/4711 4712/4712/4712
f 4710/4710/4710 4722/4722/4722 4723/4723/4723
f 4707/4707/4707 4721/4721/4721 4708/4708/4708
f 4705/4705/4705 4719/4719/4719 4706/4706/4706
f 4704/4704/4704 4716/4716/4716 4717/4717/4717
f 4701/4701/4701 4715/4715/4715 4702/4702/4702
f 4699/4699/4699 4713/4713/4713 4700/4700/4700
f 4709/4709/4709 4721/4721/4721 4722/4722/4722
f 4707/4707/4707 4719/4719/4719 4720/4720/4720
f 4705/4705/4705 4717/4717/4717 4718/4718/4718
f 4702/4702/4702 4716/4716/4716 4703/4703/4703
f 4713/4713/4713 4727/4727/4727 4714/4714/4714
f 4711/4711/4711 4725/4725/4725 4712/4712/4712
f 4723/4723/4723 4735/4735/4735 4736/4736/4736
f 4721/4721/4721 4733/4733/4733 4734/4734/4734
f 4719/4719/4719 4731/4731/4731 4732/4732/4732
f 4716/4716/4716 4730/4730/4730 4717/4717/4717
f 4715/4715/4715 4727/4727/4727 4728/4728/4728
f 4713/4713/4713 4725/4725/4725 4726/4726/4726
f 4721/4721/4721 4735/4735/4735 4722/4722/4722
f 4719/4719/4719 4733/4733/4733 4720/4720/4720
f 4717/4717/4717 4731/4731/4731 4718/4718/4718
f 4716/4716/4716 4728/4728/4728 4729/4729/4729
f 4726/4726/4726 4740/4740/4740 4727/4727/4727
f 4724/4724/4724 4738/4738/4738 4725/4725/4725
f 4736/4736/4736 4748/4748/4748 4749/4749/4749
f 4733/4733/4733 4747/4747/4747 4734/4734/4734
f 4732/4732/4732 4744/4744/4744 4745/4745/4745
f 4730/4730/4730 4742/4742/4742 4743/4743/4743
f 4728/4728/4728 4740/4740/4740 4741/4741/4741
f 4726/4726/4726 4738/4738/4738 4739/4739/4739
f 4735/4735/4735 4747/4747/4747 4748/4748/4748
f 4732/4732/4732 4746/4746/4746 4733/4733/4733
f 4730/4730/4730 4744/4744/4744 4731/4731/4731
f 4728/4728/4728 4742/4742/4742 4729/4729/4729
f 4739/4739/4739 4753/4753/4753 4740/4740/4740
f 4738/4738/4738 4750/4750/4750 4751/4751/4751
f 4748/4748/4748 4762/4762/4762 4749/4749/4749
f 4746/4746/4746 4760/4760/4760 4747/4747/4747
f 4745/4745/4745 4757/4757/4757 4758/4758/4758
f 4743/4743/4743 4755/4755/4755 4756/4756/4756
f 4740/4740/4740 4754/4754/4754 4741/4741/4741
f 4739/4739/4739 4751/4751/4751 4752/4752/4752
f 4747/4747/4747 4761/4761/4761 4748/4748/4748
f 4745/4745/4745 4759/4759/4759 4746/4746/4746
f 4744/4744/4744 4756/4756/4756 4757/4757/4757
f 4741/4741/4741 4755/4755/4755 4742/4742/4742
f 4753/4753/4753 4765/4765/4765 4766/4766/4766
f 4750/4750/4750 4764/4764/4764 4751/4751/4751
f 4762/4762/4762 4774/4774/4774 4775/4775/4775
f 4759/4759/4759 4773/4773/4773 4760/4760/4760
f 4758/4758/4758 4770/4770/4770 4771/4771/4771
f 4755/4755/4755 4769/4769/4769 4756/4756/4756
f 4753/4753/4753 4767/4767/4767 4754/4754/4754
f 4752/4752/4752 4764/4764/4764 4765/4765/4765
f 4760/4760/4760 4774/4774/4774 4761/4761/4761
f 4758/4758/4758 4772/4772/4772 4759/4759/4759
f 4757/4757/4757 4769/4769/4769 4770/4770/4770
f 4755/4755/4755 4767/4767/4767 4768/4768/4768
f 4765/4765/4765 4779/4779/4779 4766/4766/4766
f 4764/4764/4764 4776/4776/4776 4777/4777/4777
f 4774/4774/4774 4788/4788/4788 4775/4775/4775
f 4772/4772/4772 4786/4786/4786 4773/4773/4773
f 4771/4771/4771 4783/4783/4783 4784/4784/4784
f 4769/4769/4769 4781/4781/4781 4782/4782/4782
f 4767/4767/4767 4779/4779/4779 4780/4780/4780
f 4765/4765/4765 4777/4777/4777 4778/4778/4778
f 4774/4774/4774 4786/4786/4786 4787/4787/4787
f 4771/4771/4771 4785/4785/4785 4772/4772/4772
f 4769/4769/4769 4783/4783/4783 4770/4770/4770
f 4767/4767/4767 4781/4781/4781 4768/4768/4768
f 4779/4779/4779 4791/4791/4791 4792/4792/4792
f 4776/4776/4776 4790/4790/4790 4777/4777/4777
f 4788/4788/4788 4800/4800/4800 4801/4801/4801
f 4786/4786/4786 4798/4798/4798 4799/4799/4799
f 4783/4783/4783 4797/4797/4797 4784/4784/4784
f 4782/4782/4782 4794/4794/4794 4795/4795/4795
f 4780/4780/4780 4792/4792/4792 4793/4793/4793
f 4777/4777/4777 4791/4791/4791 4778/4778/4778
f 4787/4787/4787 4799/4799/4799 4800/4800/4800
f 4785/4785/4785 4797/4797/4797 4798/4798/4798
f 4782/4782/4782 4796/4796/4796 4783/4783/4783
f 4780/4780/4780 4794/4794/4794 4781/4781/4781
f 4792/4792/4792 4804/4804/4804 4805/4805/4805
f 4790/4790/4790 4802/4802/4802 4803/4803/4803
f 4800/4800/4800 4814/4814/4814 4801/4801/4801
f 4799/4799/4799 4811/4811/4811 4812/4812/4812
f 4796/4796/4796 4810/4810/4810 4797/4797/4797
f 4795/4795/4795 4807/4807/4807 4808/4808/4808
f 4792/4792/4792 4806/4806/4806 4793/4793/4793
f 4790/4790/4790 4804/4804/4804 4791/4791/4791
f 4799/4799/4799 4813/4813/4813 4800/4800/4800
f 4798/4798/4798 4810/4810/4810 4811/4811/4811
f 4796/4796/4796 4808/4808/4808 4809/4809/4809
f 4793/4793/4793 4807/4807/4807 4794/4794/4794
f 4805/4805/4805 4817/4817/4817 4818/4818/4818
f 4803/4803/4803 4815/4815/4815 4816/4816/4816
f 4814/4814/4814 4826/4826/4826 4827/4827/4827
f 4811/4811/4811 4825/4825/4825 4812/4812/4812
f 4809/4809/4809 4823/4823/4823 4810/4810/4810
f 4808/4808/4808 4820/4820/4820 4821/4821/4821
f 4805/4805/4805 4819/4819/4819 4806/4806/4806
f 4803/4803/4803 4817/4817/4817 4804/4804/4804
f 4813/4813/4813 4825/4825/4825 4826/4826/4826
f 4811/4811/4811 4823/4823/4823 4824/4824/4824
f 4809/4809/4809 4821/4821/4821 4822/4822/4822
f 4806/4806/4806 4820/4820/4820 4807/4807/4807
f 4817/4817/4817 4831/4831/4831 4818/4818/4818
f 4815/4815/4815 4829/4829/4829 4816/4816/4816
f 4826/4826/4826 4840/4840/4840 4827/4827/4827
f 4825/4825/4825 4837/4837/4837 4838/4838/4838
f 4823/4823/4823 4835/4835/4835 4836/4836/4836
f 4820/4820/4820 4834/4834/4834 4821/4821/4821
f 4819/4819/4819 4831/4831/4831 4832/4832/4832
f 4817/4817/4817 4829/4829/4829 4830/4830/4830
f 4825/4825/4825 4839/4839/4839 4826/4826/4826
f 4823/4823/4823 4837/4837/4837 4824/4824/4824
f 4821/4821/4821 4835/4835/4835 4822/4822/4822
f 4820/4820/4820 4832/4832/4832 4833/4833/4833
f 4830/4830/4830 4844/4844/4844 4831/4831/4831
f 4828/4828/4828 4842/4842/4842 4829/4829/4829
f 4840/4840/4840 4852/4852/4852 4853/4853/4853
f 4837/4837/4837 4851/4851/4851 4838/4838/4838
f 4836/4836/4836 4848/4848/4848 4849/4849/4849
f 4834/4834/4834 4846/4846/4846 4847/4847/4847
f 4832/4832/4832 4844/4844/4844 4845/4845/4845
f 4830/4830/4830 4842/4842/4842 4843/4843/4843
f 4839/4839/4839 4851/4851/4851 4852/4852/4852
f 4836/4836/4836 4850/4850/4850 4837/4837/4837
f 4834/4834/4834 4848/4848/4848 4835/4835/4835
f 4832/4832/4832 4846/4846/4846 4833/4833/4833
f 4843/4843/4843 4857/4857/4857 4844/4844/4844
f 4842/4842/4842 4854/4854/4854 4855/4855/4855
f 4852/4852/4852 4866/4866/4866 4853/4853/4853
f 4850/4850/4850 4864/4864/4864 4851/4851/4851
f 4849/4849/4849 4861/4861/4861 4862/4862/4862
f 4847/4847/4847 4859/4859/4859 4860/4860/4860
f 4844/4844/4844 4858/4858/4858 4845/4845/4845
f 4843/4843/4843 4855/4855/4855 4856/4856/4856
f 4851/4851/4851 4865/4865/4865 4852/4852/4852
f 4849/4849/4849 4863/4863/4863 4850/4850/4850
f 4848/4848/4848 4860/4860/4860 4861/4861/4861
f 4845/4845/4845 4859/4859/4859 4846/4846/4846
f 4857/4857/4857 4869/4869/4869 4870/4870/4870
f 4855/4855/4855 4867/4867/4867 4868/4868/4868
f 4866/4866/4866 4878/4878/4878 4879/4879/4879
f 4864/4864/4864 4876/4876/4876 4877/4877/4877
f 4862/4862/4862 4874/4874/4874 4875/4875/4875
f 4859/4859/4859 4873/4873/4873 4860/4860/4860
f 4857/4857/4857 4871/4871/4871 4858/4858/4858
f 4856/4856/4856 4868/4868/4868 4869/4869/4869
f 4864/4864/4864 4878/4878/4878 4865/4865/4865
f 4862/4862/4862 4876/4876/4876 4863/4863/4863
f 4861/4861/4861 4873/4873/4873 4874/4874/4874
f 4859/4859/4859 4871/4871/4871 4872/4872/4872
f 4869/4869/4869 4883/4883/4883 4870/4870/4870
f 4868/4868/4868 4880/4880/4880 4881/4881/4881
f 4878/4878/4878 4892/4892/4892 4879/4879/4879
f 4877/4877/4877 4889/4889/4889 4890/4890/4890
f 4874/4874/4874 4888/4888/4888 4875/4875/4875
f 4873/4873/4873 4885/4885/4885 4886/4886/4886
f 4871/4871/4871 4883/4883/4883 4884/4884/4884
f 4868/4868/4868 4882/4882/4882 4869/4869/4869
f 4878/4878/4878 4890/4890/4890 4891/4891/4891
f 4876/4876/4876 4888/4888/4888 4889/4889/4889
f 4873/4873/4873 4887/4887/4887 4874/4874/4874
f 4871/4871/4871 4885/4885/4885 4872/4872/4872
f 4883/4883/4883 4896/4896/4896 4897/4897/4897
f 4880/4880/4880 4895/4895/4895 4881/4881/4881
f 4892/4892/4892 4905/4905/4905 4906/4906/4906
f 4890/4890/4890 4903/4903/4903 4904/4904/4904
f 4887/4887/4887 4902/4902/4902 4888/4888/4888
f 4885/4885/4885 4900/4900/4900 4886/4886/4886
f 4884/4884/4884 4897/4897/4897 4898/4898/4898
f 4881/4881/4881 4896/4896/4896 4882/4882/4882
f 4891/4891/4891 4904/4904/4904 4905/4905/4905
f 4889/4889/4889 4902/4902/4902 4903/4903/4903
f 4886/4886/4886 4901/4901/4901 4887/4887/4887
f 4885/4885/4885 4898/4898/4898 4899/4899/4899
f 4897/4897/4897 4909/4909/4909 4910/4910/4910
f 4895/4895/4895 4907/4907/4907 4908/4908/4908
f 4905/4905/4905 4919/4919/4919 4906/4906/4906
f 4904/4904/4904 4916/4916/4916 4917/4917/4917
f 4901/4901/4901 4915/4915/4915 4902/4902/4902
f 4899/4899/4899 4913/4913/4913 4900/4900/4900
f 4897/4897/4897 4911/4911/4911 4898/4898/4898
f 4895/4895/4895 4909/4909/4909 4896/4896/4896
f 4904/4904/4904 4918/4918/4918 4905/4905/4905
f 4903/4903/4903 4915/4915/4915 4916/4916/4916
f 4901/4901/4901 4913/4913/4913 4914/4914/4914
f 4899/4899/4899 4911/4911/4911 4912/4912/4912
f 4910/4910/4910 4922/4922/4922 4923/4923/4923
f 4908/4908/4908 4920/4920/4920 4921/4921/4921
f 4919/4919/4919 4931/4931/4931 4932/4932/4932
f 4916/4916/4916 4930/4930/4930 4917/4917/4917
f 4914/4914/4914 4928/4928/4928 4915/4915/4915
f 4913/4913/4913 4925/4925/4925 4926/4926/4926
f 4910/4910/4910 4924/4924/4924 4911/4911/4911
f 4908/4908/4908 4922/4922/4922 4909/4909/4909
f 4918/4918/4918 4930/4930/4930 4931/4931/4931
f 4916/4916/4916 4928/4928/4928 4929/4929/4929
f 4914/4914/4914 4926/4926/4926 4927/4927/4927
f 4911/4911/4911 4925/4925/4925 4912/4912/4912
f 4922/4922/4922 4936/4936/4936 4923/4923/4923
f 4920/4920/4920 4934/4934/4934 4921/4921/4921
f 4931/4931/4931 4945/4945/4945 4932/4932/4932
f 4930/4930/4930 4942/4942/4942 4943/4943/4943
f 4928/4928/4928 4940/4940/4940 4941/4941/4941
f 4925/4925/4925 4939/4939/4939 4926/4926/4926
f 4924/4924/4924 4936/4936/4936 4937/4937/4937
f 4922/4922/4922 4934/4934/4934 4935/4935/4935
f 4930/4930/4930 4944/4944/4944 4931/4931/4931
f 4928/4928/4928 4942/4942/4942 4929/4929/4929
f 4926/4926/4926 4940/4940/4940 4927/4927/4927
f 4925/4925/4925 4937/4937/4937 4938/4938/4938
f 4935/4935/4935 4949/4949/4949 4936/4936/4936
f 4933/4933/4933 4947/4947/4947 4934/4934/4934
f 4945/4945/4945 4957/4957/4957 4958/4958/4958
f 4942/4942/4942 4956/4956/4956 4943/4943/4943
f 4941/4941/4941 4953/4953/4953 4954/4954/4954
f 4938/4938/4938 4952/4952/4952 4939/4939/4939
f 4937/4937/4937 4949/4949/4949 4950/4950/4950
f 4935/4935/4935 4947/4947/4947 4948/4948/4948
f 4944/4944/4944 4956/4956/4956 4957/4957/4957
f 4941/4941/4941 4955/4955/4955 4942/4942/4942
f 4939/4939/4939 4953/4953/4953 4940/4940/4940
f 4938/4938/4938 4950/4950/4950 4951/4951/4951
f 4948/4948/4948 4962/4962/4962 4949/4949/4949
f 4947/4947/4947 4959/4959/4959 4960/4960/4960
f 4957/4957/4957 4971/4971/4971 4958/4958/4958
f 4955/4955/4955 4969/4969/4969 4956/4956/4956
f 4954/4954/4954 4966/4966/4966 4967/4967/4967
f 4951/4951/4951 4965/4965/4965 4952/4952/4952
f 4949/4949/4949 4963/4963/4963 4950/4950/4950
f 4948/4948/4948 4960/4960/4960 4961/4961/4961
f 4956/4956/4956 4970/4970/4970 4957/4957/4957
f 4954/4954/4954 4968/4968/4968 4955/4955/4955
f 4953/4953/4953 4965/4965/4965 4966/4966/4966
f 4951/4951/4951 4963/4963/4963 4964/4964/4964
f 4962/4962/4962 4974/4974/4974 4975/4975/4975
f 4959/4959/4959 4973/4973/4973 4960/4960/4960
f 4971/4971/4971 4983/4983/4983 4984/4984/4984
f 4968/4968/4968 4982/4982/4982 4969/4969/4969
f 4966/4966/4966 4980/4980/4980 4967/4967/4967
f 4964/4964/4964 4978/4978/4978 4965/4965/4965
f 4962/4962/4962 4976/4976/4976 4963/4963/4963
f 4960/4960/4960 4974/4974/4974 4961/4961/4961
f 4969/4969/4969 4983/4983/4983 4970/4970/4970
f 4967/4967/4967 4981/4981/4981 4968/4968/4968
f 4966/4966/4966 4978/4978/4978 4979/4979/4979
f 4964/4964/4964 4976/4976/4976 4977/4977/4977
f 4975/4975/4975 4987/4987/4987 4988/4988/4988
f 4973/4973/4973 4985/4985/4985 4986/4986/4986
f 4983/4983/4983 4997/4997/4997 4984/4984/4984
f 4981/4981/4981 4995/4995/4995 4982/4982/4982
f 4979/4979/4979 4993/4993/4993 4980/4980/4980
f 4978/4978/4978 4990/4990/4990 4991/4991/4991
f 4976/4976/4976 4988/4988/4988 4989/4989/4989
f 4973/4973/4973 4987/4987/4987 4974/4974/4974
f 4983/4983/4983 4995/4995/4995 4996/4996/4996
f 4981/4981/4981 4993/4993/4993 4994/4994/4994
f 4978/4978/4978 4992/4992/4992 4979/4979/4979
f 4976/4976/4976 4990/4990/4990 4977/4977/4977
f 4988/4988/4988 5000/5000/5000 5001/5001/5001
f 4985/4985/4985 4999/4999/4999 4986/4986/4986
f 4997/4997/4997 5009/5009/5009 5010/5010/5010
f 4995/4995/4995 5007/5007/5007 5008/5008/5008
f 4992/4992/4992 5006/5006/5006 4993/4993/4993
f 4991/4991/4991 5003/5003/5003 5004/5004/5004
f 4989/4989/4989 5001/5001/5001 5002/5002/5002
f 4986/4986/4986 5000/5000/5000 4987/4987/4987
f 4996/4996/4996 5008/5008/5008 5009/5009/5009
f 4994/4994/4994 5006/5006/5006 5007/5007/5007
f 4991/4991/4991 5005/5005/5005 4992/4992/4992
f 4989/4989/4989 5003/5003/5003 4990/4990/4990
f 5001/5001/5001 5013/5013/5013 5014/5014/5014
f 4999/4999/4999 5011/5011/5011 5012/5012/5012
f 5009/5009/5009 5023/5023/5023 5010/5010/5010
f 5008/5008/5008 5020/5020/5020 5021/5021/5021
f 5005/5005/5005 5019/5019/5019 5006/5006/5006
f 5004/5004/5004 5016/5016/5016 5017/5017/5017
f 5001/5001/5001 5015/5015/5015 5002/5002/5002
f 4999/4999/4999 5013/5013/5013 5000/5000/5000
f 5008/5008/5008 5022/5022/5022 5009/5009/5009
f 5007/5007/5007 5019/5019/5019 5020/5020/5020
f 5005/5005/5005 5017/5017/5017 5018/5018/5018
f 5002/5002/5002 5016/5016/5016 5003/5003/5003
f 4893/4893/4893 4619/4619/4619 4632/4632/4632
f 4893/4893/4893 4632/4632/4632 4645/4645/4645
f 4893/4893/4893 4645/4645/4645 4658/4658/4658
f 4893/4893/4893 4658/4658/4658 4671/4671/4671
f 4893/4893/4893 4671/4671/4671 4684/4684/4684
f 4893/4893/4893 4684/4684/4684 4697/4697/4697
f 4893/4893/4893 4697/4697/4697 4710/4710/4710
f 4893/4893/4893 4710/4710/4710 4723/4723/4723
f 4893/4893/4893 4723/4723/4723 4736/4736/4736
f 4893/4893/4893 4736/4736/4736 4749/4749/4749
f 4893/4893/4893 4749/4749/4749 4762/4762/4762
f 4893/4893/4893 4762/4762/4762 4775/4775/4775
f 4893/4893/4893 4775/4775/4775 4788/4788/4788
f 4893/4893/4893 4788/4788/4788 4801/4801/4801
f 4893/4893/4893 4801/4801/4801 4814/4814/4814
f 4893/4893/4893 4814/4814/4814 4827/4827/4827
f 4893/4893/4893 4827/4827/4827 4840/4840/4840
f 4893/4893/4893 4840/4840/4840 4853/4853/4853
f 4893/4893/4893 4853/4853/4853 4866/4866/4866
f 4893/4893/4893 4866/4866/4866 4879/4879/4879
f 4893/4893/4893 4879/4879/4879 4892/4892/4892
f 4893/4893/4893 4892/4892/4892 4906/4906/4906
f 4893/4893/4893 4906/4906/4906 4919/4919/4919
f 4893/4893/4893 4919/4919/4919 4932/4932/4932
f 4893/4893/4893 4932/4932/4932 4945/4945/4945
f 4893/4893/4893 4945/4945/4945 4958/4958/4958
f 4893/4893/4893 4958/4958/4958 4971/4971/4971
f 4893/4893/4893 4971/4971/4971 4984/4984/4984
f 4893/4893/4893 4984/4984/4984 4997/4997/4997
f 4893/4893/4893 4997/4997/4997 5010/5010/5010
f 4893/4893/4893 5010/5010/5010 5023/5023/5023
f 5014/5014/5014 4609/4609/4609 4610/4610/4610
f 5012/5012/5012 4607/4607/4607 4608/4608/4608
f 5022/5022/5022 4619/4619/4619 5023/5023/5023
f 5020/5020/5020 4617/4617/4617 5021/5021/5021
f 5018/5018/5018 4615/4615/4615 5019/5019/5019
f 5017/5017/5017 4612/4612/4612 4613/4613/4613
f 5014/5014/5014 4611/4611/4611 5015/5015/5015
f 5012/5012/5012 4609/4609/4609 5013/5013/5013
f 4893/4893/4893 5023/5023/5023 4619/4619/4619
f 5021/5021/5021 4618/4618/4618 5022/5022/5022
f 5020/5020/5020 4615/4615/4615 4616/4616/4616
f 5018/5018/5018 4613/4613/4613 4614/4614/4614
f 5015/5015/5015 4612/4612/4612 5016/5016/5016
f 4481/4481/4481 5011/5011/5011 4606/4606/4606
f 5011/5011/5011 4602/4602/4602 4606/4606/4606
f 4998/4998/4998 4597/4597/4597 4602/4602/4602
f 4985/4985/4985 4593/4593/4593 4597/4597/4597
f 4593/4593/4593 4959/4959/4959 4589/4589/4589
f 4589/4589/4589 4946/4946/4946 4585/4585/4585
f 4585/4585/4585 4933/4933/4933 4581/4581/4581
f 4933/4933/4933 4577/4577/4577 4581/4581/4581
f 4577/4577/4577 4907/4907/4907 4573/4573/4573
f 4907/4907/4907 4569/4569/4569 4573/4573/4573
f 4894/4894/4894 4565/4565/4565 4569/4569/4569
f 4880/4880/4880 4561/4561/4561 4565/4565/4565
f 4561/4561/4561 4854/4854/4854 4557/4557/4557
f 4557/4557/4557 4841/4841/4841 4553/4553/4553
f 4553/4553/4553 4828/4828/4828 4549/4549/4549
f 4828/4828/4828 4545/4545/4545 4549/4549/4549
f 4545/4545/4545 4802/4802/4802 4541/4541/4541
f 4802/4802/4802 4537/4537/4537 4541/4541/4541
f 4789/4789/4789 4533/4533/4533 4537/4537/4537
f 4776/4776/4776 4529/4529/4529 4533/4533/4533
f 4529/4529/4529 4750/4750/4750 4525/4525/4525
f 4525/4525/4525 4737/4737/4737 4521/4521/4521
f 4521/4521/4521 4724/4724/4724 4517/4517/4517
f 4724/4724/4724 4513/4513/4513 4517/4517/4517
f 4513/4513/4513 4698/4698/4698 4509/4509/4509
f 4698/4698/4698 4505/4505/4505 4509/4509/4509
f 4685/4685/4685 4501/4501/4501 4505/4505/4505
f 4672/4672/4672 4497/4497/4497 4501/4501/4501
f 4497/4497/4497 4646/4646/4646 4493/4493/4493
f 4493/4493/4493 4633/4633/4633 4489/4489/4489
f 4489/4489/4489 4620/4620/4620 4485/4485/4485
f 4620/4620/4620 4481/4481/4481 4485/4485/4485
f 4/4/4 3/3/3 2/2/2
f 8/8/8 7/7/7 6/6/6
f 13/13/13 16/16/16 15/15/15
f 17/17/17 28/28/28 19/19/19
f 32/32/32 31/31/31 30/30/30
f 36/36/36 35/35/35 34/34/34
f 37/37/37 40/40/40 39/39/39
f 21/21/21 22/22/22 23/23/23
f 25/25/25 26/26/26 27/27/27
f 41/41/41 44/44/44 43/43/43
f 48/48/48 47/47/47 46/46/46
f 52/52/52 51/51/51 50/50/50
f 53/53/53 56/56/56 55/55/55
f 60/60/60 59/59/59 58/58/58
f 29/29/29 30/30/30 62/62/62
f 66/66/66 65/65/65 64/64/64
f 67/67/67 5/5/5 6/6/6
f 72/72/72 71/71/71 70/70/70
f 76/76/76 75/75/75 74/74/74
f 77/77/77 80/80/80 79/79/79
f 81/81/81 84/84/84 83/83/83
f 59/59/59 87/87/87 86/86/86
f 88/88/88 91/91/91 90/90/90
f 96/96/96 95/95/95 94/94/94
f 100/100/100 99/99/99 98/98/98
f 101/101/101 104/104/104 103/103/103
f 106/106/106 105/105/105 34/34/34
f 108/108/108 116/116/116 115/115/115
f 117/117/117 119/119/119 36/36/36
f 124/124/124 127/127/127 126/126/126
f 131/131/131 130/130/130 129/129/129
f 132/132/132 102/102/102 134/134/134
f 142/142/142 141/141/141 140/140/140
f 148/148/148 106/106/106 60/60/60
f 144/144/144 143/143/143 127/127/127
f 149/149/149 152/152/152 151/151/151
f 156/156/156 155/155/155 154/154/154
f 159/159/159 150/150/150 158/158/158
f 116/116/116 108/108/108 164/164/164
f 171/171/171 170/170/170 169/169/169
f 174/174/174 126/126/126 173/173/173
f 179/179/179 182/182/182 181/181/181
f 186/186/186 189/189/189 188/188/188
f 194/194/194 197/197/197 196/196/196
f 199/199/199 142/142/142 139/139/139
f 206/206/206 209/209/209 208/208/208
f 213/213/213 212/212/212 211/211/211
f 202/202/202 215/215/215 214/214/214
f 96/96/96 93/93/93 216/216/216
f 92/92/92 238/238/238 43/43/43
f 97/97/97 184/184/184 246/246/246
f 250/250/250 249/249/249 229/229/229
f 252/252/252 254/254/254 58/58/58
f 258/258/258 257/257/257 256/256/256
f 260/260/260 91/91/91 229/229/229
f 110/110/110 111/111/111 112/112/112
f 114/114/114 264/264/264 263/263/263
f 265/265/265 268/268/268 267/267/267
f 56/56/56 53/53/53 270/270/270
f 274/274/274 273/273/273 249/249/249
f 185/185/185 183/183/183 63/63/63
f 280/280/280 279/279/279 278/278/278
f 285/285/285 284/284/284 283/283/283
f 288/288/288 219/219/219 211/211/211
f 141/141/141 142/142/142 92/92/92
f 289/289/289 290/290/290 175/175/175
f 148/148/148 116/116/116 105/105/105
f 312/312/312 311/311/311 170/170/170
f 238/238/238 262/262/262 42/42/42
f 318/318/318 163/163/163 160/160/160
f 310/310/310 309/309/309 308/308/308
f 241/241/241 239/239/239 325/325/325
f 160/160/160 230/230/230 240/240/240
f 47/47/47 48/48/48 307/307/307
f 108/108/108 109/109/109 315/315/315
f 345/345/345 85/85/85 86/86/86
f 348/348/348 351/351/351 350/350/350
f 356/356/356 359/359/359 358/358/358
f 355/355/355 354/354/354 353/353/353
f 363/363/363 31/31/31 32/32/32
f 364/364/364 252/252/252 253/253/253
f 366/366/366 125/125/125 368/368/368
f 183/183/183 372/372/372 371/371/371
f 163/163/163 162/162/162 161/161/161
f 209/209/209 226/226/226 101/101/101
f 378/378/378 377/377/377 165/165/165
f 379/379/379 295/295/295 381/381/381
f 383/383/383 382/382/382 3/3/3
f 284/284/284 285/285/285 386/386/386
f 387/387/387 127/127/127 389/389/389
f 391/391/391 259/259/259 229/229/229
f 73/73/73 281/281/281 397/397/397
f 405/405/405 408/408/408 407/407/407
f 203/203/203 218/218/218 411/411/411
f 414/414/414 121/121/121 413/413/413
f 1/1/1 356/356/356 357/357/357
f 277/277/277 276/276/276 131/131/131
f 254/254/254 344/344/344 57/57/57
f 358/358/358 384/384/384 415/415/415
f 417/417/417 416/416/416 386/386/386
f 401/401/401 400/400/400 192/192/192
f 419/419/419 389/389/389 127/127/127
f 421/421/421 181/181/181 182/182/182
f 103/103/103 301/301/301 302/302/302
f 428/428/428 367/367/367 368/368/368
f 380/380/380 390/390/390 359/359/359
f 62/62/62 204/204/204 266/266/266
f 140/140/140 141/141/141 431/431/431
f 357/357/357 358/358/358 351/351/351
f 356/356/356 1/1/1 379/379/379
f 415/415/415 392/392/392 403/403/403
f 437/437/437 428/428/428 436/436/436
f 438/438/438 441/441/441 440/440/440
f 188/188/188 451/451/451 450/450/450
f 265/265/265 455/455/455 181/181/181
f 224/224/224 185/185/185 64/64/64
f 237/237/237 212/212/212 213/213/213
f 275/275/275 131/131/131 128/128/128
f 281/281/281 282/282/282 460/460/460
f 50/50/50 462/462/462 79/79/79
f 73/73/73 74/74/74 282/282/282
f 468/468/468 467/467/467 466/466/466
f 390/390/390 355/355/355 352/352/352
f 482/482/482 485/485/485 484/484/484
f 489/489/489 488/488/488 487/487/487
f 493/493/493 496/496/496 495/495/495
f 472/472/472 471/471/471 470/470/470
f 502/502/502 501/501/501 500/500/500
f 220/220/220 221/221/221 222/222/222
f 512/512/512 419/419/419 143/143/143
f 518/518/518 517/517/517 511/511/511
f 513/513/513 239/239/239 230/230/230
f 205/205/205 30/30/30 31/31/31
f 189/189/189 370/370/370 451/451/451
f 163/163/163 318/318/318 532/532/532
f 533/533/533 224/224/224 225/225/225
f 446/446/446 448/448/448 447/447/447
f 335/335/335 541/541/541 540/540/540
f 544/544/544 512/512/512 546/546/546
f 329/329/329 519/519/519 291/291/291
f 199/199/199 534/534/534 262/262/262
f 385/385/385 386/386/386 416/416/416
f 532/532/532 190/190/190 191/191/191
f 363/363/363 117/117/117 118/118/118
f 578/578/578 581/581/581 580/580/580
f 573/573/573 572/572/572 571/571/571
f 561/561/561 563/563/563 562/562/562
f 241/241/241 260/260/260 259/259/259
f 590/590/590 593/593/593 592/592/592
f 545/545/545 546/546/546 595/595/595
f 503/503/503 154/154/154 155/155/155
f 606/606/606 625/625/625 624/624/624
f 478/478/478 481/481/481 480/480/480
f 646/646/646 649/649/649 648/648/648
f 590/590/590 591/591/591 689/689/689
f 564/564/564 565/565/565 651/651/651
f 728/728/728 246/246/246 184/184/184
f 714/714/714 724/724/724 716/716/716
f 692/692/692 574/574/574 575/575/575
f 541/541/541 335/335/335 581/581/581
f 346/346/346 68/68/68 248/248/248
f 161/161/161 231/231/231 230/230/230
f 128/128/128 129/129/129 94/94/94
f 698/698/698 705/705/705 704/704/704
f 574/574/574 577/577/577 576/576/576
f 290/290/290 289/289/289 401/401/401
f 630/630/630 631/631/631 725/725/725
f 733/733/733 736/736/736 735/735/735
f 755/755/755 466/466/466 496/496/496
f 759/759/759 480/480/480 481/481/481
f 757/757/757 763/763/763 762/762/762
f 764/764/764 496/496/496 466/466/466
f 768/768/768 767/767/767 3808/3808/3808
f 759/759/759 760/760/760 488/488/488
f 492/492/492 474/474/474 475/475/475
f 474/474/474 770/770/770 769/769/769
f 773/773/773 468/468/468 465/465/465
f 771/771/771 774/774/774 486/486/486
f 484/484/484 485/485/485 775/775/775
f 774/774/774 776/776/776 489/489/489
f 495/495/495 496/496/496 764/764/764
f 495/495/495 757/757/757 761/761/761
f 137/137/137 397/397/397 784/784/784
f 325/325/325 239/239/239 797/797/797
f 165/165/165 519/519/519 51/51/51
f 369/369/369 32/32/32 29/29/29
f 730/730/730 731/731/731 568/568/568
f 90/90/90 302/302/302 301/301/301
f 243/243/243 118/118/118 516/516/516
f 800/800/800 734/734/734 806/806/806
f 817/817/817 815/815/815 808/808/808
f 816/816/816 808/808/808 823/823/823
f 306/306/306 303/303/303 447/447/447
f 815/815/815 810/810/810 809/809/809
f 829/829/829 830/830/830 828/828/828
f 726/726/726 725/725/725 501/501/501
f 274/274/274 427/427/427 424/424/424
f 879/879/879 882/882/882 881/881/881
f 884/884/884 883/883/883 879/879/879
f 219/219/219 218/218/218 217/217/217
f 906/906/906 905/905/905 904/904/904
f 455/455/455 204/204/204 205/205/205
f 898/898/898 882/882/882 830/830/830
f 903/903/903 900/900/900 880/880/880
f 377/377/377 291/291/291 519/519/519
f 923/923/923 949/949/949 948/948/948
f 946/946/946 947/947/947 951/951/951
f 3519/3519/3519 740/740/740 739/739/739
f 900/900/900 899/899/899 886/886/886
f 225/225/225 64/64/64 65/65/65
f 182/182/182 445/445/445 442/442/442
f 809/809/809 952/952/952 947/947/947
f 954/954/954 960/960/960 962/962/962
f 927/927/927 950/950/950 965/965/965
f 885/885/885 879/879/879 880/880/880
f 925/925/925 927/927/927 966/966/966
f 343/343/343 342/342/342 341/341/341
f 965/965/965 964/964/964 971/971/971
f 968/968/968 971/971/971 970/970/970
f 972/972/972 968/968/968 969/969/969
f 963/963/963 961/961/961 981/981/981
f 336/336/336 337/337/337 338/338/338
f 992/992/992 993/993/993 827/827/827
f 810/810/810 815/815/815 996/996/996
f 1007/1007/1007 1001/1001/1001 1002/1002/1002
f 1012/1012/1012 826/826/826 827/827/827
f 1011/1011/1011 1009/1009/1009 1007/1007/1007
f 294/294/294 293/293/293 292/292/292
f 907/907/907 908/908/908 920/920/920
f 1017/1017/1017 579/579/579 1019/1019/1019
f 1020/1020/1020 1023/1023/1023 1022/1022/1022
f 1035/1035/1035 1024/1024/1024 1020/1020/1020
f 1061/1061/1061 1060/1060/1060 1047/1047/1047
f 1063/1063/1063 1061/1061/1061 1046/1046/1046
f 1044/1044/1044 1020/1020/1020 1021/1021/1021
f 1102/1102/1102 1094/1094/1094 1097/1097/1097
f 1116/1116/1116 1126/1126/1126 1118/1118/1118
f 1016/1016/1016 1015/1015/1015 1014/1014/1014
f 881/881/881 897/897/897 904/904/904
f 816/816/816 1116/1116/1116 1127/1127/1127
f 1094/1094/1094 948/948/948 949/949/949
f 514/514/514 342/342/342 167/167/167
f 146/146/146 145/145/145 81/81/81
f 1133/1133/1133 1135/1135/1135 1130/1130/1130
f 1102/1102/1102 1133/1133/1133 1126/1126/1126
f 822/822/822 1126/1126/1126 1116/1116/1116
f 1145/1145/1145 1143/1143/1143 1148/1148/1148
f 1076/1076/1076 1144/1144/1144 1151/1151/1151
f 1148/1148/1148 1143/1143/1143 1086/1086/1086
f 1109/1109/1109 1097/1097/1097 1114/1114/1114
f 1154/1154/1154 1153/1153/1153 1156/1156/1156
f 1153/1153/1153 925/925/925 967/967/967
f 3464/3464/3464 3497/3497/3497 463/463/463
f 1144/1144/1144 1147/1147/1147 1152/1152/1152
f 1156/1156/1156 967/967/967 1163/1163/1163
f 1164/1164/1164 1162/1162/1162 1169/1169/1169
f 1145/1145/1145 1171/1171/1171 1176/1176/1176
f 1114/1114/1114 1115/1115/1115 1154/1154/1154
f 1183/1183/1183 1155/1155/1155 1164/1164/1164
f 1184/1184/1184 1183/1183/1183 1177/1177/1177
f 1069/1069/1069 1151/1151/1151 1062/1062/1062
f 1023/1023/1023 1191/1191/1191 1194/1194/1194
f 1162/1162/1162 1163/1163/1163 1170/1170/1170
f 1195/1195/1195 1184/1184/1184 1185/1185/1185
f 1183/1183/1183 1196/1196/1196 1176/1176/1176
f 1201/1201/1201 1063/1063/1063 1152/1152/1152
f 1061/1061/1061 1063/1063/1063 1201/1201/1201
f 3825/3825/3825 847/847/847 843/843/843
f 1203/1203/1203 1202/1202/1202 1195/1195/1195
f 1202/1202/1202 1201/1201/1201 1184/1184/1184
f 1218/1218/1218 1060/1060/1060 1203/1203/1203
f 1060/1060/1060 1061/1061/1061 1202/1202/1202
f 1225/1225/1225 1218/1218/1218 1217/1217/1217
f 671/671/671 695/695/695 694/694/694
f 1219/1219/1219 1217/1217/1217 1024/1024/1024
f 1217/1217/1217 1203/1203/1203 1034/1034/1034
f 1226/1226/1226 1014/1014/1014 1015/1015/1015
f 1243/1243/1243 1242/1242/1242 1234/1234/1234
f 1231/1231/1231 1230/1230/1230 1229/1229/1229
f 847/847/847 1243/1243/1243 1233/1233/1233
f 843/843/843 1233/1233/1233 1244/1244/1244
f 1233/1233/1233 1234/1234/1234 1245/1245/1245
f 1923/1923/1923 3761/3761/3761 233/233/233
f 2100/2100/2100 2108/2108/2108 499/499/499
f 3914/3914/3914 3864/3864/3864 2135/2135/2135
f 61/61/61 62/62/62 323/323/323
f 210/210/210 211/211/211 217/217/217
f 1299/1299/1299 1310/1310/1310 1309/1309/1309
f 3863/3863/3863 1230/1230/1230 1231/1231/1231
f 1066/1066/1066 1047/1047/1047 1321/1321/1321
f 1322/1322/1322 1321/1321/1321 1228/1228/1228
f 1060/1060/1060 1218/1218/1218 1321/1321/1321
f 1325/1325/1325 1324/1324/1324 1323/1323/1323
f 1244/1244/1244 1245/1245/1245 1332/1332/1332
f 1290/1290/1290 1234/1234/1234 1242/1242/1242
f 1337/1337/1337 1330/1330/1330 1339/1339/1339
f 1330/1330/1330 1332/1332/1332 1340/1340/1340
f 1341/1341/1341 1332/1332/1332 1245/1245/1245
f 1342/1342/1342 1340/1340/1340 1332/1332/1332
f 1343/1343/1343 1342/1342/1342 1341/1341/1341
f 1344/1344/1344 1341/1341/1341 1294/1294/1294
f 3857/3857/3857 3856/3856/3856 1345/1345/1345
f 1347/1347/1347 1348/1348/1348 1342/1342/1342
f 3856/3856/3856 3854/3854/3854 1295/1295/1295
f 1349/1349/1349 1350/1350/1350 1348/1348/1348
f 3861/3861/3861 1349/1349/1349 1347/1347/1347
f 3853/3853/3853 1347/1347/1347 1343/1343/1343
f 906/906/906 898/898/898 829/829/829
f 905/905/905 906/906/906 1353/1353/1353
f 865/865/865 1356/1356/1356 1355/1355/1355
f 1355/1355/1355 1353/1353/1353 829/829/829
f 1357/1357/1357 1355/1355/1355 825/825/825
f 1356/1356/1356 1354/1354/1354 1353/1353/1353
f 3834/3834/3834 1337/1337/1337 1338/1338/1338
f 866/866/866 1358/1358/1358 1356/1356/1356
f 1358/1358/1358 1359/1359/1359 1354/1354/1354
f 3828/3828/3828 878/878/878 1337/1337/1337
f 838/838/838 1362/1362/1362 1012/1012/1012
f 1363/1363/1363 1364/1364/1364 1338/1338/1338
f 1368/1368/1368 1363/1363/1363 1339/1339/1339
f 1348/1348/1348 1368/1368/1368 1340/1340/1340
f 1371/1371/1371 1369/1369/1369 3824/3824/3824
f 524/524/524 525/525/525 526/526/526
f 528/528/528 529/529/529 530/530/530
f 1372/1372/1372 1370/1370/1370 1369/1369/1369
f 535/535/535 536/536/536 537/537/537
f 1367/1367/1367 1368/1368/1368 1348/1348/1348
f 1370/1370/1370 1354/1354/1354 1359/1359/1359
f 1369/1369/1369 1359/1359/1359 3833/3833/3833
f 1373/1373/1373 910/910/910 903/903/903
f 555/555/555 556/556/556 557/557/557
f 1374/1374/1374 909/909/909 910/910/910
f 1373/1373/1373 904/904/904 905/905/905
f 1374/1374/1374 1373/1373/1373 1375/1375/1375
f 1375/1375/1375 905/905/905 1354/1354/1354
f 1378/1378/1378 920/920/920 908/908/908
f 376/376/376 373/373/373 651/651/651
f 1388/1388/1388 928/928/928 973/973/973
f 586/586/586 587/587/587 588/588/588
f 1390/1390/1390 1389/1389/1389 1388/1388/1388
f 1391/1391/1391 1388/1388/1388 969/969/969
f 597/597/597 598/598/598 599/599/599
f 600/600/600 601/601/601 602/602/602
f 1392/1392/1392 1391/1391/1391 970/970/970
f 608/608/608 609/609/609 610/610/610
f 612/612/612 524/524/524 523/523/523
f 614/614/614 615/615/615 616/616/616
f 617/617/617 618/618/618 25/25/25
f 620/620/620 621/621/621 622/622/622
f 1397/1397/1397 1390/1390/1390 1391/1391/1391
f 1398/1398/1398 1397/1397/1397 1392/1392/1392
f 1400/1400/1400 987/987/987 920/920/920
f 1402/1402/1402 1403/1403/1403 1165/1165/1165
f 636/636/636 637/637/637 638/638/638
f 930/930/930 1404/1404/1404 1402/1402/1402
f 641/641/641 642/642/642 643/643/643
f 929/929/929 1402/1402/1402 1169/1169/1169
f 1404/1404/1404 1405/1405/1405 1403/1403/1403
f 1411/1411/1411 1366/1366/1366 1365/1365/1365
f 1412/1412/1412 1406/1406/1406 1415/1415/1415
f 652/652/652 653/653/653 654/654/654
f 609/609/609 656/656/656 657/657/657
f 659/659/659 660/660/660 661/661/661
f 558/558/558 663/663/663 586/586/586
f 665/665/665 666/666/666 667/667/667
f 1413/1413/1413 1411/1411/1411 1406/1406/1406
f 1418/1418/1418 1416/1416/1416 3810/3810/3810
f 1417/1417/1417 1372/1372/1372 1371/1371/1371
f 1416/1416/1416 1371/1371/1371 3829/3829/3829
f 1419/1419/1419 1417/1417/1417 1416/1416/1416
f 1386/1386/1386 909/909/909 1374/1374/1374
f 677/677/677 678/678/678 679/679/679
f 1385/1385/1385 1386/1386/1386 1420/1420/1420
f 1420/1420/1420 1374/1374/1374 1376/1376/1376
f 685/685/685 686/686/686 687/687/687
f 1421/1421/1421 1420/1420/1420 1422/1422/1422
f 528/528/528 690/690/690 691/691/691
f 1422/1422/1422 1376/1376/1376 1372/1372/1372
f 1018/1018/1018 1019/1019/1019 747/747/747
f 699/699/699 700/700/700 701/701/701
f 1424/1424/1424 578/578/578 579/579/579
f 3663/3663/3663 1597/1597/1597 1767/1767/1767
f 700/700/700 699/699/699 711/711/711
f 1093/1093/1093 3746/3746/3746 3754/3754/3754
f 717/717/717 718/718/718 530/530/530
f 721/721/721 722/722/722 723/723/723
f 704/704/704 1650/1650/1650 3543/3543/3543
f 19/19/19 1429/1429/1429 1426/1426/1426
f 1429/1429/1429 1428/1428/1428 1427/1427/1427
f 1658/1658/1658 1659/1659/1659 3542/3542/3542
f 1439/1439/1439 1437/1437/1437 1434/1434/1434
f 1437/1437/1437 1436/1436/1436 1435/1435/1435
f 1426/1426/1426 1427/1427/1427 1433/1433/1433
f 1442/1442/1442 1431/1431/1431 1432/1432/1432
f 742/742/742 743/743/743 744/744/744
f 1432/1432/1432 1433/1433/1433 1441/1441/1441
f 751/751/751 752/752/752 753/753/753
f 1438/1438/1438 1434/1434/1434 1403/1403/1403
f 1446/1446/1446 1445/1445/1445 1444/1444/1444
f 1447/1447/1447 1448/1448/1448 1446/1446/1446
f 3860/3860/3860 1447/1447/1447 1443/1443/1443
f 1415/1415/1415 1367/1367/1367 1445/1445/1445
f 1414/1414/1414 1415/1415/1415 1446/1446/1446
f 2173/2173/2173 1683/1683/1683 469/469/469
f 777/777/777 778/778/778 779/779/779
f 780/780/780 781/781/781 782/782/782
f 1676/1676/1676 1693/1693/1693 1806/1806/1806
f 3859/3859/3859 1451/1451/1451 1349/1349/1349
f 789/789/789 790/790/790 791/791/791
f 745/745/745 792/792/792 793/793/793
f 652/652/652 794/794/794 795/795/795
f 1455/1455/1455 1458/1458/1458 1457/1457/1457
f 1454/1454/1454 1367/1367/1367 1350/1350/1350
f 610/610/610 691/691/691 802/802/802
f 3831/3831/3831 3816/3816/3816 698/698/698
f 1352/1352/1352 1044/1044/1044 1045/1045/1045
f 1015/1015/1015 1016/1016/1016 1459/1459/1459
f 811/811/811 812/812/812 813/813/813
f 2118/2118/2118 3815/3815/3815 3817/3817/3817
f 819/819/819 820/820/820 821/821/821
f 1466/1466/1466 1463/1463/1463 1194/1194/1194
f 1467/1467/1467 1468/1468/1468 1465/1465/1465
f 1182/1182/1182 1165/1165/1165 1468/1468/1468
f 832/832/832 812/812/812 833/833/833
f 835/835/835 836/836/836 837/837/837
f 1467/1467/1467 1466/1466/1466 1190/1190/1190
f 1469/1469/1469 1470/1470/1470 1444/1444/1444
f 840/840/840 700/700/700 712/712/712
f 1453/1453/1453 1470/1470/1470 1469/1469/1469
f 599/599/599 844/844/844 845/845/845
f 1226/1226/1226 1450/1450/1450 3849/3849/3849
f 851/851/851 852/852/852 853/853/853
f 855/855/855 744/744/744 856/856/856
f 858/858/858 859/859/859 860/860/860
f 861/861/861 862/862/862 863/863/863
f 1014/1014/1014 1226/1226/1226 3855/3855/3855
f 867/867/867 676/676/676 868/868/868
f 870/870/870 871/871/871 872/872/872
f 874/874/874 875/875/875 876/876/876
f 1310/1310/1310 1323/1323/1323 1471/1471/1471
f 1476/1476/1476 1433/1433/1433 1427/1427/1427
f 1461/1461/1461 1476/1476/1476 1475/1475/1475
f 887/887/887 888/888/888 889/889/889
f 788/788/788 791/791/791 892/892/892
f 894/894/894 895/895/895 896/896/896
f 1460/1460/1460 1475/1475/1475 1227/1227/1227
f 901/901/901 902/902/902 524/524/524
f 1465/1465/1465 1478/1478/1478 1477/1477/1477
f 1865/1865/1865 3503/3503/3503 3500/3500/3500
f 911/911/911 912/912/912 913/913/913
f 916/916/916 917/917/917 918/918/918
f 1850/1850/1850 3505/3505/3505 3507/3507/3507
f 921/921/921 922/922/922 895/895/895
f 1479/1479/1479 1435/1435/1435 1436/1436/1436
f 926/926/926 664/664/664 667/667/667
f 1481/1481/1481 562/562/562 563/563/563
f 269/269/269 1483/1483/1483 84/84/84
f 931/931/931 932/932/932 933/933/933
f 934/934/934 935/935/935 614/614/614
f 936/936/936 685/685/685 688/688/688
f 938/938/938 659/659/659 662/662/662
f 1484/1484/1484 270/270/270 122/122/122
f 941/941/941 942/942/942 835/835/835
f 320/320/320 321/321/321 509/509/509
f 1849/1849/1849 3510/3510/3510 3505/3505/3505
f 84/84/84 1483/1483/1483 1484/1484/1484
f 1487/1487/1487 1490/1490/1490 1488/1488/1488
f 1757/1757/1757 1758/1758/1758 3502/3502/3502
f 365/365/365 1492/1492/1492 1491/1491/1491
f 461/461/461 79/79/79 80/80/80
f 117/117/117 363/363/363 362/362/362
f 1494/1494/1494 540/540/540 541/541/541
f 926/926/926 601/601/601 957/957/957
f 1477/1477/1477 1441/1441/1441 1433/1433/1433
f 1709/1709/1709 1588/1588/1588 1585/1585/1585
f 119/119/119 117/117/117 1496/1496/1496
f 271/271/271 1497/1497/1497 504/504/504
f 511/511/511 517/517/517 189/189/189
f 345/345/345 1496/1496/1496 1492/1492/1492
f 57/57/57 344/344/344 299/299/299
f 1501/1501/1501 1499/1499/1499 268/268/268
f 267/267/267 268/268/268 1499/1499/1499
f 974/974/974 975/975/975 976/976/976
f 1678/1678/1678 1652/1652/1652 1693/1693/1693
f 3846/3846/3846 1682/1682/1682 1807/1807/1807
f 557/557/557 982/982/982 663/663/663
f 983/983/983 941/941/941 984/984/984
f 1443/1443/1443 1444/1444/1444 3849/3849/3849
f 421/421/421 1500/1500/1500 268/268/268
f 989/989/989 990/990/990 991/991/991
f 1490/1490/1490 1487/1487/1487 418/418/418
f 279/279/279 280/280/280 309/309/309
f 997/997/997 868/868/868 676/676/676
f 998/998/998 26/26/26 999/999/999
f 1504/1504/1504 418/418/418 38/38/38
f 1506/1506/1506 1508/1508/1508 1507/1507/1507
f 360/360/360 361/361/361 1508/1508/1508
f 1506/1506/1506 1486/1486/1486 207/207/207
f 939/939/939 1005/1005/1005 1006/1006/1006
f 270/270/270 1484/1484/1484 1483/1483/1483
f 66/66/66 63/63/63 546/546/546
f 1010/1010/1010 742/742/742 793/793/793
f 367/367/367 428/428/428 437/437/437
f 244/244/244 31/31/31 363/363/363
f 1670/1670/1670 3532/3532/3532 3534/3534/3534
f 209/209/209 206/206/206 1510/1510/1510
f 388/388/388 389/389/389 426/426/426
f 427/427/427 274/274/274 250/250/250
f 161/161/161 520/520/520 521/521/521
f 100/100/100 246/246/246 45/45/45
f 1025/1025/1025 1026/1026/1026 608/608/608
f 1029/1029/1029 1030/1030/1030 1031/1031/1031
f 939/939/939 662/662/662 1033/1033/1033
f 41/41/41 42/42/42 594/594/594
f 1036/1036/1036 780/780/780 783/783/783
f 702/702/702 701/701/701 1038/1038/1038
f 1040/1040/1040 1041/1041/1041 1042/1042/1042
f 362/362/362 32/32/32 369/369/369
f 187/187/187 1520/1520/1520 477/477/477
f 70/70/70 1487/1487/1487 539/539/539
f 1049/1049/1049 600/600/600 603/603/603
f 613/613/613 867/867/867 869/869/869
f 860/860/860 1050/1050/1050 1051/1051/1051
f 1005/1005/1005 1052/1052/1052 1053/1053/1053
f 753/753/753 1055/1055/1055 1056/1056/1056
f 1057/1057/1057 1058/1058/1058 1059/1059/1059
f 293/293/293 288/288/288 1522/1522/1522
f 288/288/288 212/212/212 1521/1521/1521
f 292/292/292 1522/1522/1522 1523/1523/1523
f 331/331/331 1507/1507/1507 1508/1508/1508
f 306/306/306 452/452/452 453/453/453
f 100/100/100 44/44/44 41/41/41
f 462/462/462 1524/1524/1524 78/78/78
f 330/330/330 331/331/331 1524/1524/1524
f 635/635/635 1067/1067/1067 1068/1068/1068
f 1485/1485/1485 1527/1527/1527 1526/1526/1526
f 206/206/206 1485/1485/1485 1528/1528/1528
f 1070/1070/1070 1071/1071/1071 1072/1072/1072
f 942/942/942 941/941/941 1073/1073/1073
f 916/916/916 933/933/933 1075/1075/1075
f 440/440/440 1529/1529/1529 1530/1530/1530
f 157/157/157 158/158/158 1514/1514/1514
f 1529/1529/1529 162/162/162 5/5/5
f 371/371/371 595/595/595 546/546/546
f 790/790/790 586/586/586 663/663/663
f 1077/1077/1077 858/858/858 857/857/857
f 1403/1403/1403 1434/1434/1434 1435/1435/1435
f 1080/1080/1080 1081/1081/1081 1082/1082/1082
f 531/531/531 520/520/520 1529/1529/1529
f 21/21/21 1083/1083/1083 1084/1084/1084
f 272/272/272 1532/1532/1532 1531/1531/1531
f 690/690/690 712/712/712 802/802/802
f 335/335/335 3571/3571/3571 3567/3567/3567
f 1090/1090/1090 1030/1030/1030 1029/1029/1029
f 1092/1092/1092 795/795/795 794/794/794
f 1533/1533/1533 396/396/396 137/137/137
f 661/661/661 660/660/660 1095/1095/1095
f 69/69/69 444/444/444 445/445/445
f 1099/1099/1099 1100/1100/1100 1101/1101/1101
f 38/38/38 39/39/39 1536/1536/1536
f 1104/1104/1104 1105/1105/1105 1106/1106/1106
f 852/852/852 1107/1107/1107 1108/1108/1108
f 1377/1377/1377 908/908/908 909/909/909
f 291/291/291 377/377/377 411/411/411
f 316/316/316 1536/1536/1536 516/516/516
f 539/539/539 1488/1488/1488 1533/1533/1533
f 1505/1505/1505 1536/1536/1536 316/316/316
f 1110/1110/1110 1111/1111/1111 1112/1112/1112
f 1539/1539/1539 1537/1537/1537 460/460/460
f 522/522/522 441/441/441 1537/1537/1537
f 834/834/834 837/837/837 1120/1120/1120
f 1122/1122/1122 1123/1123/1123 1124/1124/1124
f 612/612/612 1125/1125/1125 1041/1041/1041
f 935/935/935 793/793/793 615/615/615
f 276/276/276 278/278/278 130/130/130
f 1686/1686/1686 3549/3549/3549 3522/3522/3522
f 193/193/193 190/190/190 1541/1541/1541
f 231/231/231 521/521/521 1540/1540/1540
f 556/556/556 1037/1037/1037 982/982/982
f 365/365/365 253/253/253 85/85/85
f 190/190/190 532/532/532 318/318/318
f 1810/1810/1810 765/765/765 3574/3574/3574
f 3924/3924/3924 1867/1867/1867 3512/3512/3512
f 1132/1132/1132 983/983/983 985/985/985
f 208/208/208 101/101/101 102/102/102
f 1134/1134/1134 1033/1033/1033 662/662/662
f 1491/1491/1491 518/518/518 80/80/80
f 429/429/429 133/133/133 1542/1542/1542
f 1137/1137/1137 1138/1138/1138 915/915/915
f 172/172/172 436/436/436 428/428/428
f 1139/1139/1139 1140/1140/1140 1141/1141/1141
f 549/549/549 96/96/96 54/54/54
f 1517/1517/1517 1519/1519/1519 1518/1518/1518
f 834/834/834 1119/1119/1119 984/984/984
f 1543/1543/1543 513/513/513 286/286/286
f 1544/1544/1544 797/797/797 239/239/239
f 133/133/133 134/134/134 1544/1544/1544
f 506/506/506 361/361/361 257/257/257
f 420/420/420 327/327/327 328/328/328
f 1158/1158/1158 1159/1159/1159 1160/1160/1160
f 587/587/587 1104/1104/1104 1103/1103/1103
f 607/607/607 1161/1161/1161 1027/1027/1027
f 304/304/304 1546/1546/1546 1545/1545/1545
f 364/364/364 1491/1491/1491 77/77/77
f 69/69/69 70/70/70 198/198/198
f 700/700/700 840/840/840 1112/1112/1112
f 3877/3877/3877 626/626/626 3525/3525/3525
f 1166/1166/1166 719/719/719 657/657/657
f 1167/1167/1167 1168/1168/1168 858/858/858
f 1300/1300/1300 3523/3523/3523 3524/3524/3524
f 1172/1172/1172 1173/1173/1173 1174/1174/1174
f 218/218/218 203/203/203 200/200/200
f 1179/1179/1179 1180/1180/1180 1181/1181/1181
f 372/372/372 183/183/183 97/97/97
f 89/89/89 104/104/104 227/227/227
f 1186/1186/1186 1187/1187/1187 1188/1188/1188
f 172/172/172 173/173/173 1517/1517/1517
f 1482/1482/1482 84/84/84 81/81/81
f 1090/1090/1090 1192/1192/1192 1193/1193/1193
f 394/394/394 395/395/395 353/353/353
f 526/526/526 525/525/525 1198/1198/1198
f 1199/1199/1199 1200/1200/1200 1026/1026/1026
f 606/606/606 623/623/623 697/697/697
f 1204/1204/1204 1205/1205/1205 1206/1206/1206
f 1207/1207/1207 1208/1208/1208 523/523/523
f 1209/1209/1209 1210/1210/1210 867/867/867
f 914/914/914 913/913/913 685/685/685
f 1478/1478/1478 1436/1436/1436 1441/1441/1441
f 1029/1029/1029 1028/1028/1028 1161/1161/1161
f 1211/1211/1211 1212/1212/1212 1213/1213/1213
f 3858/3858/3858 1453/1453/1453 1451/1451/1451
f 844/844/844 1215/1215/1215 1216/1216/1216
f 423/423/423 193/193/193 273/273/273
f 1220/1220/1220 1221/1221/1221 1222/1222/1222
f 22/22/22 1223/1223/1223 1224/1224/1224
f 882/882/882 898/898/898 897/897/897
f 1519/1519/1519 1517/1517/1517 173/173/173
f 1189/1189/1189 1188/1188/1188 1232/1232/1232
f 349/349/349 350/350/350 550/550/550
f 1071/1071/1071 1235/1235/1235 1236/1236/1236
f 1237/1237/1237 1238/1238/1238 1239/1239/1239
f 1221/1221/1221 1186/1186/1186 1189/1189/1189
f 1510/1510/1510 1528/1528/1528 1512/1512/1512
f 939/939/939 1032/1032/1032 1241/1241/1241
f 1556/1556/1556 1530/1530/1530 5/5/5
f 1553/1553/1553 1554/1554/1554 394/394/394
f 404/404/404 1556/1556/1556 67/67/67
f 1247/1247/1247 1248/1248/1248 1249/1249/1249
f 142/142/142 199/199/199 238/238/238
f 1251/1251/1251 1067/1067/1067 635/635/635
f 850/850/850 1252/1252/1252 1253/1253/1253
f 1254/1254/1254 1167/1167/1167 1077/1077/1077
f 57/57/57 132/132/132 133/133/133
f 443/443/443 430/430/430 552/552/552
f 1187/1187/1187 1172/1172/1172 1175/1175/1175
f 1256/1256/1256 1070/1070/1070 831/831/831
f 432/432/432 405/405/405 382/382/382
f 741/741/741 748/748/748 747/747/747
f 434/434/434 350/350/350 351/351/351
f 349/349/349 432/432/432 383/383/383
f 251/251/251 124/124/124 1481/1481/1481
f 395/395/395 384/384/384 352/352/352
f 1518/1518/1518 1519/1519/1519 1550/1550/1550
f 1558/1558/1558 410/410/410 378/378/378
f 109/109/109 263/263/263 314/314/314
f 285/285/285 1514/1514/1514 1513/1513/1513
f 395/395/395 394/394/394 393/393/393
f 202/202/202 203/203/203 410/410/410
f 417/417/417 408/408/408 405/405/405
f 1246/1246/1246 1257/1257/1257 1258/1258/1258
f 3/3/3 1559/1559/1559 297/297/297
f 1259/1259/1259 1260/1260/1260 1261/1261/1261
f 403/403/403 404/404/404 347/347/347
f 955/955/955 954/954/954 953/953/953
f 462/462/462 50/50/50 51/51/51
f 1096/1096/1096 1095/1095/1095 687/687/687
f 429/429/429 147/147/147 60/60/60
f 896/896/896 1264/1264/1264 1265/1265/1265
f 1267/1267/1267 721/721/721 1268/1268/1268
f 423/423/423 424/424/424 327/327/327
f 37/37/37 179/179/179 180/180/180
f 20/20/20 23/23/23 1187/1187/1187
f 1256/1256/1256 1168/1168/1168 1071/1071/1071
f 1188/1188/1188 1175/1175/1175 1269/1269/1269
f 1236/1236/1236 1270/1270/1270 1271/1271/1271
f 1272/1272/1272 536/536/536 535/535/535
f 565/565/565 564/564/564 463/463/463
f 1273/1273/1273 792/792/792 745/745/745
f 876/876/876 1254/1254/1254 1255/1255/1255
f 316/316/316 33/33/33 164/164/164
f 437/437/437 1516/1516/1516 503/503/503
f 194/194/194 1494/1494/1494 1495/1495/1495
f 1275/1275/1275 1276/1276/1276 864/864/864
f 624/624/624 625/625/625 631/631/631
f 1277/1277/1277 1274/1274/1274 1137/1137/1137
f 569/569/569 568/568/568 567/567/567
f 1481/1481/1481 124/124/124 125/125/125
f 324/324/324 325/325/325 547/547/547
f 1279/1279/1279 1108/1108/1108 1107/1107/1107
f 1525/1525/1525 332/332/332 329/329/329
f 1281/1281/1281 1278/1278/1278 1137/1137/1137
f 171/171/171 168/168/168 1553/1553/1553
f 1488/1488/1488 73/73/73 396/396/396
f 1557/1557/1557 1561/1561/1561 1562/1562/1562
f 1282/1282/1282 856/856/856 1206/1206/1206
f 1053/1053/1053 1277/1277/1277 1278/1278/1278
f 778/778/778 777/777/777 607/607/607
f 713/713/713 583/583/583 3566/3566/3566
f 251/251/251 225/225/225 144/144/144
f 4/4/4 357/357/357 348/348/348
f 709/709/709 708/708/708 707/707/707
f 728/728/728 48/48/48 45/45/45
f 261/261/261 135/135/135 1563/1563/1563
f 789/789/789 1286/1286/1286 1287/1287/1287
f 74/74/74 314/314/314 263/263/263
f 403/403/403 284/284/284 385/385/385
f 1178/1178/1178 1181/1181/1181 1240/1240/1240
f 1223/1223/1223 1259/1259/1259 1289/1289/1289
f 1220/1220/1220 20/20/20 1186/1186/1186
f 296/296/296 1518/1518/1518 354/354/354
f 784/784/784 459/459/459 1538/1538/1538
f 1181/1181/1181 1180/1180/1180 1291/1291/1291
f 1269/1269/1269 1292/1292/1292 1257/1257/1257
f 1566/1566/1566 1538/1538/1538 438/438/438
f 136/136/136 784/784/784 1566/1566/1566
f 1563/1563/1563 1564/1564/1564 169/169/169
f 107/107/107 114/114/114 109/109/109
f 1297/1297/1297 1282/1282/1282 1298/1298/1298
f 1464/1464/1464 1477/1477/1477 1476/1476/1476
f 1520/1520/1520 187/187/187 507/507/507
f 1301/1301/1301 1302/1302/1302 1303/1303/1303
f 1306/1306/1306 1307/1307/1307 1308/1308/1308
f 175/175/175 456/456/456 1532/1532/1532
f 1532/1532/1532 456/456/456 200/200/200
f 1311/1311/1311 1266/1266/1266 1312/1312/1312
f 872/872/872 1314/1314/1314 1315/1315/1315
f 3836/3836/3836 843/843/843 878/878/878
f 1305/1305/1305 1308/1308/1308 864/864/864
f 1040/1040/1040 1275/1275/1275 863/863/863
f 1564/1564/1564 1566/1566/1566 399/399/399
f 592/592/592 1576/1576/1576 1575/1575/1575
f 591/591/591 1575/1575/1575 1088/1088/1088
f 1581/1581/1581 1584/1584/1584 1583/1583/1583
f 1196/1196/1196 1152/1152/1152 1147/1147/1147
f 710/710/710 582/582/582 583/583/583
f 285/285/285 407/407/407 408/408/408
f 953/953/953 954/954/954 961/961/961
f 1594/1594/1594 1592/1592/1592 1589/1589/1589
f 1585/1585/1585 1588/1588/1588 1587/1587/1587
f 1592/1592/1592 1591/1591/1591 1590/1590/1590
f 3885/3885/3885 945/945/945 944/944/944
f 1600/1600/1600 1599/1599/1599 1598/1598/1598
f 1604/1604/1604 1603/1603/1603 1602/1602/1602
f 1399/1399/1399 1392/1392/1392 979/979/979
f 1589/1589/1589 1590/1590/1590 1596/1596/1596
f 1610/1610/1610 1609/1609/1609 1608/1608/1608
f 298/298/298 257/257/257 361/361/361
f 551/551/551 552/552/552 276/276/276
f 1627/1627/1627 1626/1626/1626 3814/3814/3814
f 859/859/859 811/811/811 818/818/818
f 1078/1078/1078 857/857/857 1328/1328/1328
f 1555/1555/1555 439/439/439 1530/1530/1530
f 572/572/572 573/573/573 680/680/680
f 772/772/772 465/465/465 776/776/776
f 977/977/977 1281/1281/1281 918/918/918
f 404/404/404 403/403/403 392/392/392
f 1054/1054/1054 1331/1331/1331 750/750/750
f 1644/1644/1644 1645/1645/1645 1643/1643/1643
f 932/932/932 1265/1265/1265 1082/1082/1082
f 1067/1067/1067 1333/1333/1333 1334/1334/1334
f 1540/1540/1540 1539/1539/1539 264/264/264
f 597/597/597 1335/1335/1335 643/643/643
f 471/471/471 761/761/761 762/762/762
f 1642/1642/1642 696/696/696 3831/3831/3831
f 1644/1644/1644 1642/1642/1642 3842/3842/3842
f 923/923/923 946/946/946 950/950/950
f 96/96/96 549/549/549 548/548/548
f 520/520/520 531/531/531 522/522/522
f 445/445/445 444/444/444 443/443/443
f 849/849/849 839/839/839 848/848/848
f 480/480/480 759/759/759 755/755/755
f 1646/1646/1646 760/760/760 481/481/481
f 311/311/311 426/426/426 1567/1567/1567
f 464/464/464 463/463/463 3497/3497/3497
f 3497/3497/3497 1360/1360/1360 1361/1361/1361
f 234/234/234 237/237/237 236/236/236
f 190/190/190 193/193/193 192/192/192
f 153/153/153 154/154/154 152/152/152
f 231/231/231 287/287/287 286/286/286
f 1552/1552/1552 1553/1553/1553 1551/1551/1551
f 760/760/760 1646/1646/1646 1648/1648/1648
f 3832/3832/3832 1647/1647/1647 1649/1649/1649
f 828/828/828 827/827/827 826/826/826
f 52/52/52 167/167/167 166/166/166
f 1663/1663/1663 1662/1662/1662 1661/1661/1661
f 287/287/287 107/107/107 115/115/115
f 668/668/668 671/671/671 670/670/670
f 634/634/634 645/645/645 640/640/640
f 553/553/553 560/560/560 559/559/559
f 118/118/118 36/36/36 33/33/33
f 492/492/492 484/484/484 491/491/491
f 3552/3552/3552 1652/1652/1652 1651/1651/1651
f 582/582/582 589/589/589 584/584/584
f 384/384/384 395/395/395 392/392/392
f 1381/1381/1381 1382/1382/1382 1383/1383/1383
f 1562/1562/1562 1561/1561/1561 435/435/435
f 952/952/952 953/953/953 951/951/951
f 3529/3529/3529 3566/3566/3566 583/583/583
f 1660/1660/1660 1661/1661/1661 1667/1667/1667
f 1394/1394/1394 1395/1395/1395 1396/1396/1396
f 1660/1660/1660 1665/1665/1665 1664/1664/1664
f 1671/1671/1671 1670/1670/1670 1669/1669/1669
f 1624/1624/1624 1625/1625/1625 1673/1673/1673
f 1407/1407/1407 1408/1408/1408 1409/1409/1409
f 1677/1677/1677 1676/1676/1676 1675/1675/1675
f 1613/1613/1613 1679/1679/1679 1677/1677/1677
f 1679/1679/1679 1678/1678/1678 1676/1676/1676
f 1626/1626/1626 1681/1681/1681 3811/3811/3811
f 534/534/534 199/199/199 198/198/198
f 803/803/803 733/733/733 734/734/734
f 400/400/400 248/248/248 191/191/191
f 65/65/65 66/66/66 143/143/143
f 3526/3526/3526 1657/1657/1657 1656/1656/1656
f 402/402/402 159/159/159 157/157/157
f 629/629/629 628/628/628 627/627/627
f 461/461/461 477/477/477 49/49/49
f 758/758/758 757/757/757 495/495/495
f 796/796/796 787/787/787 786/786/786
f 406/406/406 407/407/407 1513/1513/1513
f 342/342/342 343/343/343 166/166/166
f 1694/1694/1694 1659/1659/1659 1658/1658/1658
f 1692/1692/1692 1687/1687/1687 1694/1694/1694
f 3557/3557/3557 1693/1693/1693 1652/1652/1652
f 3921/3921/3921 1704/1704/1704 1703/1703/1703
f 326/326/326 547/547/547 302/302/302
f 3916/3916/3916 3921/3921/3921 1702/1702/1702
f 3919/3919/3919 3918/3918/3918 1698/1698/1698
f 1699/1699/1699 1691/1691/1691 3927/3927/3927
f 1557/1557/1557 406/406/406 1560/1560/1560
f 1127/1127/1127 1116/1116/1116 1117/1117/1117
f 400/400/400 401/401/401 289/289/289
f 1706/1706/1706 1702/1702/1702 1707/1707/1707
f 1707/1707/1707 1702/1702/1702 1599/1599/1599
f 1709/1709/1709 1706/1706/1706 1708/1708/1708
f 1714/1714/1714 1712/1712/1712 1711/1711/1711
f 3919/3919/3919 3915/3915/3915 1709/1709/1709
f 1704/1704/1704 1711/1711/1711 1577/1577/1577
f 1716/1716/1716 1714/1714/1714 1713/1713/1713
f 1559/1559/1559 1562/1562/1562 1549/1549/1549
f 1722/1722/1722 1721/1721/1721 1720/1720/1720
f 1335/1335/1335 597/597/597 596/596/596
f 410/410/410 411/411/411 377/377/377
f 973/973/973 1170/1170/1170 1163/1163/1163
f 168/168/168 169/169/169 399/399/399
f 1571/1571/1571 682/682/682 1089/1089/1089
f 1572/1572/1572 681/681/681 682/682/682
f 749/749/749 646/646/646 647/647/647
f 1730/1730/1730 1724/1724/1724 1723/1723/1723
f 1594/1594/1594 1582/1582/1582 1729/1729/1729
f 1729/1729/1729 1723/1723/1723 1591/1591/1591
f 1384/1384/1384 1378/1378/1378 1377/1377/1377
f 1732/1732/1732 1731/1731/1731 1712/1712/1712
f 1724/1724/1724 1730/1730/1730 1731/1731/1731
f 1722/1722/1722 1724/1724/1724 1732/1732/1732
f 1721/1721/1721 1722/1722/1722 1733/1733/1733
f 1734/1734/1734 1733/1733/1733 1716/1716/1716
f 1735/1735/1735 1737/1737/1737 1736/1736/1736
f 1733/1733/1733 1732/1732/1732 1714/1714/1714
f 1663/1663/1663 1664/1664/1664 1741/1741/1741
f 1742/1742/1742 1665/1665/1665 1740/1740/1740
f 1738/1738/1738 1739/1739/1739 1737/1737/1737
f 1665/1665/1665 1660/1660/1660 1666/1666/1666
f 1665/1665/1665 1742/1742/1742 1744/1744/1744
f 1725/1725/1725 1726/1726/1726 1746/1746/1746
f 1591/1591/1591 1725/1725/1725 1745/1745/1745
f 1590/1590/1590 1745/1745/1745 1747/1747/1747
f 1745/1745/1745 1746/1746/1746 1748/1748/1748
f 1659/1659/1659 1688/1688/1688 3538/3538/3538
f 3287/3287/3287 1760/1760/1760 3545/3545/3545
f 1185/1185/1185 1177/1177/1177 1182/1182/1182
f 1664/1664/1664 1744/1744/1744 1749/1749/1749
f 1741/1741/1741 1749/1749/1749 1739/1739/1739
f 1746/1746/1746 1742/1742/1742 1743/1743/1743
f 1726/1726/1726 1744/1744/1744 1742/1742/1742
f 1115/1115/1115 924/924/924 1153/1153/1153
f 1654/1654/1654 3546/3546/3546 3575/3575/3575
f 1896/1896/1896 3562/3562/3562 3549/3549/3549
f 1720/1720/1720 1749/1749/1749 1744/1744/1744
f 1721/1721/1721 1739/1739/1739 1749/1749/1749
f 1750/1750/1750 1718/1718/1718 1701/1701/1701
f 1697/1697/1697 1736/1736/1736 1750/1750/1750
f 1151/1151/1151 1152/1152/1152 1063/1063/1063
f 1751/1751/1751 1752/1752/1752 1670/1670/1670
f 1695/1695/1695 1658/1658/1658 1752/1752/1752
f 961/961/961 962/962/962 986/986/986
f 1770/1770/1770 1769/1769/1769 1768/1768/1768
f 1766/1766/1766 1594/1594/1594 1593/1593/1593
f 1731/1731/1731 1759/1759/1759 1579/1579/1579
f 1579/1579/1579 1777/1777/1777 1774/1774/1774
f 3928/3928/3928 1772/1772/1772 1771/1771/1771
f 1764/1764/1764 1772/1772/1772 3928/3928/3928
f 1777/1777/1777 1776/1776/1776 1775/1775/1775
f 3762/3762/3762 3763/3763/3763 1699/1699/1699
f 1004/1004/1004 1127/1127/1127 1128/1128/1128
f 1774/1774/1774 1775/1775/1775 1771/1771/1771
f 987/987/987 1400/1400/1400 1399/1399/1399
f 1578/1578/1578 1774/1774/1774 1772/1772/1772
f 1783/1783/1783 1782/1782/1782 1781/1781/1781
f 1597/1597/1597 1598/1598/1598 1770/1770/1770
f 639/639/639 1878/1878/1878 3895/3895/3895
f 3928/3928/3928 3929/3929/3929 1769/1769/1769
f 1793/1793/1793 1792/1792/1792 1789/1789/1789
f 3929/3929/3929 3920/3920/3920 1798/1798/1798
f 3508/3508/3508 3516/3516/3516 3773/3773/3773
f 1802/1802/1802 1867/1867/1867 3924/3924/3924
f 1788/1788/1788 1790/1790/1790 1794/1794/1794
f 1793/1793/1793 1794/1794/1794 1795/1795/1795
f 3773/3773/3773 3772/3772/3772 1675/1675/1675
f 1584/1584/1584 1581/1581/1581 1783/1783/1783
f 1771/1771/1771 1797/1797/1797 3920/3920/3920
f 1801/1801/1801 1799/1799/1799 1798/1798/1798
f 1768/1768/1768 1769/1769/1769 1798/1798/1798
f 1775/1775/1775 1796/1796/1796 1797/1797/1797
f 508/508/508 514/514/514 515/515/515
f 1796/1796/1796 1803/1803/1803 1802/1802/1802
f 1800/1800/1800 1798/1798/1798 3920/3920/3920
f 1794/1794/1794 1805/1805/1805 1804/1804/1804
f 3532/3532/3532 1670/1670/1670 1752/1752/1752
f 485/485/485 1808/1808/1808 1807/1807/1807
f 3809/3809/3809 3844/3844/3844 1640/1640/1640
f 3837/3837/3837 3844/3844/3844 1810/1810/1810
f 485/485/485 482/482/482 1640/1640/1640
f 1690/1690/1690 1691/1691/1691 3770/3770/3770
f 487/487/487 488/488/488 1648/1648/1648
f 3839/3839/3839 1813/1813/1813 1816/1816/1816
f 3838/3838/3838 1811/1811/1811 1648/1648/1648
f 3839/3839/3839 1812/1812/1812 1811/1811/1811
f 1812/1812/1812 1809/1809/1809 487/487/487
f 1641/1641/1641 1809/1809/1809 767/767/767
f 465/465/465 466/466/466 755/755/755
f 767/767/767 1815/1815/1815 3823/3823/3823
f 3822/3822/3822 1816/1816/1816 3826/3826/3826
f 1809/1809/1809 1812/1812/1812 1815/1815/1815
f 3837/3837/3837 1653/1653/1653 1651/1651/1651
f 675/675/675 672/672/672 3541/3541/3541
f 1814/1814/1814 1649/1649/1649 1822/1822/1822
f 1821/1821/1821 1822/1822/1822 3821/3821/3821
f 1824/1824/1824 1822/1822/1822 1649/1649/1649
f 1827/1827/1827 1849/1849/1849 1850/1850/1850
f 1668/1668/1668 1669/1669/1669 1662/1662/1662
f 1779/1779/1779 1780/1780/1780 1848/1848/1848
f 1790/1790/1790 1827/1827/1827 1805/1805/1805
f 1833/1833/1833 1836/1836/1836 1853/1853/1853
f 3521/3521/3521 3506/3506/3506 693/693/693
f 1614/1614/1614 1615/1615/1615 1616/1616/1616
f 1852/1852/1852 1853/1853/1853 3498/3498/3498
f 1620/1620/1620 1621/1621/1621 1622/1622/1622
f 1855/1855/1855 1765/1765/1765 1574/1574/1574
f 1847/1847/1847 1852/1852/1852 3501/3501/3501
f 1766/1766/1766 1765/1765/1765 1855/1855/1855
f 1629/1629/1629 1630/1630/1630 1631/1631/1631
f 1633/1633/1633 1622/1622/1622 1634/1634/1634
f 1635/1635/1635 1636/1636/1636 1637/1637/1637
f 1848/1848/1848 1833/1833/1833 1852/1852/1852
f 1855/1855/1855 1861/1861/1861 1863/1863/1863
f 1803/1803/1803 1866/1866/1866 1867/1867/1867
f 1862/1862/1862 1863/1863/1863 1831/1831/1831
f 1782/1782/1782 1855/1855/1855 1862/1862/1862
f 3922/3922/3922 3924/3924/3924 1865/1865/1865
f 1873/1873/1873 1872/1872/1872 1870/1870/1870
f 1874/1874/1874 1869/1869/1869 799/799/799
f 2045/2045/2045 3878/3878/3878 3897/3897/3897
f 1219/1219/1219 1345/1345/1345 1295/1295/1295
f 1615/1615/1615 1614/1614/1614 1396/1396/1396
f 3884/3884/3884 3895/3895/3895 1877/1877/1877
f 645/645/645 3898/3898/3898 3786/3786/3786
f 1345/1345/1345 1219/1219/1219 1035/1035/1035
f 634/634/634 639/639/639 3884/3884/3884
f 15/15/15 1887/1887/1887 1327/1327/1327
f 3910/3910/3910 3895/3895/3895 1878/1878/1878
f 1894/1894/1894 604/604/604 605/605/605
f 3506/3506/3506 3551/3551/3551 627/627/627
f 3560/3560/3560 640/640/640 645/645/645
f 340/340/340 341/341/341 454/454/454
f 1897/1897/1897 194/194/194 195/195/195
f 1889/1889/1889 1882/1882/1882 1877/1877/1877
f 1901/1901/1901 94/94/94 129/129/129
f 196/196/196 749/749/749 754/754/754
f 1705/1705/1705 1704/1704/1704 3921/3921/3921
f 340/340/340 378/378/378 166/166/166
f 1570/1570/1570 1480/1480/1480 563/563/563
f 1904/1904/1904 1494/1494/1494 194/194/194
f 1781/1781/1781 1862/1862/1862 1832/1832/1832
f 1905/1905/1905 549/549/549 55/55/55
f 1000/1000/1000 994/994/994 995/995/995
f 986/986/986 919/919/919 920/920/920
f 1191/1191/1191 1185/1185/1185 1190/1190/1190
f 2094/2094/2094 2077/2077/2077 2075/2075/2075
f 1920/1920/1920 1921/1921/1921 1919/1919/1919
f 453/453/453 454/454/454 1912/1912/1912
f 1915/1915/1915 1919/1919/1919 1918/1918/1918
f 3882/3882/3882 2112/2112/2112 2106/2106/2106
f 1655/1655/1655 3575/3575/3575 3531/3531/3531
f 1916/1916/1916 1918/1918/1918 1926/1926/1926
f 704/704/704 3554/3554/3554 3561/3561/3561
f 278/278/278 1916/1916/1916 1925/1925/1925
f 3565/3565/3565 3564/3564/3564 1818/1818/1818
f 1097/1097/1097 949/949/949 1115/1115/1115
f 1927/1927/1927 1928/1928/1928 727/727/727
f 3578/3578/3578 3579/3579/3579 3654/3654/3654
f 1920/1920/1920 310/310/310 307/307/307
f 1929/1929/1929 307/307/307 48/48/48
f 503/503/503 504/504/504 1497/1497/1497
f 1902/1902/1902 1903/1903/1903 787/787/787
f 1816/1816/1816 1821/1821/1821 3820/3820/3820
f 1925/1925/1925 1926/1926/1926 1923/1923/1923
f 1535/1535/1535 1569/1569/1569 1568/1568/1568
f 254/254/254 252/252/252 258/258/258
f 1509/1509/1509 1497/1497/1497 366/366/366
f 119/119/119 86/86/86 35/35/35
f 219/219/219 288/288/288 293/293/293
f 141/141/141 46/46/46 47/47/47
f 542/542/542 205/205/205 244/244/244
f 1940/1940/1940 552/552/552 430/430/430
f 1779/1779/1779 1828/1828/1828 1827/1827/1827
f 1701/1701/1701 1710/1710/1710 3915/3915/3915
f 1661/1661/1661 3550/3550/3550 3515/3515/3515
f 270/270/270 53/53/53 754/754/754
f 197/197/197 1947/1947/1947 749/749/749
f 1727/1727/1727 1728/1728/1728 1212/1212/1212
f 53/53/53 54/54/54 232/232/232
f 1465/1465/1465 1468/1468/1468 1479/1479/1479
f 1284/1284/1284 3862/3862/3862 3854/3854/3854
f 1951/1951/1951 446/446/446 412/412/412
f 168/168/168 398/398/398 1554/1554/1554
f 1486/1486/1486 1485/1485/1485 206/206/206
f 506/506/506 77/77/77 78/78/78
f 994/994/994 1001/1001/1001 1007/1007/1007
f 951/951/951 953/953/953 963/963/963
f 1013/1013/1013 3859/3859/3859 3861/3861/3861
f 3826/3826/3826 3820/3820/3820 1820/1820/1820
f 1498/1498/1498 1909/1909/1909 1954/1954/1954
f 299/299/299 298/298/298 543/543/543
f 1754/1754/1754 1755/1755/1755 1756/1756/1756
f 1681/1681/1681 469/469/469 1683/1683/1683
f 1696/1696/1696 1694/1694/1694 1695/1695/1695
f 13/13/13 14/14/14 738/738/738
f 473/473/473 476/476/476 475/475/475
f 482/482/482 1641/1641/1641 768/768/768
f 204/204/204 62/62/62 30/30/30
f 1761/1761/1761 1762/1762/1762 820/820/820
f 611/611/611 1763/1763/1763 1125/1125/1125
f 1501/1501/1501 1503/1503/1503 1908/1908/1908
f 1074/1074/1074 1073/1073/1073 711/711/711
f 1960/1960/1960 1944/1944/1944 82/82/82
f 120/120/120 1956/1956/1956 1960/1960/1960
f 35/35/35 86/86/86 87/87/87
f 1773/1773/1773 1199/1199/1199 1025/1025/1025
f 1965/1965/1965 1545/1545/1545 1569/1569/1569
f 494/494/494 761/761/761 471/471/471
f 1966/1966/1966 1967/1967/1967 1969/1969/1969
f 446/446/446 1951/1951/1951 1971/1971/1971
f 174/174/174 368/368/368 125/125/125
f 1580/1580/1580 1579/1579/1579 1578/1578/1578
f 1785/1785/1785 1786/1786/1786 1787/1787/1787
f 1972/1972/1972 1546/1546/1546 304/304/304
f 1254/1254/1254 876/876/876 875/875/875
f 1973/1973/1973 341/341/341 342/342/342
f 321/321/321 1912/1912/1912 1973/1973/1973
f 1910/1910/1910 277/277/277 275/275/275
f 509/509/509 1973/1973/1973 514/514/514
f 1486/1486/1486 1507/1507/1507 1527/1527/1527
f 1974/1974/1974 1874/1874/1874 804/804/804
f 1977/1977/1977 1976/1976/1976 1974/1974/1974
f 1980/1980/1980 448/448/448 1966/1966/1966
f 379/379/379 1/1/1 2/2/2
f 1718/1718/1718 1715/1715/1715 1710/1710/1710
f 884/884/884 995/995/995 992/992/992
f 1680/1680/1680 1684/1684/1684 1678/1678/1678
f 902/902/902 990/990/990 525/525/525
f 344/344/344 255/255/255 256/256/256
f 135/135/135 138/138/138 137/137/137
f 448/448/448 446/446/446 1967/1967/1967
f 589/589/589 605/605/605 604/604/604
f 910/910/910 909/909/909 908/908/908
f 1981/1981/1981 1966/1966/1966 1968/1968/1968
f 1982/1982/1982 1981/1981/1981 1987/1987/1987
f 1988/1988/1988 1979/1979/1979 1987/1987/1987
f 1990/1990/1990 1988/1988/1988 1989/1989/1989
f 1991/1991/1991 1989/1989/1989 1993/1993/1993
f 322/322/322 321/321/321 320/320/320
f 992/992/992 828/828/828 830/830/830
f 1144/1144/1144 1076/1076/1076 1086/1086/1086
f 1995/1995/1995 1977/1977/1977 1978/1978/1978
f 1133/1133/1133 1129/1129/1129 1118/1118/1118
f 1997/1997/1997 1995/1995/1995 1994/1994/1994
f 870/870/870 1823/1823/1823 1335/1335/1335
f 805/805/805 806/806/806 1982/1982/1982
f 727/727/727 184/184/184 2000/2000/2000
f 1996/1996/1996 1994/1994/1994 1988/1988/1988
f 1994/1994/1994 1978/1978/1978 1979/1979/1979
f 1829/1829/1829 616/616/616 792/792/792
f 1830/1830/1830 1073/1073/1073 941/941/941
f 798/798/798 803/803/803 800/800/800
f 729/729/729 732/732/732 731/731/731
f 2011/2011/2011 2012/2012/2012 2023/2023/2023
f 1834/1834/1834 1835/1835/1835 846/846/846
f 402/402/402 283/283/283 284/284/284
f 2022/2022/2022 2023/2023/2023 2024/2024/2024
f 1838/1838/1838 718/718/718 989/989/989
f 810/810/810 955/955/955 952/952/952
f 1823/1823/1823 1839/1839/1839 1840/1840/1840
f 1430/1430/1430 1426/1426/1426 1432/1432/1432
f 1215/1215/1215 844/844/844 1841/1841/1841
f 1316/1316/1316 1208/1208/1208 873/873/873
f 2112/2112/2112 1401/1401/1401 1384/1384/1384
f 1842/1842/1842 1843/1843/1843 1844/1844/1844
f 1159/1159/1159 846/846/846 845/845/845
f 837/837/837 27/27/27 1846/1846/1846
f 1971/1971/1971 1951/1951/1951 2030/2030/2030
f 517/517/517 369/369/369 370/370/370
f 1471/1471/1471 2026/2026/2026 2027/2027/2027
f 3551/3551/3551 3525/3525/3525 626/626/626
f 2174/2174/2174 2175/2175/2175 770/770/770
f 935/935/935 934/934/934 1854/1854/1854
f 1613/1613/1613 1619/1619/1619 1611/1611/1611
f 1231/1231/1231 1228/1228/1228 1225/1225/1225
f 1856/1856/1856 1857/1857/1857 891/891/891
f 1300/1300/1300 1309/1309/1309 748/748/748
f 1150/1150/1150 1149/1149/1149 1858/1858/1858
f 1643/1643/1643 606/606/606 696/696/696
f 1215/1215/1215 1265/1265/1265 1264/1264/1264
f 1320/1320/1320 1860/1860/1860 902/902/902
f 1956/1956/1956 1943/1943/1943 1944/1944/1944
f 2031/2031/2031 668/668/668 669/669/669
f 2034/2034/2034 1325/1325/1325 1310/1310/1310
f 1879/1879/1879 1880/1880/1880 1656/1656/1656
f 40/40/40 245/245/245 242/242/242
f 1992/1992/1992 1993/1993/1993 2039/2039/2039
f 888/888/888 958/958/958 957/957/957
f 1882/1882/1882 1889/1889/1889 1996/1996/1996
f 1078/1078/1078 1138/1138/1138 1255/1255/1255
f 1871/1871/1871 912/912/912 1192/1192/1192
f 294/294/294 411/411/411 218/218/218
f 1323/1323/1323 2041/2041/2041 2026/2026/2026
f 123/123/123 1960/1960/1960 83/83/83
f 1324/1324/1324 2036/2036/2036 2041/2041/2041
f 384/384/384 358/358/358 359/359/359
f 1324/1324/1324 1325/1325/1325 2038/2038/2038
f 1883/1883/1883 1884/1884/1884 1885/1885/1885
f 287/287/287 1540/1540/1540 114/114/114
f 1096/1096/1096 1886/1886/1886 1134/1134/1134
f 915/915/915 1329/1329/1329 931/931/931
f 806/806/806 1980/1980/1980 1981/1981/1981
f 3533/3533/3533 3529/3529/3529 584/584/584
f 1425/1425/1425 2030/2030/2030 2042/2042/2042
f 1018/1018/1018 2042/2042/2042 1948/1948/1948
f 3562/3562/3562 1896/1896/1896 740/740/740
f 1948/1948/1948 2042/2042/2042 649/649/649
f 1881/1881/1881 1882/1882/1882 1990/1990/1990
f 1900/1900/1900 129/129/129 130/130/130
f 992/992/992 995/995/995 994/994/994
f 923/923/923 927/927/927 925/925/925
f 3878/3878/3878 2045/2045/2045 2047/2047/2047
f 1643/1643/1643 2048/2048/2048 625/625/625
f 2050/2050/2050 2052/2052/2052 2051/2051/2051
f 2045/2045/2045 1405/1405/1405 1404/1404/1404
f 3876/3876/3876 2047/2047/2047 945/945/945
f 1139/1139/1139 1080/1080/1080 1079/1079/1079
f 1037/1037/1037 1856/1856/1856 892/892/892
f 2055/2055/2055 2053/2053/2053 2057/2057/2057
f 1198/1198/1198 989/989/989 718/718/718
f 1619/1619/1619 2058/2058/2058 1612/1612/1612
f 2058/2058/2058 1605/1605/1605 1606/1606/1606
f 2059/2059/2059 2060/2060/2060 1607/1607/1607
f 2058/2058/2058 1619/1619/1619 1624/1624/1624
f 71/71/71 72/72/72 179/179/179
f 405/405/405 406/406/406 1557/1557/1557
f 322/322/322 1548/1548/1548 1972/1972/1972
f 2061/2061/2061 2052/2052/2052 2063/2063/2063
f 2066/2066/2066 2065/2065/2065 2067/2067/2067
f 2052/2052/2052 2061/2061/2061 2064/2064/2064
f 1609/1609/1609 1610/1610/1610 2066/2066/2066
f 1515/1515/1515 151/151/151 152/152/152
f 1009/1009/1009 827/827/827 993/993/993
f 1644/1644/1644 3843/3843/3843 3815/3815/3815
f 279/279/279 1915/1915/1915 1916/1916/1916
f 1285/1285/1285 3863/3863/3863 3862/3862/3862
f 1647/1647/1647 2066/2066/2066 1825/1825/1825
f 2056/2056/2056 2057/2057/2057 2067/2067/2067
f 319/319/319 320/320/320 1953/1953/1953
f 667/667/667 666/666/666 1913/1913/1913
f 2070/2070/2070 631/631/631 625/625/625
f 2052/2052/2052 2050/2050/2050 2055/2055/2055
f 2038/2038/2038 1654/1654/1654 1655/1655/1655
f 1606/1606/1606 1601/1601/1601 2073/2073/2073
f 1235/1235/1235 1917/1917/1917 1270/1270/1270
f 2072/2072/2072 2073/2073/2073 2075/2075/2075
f 2059/2059/2059 1606/1606/1606 2072/2072/2072
f 2074/2074/2074 2075/2075/2075 2077/2077/2077
f 1601/1601/1601 1602/1602/1602 2078/2078/2078
f 2049/2049/2049 2048/2048/2048 1643/1643/1643
f 1000/1000/1000 1004/1004/1004 1001/1001/1001
f 1089/1089/1089 943/943/943 684/684/684
f 1931/1931/1931 1286/1286/1286 1306/1306/1306
f 1462/1462/1462 1459/1459/1459 1021/1021/1021
f 1932/1932/1932 1933/1933/1933 1934/1934/1934
f 875/875/875 874/874/874 1846/1846/1846
f 1936/1936/1936 1051/1051/1051 1937/1937/1937
f 44/44/44 45/45/45 46/46/46
f 1534/1534/1534 1955/1955/1955 1956/1956/1956
f 1541/1541/1541 318/318/318 317/317/317
f 2081/2081/2081 2082/2082/2082 2084/2084/2084
f 146/146/146 1945/1945/1945 1959/1959/1959
f 1360/1360/1360 1941/1941/1941 1942/1942/1942
f 985/985/985 984/984/984 1032/1032/1032
f 1995/1995/1995 1997/1997/1997 1892/1892/1892
f 2079/2079/2079 2080/2080/2080 2082/2082/2082
f 2095/2095/2095 2096/2096/2096 2076/2076/2076
f 2081/2081/2081 2093/2093/2093 2078/2078/2078
f 2055/2055/2055 2050/2050/2050 2054/2054/2054
f 501/501/501 2096/2096/2096 2095/2095/2095
f 2097/2097/2097 2100/2100/2100 2099/2099/2099
f 2098/2098/2098 2099/2099/2099 2094/2094/2094
f 2140/2140/2140 2141/2141/2141 3893/3893/3893
f 2141/2141/2141 2046/2046/2046 3894/3894/3894
f 2051/2051/2051 2070/2070/2070 2048/2048/2048
f 592/592/592 2102/2102/2102 2101/2101/2101
f 2071/2071/2071 2064/2064/2064 2076/2076/2076
f 2102/2102/2102 2097/2097/2097 2098/2098/2098
f 593/593/593 2103/2103/2103 2102/2102/2102
f 1019/1019/1019 1895/1895/1895 746/746/746
f 1950/1950/1950 11/11/11 12/12/12
f 725/725/725 2071/2071/2071 2096/2096/2096
f 1385/1385/1385 2105/2105/2105 2104/2104/2104
f 1379/1379/1379 2104/2104/2104 2106/2106/2106
f 2107/2107/2107 2108/2108/2108 2100/2100/2100
f 3908/3908/3908 726/726/726 502/502/502
f 3896/3896/3896 502/502/502 499/499/499
f 940/940/940 1389/1389/1389 2109/2109/2109
f 928/928/928 929/929/929 1170/1170/1170
f 3868/3868/3868 590/590/590 684/684/684
f 1962/1962/1962 1963/1963/1963 1964/1964/1964
f 3878/3878/3878 680/680/680 573/573/573
f 2039/2039/2039 1993/1993/1993 1968/1968/1968
f 1389/1389/1389 1390/1390/1390 2110/2110/2110
f 1398/1398/1398 2111/2111/2111 2113/2113/2113
f 3757/3757/3757 3755/3755/3755 3753/3753/3753
f 3911/3911/3911 3883/3883/3883 2107/2107/2107
f 949/949/949 923/923/923 924/924/924
f 260/260/260 241/241/241 324/324/324
f 1390/1390/1390 1397/1397/1397 2113/2113/2113
f 2070/2070/2070 2051/2051/2051 2064/2064/2064
f 3867/3867/3867 3911/3911/3911 2103/2103/2103
f 2105/2105/2105 1385/1385/1385 1421/1421/1421
f 2114/2114/2114 1421/1421/1421 1423/1423/1423
f 3892/3892/3892 2114/2114/2114 2115/2115/2115
f 3908/3908/3908 2105/2105/2105 2114/2114/2114
f 554/554/554 2116/2116/2116 1902/1902/1902
f 972/972/972 1163/1163/1163 967/967/967
f 1765/1765/1765 1593/1593/1593 1573/1573/1573
f 1984/1984/1984 1985/1985/1985 1986/1986/1986
f 2053/2053/2053 2117/2117/2117 2069/2069/2069
f 3573/3573/3573 3556/3556/3556 724/724/724
f 1625/1625/1625 1677/1677/1677 1674/1674/1674
f 3881/3881/3881 3888/3888/3888 2119/2119/2119
f 3903/3903/3903 2115/2115/2115 2123/2123/2123
f 56/56/56 1954/1954/1954 1906/1906/1906
f 626/626/626 3877/3877/3877 3879/3879/3879
f 2001/2001/2001 2002/2002/2002 2003/2003/2003
f 3912/3912/3912 3841/3841/3841 2127/2127/2127
f 2006/2006/2006 2007/2007/2007 2008/2008/2008
f 2127/2127/2127 1413/1413/1413 1412/1412/1412
f 2014/2014/2014 2015/2015/2015 2016/2016/2016
f 2018/2018/2018 2019/2019/2019 2020/2020/2020
f 1495/1495/1495 1424/1424/1424 1947/1947/1947
f 1379/1379/1379 1377/1377/1377 1386/1386/1386
f 3814/3814/3814 3811/3811/3811 1680/1680/1680
f 2029/2029/2029 1885/1885/1885 1884/1884/1884
f 3902/3902/3902 2128/2128/2128 2120/2120/2120
f 629/629/629 3879/3879/3879 3914/3914/3914
f 682/682/682 683/683/683 943/943/943
f 724/724/724 1650/1650/1650 2121/2121/2121
f 1757/1757/1757 1819/1819/1819 3821/3821/3821
f 765/765/765 1810/1810/1810 3844/3844/3844
f 3851/3851/3851 714/714/714 715/715/715
f 706/706/706 707/707/707 3870/3870/3870
f 981/981/981 986/986/986 987/987/987
f 1457/1457/1457 1868/1868/1868 1656/1656/1656
f 2017/2017/2017 2016/2016/2016 2032/2032/2032
f 1458/1458/1458 1655/1655/1655 1868/1868/1868
f 1776/1776/1776 1777/1777/1777 1792/1792/1792
f 1959/1959/1959 1945/1945/1945 1946/1946/1946
f 3663/3663/3663 3715/3715/3715 3725/3725/3725
f 3913/3913/3913 3881/3881/3881 2122/2122/2122
f 1093/1093/1093 1089/1089/1089 689/689/689
f 966/966/966 965/965/965 968/968/968
f 3852/3852/3852 715/715/715 3881/3881/3881
f 2172/2172/2172 3577/3577/3577 2170/2170/2170
f 670/670/670 2138/2138/2138 2137/2137/2137
f 3761/3761/3761 787/787/787 1903/1903/1903
f 1429/1429/1429 19/19/19 28/28/28
f 964/964/964 963/963/963 978/978/978
f 3841/3841/3841 3813/3813/3813 1413/1413/1413
f 1473/1473/1473 1474/1474/1474 669/669/669
f 3834/3834/3834 3833/3833/3833 1359/1359/1359
f 2138/2138/2138 798/798/798 1870/1870/1870
f 1872/1872/1872 1473/1473/1473 2137/2137/2137
f 715/715/715 716/716/716 3888/3888/3888
f 1881/1881/1881 1991/1991/1991 1992/1992/1992
f 3843/3843/3843 3842/3842/3842 739/739/739
f 1837/1837/1837 1847/1847/1847 3513/3513/3513
f 253/253/253 58/58/58 59/59/59
f 1808/1808/1808 3837/3837/3837 3840/3840/3840
f 1647/1647/1647 3832/3832/3832 3818/3818/3818
f 3865/3865/3865 3866/3866/3866 671/671/671
f 2112/2112/2112 3882/3882/3882 3883/3883/3883
f 1405/1405/1405 2045/2045/2045 2044/2044/2044
f 3829/3829/3829 3824/3824/3824 1364/1364/1364
f 273/273/273 1541/1541/1541 391/391/391
f 576/576/576 632/632/632 3520/3520/3520
f 3875/3875/3875 3865/3865/3865 668/668/668
f 1430/1430/1430 1431/1431/1431 2140/2140/2140
f 2136/2136/2136 3850/3850/3850 3860/3860/3860
f 1430/1430/1430 2139/2139/2139 18/18/18
f 3893/3893/3893 3894/3894/3894 570/570/570
f 1442/1442/1442 1439/1439/1439 2046/2046/2046
f 1431/1431/1431 1442/1442/1442 2141/2141/2141
f 3869/3869/3869 3913/3913/3913 3850/3850/3850
f 3808/3808/3808 3823/3823/3823 1817/1817/1817
f 3866/3866/3866 3893/3893/3893 695/695/695
f 2142/2142/2142 2025/2025/2025 798/798/798
f 571/571/571 2143/2143/2143 2142/2142/2142
f 3819/3819/3819 3814/3814/3814 1618/1618/1618
f 2143/2143/2143 2022/2022/2022 2025/2025/2025
f 694/694/694 2142/2142/2142 2138/2138/2138
f 681/681/681 1572/1572/1572 2144/2144/2144
f 2144/2144/2144 2011/2011/2011 2022/2022/2022
f 328/328/328 210/210/210 457/457/457
f 1572/1572/1572 2010/2010/2010 2011/2011/2011
f 630/630/630 3892/3892/3892 3903/3903/3903
f 2085/2085/2085 2086/2086/2086 2087/2087/2087
f 2090/2090/2090 2091/2091/2091 2092/2092/2092
f 572/572/572 2144/2144/2144 2143/2143/2143
f 1875/1875/1875 1976/1976/1976 2153/2153/2153
f 1873/1873/1873 1875/1875/1875 2149/2149/2149
f 2103/2103/2103 2107/2107/2107 2097/2097/2097
f 2157/2157/2157 2043/2043/2043 2155/2155/2155
f 2128/2128/2128 1412/1412/1412 1414/1414/1414
f 3874/3874/3874 3871/3871/3871 589/589/589
f 3872/3872/3872 3870/3870/3870 628/628/628
f 2149/2149/2149 2153/2153/2153 2158/2158/2158
f 2159/2159/2159 2158/2158/2158 3905/3905/3905
f 698/698/698 3907/3907/3907 3902/3902/3902
f 3823/3823/3823 3847/3847/3847 3827/3827/3827
f 2158/2158/2158 2156/2156/2156 3874/3874/3874
f 1438/1438/1438 2044/2044/2044 2046/2046/2046
f 2035/2035/2035 2154/2154/2154 2160/2160/2160
f 2161/2161/2161 2160/2160/2160 3889/3889/3889
f 3871/3871/3871 3891/3891/3891 605/605/605
f 3873/3873/3873 17/17/17 18/18/18
f 370/370/370 29/29/29 61/61/61
f 649/649/649 1951/1951/1951 413/413/413
f 2153/2153/2153 2157/2157/2157 2156/2156/2156
f 1428/1428/1428 1429/1429/1429 1449/1449/1449
f 1490/1490/1490 76/76/76 73/73/73
f 3890/3890/3890 3905/3905/3905 710/710/710
f 2155/2155/2155 1891/1891/1891 3891/3891/3891
f 1456/1456/1456 1457/1457/1457 1880/1880/1880
f 2125/2125/2125 2088/2088/2088 2087/2087/2087
f 2160/2160/2160 2159/2159/2159 3890/3890/3890
f 300/300/300 1959/1959/1959 505/505/505
f 1064/1064/1064 1062/1062/1062 1046/1046/1046
f 2043/2043/2043 1892/1892/1892 1891/1891/1891
f 2129/2129/2129 2130/2130/2130 2004/2004/2004
f 2131/2131/2131 2132/2132/2132 2133/2133/2133
f 3848/3848/3848 3849/3849/3849 1450/1450/1450
f 1998/1998/1998 1975/1975/1975 804/804/804
f 3879/3879/3879 673/673/673 3864/3864/3864
f 474/474/474 492/492/492 490/490/490
f 1164/1164/1164 1165/1165/1165 1182/1182/1182
f 707/707/707 2162/2162/2162 3909/3909/3909
f 708/708/708 1472/1472/1472 2162/2162/2162
f 2162/2162/2162 2161/2161/2161 3886/3886/3886
f 548/548/548 549/549/549 1905/1905/1905
f 1145/1145/1145 1136/1136/1136 1114/1114/1114
f 705/705/705 2121/2121/2121 1650/1650/1650
f 2043/2043/2043 2157/2157/2157 1977/1977/1977
f 737/737/737 738/738/738 554/554/554
f 1034/1034/1034 1195/1195/1195 1191/1191/1191
f 458/458/458 1905/1905/1905 1907/1907/1907
f 195/195/195 196/196/196 232/232/232
f 2040/2040/2040 2039/2039/2039 1969/1969/1969
f 2145/2145/2145 2146/2146/2146 2147/2147/2147
f 2054/2054/2054 2050/2050/2050 2049/2049/2049
f 3832/3832/3832 1646/1646/1646 1639/1639/1639
f 9/9/9 12/12/12 11/11/11
f 252/252/252 364/364/364 506/506/506
f 472/472/472 478/478/478 479/479/479
f 1865/1865/1865 3924/3924/3924 3791/3791/3791
f 900/900/900 903/903/903 910/910/910
f 1941/1941/1941 2150/2150/2150 2151/2151/2151
f 1921/1921/1921 1928/1928/1928 1927/1927/1927
f 2163/2163/2163 1897/1897/1897 1898/1898/1898
f 271/271/271 156/156/156 153/153/153
f 1904/1904/1904 1326/1326/1326 12/12/12
f 282/282/282 263/263/263 264/264/264
f 1872/1872/1872 1873/1873/1873 2154/2154/2154
f 1326/1326/1326 1904/1904/1904 1897/1897/1897
f 628/628/628 692/692/692 693/693/693
f 1724/1724/1724 1722/1722/1722 1719/1719/1719
f 1549/1549/1549 1562/1562/1562 436/436/436
f 1582/1582/1582 1583/1583/1583 1730/1730/1730
f 1921/1921/1921 1920/1920/1920 1929/1929/1929
f 3563/3563/3563 3511/3511/3511 10/10/10
f 2152/2152/2152 2037/2037/2037 1950/1950/1950
f 475/475/475 772/772/772 774/774/774
f 769/769/769 2172/2172/2172 2171/2171/2171
f 2171/2171/2171 2165/2165/2165 476/476/476
f 476/476/476 773/773/773 772/772/772
f 1791/1791/1791 565/565/565 464/464/464
f 2166/2166/2166 2167/2167/2167 2168/2168/2168
f 595/595/595 371/371/371 372/372/372
f 483/483/483 1809/1809/1809 1641/1641/1641
f 762/762/762 2174/2174/2174 2173/2173/2173
f 771/771/771 483/483/483 484/484/484
f 486/486/486 487/487/487 1809/1809/1809
f 297/297/297 1549/1549/1549 1517/1517/1517
f 763/763/763 2175/2175/2175 2174/2174/2174
f 776/776/776 755/755/755 759/759/759
f 184/184/184 185/185/185 2176/2176/2176
f 412/412/412 447/447/447 303/303/303
f 2005/2005/2005 2176/2176/2176 185/185/185
f 3811/3811/3811 1681/1681/1681 1682/1682/1682
f 2164/2164/2164 2170/2170/2170 756/756/756
f 1472/1472/1472 2035/2035/2035 2161/2161/2161
f 950/950/950 951/951/951 964/964/964
f 2177/2177/2177 2178/2178/2178 2179/2179/2179
f 227/227/227 226/226/226 1510/1510/1510
f 2182/2182/2182 2183/2183/2183 2184/2184/2184
f 2186/2186/2186 2019/2019/2019 2018/2018/2018
f 1985/1985/1985 2182/2182/2182 2181/2181/2181
f 214/214/214 736/736/736 729/729/729
f 865/865/865 849/849/849 842/842/842
f 849/849/849 865/865/865 1357/1357/1357
f 559/559/559 3187/3187/3187 3188/3188/3188
f 16/16/16 13/13/13 737/737/737
f 560/560/560 553/553/553 498/498/498
f 3193/3193/3193 3196/3196/3196 3195/3195/3195
f 3200/3200/3200 3197/3197/3197 3198/3198/3198
f 3211/3211/3211 3214/3214/3214 3213/3213/3213
f 3215/3215/3215 3218/3218/3218 3217/3217/3217
f 2187/2187/2187 2188/2188/2188 2002/2002/2002
f 2169/2169/2169 2168/2168/2168 2189/2189/2189
f 2192/2192/2192 2086/2086/2086 2085/2085/2085
f 2193/2193/2193 2194/2194/2194 2195/2195/2195
f 2198/2198/2198 2199/2199/2199 2200/2200/2200
f 1998/1998/1998 1982/1982/1982 1979/1979/1979
f 3664/3664/3664 3665/3665/3665 3668/3668/3668
f 2116/2116/2116 1898/1898/1898 1903/1903/1903
f 1859/1859/1859 2006/2006/2006 2009/2009/2009
f 3904/3904/3904 2123/2123/2123 2126/2126/2126
f 1135/1135/1135 1148/1148/1148 1087/1087/1087
f 2201/2201/2201 2202/2202/2202 2015/2015/2015
f 1149/1149/1149 111/111/111 110/110/110
f 3221/3221/3221 3222/3222/3222 3218/3218/3218
f 2203/2203/2203 2204/2204/2204 2205/2205/2205
f 579/579/579 580/580/580 1895/1895/1895
f 1755/1755/1755 2207/2207/2207 2208/2208/2208
f 3891/3891/3891 3910/3910/3910 1893/1893/1893
f 1211/1211/1211 2151/2151/2151 2150/2150/2150
f 868/868/868 997/997/997 2210/2210/2210
f 944/944/944 945/945/945 930/930/930
f 2130/2130/2130 2129/2129/2129 2202/2202/2202
f 233/233/233 1903/1903/1903 1898/1898/1898
f 665/665/665 751/751/751 750/750/750
f 1167/1167/1167 1254/1254/1254 999/999/999
f 2211/2211/2211 2212/2212/2212 2213/2213/2213
f 2215/2215/2215 2216/2216/2216 2217/2217/2217
f 3867/3867/3867 593/593/593 590/590/590
f 2220/2220/2220 221/221/221 220/220/220
f 823/823/823 824/824/824 948/948/948
f 3225/3225/3225 3220/3220/3220 3227/3227/3227
f 266/266/266 204/204/204 455/455/455
f 3882/3882/3882 2108/2108/2108 2107/2107/2107
f 2221/2221/2221 2222/2222/2222 3519/3519/3519
f 2223/2223/2223 2224/2224/2224 2225/2225/2225
f 2207/2207/2207 2125/2125/2125 2124/2124/2124
f 673/673/673 674/674/674 3869/3869/3869
f 817/817/817 1000/1000/1000 996/996/996
f 2227/2227/2227 2228/2228/2228 2146/2146/2146
f 1947/1947/1947 1948/1948/1948 646/646/646
f 3900/3900/3900 2135/2135/2135 17/17/17
f 2229/2229/2229 1635/1635/1635 1638/1638/1638
f 1679/1679/1679 1613/1613/1613 1618/1618/1618
f 1637/1637/1637 2231/2231/2231 2232/2232/2232
f 2233/2233/2233 2234/2234/2234 1617/1617/1617
f 2231/2231/2231 2235/2235/2235 2236/2236/2236
f 1381/1381/1381 1638/1638/1638 2238/2238/2238
f 3586/3586/3586 2241/2241/2241 2242/2242/2242
f 1630/1630/1630 2234/2234/2234 2233/2233/2233
f 1681/1681/1681 1626/1626/1626 472/472/472
f 1408/1408/1408 1407/1407/1407 2243/2243/2243
f 3236/3236/3236 3239/3239/3239 3238/3238/3238
f 3232/3232/3232 3241/3241/3241 3240/3240/3240
f 1637/1637/1637 2230/2230/2230 2238/2238/2238
f 3237/3237/3237 3238/3238/3238 3233/3233/3233
f 1409/1409/1409 1408/1408/1408 1634/1634/1634
f 1380/1380/1380 1383/1383/1383 2247/2247/2247
f 1628/1628/1628 2248/2248/2248 2245/2245/2245
f 2249/2249/2249 1623/1623/1623 1622/1622/1622
f 1632/1632/1632 1634/1634/1634 1408/1408/1408
f 2248/2248/2248 1628/1628/1628 1631/1631/1631
f 2235/2235/2235 2231/2231/2231 1637/1637/1637
f 3245/3245/3245 3246/3246/3246 3199/3199/3199
f 631/631/631 2070/2070/2070 2071/2071/2071
f 515/515/515 167/167/167 52/52/52
f 782/782/782 781/781/781 2251/2251/2251
f 2253/2253/2253 2254/2254/2254 2255/2255/2255
f 397/397/397 281/281/281 459/459/459
f 1456/1456/1456 2039/2039/2039 2040/2040/2040
f 2040/2040/2040 2041/2041/2041 2036/2036/2036
f 1401/1401/1401 2112/2112/2112 2111/2111/2111
f 2041/2041/2041 2040/2040/2040 1970/1970/1970
f 1535/1535/1535 121/121/121 414/414/414
f 1586/1586/1586 1587/1587/1587 2080/2080/2080
f 2256/2256/2256 983/983/983 1132/1132/1132
f 1700/1700/1700 1699/1699/1699 3918/3918/3918
f 3815/3815/3815 1896/1896/1896 1686/1686/1686
f 1263/1263/1263 2256/2256/2256 1886/1886/1886
f 598/598/598 1841/1841/1841 844/844/844
f 2257/2257/2257 2258/2258/2258 2259/2259/2259
f 2258/2258/2258 2261/2261/2261 2262/2262/2262
f 2259/2259/2259 2262/2262/2262 2263/2263/2263
f 2260/2260/2260 2259/2259/2259 2216/2216/2216
f 1967/1967/1967 1971/1971/1971 1970/1970/1970
f 2212/2212/2212 1964/1964/1964 1963/1963/1963
f 922/922/922 921/921/921 2218/2218/2218
f 1312/1312/1312 1098/1098/1098 1101/1101/1101
f 1307/1307/1307 1306/1306/1306 1286/1286/1286
f 1548/1548/1548 1569/1569/1569 1546/1546/1546
f 2266/2266/2266 2267/2267/2267 2268/2268/2268
f 2265/2265/2265 2268/2268/2268 2270/2270/2270
f 2272/2272/2272 2265/2265/2265 2269/2269/2269
f 2273/2273/2273 2266/2266/2266 2265/2265/2265
f 2275/2275/2275 2276/2276/2276 2277/2277/2277
f 2278/2278/2278 2274/2274/2274 2277/2277/2277
f 2284/2284/2284 2285/2285/2285 3617/3617/3617
f 2287/2287/2287 2283/2283/2283 2286/2286/2286
f 2288/2288/2288 2289/2289/2289 2283/2283/2283
f 2290/2290/2290 2284/2284/2284 3639/3639/3639
f 2291/2291/2291 2292/2292/2292 2293/2293/2293
f 2295/2295/2295 2291/2291/2291 2294/2294/2294
f 2296/2296/2296 2297/2297/2297 2291/2291/2291
f 2297/2297/2297 2298/2298/2298 2292/2292/2292
f 2294/2294/2294 2293/2293/2293 2299/2299/2299
f 2279/2279/2279 2294/2294/2294 2300/2300/2300
f 2298/2298/2298 2301/2301/2301 2302/2302/2302
f 2292/2292/2292 2302/2302/2302 2303/2303/2303
f 2293/2293/2293 2303/2303/2303 2304/2304/2304
f 2304/2304/2304 2305/2305/2305 2306/2306/2306
f 2308/2308/2308 2309/2309/2309 2310/2310/2310
f 2302/2302/2302 2307/2307/2307 2310/2310/2310
f 2301/2301/2301 2311/2311/2311 2307/2307/2307
f 2312/2312/2312 2308/2308/2308 2307/2307/2307
f 2313/2313/2313 2314/2314/2314 2315/2315/2315
f 2318/2318/2318 2319/2319/2319 2320/2320/2320
f 3748/3748/3748 3771/3771/3771 2322/2322/2322
f 2324/2324/2324 2325/2325/2325 2273/2273/2273
f 2313/2313/2313 2324/2324/2324 2326/2326/2326
f 2328/2328/2328 2324/2324/2324 2313/2313/2313
f 2329/2329/2329 2325/2325/2325 2324/2324/2324
f 2331/2331/2331 2332/2332/2332 2333/2333/2333
f 2330/2330/2330 2333/2333/2333 2267/2267/2267
f 2325/2325/2325 2330/2330/2330 2266/2266/2266
f 2329/2329/2329 2331/2331/2331 2330/2330/2330
f 2333/2333/2333 2334/2334/2334 2335/2335/2335
f 2336/2336/2336 2334/2334/2334 2333/2333/2333
f 2338/2338/2338 2336/2336/2336 2332/2332/2332
f 2331/2331/2331 2339/2339/2339 2337/2337/2337
f 2329/2329/2329 2340/2340/2340 2339/2339/2339
f 2328/2328/2328 2341/2341/2341 2340/2340/2340
f 2316/2316/2316 2342/2342/2342 2341/2341/2341
f 2342/2342/2342 2316/2316/2316 2315/2315/2315
f 2344/2344/2344 2345/2345/2345 2346/2346/2346
f 2341/2341/2341 2344/2344/2344 2347/2347/2347
f 2342/2342/2342 2348/2348/2348 2344/2344/2344
f 2348/2348/2348 2349/2349/2349 2345/2345/2345
f 2350/2350/2350 2351/2351/2351 2352/2352/2352
f 2339/2339/2339 2350/2350/2350 2353/2353/2353
f 2340/2340/2340 2347/2347/2347 2350/2350/2350
f 2347/2347/2347 2346/2346/2346 2351/2351/2351
f 2337/2337/2337 2353/2353/2353 2354/2354/2354
f 2353/2353/2353 2352/2352/2352 2355/2355/2355
f 2356/2356/2356 2277/2277/2277 2276/2276/2276
f 2356/2356/2356 2357/2357/2357 2358/2358/2358
f 2356/2356/2356 2359/2359/2359 2296/2296/2296
f 2279/2279/2279 2277/2277/2277 2356/2356/2356
f 2360/2360/2360 2361/2361/2361 2270/2270/2270
f 2267/2267/2267 2335/2335/2335 2360/2360/2360
f 2362/2362/2362 2363/2363/2363 2364/2364/2364
f 2362/2362/2362 2365/2365/2365 2361/2361/2361
f 2366/2366/2366 2362/2362/2362 2358/2358/2358
f 2366/2366/2366 2367/2367/2367 2363/2363/2363
f 2357/2357/2357 2276/2276/2276 2368/2368/2368
f 2366/2366/2366 2368/2368/2368 2369/2369/2369
f 2276/2276/2276 2275/2275/2275 2370/2370/2370
f 2368/2368/2368 2370/2370/2370 2282/2282/2282
f 2372/2372/2372 2373/2373/2373 2374/2374/2374
f 2375/2375/2375 2376/2376/2376 2377/2377/2377
f 2378/2378/2378 2379/2379/2379 2380/2380/2380
f 2382/2382/2382 2378/2378/2378 2381/2381/2381
f 2384/2384/2384 2385/2385/2385 2378/2378/2378
f 2385/2385/2385 2386/2386/2386 2379/2379/2379
f 2388/2388/2388 2389/2389/2389 2390/2390/2390
f 2387/2387/2387 2390/2390/2390 2392/2392/2392
f 2393/2393/2393 2394/2394/2394 2387/2387/2387
f 2394/2394/2394 2395/2395/2395 2388/2388/2388
f 2186/2186/2186 2401/2401/2401 2402/2402/2402
f 2403/2403/2403 2404/2404/2404 2327/2327/2327
f 2272/2272/2272 2403/2403/2403 2326/2326/2326
f 2271/2271/2271 2405/2405/2405 2403/2403/2403
f 2405/2405/2405 2406/2406/2406 2404/2404/2404
f 2404/2404/2404 2407/2407/2407 2408/2408/2408
f 2409/2409/2409 2410/2410/2410 2411/2411/2411
f 2409/2409/2409 2412/2412/2412 2271/2271/2271
f 2413/2413/2413 2409/2409/2409 2269/2269/2269
f 2413/2413/2413 2414/2414/2414 2410/2410/2410
f 2417/2417/2417 2415/2415/2415 2416/2416/2416
f 2417/2417/2417 2418/2418/2418 2406/2406/2406
f 2412/2412/2412 2417/2417/2417 2405/2405/2405
f 2411/2411/2411 2415/2415/2415 2417/2417/2417
f 2406/2406/2406 2419/2419/2419 2407/2407/2407
f 3569/3569/3569 3520/3520/3520 632/632/632
f 2420/2420/2420 2398/2398/2398 2397/2397/2397
f 2420/2420/2420 2421/2421/2421 2423/2423/2423
f 2424/2424/2424 2420/2420/2420 2422/2422/2422
f 2424/2424/2424 2399/2399/2399 2398/2398/2398
f 2425/2425/2425 2391/2391/2391 2392/2392/2392
f 2421/2421/2421 2425/2425/2425 2426/2426/2426
f 2397/2397/2397 2396/2396/2396 2425/2425/2425
f 2396/2396/2396 2393/2393/2393 2391/2391/2391
f 2427/2427/2427 2314/2314/2314 2408/2408/2408
f 2430/2430/2430 2427/2427/2427 2428/2428/2428
f 2343/2343/2343 2315/2315/2315 2427/2427/2427
f 2432/2432/2432 2343/2343/2343 2430/2430/2430
f 2431/2431/2431 2430/2430/2430 2429/2429/2429
f 2435/2435/2435 2431/2431/2431 2433/2433/2433
f 2436/2436/2436 2432/2432/2432 2431/2431/2431
f 2428/2428/2428 2408/2408/2408 2407/2407/2407
f 2422/2422/2422 2437/2437/2437 2407/2407/2407
f 2438/2438/2438 2437/2437/2437 2422/2422/2422
f 2429/2429/2429 2428/2428/2428 2437/2437/2437
f 2440/2440/2440 2434/2434/2434 2433/2433/2433
f 2441/2441/2441 2439/2439/2439 2433/2433/2433
f 2442/2442/2442 2443/2443/2443 2439/2439/2439
f 2443/2443/2443 2444/2444/2444 2440/2440/2440
f 2445/2445/2445 2446/2446/2446 2444/2444/2444
f 2447/2447/2447 2445/2445/2445 2443/2443/2443
f 2383/2383/2383 2381/2381/2381 2445/2445/2445
f 2381/2381/2381 2380/2380/2380 2446/2446/2446
f 2448/2448/2448 2438/2438/2438 2423/2423/2423
f 2449/2449/2449 2448/2448/2448 2426/2426/2426
f 2441/2441/2441 2448/2448/2448 2449/2449/2449
f 2441/2441/2441 2429/2429/2429 2438/2438/2438
f 2449/2449/2449 2392/2392/2392 2390/2390/2390
f 2450/2450/2450 2390/2390/2390 2389/2389/2389
f 2447/2447/2447 2450/2450/2450 2451/2451/2451
f 2442/2442/2442 2449/2449/2449 2450/2450/2450
f 2451/2451/2451 2389/2389/2389 2453/2453/2453
f 2452/2452/2452 2453/2453/2453 2455/2455/2455
f 2382/2382/2382 2452/2452/2452 2454/2454/2454
f 2383/2383/2383 2451/2451/2451 2452/2452/2452
f 2456/2456/2456 2457/2457/2457 2373/2373/2373
f 2459/2459/2459 2460/2460/2460 2461/2461/2461
f 2463/2463/2463 2464/2464/2464 2465/2465/2465
f 2462/2462/2462 2465/2465/2465 2285/2285/2285
f 2466/2466/2466 2462/2462/2462 2284/2284/2284
f 2467/2467/2467 2463/2463/2463 2462/2462/2462
f 2461/2461/2461 2460/2460/2460 3703/3703/3703
f 2468/2468/2468 2469/2469/2469 2470/2470/2470
f 2472/2472/2472 2468/2468/2468 2471/2471/2471
f 2474/2474/2474 2461/2461/2461 3701/3701/3701
f 2475/2475/2475 2476/2476/2476 2477/2477/2477
f 2458/2458/2458 2455/2455/2455 2453/2453/2453
f 2479/2479/2479 2453/2453/2453 2389/2389/2389
f 2395/2395/2395 2480/2480/2480 2479/2479/2479
f 2480/2480/2480 2459/2459/2459 2458/2458/2458
f 2481/2481/2481 2482/2482/2482 2483/2483/2483
f 2484/2484/2484 113/113/113 2485/2485/2485
f 2471/2471/2471 2470/2470/2470 2464/2464/2464
f 2473/2473/2473 2471/2471/2471 2463/2463/2463
f 2487/2487/2487 2467/2467/2467 2466/2466/2466
f 2486/2486/2486 2466/2466/2466 2290/2290/2290
f 2490/2490/2490 2486/2486/2486 2488/2488/2488
f 2491/2491/2491 2487/2487/2487 2486/2486/2486
f 2492/2492/2492 2473/2473/2473 2467/2467/2467
f 2493/2493/2493 2492/2492/2492 2487/2487/2487
f 2494/2494/2494 2495/2495/2495 2492/2492/2492
f 2495/2495/2495 2472/2472/2472 2473/2473/2473
f 3690/3690/3690 2496/2496/2496 2474/2474/2474
f 3691/3691/3691 2497/2497/2497 2496/2496/2496
f 2498/2498/2498 2494/2494/2494 2493/2493/2493
f 2500/2500/2500 2498/2498/2498 2499/2499/2499
f 3700/3700/3700 3687/3687/3687 2498/2498/2498
f 3687/3687/3687 3691/3691/3691 2494/2494/2494
f 2306/2306/2306 2504/2504/2504 2278/2278/2278
f 2305/2305/2305 2505/2505/2505 2504/2504/2504
f 2504/2504/2504 2505/2505/2505 2507/2507/2507
f 2506/2506/2506 2507/2507/2507 2288/2288/2288
f 2274/2274/2274 2506/2506/2506 2508/2508/2508
f 2278/2278/2278 2504/2504/2504 2506/2506/2506
f 3633/3633/3633 3632/3632/3632 2489/2489/2489
f 3620/3620/3620 3633/3633/3633 2488/2488/2488
f 2507/2507/2507 2509/2509/2509 2289/2289/2289
f 2505/2505/2505 2510/2510/2510 2509/2509/2509
f 2508/2508/2508 2288/2288/2288 2287/2287/2287
f 2511/2511/2511 2287/2287/2287 2281/2281/2281
f 2370/2370/2370 2511/2511/2511 2280/2280/2280
f 2275/2275/2275 2508/2508/2508 2511/2511/2511
f 2512/2512/2512 2490/2490/2490 2489/2489/2489
f 2514/2514/2514 2512/2512/2512 2513/2513/2513
f 2517/2517/2517 2512/2512/2512 2514/2514/2514
f 2517/2517/2517 2491/2491/2491 2490/2490/2490
f 2499/2499/2499 2493/2493/2493 2491/2491/2491
f 2499/2499/2499 2517/2517/2517 2516/2516/2516
f 2510/2510/2510 2505/2505/2505 2519/2519/2519
f 2518/2518/2518 2519/2519/2519 2521/2521/2521
f 3616/3616/3616 2518/2518/2518 2520/2520/2520
f 3632/3632/3632 2510/2510/2510 2518/2518/2518
f 2522/2522/2522 2304/2304/2304 2303/2303/2303
f 2523/2523/2523 2522/2522/2522 2310/2310/2310
f 2305/2305/2305 2304/2304/2304 2522/2522/2522
f 2524/2524/2524 2522/2522/2522 2523/2523/2523
f 2519/2519/2519 2524/2524/2524 2525/2525/2525
f 2505/2505/2505 2305/2305/2305 2524/2524/2524
f 2308/2308/2308 2312/2312/2312 2527/2527/2527
f 2526/2526/2526 2527/2527/2527 2529/2529/2529
f 2531/2531/2531 2526/2526/2526 2528/2528/2528
f 2309/2309/2309 2308/2308/2308 2526/2526/2526
f 1214/1214/1214 2532/2532/2532 2151/2151/2151
f 2419/2419/2419 2406/2406/2406 2418/2418/2418
f 2533/2533/2533 2345/2345/2345 2349/2349/2349
f 2534/2534/2534 2533/2533/2533 2317/2317/2317
f 2535/2535/2535 2536/2536/2536 2533/2533/2533
f 2536/2536/2536 2346/2346/2346 2345/2345/2345
f 2537/2537/2537 2351/2351/2351 2346/2346/2346
f 2538/2538/2538 2537/2537/2537 2536/2536/2536
f 2539/2539/2539 2540/2540/2540 2537/2537/2537
f 2540/2540/2540 2352/2352/2352 2351/2351/2351
f 2312/2312/2312 2355/2355/2355 2541/2541/2541
f 2527/2527/2527 2541/2541/2541 2542/2542/2542
f 2543/2543/2543 2435/2435/2435 2434/2434/2434
f 2545/2545/2545 2543/2543/2543 2544/2544/2544
f 2319/2319/2319 2318/2318/2318 2543/2543/2543
f 2318/2318/2318 2436/2436/2436 2435/2435/2435
f 2514/2514/2514 2515/2515/2515 2548/2548/2548
f 2547/2547/2547 2548/2548/2548 2550/2550/2550
f 2552/2552/2552 2547/2547/2547 2549/2549/2549
f 2552/2552/2552 2516/2516/2516 2514/2514/2514
f 2520/2520/2520 2521/2521/2521 2554/2554/2554
f 2553/2553/2553 2554/2554/2554 2556/2556/2556
f 3590/3590/3590 2553/2553/2553 2555/2555/2555
f 3621/3621/3621 2520/2520/2520 2553/2553/2553
f 2523/2523/2523 2309/2309/2309 2531/2531/2531
f 2557/2557/2557 2531/2531/2531 2530/2530/2530
f 2525/2525/2525 2523/2523/2523 2557/2557/2557
f 2559/2559/2559 2557/2557/2557 2558/2558/2558
f 2554/2554/2554 2559/2559/2559 2560/2560/2560
f 2521/2521/2521 2525/2525/2525 2559/2559/2559
f 2561/2561/2561 2375/2375/2375 2007/2007/2007
f 2376/2376/2376 2562/2562/2562 2225/2225/2225
f 2564/2564/2564 2565/2565/2565 2566/2566/2566
f 2563/2563/2563 2566/2566/2566 338/338/338
f 2569/2569/2569 2563/2563/2563 2567/2567/2567
f 2570/2570/2570 2564/2564/2564 2563/2563/2563
f 2572/2572/2572 2573/2573/2573 2574/2574/2574
f 2571/2571/2571 2574/2574/2574 2576/2576/2576
f 2544/2544/2544 2571/2571/2571 2575/2575/2575
f 2544/2544/2544 2434/2434/2434 2572/2572/2572
f 2578/2578/2578 2570/2570/2570 2569/2569/2569
f 2579/2579/2579 2577/2577/2577 2569/2569/2569
f 2574/2574/2574 2577/2577/2577 2579/2579/2579
f 2573/2573/2573 2578/2578/2578 2577/2577/2577
f 2581/2581/2581 2582/2582/2582 2583/2583/2583
f 2584/2584/2584 2580/2580/2580 2583/2583/2583
f 3697/3697/3697 3675/3675/3675 2580/2580/2580
f 3676/3676/3676 2581/2581/2581 2580/2580/2580
f 2582/2582/2582 2516/2516/2516 2552/2552/2552
f 2583/2583/2583 2552/2552/2552 2551/2551/2551
f 2500/2500/2500 2501/2501/2501 2589/2589/2589
f 2590/2590/2590 2588/2588/2588 2589/2589/2589
f 3693/3693/3693 3695/3695/3695 2588/2588/2588
f 3695/3695/3695 3700/3700/3700 2500/2500/2500
f 2501/2501/2501 2516/2516/2516 2591/2591/2591
f 2592/2592/2592 2593/2593/2593 2594/2594/2594
f 2386/2386/2386 2385/2385/2385 2503/2503/2503
f 2596/2596/2596 2379/2379/2379 2386/2386/2386
f 2596/2596/2596 2374/2374/2374 2373/2373/2373
f 2599/2599/2599 2596/2596/2596 2597/2597/2597
f 2599/2599/2599 2380/2380/2380 2379/2379/2379
f 2600/2600/2600 2446/2446/2446 2380/2380/2380
f 2600/2600/2600 2599/2599/2599 2598/2598/2598
f 2603/2603/2603 2600/2600/2600 2601/2601/2601
f 2603/2603/2603 2444/2444/2444 2446/2446/2446
f 2604/2604/2604 2603/2603/2603 2602/2602/2602
f 2440/2440/2440 2604/2604/2604 2605/2605/2605
f 2444/2444/2444 2603/2603/2603 2604/2604/2604
f 2606/2606/2606 2582/2582/2582 2581/2581/2581
f 2606/2606/2606 2607/2607/2607 2590/2590/2590
f 2591/2591/2591 2516/2516/2516 2582/2582/2582
f 3676/3676/3676 2587/2587/2587 2456/2456/2456
f 3689/3689/3689 2456/2456/2456 2372/2372/2372
f 2478/2478/2478 2477/2477/2477 2608/2608/2608
f 2609/2609/2609 2610/2610/2610 2611/2611/2611
f 2564/2564/2564 2570/2570/2570 2613/2613/2613
f 2612/2612/2612 2613/2613/2613 2598/2598/2598
f 2457/2457/2457 2612/2612/2612 2597/2597/2597
f 2565/2565/2565 2564/2564/2564 2612/2612/2612
f 2614/2614/2614 2613/2613/2613 2570/2570/2570
f 2615/2615/2615 2614/2614/2614 2578/2578/2578
f 2602/2602/2602 2601/2601/2601 2614/2614/2614
f 2601/2601/2601 2598/2598/2598 2613/2613/2613
f 2572/2572/2572 2434/2434/2434 2605/2605/2605
f 2616/2616/2616 2605/2605/2605 2602/2602/2602
f 2573/2573/2573 2572/2572/2572 2616/2616/2616
f 1459/1459/1459 1016/1016/1016 1045/1045/1045
f 1265/1265/1265 1215/1215/1215 1079/1079/1079
f 1612/1612/1612 1608/1608/1608 1609/1609/1609
f 2067/2067/2067 2057/2057/2057 2069/2069/2069
f 1135/1135/1135 1109/1109/1109 1136/1136/1136
f 1938/1938/1938 1937/1937/1937 2618/2618/2618
f 95/95/95 548/548/548 458/458/458
f 2058/2058/2058 1607/1607/1607 1608/1608/1608
f 1454/1454/1454 1469/1469/1469 1445/1445/1445
f 655/655/655 2620/2620/2620 1048/1048/1048
f 722/722/722 1049/1049/1049 2621/2621/2621
f 1131/1131/1131 985/985/985 1033/1033/1033
f 562/562/562 1481/1481/1481 366/366/366
f 1723/1723/1723 1719/1719/1719 1725/1725/1725
f 1786/1786/1786 1123/1123/1123 1122/1122/1122
f 267/267/267 300/300/300 323/323/323
f 1325/1325/1325 2034/2034/2034 1654/1654/1654
f 1468/1468/1468 1165/1165/1165 1435/1435/1435
f 658/658/658 657/657/657 529/529/529
f 8/8/8 532/532/532 247/247/247
f 382/382/382 1557/1557/1557 1559/1559/1559
f 788/788/788 619/619/619 1307/1307/1307
f 940/940/940 930/930/930 929/929/929
f 911/911/911 2622/2622/2622 2623/2623/2623
f 2621/2621/2621 2620/2620/2620 655/655/655
f 2624/2624/2624 1857/1857/1857 2625/2625/2625
f 998/998/998 1846/1846/1846 27/27/27
f 635/635/635 638/638/638 2626/2626/2626
f 2627/2627/2627 641/641/641 644/644/644
f 2628/2628/2628 2627/2627/2627 1840/1840/1840
f 1200/1200/1200 1199/1199/1199 2627/2627/2627
f 1199/1199/1199 1773/1773/1773 641/641/641
f 1520/1520/1520 515/515/515 49/49/49
f 1452/1452/1452 1350/1350/1350 1349/1349/1349
f 2630/2630/2630 2631/2631/2631 1859/1859/1859
f 644/644/644 643/643/643 1335/1335/1335
f 1197/1197/1197 1198/1198/1198 717/717/717
f 2632/2632/2632 717/717/717 719/719/719
f 2628/2628/2628 2632/2632/2632 1166/1166/1166
f 2629/2629/2629 1197/1197/1197 2632/2632/2632
f 1762/1762/1762 2633/2633/2633 1050/1050/1050
f 1823/1823/1823 870/870/870 873/873/873
f 2634/2634/2634 2635/2635/2635 794/794/794
f 1042/1042/1042 794/794/794 2635/2635/2635
f 93/93/93 94/94/94 1901/1901/1901
f 2036/2036/2036 2038/2038/2038 1458/1458/1458
f 1527/1527/1527 332/332/332 1525/1525/1525
f 877/877/877 876/876/876 1274/1274/1274
f 134/134/134 409/409/409 797/797/797
f 1328/1328/1328 893/893/893 931/931/931
f 607/607/607 777/777/777 1091/1091/1091
f 1043/1043/1043 2635/2635/2635 2637/2637/2637
f 2636/2636/2636 2637/2637/2637 2639/2639/2639
f 1275/1275/1275 2636/2636/2636 2638/2638/2638
f 1275/1275/1275 1040/1040/1040 1043/1043/1043
f 1272/1272/1272 2624/2624/2624 2626/2626/2626
f 2640/2640/2640 2626/2626/2626 638/638/638
f 1110/1110/1110 2641/2641/2641 2640/2640/2640
f 536/536/536 1272/1272/1272 2640/2640/2640
f 1472/1472/1472 708/708/708 1474/1474/1474
f 2042/2042/2042 2030/2030/2030 1951/1951/1951
f 1058/1058/1058 1106/1106/1106 1105/1105/1105
f 2642/2642/2642 2623/2623/2623 2643/2643/2643
f 1192/1192/1192 2642/2642/2642 2644/2644/2644
f 912/912/912 2623/2623/2623 2642/2642/2642
f 3898/3898/3898 1657/1657/1657 3526/3526/3526
f 1049/1049/1049 1048/1048/1048 2620/2620/2620
f 616/616/616 1829/1829/1829 1885/1885/1885
f 1331/1331/1331 1913/1913/1913 666/666/666
f 990/990/990 989/989/989 1198/1198/1198
f 1911/1911/1911 1912/1912/1912 321/321/321
f 1298/1298/1298 1282/1282/1282 1205/1205/1205
f 76/76/76 1490/1490/1490 1504/1504/1504
f 1502/1502/1502 1500/1500/1500 421/421/421
f 610/610/610 609/609/609 658/658/658
f 1146/1146/1146 937/937/937 659/659/659
f 2646/2646/2646 911/911/911 914/914/914
f 1280/1280/1280 1239/1239/1239 1238/1238/1238
f 1453/1453/1453 1454/1454/1454 1452/1452/1452
f 835/835/835 942/942/942 1843/1843/1843
f 1271/1271/1271 1270/1270/1270 1173/1173/1173
f 1893/1893/1893 1878/1878/1878 1826/1826/1826
f 1050/1050/1050 2633/2633/2633 1937/1937/1937
f 2651/2651/2651 2652/2652/2652 814/814/814
f 1006/1006/1006 1053/1053/1053 1281/1281/1281
f 2653/2653/2653 1084/1084/1084 2654/2654/2654
f 1001/1001/1001 1004/1004/1004 1003/1003/1003
f 585/585/585 997/997/997 679/679/679
f 2624/2624/2624 1272/1272/1272 621/621/621
f 555/555/555 678/678/678 2028/2028/2028
f 1207/1207/1207 526/526/526 1197/1197/1197
f 1626/1626/1626 1627/1627/1627 478/478/478
f 426/426/426 389/389/389 419/419/419
f 1030/1030/1030 1193/1193/1193 1773/1773/1773
f 3898/3898/3898 645/645/645 634/634/634
f 534/534/534 1533/1533/1533 138/138/138
f 1125/1125/1125 1092/1092/1092 1042/1042/1042
f 333/333/333 228/228/228 88/88/88
f 569/569/569 1570/1570/1570 561/561/561
f 1489/1489/1489 2656/2656/2656 871/871/871
f 1857/1857/1857 2624/2624/2624 620/620/620
f 1673/1673/1673 1674/1674/1674 3770/3770/3770
f 622/622/622 861/861/861 864/864/864
f 619/619/619 788/788/788 891/891/891
f 261/261/261 544/544/544 545/545/545
f 393/393/393 1555/1555/1555 1556/1556/1556
f 2658/2658/2658 2659/2659/2659 2647/2647/2647
f 1075/1075/1075 2658/2658/2658 2657/2657/2657
f 1081/1081/1081 1080/1080/1080 2658/2658/2658
f 1080/1080/1080 1139/1139/1139 2659/2659/2659
f 2644/2644/2644 2643/2643/2643 1141/1141/1141
f 2660/2660/2660 1141/1141/1141 1140/1140/1140
f 642/642/642 2660/2660/2660 1336/1336/1336
f 1193/1193/1193 2644/2644/2644 2660/2660/2660
f 679/679/679 678/678/678 555/555/555
f 1503/1503/1503 1501/1501/1501 1500/1500/1500
f 1318/1318/1318 1317/1317/1317 1101/1101/1101
f 2661/2661/2661 2659/2659/2659 1139/1139/1139
f 2661/2661/2661 1142/1142/1142 2663/2663/2663
f 2662/2662/2662 2647/2647/2647 2659/2659/2659
f 2662/2662/2662 2663/2663/2663 2622/2622/2622
f 2664/2664/2664 2622/2622/2622 911/911/911
f 2648/2648/2648 2664/2664/2664 2646/2646/2646
f 2648/2648/2648 2647/2647/2647 2662/2662/2662
f 2083/2083/2083 2094/2094/2094 2093/2093/2093
f 1442/1442/1442 1440/1440/1440 1437/1437/1437
f 519/519/519 329/329/329 330/330/330
f 1885/1885/1885 2029/2029/2029 1209/1209/1209
f 799/799/799 800/800/800 805/805/805
f 1946/1946/1946 1943/1943/1943 1952/1952/1952
f 1302/1302/1302 1301/1301/1301 1253/1253/1253
f 566/566/566 2005/2005/2005 224/224/224
f 1389/1389/1389 940/940/940 928/928/928
f 683/683/683 682/682/682 681/681/681
f 836/836/836 835/835/835 1842/1842/1842
f 2665/2665/2665 1842/1842/1842 1845/1845/1845
f 2666/2666/2666 2665/2665/2665 1303/1303/1303
f 24/24/24 836/836/836 2665/2665/2665
f 831/831/831 1072/1072/1072 2650/2650/2650
f 1845/1845/1845 1844/1844/1844 1304/1304/1304
f 2010/2010/2010 2013/2013/2013 2012/2012/2012
f 1051/1051/1051 1936/1936/1936 2667/2667/2667
f 1522/1522/1522 1521/1521/1521 1511/1511/1511
f 531/531/531 440/440/440 441/441/441
f 1250/1250/1250 635/635/635 2625/2625/2625
f 2669/2669/2669 2625/2625/2625 1857/1857/1857
f 783/783/783 2669/2669/2669 1856/1856/1856
f 782/782/782 1250/1250/1250 2669/2669/2669
f 720/720/720 2670/2670/2670 2671/2671/2671
f 1055/1055/1055 1931/1931/1931 1930/1930/1930
f 1333/1333/1333 1067/1067/1067 1251/1251/1251
f 619/619/619 622/622/622 1308/1308/1308
f 652/652/652 655/655/655 2619/2619/2619
f 521/521/521 522/522/522 1539/1539/1539
f 1838/1838/1838 988/988/988 537/537/537
f 2672/2672/2672 537/537/537 536/536/536
f 1113/1113/1113 2672/2672/2672 2641/2641/2641
f 1113/1113/1113 527/527/527 1838/1838/1838
f 1016/1016/1016 1013/1013/1013 1351/1351/1351
f 3897/3897/3897 573/573/573 570/570/570
f 226/226/226 227/227/227 104/104/104
f 3564/3564/3564 3669/3669/3669 3827/3827/3827
f 1036/1036/1036 1037/1037/1037 1884/1884/1884
f 2674/2674/2674 1301/1301/1301 1304/1304/1304
f 2673/2673/2673 1304/1304/1304 1844/1844/1844
f 1334/1334/1334 2673/2673/2673 2675/2675/2675
f 1333/1333/1333 2674/2674/2674 2673/2673/2673
f 2676/2676/2676 702/702/702 1039/1039/1039
f 1843/1843/1843 2676/2676/2676 2675/2675/2675
f 942/942/942 1074/1074/1074 2676/2676/2676
f 1074/1074/1074 699/699/699 702/702/702
f 752/752/752 1057/1057/1057 1055/1055/1055
f 1200/1200/1200 1166/1166/1166 656/656/656
f 1120/1120/1120 1846/1846/1846 874/874/874
f 2677/2677/2677 874/874/874 877/877/877
f 1241/1241/1241 2677/2677/2677 1052/1052/1052
f 1119/1119/1119 1120/1120/1120 2677/2677/2677
f 1560/1560/1560 1513/1513/1513 151/151/151
f 1208/1208/1208 1316/1316/1316 611/611/611
f 215/215/215 735/735/735 736/736/736
f 1460/1460/1460 1459/1459/1459 1462/1462/1462
f 1208/1208/1208 1207/1207/1207 1839/1839/1839
f 854/854/854 856/856/856 1282/1282/1282
f 72/72/72 445/445/445 182/182/182
f 544/544/544 1563/1563/1563 1565/1565/1565
f 217/217/217 200/200/200 456/456/456
f 2047/2047/2047 1404/1404/1404 930/930/930
f 1204/1204/1204 2618/2618/2618 1937/1937/1937
f 913/913/913 777/777/777 686/686/686
f 840/840/840 527/527/527 1113/1113/1113
f 1531/1531/1531 729/729/729 730/730/730
f 2678/2678/2678 778/778/778 1283/1283/1283
f 601/601/601 667/667/667 1914/1914/1914
f 1537/1537/1537 1538/1538/1538 459/459/459
f 1819/1819/1819 1757/1757/1757 3509/3509/3509
f 991/991/991 1860/1860/1860 862/862/862
f 2679/2679/2679 711/711/711 1073/1073/1073
f 2680/2680/2680 1830/1830/1830 983/983/983
f 779/779/779 2680/2680/2680 2256/2256/2256
f 778/778/778 2678/2678/2678 2680/2680/2680
f 2678/2678/2678 2679/2679/2679 1830/1830/1830
f 180/180/180 542/542/542 245/245/245
f 1886/1886/1886 1132/1132/1132 1131/1131/1131
f 1138/1138/1138 1137/1137/1137 1274/1274/1274
f 1841/1841/1841 598/598/598 1140/1140/1140
f 75/75/75 313/313/313 314/314/314
f 193/193/193 423/423/423 420/420/420
f 2681/2681/2681 2682/2682/2682 1099/1099/1099
f 170/170/170 1567/1567/1567 1565/1565/1565
f 349/349/349 416/416/416 417/417/417
f 1121/1121/1121 1124/1124/1124 2684/2684/2684
f 547/547/547 797/797/797 409/409/409
f 123/123/123 122/122/122 121/121/121
f 2643/2643/2643 2663/2663/2663 1142/1142/1142
f 1542/1542/1542 1544/1544/1544 513/513/513
f 899/899/899 900/900/900 907/907/907
f 1210/1210/1210 677/677/677 676/676/676
f 791/791/791 663/663/663 982/982/982
f 24/24/24 27/27/27 837/837/837
f 893/893/893 896/896/896 932/932/932
f 1860/1860/1860 1320/1320/1320 863/863/863
f 535/535/535 538/538/538 862/862/862
f 1569/1569/1569 1548/1548/1548 1547/1547/1547
f 181/181/181 455/455/455 542/542/542
f 660/660/660 659/659/659 937/937/937
f 2013/2013/2013 567/567/567 568/568/568
f 887/887/887 890/890/890 2631/2631/2631
f 1524/1524/1524 1508/1508/1508 361/361/361
f 520/520/520 161/161/161 162/162/162
f 2653/2653/2653 855/855/855 854/854/854
f 1238/1238/1238 1237/1237/1237 2655/2655/2655
f 718/718/718 1838/1838/1838 527/527/527
f 1492/1492/1492 1493/1493/1493 518/518/518
f 792/792/792 616/616/616 615/615/615
f 599/599/599 846/846/846 1835/1835/1835
f 290/290/290 457/457/457 456/456/456
f 312/312/312 171/171/171 1552/1552/1552
f 1248/1248/1248 2687/2687/2687 1179/1179/1179
f 153/153/153 149/149/149 177/177/177
f 1240/1240/1240 1181/1181/1181 1222/1222/1222
f 1257/1257/1257 1292/1292/1292 1235/1235/1235
f 1291/1291/1291 1084/1084/1084 1083/1083/1083
f 1052/1052/1052 877/877/877 1277/1277/1277
f 743/743/743 742/742/742 2618/2618/2618
f 444/444/444 140/140/140 430/430/430
f 23/23/23 1224/1224/1224 1172/1172/1172
f 2687/2687/2687 2654/2654/2654 1180/1180/1180
f 102/102/102 103/103/103 409/409/409
f 1283/1283/1283 607/607/607 610/610/610
f 373/373/373 497/497/497 650/650/650
f 1180/1180/1180 2654/2654/2654 1084/1084/1084
f 855/855/855 2653/2653/2653 2655/2655/2655
f 1173/1173/1173 1270/1270/1270 1917/1917/1917
f 2689/2689/2689 850/850/850 853/853/853
f 2688/2688/2688 853/853/853 1108/1108/1108
f 2686/2686/2686 2688/2688/2688 1279/1279/1279
f 2687/2687/2687 2689/2689/2689 2688/2688/2688
f 2691/2691/2691 1302/1302/1302 1252/1252/1252
f 2690/2690/2690 1252/1252/1252 850/850/850
f 1248/1248/1248 2690/2690/2690 2689/2689/2689
f 1248/1248/1248 1247/1247/1247 2691/2691/2691
f 2692/2692/2692 617/617/617 24/24/24
f 2691/2691/2691 2692/2692/2692 2666/2666/2666
f 1247/1247/1247 1258/1258/1258 2692/2692/2692
f 1258/1258/1258 1168/1168/1168 617/617/617
f 394/394/394 1554/1554/1554 1555/1555/1555
f 2693/2693/2693 1260/1260/1260 1259/1259/1259
f 1072/1072/1072 1236/1236/1236 1262/1262/1262
f 1257/1257/1257 1071/1071/1071 1168/1168/1168
f 398/398/398 439/439/439 1555/1555/1555
f 871/871/871 1784/1784/1784 1314/1314/1314
f 1178/1178/1178 1232/1232/1232 1249/1249/1249
f 1224/1224/1224 1289/1289/1289 1173/1173/1173
f 1010/1010/1010 2617/2617/2617 2618/2618/2618
f 1175/1175/1175 1174/1174/1174 1292/1292/1292
f 2654/2654/2654 2687/2687/2687 2686/2686/2686
f 2694/2694/2694 1157/1157/1157 1216/1216/1216
f 71/71/71 418/418/418 1487/1487/1487
f 701/701/701 1112/1112/1112 1111/1111/1111
f 1072/1072/1072 1261/1261/1261 2649/2649/2649
f 1085/1085/1085 2695/2695/2695 22/22/22
f 895/895/895 2694/2694/2694 1264/1264/1264
f 1601/1601/1601 1606/1606/1606 1605/1605/1605
f 1259/1259/1259 1262/1262/1262 1271/1271/1271
f 21/21/21 20/20/20 1220/1220/1220
f 988/988/988 991/991/991 538/538/538
f 598/598/598 597/597/597 1336/1336/1336
f 1050/1050/1050 860/860/860 818/818/818
f 1298/1298/1298 2645/2645/2645 1761/1761/1761
f 1168/1168/1168 1167/1167/1167 618/618/618
f 858/858/858 1168/1168/1168 1256/1256/1256
f 39/39/39 242/242/242 516/516/516
f 2652/2652/2652 1761/1761/1761 819/819/819
f 313/313/313 316/316/316 315/315/315
f 2026/2026/2026 1970/1970/1970 1971/1971/1971
f 2656/2656/2656 1489/1489/1489 596/596/596
f 814/814/814 819/819/819 818/818/818
f 2696/2696/2696 2651/2651/2651 813/813/813
f 1260/1260/1260 2696/2696/2696 2649/2649/2649
f 2693/2693/2693 2697/2697/2697 2696/2696/2696
f 2697/2697/2697 1296/1296/1296 2651/2651/2651
f 381/381/381 355/355/355 390/390/390
f 3818/3818/3818 3819/3819/3819 1611/1611/1611
f 1475/1475/1475 1427/1427/1427 1428/1428/1428
f 1292/1292/1292 1174/1174/1174 1917/1917/1917
f 1551/1551/1551 353/353/353 354/354/354
f 1526/1526/1526 1525/1525/1525 1523/1523/1523
f 1593/1593/1593 1589/1589/1589 1595/1595/1595
f 1232/1232/1232 1269/1269/1269 1246/1246/1246
f 2695/2695/2695 2693/2693/2693 1223/1223/1223
f 2698/2698/2698 1297/1297/1297 1296/1296/1296
f 2698/2698/2698 2697/2697/2697 2693/2693/2693
f 2685/2685/2685 2698/2698/2698 2695/2695/2695
f 2685/2685/2685 854/854/854 1297/1297/1297
f 562/562/562 1497/1497/1497 271/271/271
f 2652/2652/2652 2651/2651/2651 1296/1296/1296
f 1365/1365/1365 1366/1366/1366 1364/1364/1364
f 1958/1958/1958 1946/1946/1946 1953/1953/1953
f 585/585/585 588/588/588 2210/2210/2210
f 1561/1561/1561 1560/1560/1560 1515/1515/1515
f 975/975/975 2648/2648/2648 1146/1146/1146
f 347/347/347 67/67/67 68/68/68
f 1038/1038/1038 1111/1111/1111 636/636/636
f 2700/2700/2700 781/781/781 780/780/780
f 2699/2699/2699 780/780/780 1036/1036/1036
f 2701/2701/2701 2699/2699/2699 1883/1883/1883
f 851/851/851 2700/2700/2700 2699/2699/2699
f 2674/2674/2674 1333/1333/1333 2251/2251/2251
f 2702/2702/2702 2251/2251/2251 781/781/781
f 1253/1253/1253 2702/2702/2702 2700/2700/2700
f 1301/1301/1301 2674/2674/2674 2702/2702/2702
f 1519/1519/1519 387/387/387 388/388/388
f 1273/1273/1273 1239/1239/1239 1280/1280/1280
f 2703/2703/2703 1280/1280/1280 1107/1107/1107
f 2701/2701/2701 2703/2703/2703 852/852/852
f 1829/1829/1829 1273/1273/1273 2703/2703/2703
f 91/91/91 260/260/260 326/326/326
f 1784/1784/1784 871/871/871 2656/2656/2656
f 2683/2683/2683 2684/2684/2684 2705/2705/2705
f 604/604/604 1894/1894/1894 3499/3499/3499
f 1669/1669/1669 3534/3534/3534 3548/3548/3548
f 2062/2062/2062 2063/2063/2063 2060/2060/2060
f 621/621/621 535/535/535 861/861/861
f 2023/2023/2023 731/731/731 732/732/732
f 686/686/686 779/779/779 1263/1263/1263
f 857/857/857 1051/1051/1051 2668/2668/2668
f 883/883/883 830/830/830 882/882/882
f 637/637/637 636/636/636 1111/1111/1111
f 2668/2668/2668 894/894/894 893/893/893
f 2667/2667/2667 921/921/921 894/894/894
f 1039/1039/1039 1038/1038/1038 1068/1068/1068
f 313/313/313 75/75/75 1504/1504/1504
f 1911/1911/1911 1972/1972/1972 305/305/305
f 1936/1936/1936 2706/2706/2706 1964/1964/1964
f 2707/2707/2707 2402/2402/2402 2401/2401/2401
f 2708/2708/2708 2707/2707/2707 2183/2183/2183
f 738/738/738 2163/2163/2163 2116/2116/2116
f 2349/2349/2349 2348/2348/2348 2432/2432/2432
f 2711/2711/2711 2712/2712/2712 2020/2020/2020
f 2400/2400/2400 2711/2711/2711 2019/2019/2019
f 2714/2714/2714 2715/2715/2715 2716/2716/2716
f 2717/2717/2717 2718/2718/2718 2719/2719/2719
f 2721/2721/2721 2722/2722/2722 2723/2723/2723
f 2726/2726/2726 2727/2727/2727 2728/2728/2728
f 2725/2725/2725 2728/2728/2728 2730/2730/2730
f 2731/2731/2731 2725/2725/2725 2729/2729/2729
f 2732/2732/2732 2726/2726/2726 2725/2725/2725
f 2734/2734/2734 2735/2735/2735 2736/2736/2736
f 2738/2738/2738 2739/2739/2739 2740/2740/2740
f 2737/2737/2737 2740/2740/2740 2741/2741/2741
f 2744/2744/2744 2745/2745/2745 2746/2746/2746
f 2745/2745/2745 2744/2744/2744 2748/2748/2748
f 2749/2749/2749 2750/2750/2750 2747/2747/2747
f 2753/2753/2753 2749/2749/2749 2751/2751/2751
f 2250/2250/2250 1380/1380/1380 2246/2246/2246
f 2754/2754/2754 1396/1396/1396 1614/1614/1614
f 3598/3598/3598 2754/2754/2754 2755/2755/2755
f 3608/3608/3608 2745/2745/2745 2747/2747/2747
f 1617/1617/1617 2756/2756/2756 2755/2755/2755
f 2242/2242/2242 2758/2758/2758 1620/1620/1620
f 2191/2191/2191 2085/2085/2085 2760/2760/2760
f 2761/2761/2761 2759/2759/2759 2760/2760/2760
f 3648/3648/3648 2759/2759/2759 2761/2761/2761
f 3623/3623/3623 2191/2191/2191 2759/2759/2759
f 3209/3209/3209 3248/3248/3248 3223/3223/3223
f 1395/1395/1395 1394/1394/1394 2236/2236/2236
f 1395/1395/1395 2235/2235/2235 1636/1636/1636
f 1616/1616/1616 1635/1635/1635 2229/2229/2229
f 1617/1617/1617 2234/2234/2234 2763/2763/2763
f 2756/2756/2756 2763/2763/2763 3628/3628/3628
f 2765/2765/2765 2763/2763/2763 2234/2234/2234
f 2766/2766/2766 2764/2764/2764 3628/3628/3628
f 3202/3202/3202 3199/3199/3199 3246/3246/3246
f 1516/1516/1516 437/437/437 435/435/435
f 2768/2768/2768 2769/2769/2769 3552/3552/3552
f 1495/1495/1495 541/541/541 578/578/578
f 2135/2135/2135 2136/2136/2136 28/28/28
f 3526/3526/3526 3540/3540/3540 2773/2773/2773
f 1690/1690/1690 1689/1689/1689 3926/3926/3926
f 2778/2778/2778 2779/2779/2779 2780/2780/2780
f 2777/2777/2777 2780/2780/2780 2781/2781/2781
f 2784/2784/2784 2778/2778/2778 2777/2777/2777
f 3555/3555/3555 3521/3521/3521 575/575/575
f 1494/1494/1494 1904/1904/1904 9/9/9
f 3529/3529/3529 2016/2016/2016 2015/2015/2015
f 451/451/451 61/61/61 505/505/505
f 2786/2786/2786 2787/2787/2787 2788/2788/2788
f 2779/2779/2779 2786/2786/2786 2785/2785/2785
f 2789/2789/2789 2752/2752/2752 2741/2741/2741
f 2790/2790/2790 2753/2753/2753 2752/2752/2752
f 2792/2792/2792 2793/2793/2793 2794/2794/2794
f 2793/2793/2793 2795/2795/2795 2796/2796/2796
f 2796/2796/2796 2797/2797/2797 2750/2750/2750
f 2794/2794/2794 2796/2796/2796 2749/2749/2749
f 2798/2798/2798 1393/1393/1393 1396/1396/1396
f 3591/3591/3591 2798/2798/2798 2754/2754/2754
f 2798/2798/2798 2799/2799/2799 2800/2800/2800
f 3591/3591/3591 3662/3662/3662 2799/2799/2799
f 2797/2797/2797 2796/2796/2796 2795/2795/2795
f 2791/2791/2791 2794/2794/2794 2753/2753/2753
f 216/216/216 233/233/233 232/232/232
f 3804/3804/3804 2806/2806/2806 2807/2807/2807
f 3805/3805/3805 2809/2809/2809 2804/2804/2804
f 2769/2769/2769 2810/2810/2810 3557/3557/3557
f 183/183/183 185/185/185 184/184/184
f 2811/2811/2811 2812/2812/2812 2775/2775/2775
f 2804/2804/2804 2811/2811/2811 2776/2776/2776
f 2809/2809/2809 2813/2813/2813 2811/2811/2811
f 2812/2812/2812 2811/2811/2811 2813/2813/2813
f 3805/3805/3805 2808/2808/2808 2816/2816/2816
f 3796/3796/3796 2818/2818/2818 2815/2815/2815
f 3798/3798/3798 3800/3800/3800 2820/2820/2820
f 3793/3793/3793 2823/2823/2823 2819/2819/2819
f 2824/2824/2824 2736/2736/2736 2735/2735/2735
f 2823/2823/2823 2825/2825/2825 2824/2824/2824
f 2825/2825/2825 2823/2823/2823 2826/2826/2826
f 3793/3793/3793 2822/2822/2822 2827/2827/2827
f 3796/3796/3796 2817/2817/2817 2826/2826/2826
f 2713/2713/2713 2716/2716/2716 2829/2829/2829
f 2828/2828/2828 2829/2829/2829 2831/2831/2831
f 2822/2822/2822 2821/2821/2821 2828/2828/2828
f 2821/2821/2821 2820/2820/2820 2713/2713/2713
f 2832/2832/2832 2827/2827/2827 2822/2822/2822
f 2833/2833/2833 2832/2832/2832 2830/2830/2830
f 2834/2834/2834 2835/2835/2835 2832/2832/2832
f 2835/2835/2835 2818/2818/2818 2827/2827/2827
f 2837/2837/2837 2838/2838/2838 2839/2839/2839
f 2836/2836/2836 2839/2839/2839 2841/2841/2841
f 2842/2842/2842 2836/2836/2836 2840/2840/2840
f 2843/2843/2843 2837/2837/2837 2836/2836/2836
f 2840/2840/2840 2841/2841/2841 2845/2845/2845
f 2718/2718/2718 2844/2844/2844 2845/2845/2845
f 2730/2730/2730 2728/2728/2728 2844/2844/2844
f 2727/2727/2727 2840/2840/2840 2844/2844/2844
f 2846/2846/2846 2845/2845/2845 2841/2841/2841
f 2829/2829/2829 2846/2846/2846 2847/2847/2847
f 2847/2847/2847 2841/2841/2841 2839/2839/2839
f 2848/2848/2848 2839/2839/2839 2838/2838/2838
f 2833/2833/2833 2848/2848/2848 2849/2849/2849
f 2831/2831/2831 2847/2847/2847 2848/2848/2848
f 2850/2850/2850 2814/2814/2814 2851/2851/2851
f 2853/2853/2853 2850/2850/2850 2852/2852/2852
f 2783/2783/2783 2777/2777/2777 2782/2782/2782
f 2785/2785/2785 2788/2788/2788 2853/2853/2853
f 2780/2780/2780 2785/2785/2785 2856/2856/2856
f 2857/2857/2857 2858/2858/2858 2855/2855/2855
f 2859/2859/2859 2857/2857/2857 2782/2782/2782
f 2861/2861/2861 2843/2843/2843 2842/2842/2842
f 2860/2860/2860 2842/2842/2842 2727/2727/2727
f 2862/2862/2862 2860/2860/2860 2726/2726/2726
f 2863/2863/2863 2861/2861/2861 2860/2860/2860
f 2861/2861/2861 2863/2863/2863 2858/2858/2858
f 2843/2843/2843 2861/2861/2861 2857/2857/2857
f 2856/2856/2856 2853/2853/2853 2854/2854/2854
f 2781/2781/2781 2856/2856/2856 2864/2864/2864
f 2837/2837/2837 2843/2843/2843 2859/2859/2859
f 2838/2838/2838 2837/2837/2837 2864/2864/2864
f 2852/2852/2852 2851/2851/2851 2834/2834/2834
f 2854/2854/2854 2852/2852/2852 2849/2849/2849
f 2865/2865/2865 2815/2815/2815 2818/2818/2818
f 2851/2851/2851 2865/2865/2865 2835/2835/2835
f 2813/2813/2813 2809/2809/2809 2815/2815/2815
f 2814/2814/2814 2813/2813/2813 2865/2865/2865
f 2866/2866/2866 2812/2812/2812 2814/2814/2814
f 2788/2788/2788 2866/2866/2866 2850/2850/2850
f 2866/2866/2866 2788/2788/2788 2787/2787/2787
f 2812/2812/2812 2866/2866/2866 2867/2867/2867
f 1892/1892/1892 1889/1889/1889 1890/1890/1890
f 2720/2720/2720 2719/2719/2719 2846/2846/2846
f 298/298/298 299/299/299 256/256/256
f 2872/2872/2872 2714/2714/2714 2713/2713/2713
f 3794/3794/3794 3800/3800/3800 2735/2735/2735
f 2729/2729/2729 2730/2730/2730 2874/2874/2874
f 2846/2846/2846 2716/2716/2716 2715/2715/2715
f 2876/2876/2876 2877/2877/2877 2878/2878/2878
f 2733/2733/2733 2875/2875/2875 2878/2878/2878
f 3806/3806/3806 3807/3807/3807 2879/2879/2879
f 3806/3806/3806 2880/2880/2880 2872/2872/2872
f 2882/2882/2882 2883/2883/2883 2884/2884/2884
f 2881/2881/2881 2884/2884/2884 2715/2715/2715
f 2880/2880/2880 2881/2881/2881 2714/2714/2714
f 2879/2879/2879 2882/2882/2882 2881/2881/2881
f 2885/2885/2885 2886/2886/2886 2887/2887/2887
f 2888/2888/2888 2889/2889/2889 2890/2890/2890
f 2885/2885/2885 2890/2890/2890 2892/2892/2892
f 2893/2893/2893 2886/2886/2886 2885/2885/2885
f 1942/1942/1942 2151/2151/2151 2532/2532/2532
f 2895/2895/2895 2892/2892/2892 2720/2720/2720
f 2884/2884/2884 2895/2895/2895 2870/2870/2870
f 2883/2883/2883 2896/2896/2896 2895/2895/2895
f 2896/2896/2896 2891/2891/2891 2892/2892/2892
f 2889/2889/2889 2874/2874/2874 2717/2717/2717
f 2890/2890/2890 2717/2717/2717 2720/2720/2720
f 2897/2897/2897 2893/2893/2893 2891/2891/2891
f 2898/2898/2898 2897/2897/2897 2896/2896/2896
f 2899/2899/2899 2898/2898/2898 2883/2883/2883
f 2900/2900/2900 2899/2899/2899 2882/2882/2882
f 3797/3797/3797 2900/2900/2900 2879/2879/2879
f 2876/2876/2876 2902/2902/2902 2901/2901/2901
f 2901/2901/2901 2902/2902/2902 2904/2904/2904
f 1785/1785/1785 2656/2656/2656 1835/1835/1835
f 2905/2905/2905 2906/2906/2906 2899/2899/2899
f 2907/2907/2907 2908/2908/2908 2897/2897/2897
f 3797/3797/3797 2901/2901/2901 2903/2903/2903
f 632/632/632 576/576/576 577/577/577
f 3532/3532/3532 3547/3547/3547 2867/2867/2867
f 434/434/434 385/385/385 550/550/550
f 2768/2768/2768 2770/2770/2770 3640/3640/3640
f 2910/2910/2910 2911/2911/2911 1623/1623/1623
f 2241/2241/2241 2912/2912/2912 2758/2758/2758
f 3640/3640/3640 2770/2770/2770 2913/2913/2913
f 1623/1623/1623 2911/2911/2911 2757/2757/2757
f 3587/3587/3587 2242/2242/2242 2757/2757/2757
f 2229/2229/2229 1381/1381/1381 1380/1380/1380
f 2765/2765/2765 1630/1630/1630 1629/1629/1629
f 2915/2915/2915 2914/2914/2914 1629/1629/1629
f 3642/3642/3642 3641/3641/3641 2914/2914/2914
f 3641/3641/3641 3622/3622/3622 2765/2765/2765
f 2919/2919/2919 2916/2916/2916 3642/3642/3642
f 2918/2918/2918 2915/2915/2915 2912/2912/2912
f 3614/3614/3614 2918/2918/2918 2241/2241/2241
f 3618/3618/3618 2919/2919/2919 3613/3613/3613
f 3541/3541/3541 2177/2177/2177 2180/2180/2180
f 3521/3521/3521 2002/2002/2002 2188/2188/2188
f 3705/3705/3705 3573/3573/3573 714/714/714
f 2925/2925/2925 2766/2766/2766 2917/2917/2917
f 2924/2924/2924 2917/2917/2917 2916/2916/2916
f 3610/3610/3610 2924/2924/2924 2919/2919/2919
f 3611/3611/3611 2925/2925/2925 2924/2924/2924
f 2926/2926/2926 2927/2927/2927 2766/2766/2766
f 3658/3658/3658 2926/2926/2926 2925/2925/2925
f 1715/1715/1715 1713/1713/1713 1705/1705/1705
f 785/785/785 497/497/497 498/498/498
f 1387/1387/1387 651/651/651 565/565/565
f 374/374/374 375/375/375 1899/1899/1899
f 3573/3573/3573 2203/2203/2203 2206/2206/2206
f 2929/2929/2929 2930/2930/2930 2886/2886/2886
f 2932/2932/2932 2933/2933/2933 2934/2934/2934
f 1905/1905/1905 1906/1906/1906 1908/1908/1908
f 2930/2930/2930 2935/2935/2935 2936/2936/2936
f 2938/2938/2938 2935/2935/2935 2930/2930/2930
f 1493/1493/1493 369/369/369 517/517/517
f 1603/1603/1603 1585/1585/1585 1586/1586/1586
f 2939/2939/2939 2938/2938/2938 2929/2929/2929
f 2940/2940/2940 2939/2939/2939 2908/2908/2908
f 3665/3665/3665 1707/1707/1707 1600/1600/1600
f 2886/2886/2886 2930/2930/2930 2937/2937/2937
f 2906/2906/2906 2907/2907/2907 2898/2898/2898
f 2908/2908/2908 2929/2929/2929 2893/2893/2893
f 2942/2942/2942 2934/2934/2934 2933/2933/2933
f 2941/2941/2941 2933/2933/2933 2937/2937/2937
f 3501/3501/3501 2941/2941/2941 2936/2936/2936
f 3498/3498/3498 2942/2942/2942 2941/2941/2941
f 2943/2943/2943 2944/2944/2944 2710/2710/2710
f 2943/2943/2943 2873/2873/2873 2874/2874/2874
f 2945/2945/2945 2943/2943/2943 2889/2889/2889
f 2946/2946/2946 2944/2944/2944 2943/2943/2943
f 2932/2932/2932 2945/2945/2945 2888/2888/2888
f 2931/2931/2931 2946/2946/2946 2945/2945/2945
f 727/727/727 1928/1928/1928 1929/1929/1929
f 2903/2903/2903 2904/2904/2904 2947/2947/2947
f 545/545/545 594/594/594 42/42/42
f 1480/1480/1480 1570/1570/1570 533/533/533
f 2907/2907/2907 2906/2906/2906 2949/2949/2949
f 2906/2906/2906 2905/2905/2905 2950/2950/2950
f 1558/1558/1558 452/452/452 215/215/215
f 3799/3799/3799 2903/2903/2903 2948/2948/2948
f 2054/2054/2054 1645/1645/1645 1644/1644/1644
f 3705/3705/3705 3684/3684/3684 2203/2203/2203
f 1828/1828/1828 1837/1837/1837 1849/1849/1849
f 2953/2953/2953 2954/2954/2954 2955/2955/2955
f 2952/2952/2952 2955/2955/2955 2957/2957/2957
f 2956/2956/2956 2261/2261/2261 2258/2258/2258
f 2953/2953/2953 2952/2952/2952 2258/2258/2258
f 2454/2454/2454 2455/2455/2455 2474/2474/2474
f 3747/3747/3747 2958/2958/2958 2959/2959/2959
f 3747/3747/3747 2132/2132/2132 2131/2131/2131
f 2961/2961/2961 2962/2962/2962 2963/2963/2963
f 2958/2958/2958 2963/2963/2963 2964/2964/2964
f 222/222/222 221/221/221 2485/2485/2485
f 2477/2477/2477 2226/2226/2226 2966/2966/2966
f 2631/2631/2631 2561/2561/2561 2006/2006/2006
f 2384/2384/2384 2454/2454/2454 2496/2496/2496
f 2967/2967/2967 2968/2968/2968 2959/2959/2959
f 2968/2968/2968 2967/2967/2967 2970/2970/2970
f 3759/3759/3759 2033/2033/2033 2971/2971/2971
f 3784/3784/3784 2971/2971/2971 2960/2960/2960
f 2972/2972/2972 2971/2971/2971 2033/2033/2033
f 2007/2007/2007 2377/2377/2377 2973/2973/2973
f 3560/3560/3560 3559/3559/3559 2134/2134/2134
f 1836/1836/1836 1833/1833/1833 1832/1832/1832
f 3506/3506/3506 2188/2188/2188 2090/2090/2090
f 955/955/955 810/810/810 959/959/959
f 672/672/672 675/675/675 674/674/674
f 633/633/633 710/710/710 713/713/713
f 2024/2024/2024 732/732/732 733/733/733
f 2025/2025/2025 2024/2024/2024 803/803/803
f 425/425/425 1552/1552/1552 1550/1550/1550
f 2975/2975/2975 2976/2976/2976 888/888/888
f 1319/1319/1319 1158/1158/1158 1157/1157/1157
f 1212/1212/1212 1935/1935/1935 2977/2977/2977
f 889/889/889 957/957/957 2228/2228/2228
f 1978/1978/1978 1974/1974/1974 1975/1975/1975
f 1138/1138/1138 1078/1078/1078 1329/1329/1329
f 751/751/751 665/665/665 2979/2979/2979
f 1619/1619/1619 1613/1613/1613 1625/1625/1625
f 2252/2252/2252 2255/2255/2255 1728/1728/1728
f 1157/1157/1157 1160/1160/1160 845/845/845
f 2706/2706/2706 1936/1936/1936 1938/1938/1938
f 2980/2980/2980 2255/2255/2255 2254/2254/2254
f 2982/2982/2982 2975/2975/2975 887/887/887
f 802/802/802 712/712/712 711/711/711
f 678/678/678 677/677/677 2029/2029/2029
f 527/527/527 840/840/840 690/690/690
f 1839/1839/1839 1207/1207/1207 2629/2629/2629
f 2983/2983/2983 2984/2984/2984 602/602/602
f 2983/2983/2983 1914/1914/1914 1913/1913/1913
f 2985/2985/2985 2983/2983/2983 1331/1331/1331
f 2986/2986/2986 2984/2984/2984 2983/2983/2983
f 2987/2987/2987 2637/2637/2637 2635/2635/2635
f 2985/2985/2985 2988/2988/2988 2639/2639/2639
f 2990/2990/2990 1319/1319/1319 1318/1318/1318
f 2991/2991/2991 2992/2992/2992 2993/2993/2993
f 2995/2995/2995 2991/2991/2991 2994/2994/2994
f 1106/1106/1106 1058/1058/1058 2991/2991/2991
f 1058/1058/1058 1057/1057/1057 2992/2992/2992
f 1415/1415/1415 1406/1406/1406 1365/1365/1365
f 1317/1317/1317 922/922/922 2217/2217/2217
f 1932/1932/1932 1728/1728/1728 2255/2255/2255
f 926/926/926 2998/2998/2998 2999/2999/2999
f 3001/3001/3001 2993/2993/2993 2992/2992/2992
f 3000/3000/3000 2992/2992/2992 1057/1057/1057
f 2999/2999/2999 3000/3000/3000 2978/2978/2978
f 2998/2998/2998 3001/3001/3001 3000/3000/3000
f 3002/3002/3002 2998/2998/2998 2209/2209/2209
f 3002/3002/3002 3003/3003/3003 2996/2996/2996
f 2993/2993/2993 3001/3001/3001 3002/3002/3002
f 1103/1103/1103 1106/1106/1106 2995/2995/2995
f 3004/3004/3004 2995/2995/2995 2996/2996/2996
f 2209/2209/2209 2210/2210/2210 3004/3004/3004
f 588/588/588 1103/1103/1103 3004/3004/3004
f 295/295/295 296/296/296 433/433/433
f 2638/2638/2638 2639/2639/2639 2988/2988/2988
f 3005/3005/3005 2988/2988/2988 1056/1056/1056
f 1305/1305/1305 3005/3005/3005 1930/1930/1930
f 1276/1276/1276 2638/2638/2638 3005/3005/3005
f 1987/1987/1987 1968/1968/1968 1993/1993/1993
f 2633/2633/2633 1762/1762/1762 1761/1761/1761
f 1423/1423/1423 1422/1422/1422 1417/1417/1417
f 3561/3561/3561 3517/3517/3517 739/739/739
f 2671/2671/2671 2670/2670/2670 2704/2704/2704
f 1473/1473/1473 1872/1872/1872 2035/2035/2035
f 922/922/922 1317/1317/1317 2694/2694/2694
f 1401/1401/1401 1400/1400/1400 1378/1378/1378
f 556/556/556 2028/2028/2028 1884/1884/1884
f 842/842/842 848/848/848 3825/3825/3825
f 1854/1854/1854 2706/2706/2706 2617/2617/2617
f 933/933/933 1082/1082/1082 1081/1081/1081
f 1440/1440/1440 1441/1441/1441 1436/1436/1436
f 529/529/529 657/657/657 719/719/719
f 1031/1031/1031 1025/1025/1025 1027/1027/1027
f 777/777/777 913/913/913 912/912/912
f 2645/2645/2645 1205/1205/1205 1204/1204/1204
f 441/441/441 438/438/438 1538/1538/1538
f 790/790/790 1287/1287/1287 587/587/587
f 2065/2065/2065 2066/2066/2066 1610/1610/1610
f 1860/1860/1860 991/991/991 990/990/990
f 60/60/60 106/106/106 87/87/87
f 1424/1424/1424 1017/1017/1017 1948/1948/1948
f 332/332/332 1527/1527/1527 1507/1507/1507
f 261/261/261 262/262/262 138/138/138
f 187/187/187 188/188/188 449/449/449
f 1719/1719/1719 1720/1720/1720 1726/1726/1726
f 1931/1931/1931 1055/1055/1055 1059/1059/1059
f 3006/3006/3006 1059/1059/1059 1105/1105/1105
f 1287/1287/1287 3006/3006/3006 1104/1104/1104
f 1286/1286/1286 1931/1931/1931 3006/3006/3006
f 3007/3007/3007 3008/3008/3008 3009/3009/3009
f 3009/3009/3009 3008/3008/3008 653/653/653
f 618/618/618 999/999/999 26/26/26
f 2029/2029/2029 677/677/677 1210/1210/1210
f 957/957/957 601/601/601 600/600/600
f 1049/1049/1049 2146/2146/2146 2228/2228/2228
f 2631/2631/2631 890/890/890 3011/3011/3011
f 890/890/890 889/889/889 2227/2227/2227
f 3011/3011/3011 2227/2227/2227 2145/2145/2145
f 2561/2561/2561 3011/3011/3011 3012/3012/3012
f 1026/1026/1026 656/656/656 609/609/609
f 2706/2706/2706 1854/1854/1854 1961/1961/1961
f 3013/3013/3013 2965/2965/2965 2485/2485/2485
f 2148/2148/2148 2147/2147/2147 1267/1267/1267
f 3015/3015/3015 1267/1267/1267 1266/1266/1266
f 2997/2997/2997 2264/2264/2264 1101/1101/1101
f 642/642/642 641/641/641 1773/1773/1773
f 186/186/186 477/477/477 461/461/461
f 1041/1041/1041 1040/1040/1040 1320/1320/1320
f 1121/1121/1121 3016/3016/3016 3017/3017/3017
f 2984/2984/2984 2986/2986/2986 2987/2987/2987
f 3018/3018/3018 2987/2987/2987 2634/2634/2634
f 1048/1048/1048 603/603/603 3018/3018/3018
f 603/603/603 602/602/602 2984/2984/2984
f 2679/2679/2679 2678/2678/2678 801/801/801
f 2062/2062/2062 2072/2072/2072 2074/2074/2074
f 2061/2061/2061 2074/2074/2074 2076/2076/2076
f 414/414/414 303/303/303 1545/1545/1545
f 3016/3016/3016 1121/1121/1121 2683/2683/2683
f 3019/3019/3019 2683/2683/2683 2704/2704/2704
f 3020/3020/3020 3019/3019/3019 2670/2670/2670
f 3007/3007/3007 3016/3016/3016 3019/3019/3019
f 1871/1871/1871 1090/1090/1090 1091/1091/1091
f 3021/3021/3021 1787/1787/1787 1122/1122/1122
f 3022/3022/3022 3021/3021/3021 3017/3017/3017
f 1314/1314/1314 3021/3021/3021 3022/3022/3022
f 1784/1784/1784 1787/1787/1787 3021/3021/3021
f 1316/1316/1316 1315/1315/1315 1763/1763/1763
f 3023/3023/3023 3022/3022/3022 3010/3010/3010
f 3023/3023/3023 3009/3009/3009 795/795/795
f 1763/1763/1763 3023/3023/3023 1092/1092/1092
f 1315/1315/1315 3022/3022/3022 3023/3023/3023
f 3016/3016/3016 3007/3007/3007 3010/3010/3010
f 752/752/752 751/751/751 2978/2978/2978
f 2986/2986/2986 2639/2639/2639 2637/2637/2637
f 3024/3024/3024 654/654/654 653/653/653
f 3020/3020/3020 3024/3024/3024 3008/3008/3008
f 720/720/720 723/723/723 3024/3024/3024
f 723/723/723 2621/2621/2621 654/654/654
f 2681/2681/2681 1098/1098/1098 1268/1268/1268
f 2671/2671/2671 3025/3025/3025 1268/1268/1268
f 2705/2705/2705 2681/2681/2681 3025/3025/3025
f 1313/1313/1313 3026/3026/3026 3027/3027/3027
f 3026/3026/3026 3028/3028/3028 3029/3029/3029
f 3027/3027/3027 3029/3029/3029 3030/3030/3030
f 1311/1311/1311 3027/3027/3027 3031/3031/3031
f 2012/2012/2012 568/568/568 731/731/731
f 917/917/917 2657/2657/2657 974/974/974
f 743/743/743 1206/1206/1206 856/856/856
f 1888/1888/1888 2027/2027/2027 2030/2030/2030
f 2682/2682/2682 2705/2705/2705 2684/2684/2684
f 3032/3032/3032 2684/2684/2684 1124/1124/1124
f 1100/1100/1100 3032/3032/3032 2989/2989/2989
f 1099/1099/1099 2682/2682/2682 3032/3032/3032
f 1123/1123/1123 2990/2990/2990 2989/2989/2989
f 3033/3033/3033 1834/1834/1834 1159/1159/1159
f 2990/2990/2990 3033/3033/3033 1158/1158/1158
f 1123/1123/1123 1786/1786/1786 3033/3033/3033
f 1786/1786/1786 1785/1785/1785 1834/1834/1834
f 1054/1054/1054 1056/1056/1056 2988/2988/2988
f 2979/2979/2979 665/665/665 664/664/664
f 2623/2623/2623 2622/2622/2622 2663/2663/2663
f 1095/1095/1095 660/660/660 688/688/688
f 3034/3034/3034 3035/3035/3035 2261/2261/2261
f 3036/3036/3036 3034/3034/3034 2956/2956/2956
f 3037/3037/3037 3038/3038/3038 3034/3034/3034
f 3038/3038/3038 3039/3039/3039 3035/3035/3035
f 3040/3040/3040 3041/3041/3041 3026/3026/3026
f 2263/2263/2263 3042/3042/3042 3041/3041/3041
f 3042/3042/3042 3039/3039/3039 3043/3043/3043
f 3041/3041/3041 3043/3043/3043 3028/3028/3028
f 3044/3044/3044 3045/3045/3045 3043/3043/3043
f 3046/3046/3046 3047/3047/3047 3045/3045/3045
f 3047/3047/3047 3048/3048/3048 3049/3049/3049
f 3043/3043/3043 3045/3045/3045 3049/3049/3049
f 3038/3038/3038 3037/3037/3037 3051/3051/3051
f 3050/3050/3050 3051/3051/3051 3053/3053/3053
f 3052/3052/3052 3046/3046/3046 3044/3044/3044
f 3039/3039/3039 3038/3038/3038 3050/3050/3050
f 3054/3054/3054 3035/3035/3035 3039/3039/3039
f 3042/3042/3042 2263/2263/2263 2262/2262/2262
f 2261/2261/2261 3035/3035/3035 3054/3054/3054
f 2216/2216/2216 2263/2263/2263 2997/2997/2997
f 2212/2212/2212 2211/2211/2211 2667/2667/2667
f 3056/3056/3056 868/868/868 2209/2209/2209
f 934/934/934 3057/3057/3057 1961/1961/1961
f 2013/2013/2013 3755/3755/3755 3757/3757/3757
f 3058/3058/3058 3059/3059/3059 3060/3060/3060
f 3059/3059/3059 3062/3062/3062 3063/3063/3063
f 3060/3060/3060 3063/3063/3063 2213/2213/2213
f 3061/3061/3061 3060/3060/3060 1963/1963/1963
f 3063/3063/3063 3064/3064/3064 2214/2214/2214
f 3062/3062/3062 3065/3065/3065 3064/3064/3064
f 3065/3065/3065 2257/2257/2257 2260/2260/2260
f 3064/3064/3064 2260/2260/2260 2215/2215/2215
f 3066/3066/3066 3067/3067/3067 3031/3031/3031
f 2608/2608/2608 2966/2966/2966 3067/3067/3067
f 2966/2966/2966 2562/2562/2562 3068/3068/3068
f 3031/3031/3031 3067/3067/3067 3068/3068/3068
f 2455/2455/2455 2458/2458/2458 2461/2461/2461
f 2476/2476/2476 2223/2223/2223 2226/2226/2226
f 3551/3551/3551 2090/2090/2090 2089/2089/2089
f 3526/3526/3526 2774/2774/2774 3769/3769/3769
f 433/433/433 354/354/354 355/355/355
f 2115/2115/2115 1423/1423/1423 1419/1419/1419
f 3509/3509/3509 2868/2868/2868 2922/2922/2922
f 3769/3769/3769 3737/3737/3737 2131/2131/2131
f 3069/3069/3069 2611/2611/2611 2167/2167/2167
f 2971/2971/2971 2972/2972/2972 2928/2928/2928
f 2961/2961/2961 2774/2774/2774 2773/2773/2773
f 3070/3070/3070 2475/2475/2475 2478/2478/2478
f 2610/2610/2610 2609/2609/2609 3071/3071/3071
f 2502/2502/2502 2371/2371/2371 2374/2374/2374
f 3072/3072/3072 2592/2592/2592 2595/2595/2595
f 2964/2964/2964 3046/3046/3046 3052/3052/3052
f 3048/3048/3048 2593/2593/2593 3074/3074/3074
f 2593/2593/2593 2592/2592/2592 3075/3075/3075
f 3075/3075/3075 3030/3030/3030 3029/3029/3029
f 3074/3074/3074 3029/3029/3029 3028/3028/3028
f 3072/3072/3072 3076/3076/3076 3075/3075/3075
f 3076/3076/3076 3072/3072/3072 2482/2482/2482
f 2481/2481/2481 2608/2608/2608 3066/3066/3066
f 3076/3076/3076 3066/3066/3066 3030/3030/3030
f 2967/2967/2967 3052/3052/3052 3053/3053/3053
f 2482/2482/2482 3072/3072/3072 3073/3073/3073
f 479/479/479 480/480/480 493/493/493
f 706/706/706 3900/3900/3900 3873/3873/3873
f 3561/3561/3561 2194/2194/2194 2221/2221/2221
f 2013/2013/2013 2010/2010/2010 3754/3754/3754
f 3533/3533/3533 2032/2032/2032 2016/2016/2016
f 3562/3562/3562 3519/3519/3519 2222/2222/2222
f 1171/1171/1171 1154/1154/1154 1155/1155/1155
f 2586/2586/2586 2566/2566/2566 2565/2565/2565
f 2982/2982/2982 110/110/110 113/113/113
f 2562/2562/2562 2376/2376/2376 3077/3077/3077
f 2376/2376/2376 2375/2375/2375 3012/3012/3012
f 3012/3012/3012 2145/2145/2145 2148/2148/2148
f 3077/3077/3077 2148/2148/2148 3015/3015/3015
f 2963/2963/2963 3047/3047/3047 3046/3046/3046
f 3051/3051/3051 3078/3078/3078 2970/2970/2970
f 1683/1683/1683 2173/2173/2173 491/491/491
f 3850/3850/3850 2122/2122/2122 1447/1447/1447
f 1986/1986/1986 2181/2181/2181 3734/3734/3734
f 3079/3079/3079 3080/3080/3080 2546/2546/2546
f 3081/3081/3081 3079/3079/3079 2575/2575/2575
f 1983/1983/1983 1986/1986/1986 3768/3768/3768
f 3082/3082/3082 2323/2323/2323 2319/2319/2319
f 3080/3080/3080 3082/3082/3082 2545/2545/2545
f 3734/3734/3734 3732/3732/3732 3082/3082/3082
f 3732/3732/3732 3748/3748/3748 2323/2323/2323
f 1309/1309/1309 1471/1471/1471 1888/1888/1888
f 3073/3073/3073 2595/2595/2595 2772/2772/2772
f 2760/2760/2760 3083/3083/3083 3084/3084/3084
f 2760/2760/2760 2085/2085/2085 2088/2088/2088
f 3085/3085/3085 3084/3084/3084 3086/3086/3086
f 3089/3089/3089 3085/3085/3085 3090/3090/3090
f 3089/3089/3089 2762/2762/2762 3084/3084/3084
f 3092/3092/3092 3088/3088/3088 3090/3090/3090
f 3093/3093/3093 2748/2748/2748 2744/2744/2744
f 2751/2751/2751 2747/2747/2747 2748/2748/2748
f 3093/3093/3093 2741/2741/2741 2752/2752/2752
f 2742/2742/2742 2741/2741/2741 3093/3093/3093
f 3094/3094/3094 3093/3093/3093 2743/2743/2743
f 3096/3096/3096 3097/3097/3097 3098/3098/3098
f 3099/3099/3099 3096/3096/3096 3087/3087/3087
f 3097/3097/3097 3094/3094/3094 3095/3095/3095
f 3100/3100/3100 2743/2743/2743 2746/2746/2746
f 3101/3101/3101 2927/2927/2927 3102/3102/3102
f 2764/2764/2764 2766/2766/2766 2927/2927/2927
f 2745/2745/2745 2764/2764/2764 3101/3101/3101
f 3102/3102/3102 3092/3092/3092 3091/3091/3091
f 3100/3100/3100 3091/3091/3091 3095/3095/3095
f 2869/2869/2869 2802/2802/2802 3592/3592/3592
f 3102/3102/3102 3103/3103/3103 3104/3104/3104
f 3658/3658/3658 2868/2868/2868 2869/2869/2869
f 2927/2927/2927 2926/2926/2926 3103/3103/3103
f 3098/3098/3098 3095/3095/3095 3091/3091/3091
f 3087/3087/3087 3098/3098/3098 3090/3090/3090
f 2088/2088/2088 2125/2125/2125 3105/3105/3105
f 3083/3083/3083 3105/3105/3105 3086/3086/3086
f 2483/2483/2483 3073/3073/3073 2771/2771/2771
f 2401/2401/2401 2186/2186/2186 2185/2185/2185
f 3099/3099/3099 3086/3086/3086 3105/3105/3105
f 2125/2125/2125 2207/2207/2207 3106/3106/3106
f 3108/3108/3108 2737/2737/2737 2742/2742/2742
f 3107/3107/3107 2742/2742/2742 3094/3094/3094
f 3110/3110/3110 3108/3108/3108 3107/3107/3107
f 3109/3109/3109 3107/3107/3107 3097/3097/3097
f 3111/3111/3111 3109/3109/3109 3096/3096/3096
f 3112/3112/3112 3110/3110/3110 3109/3109/3109
f 3113/3113/3113 2738/2738/2738 2737/2737/2737
f 3115/3115/3115 2723/2723/2723 2722/2722/2722
f 3117/3117/3117 3115/3115/3115 3114/3114/3114
f 3119/3119/3119 3117/3117/3117 3116/3116/3116
f 3118/3118/3118 3116/3116/3116 3120/3120/3120
f 3116/3116/3116 3114/3114/3114 3113/3113/3113
f 3122/3122/3122 3112/3112/3112 3111/3111/3111
f 3122/3122/3122 3123/3123/3123 1755/1755/1755
f 3124/3124/3124 3125/3125/3125 3126/3126/3126
f 3125/3125/3125 3118/3118/3118 3121/3121/3121
f 3128/3128/3128 3119/3119/3119 3118/3118/3118
f 3129/3129/3129 3128/3128/3128 3125/3125/3125
f 2020/2020/2020 2712/2712/2712 3128/3128/3128
f 3853/3853/3853 3857/3857/3857 1346/1346/1346
f 1065/1065/1065 1046/1046/1046 1047/1047/1047
f 1814/1814/1814 3838/3838/3838 3830/3830/3830
f 2021/2021/2021 2020/2020/2020 3129/3129/3129
f 3111/3111/3111 3099/3099/3099 3106/3106/3106
f 3123/3123/3123 3106/3106/3106 2207/2207/2207
f 2377/2377/2377 2225/2225/2225 2224/2224/2224
f 3014/3014/3014 2485/2485/2485 113/113/113
f 1756/1756/1756 2208/2208/2208 3782/3782/3782
f 3131/3131/3131 3132/3132/3132 2530/2530/2530
f 3133/3133/3133 3131/3131/3131 2528/2528/2528
f 1753/1753/1753 1756/1756/1756 3767/3767/3767
f 3134/3134/3134 3124/3124/3124 3127/3127/3127
f 2327/2327/2327 2408/2408/2408 2314/2314/2314
f 2436/2436/2436 2318/2318/2318 2317/2317/2317
f 2018/2018/2018 2021/2021/2021 3711/3711/3711
f 2534/2534/2534 3136/3136/3136 3137/3137/3137
f 2320/2320/2320 2322/2322/2322 3136/3136/3136
f 2185/2185/2185 2018/2018/2018 3712/3712/3712
f 3138/3138/3138 3139/3139/3139 2542/2542/2542
f 3134/3134/3134 3135/3135/3135 3744/3744/3744
f 3785/3785/3785 3130/3130/3130 3134/3134/3134
f 3140/3140/3140 3138/3138/3138 2539/2539/2539
f 2535/2535/2535 3137/3137/3137 3140/3140/3140
f 3711/3711/3711 2021/2021/2021 3130/3130/3130
f 2558/2558/2558 2530/2530/2530 3132/3132/3132
f 3782/3782/3782 3760/3760/3760 3141/3141/3141
f 2560/2560/2560 2558/2558/2558 3141/3141/3141
f 3760/3760/3760 3777/3777/3777 3142/3142/3142
f 958/958/958 888/888/888 2976/2976/2976
f 1933/1933/1933 1932/1932/1932 2980/2980/2980
f 2399/2399/2399 2424/2424/2424 2418/2418/2418
f 2348/2348/2348 2342/2342/2342 2343/2343/2343
f 2322/2322/2322 2320/2320/2320 2319/2319/2319
f 2718/2718/2718 2717/2717/2717 2874/2874/2874
f 2709/2709/2709 2729/2729/2729 2873/2873/2873
f 2894/2894/2894 2871/2871/2871 1361/1361/1361
f 346/346/346 289/289/289 176/176/176
f 1876/1876/1876 1877/1877/1877 1882/1882/1882
f 2802/2802/2802 2803/2803/2803 3607/3607/3607
f 3104/3104/3104 3144/3144/3144 3088/3088/3088
f 2974/2974/2974 2222/2222/2222 3649/3649/3649
f 3089/3089/3089 3145/3145/3145 2761/2761/2761
f 3088/3088/3088 3144/3144/3144 3145/3145/3145
f 2803/2803/2803 2974/2974/2974 3603/3603/3603
f 3870/3870/3870 3909/3909/3909 692/692/692
f 2123/2123/2123 1419/1419/1419 1418/1418/1418
f 1365/1365/1365 1363/1363/1363 1368/1368/1368
f 1581/1581/1581 1766/1766/1766 1782/1782/1782
f 3569/3569/3569 2202/2202/2202 2129/2129/2129
f 3555/3555/3555 2003/2003/2003 2002/2002/2002
f 3146/3146/3146 2585/2585/2585 2551/2551/2551
f 3751/3751/3751 3146/3146/3146 3147/3147/3147
f 3742/3742/3742 3149/3149/3149 3146/3146/3146
f 3149/3149/3149 2584/2584/2584 2585/2585/2585
f 3196/3196/3196 3198/3198/3198 3197/3197/3197
f 3604/3604/3604 2192/2192/2192 2191/2191/2191
f 3142/3142/3142 3150/3150/3150 2556/2556/2556
f 3777/3777/3777 3778/3778/3778 3150/3150/3150
f 3646/3646/3646 3152/3152/3152 2550/2550/2550
f 3150/3150/3150 3151/3151/3151 2555/2555/2555
f 3778/3778/3778 3780/3780/3780 3151/3151/3151
f 3788/3788/3788 3781/3781/3781 3152/3152/3152
f 3153/3153/3153 3147/3147/3147 2551/2551/2551
f 3152/3152/3152 3153/3153/3153 2549/2549/2549
f 3781/3781/3781 3776/3776/3776 3153/3153/3153
f 3776/3776/3776 3750/3750/3750 3147/3147/3147
f 3148/3148/3148 2767/2767/2767 2206/2206/2206
f 2183/2183/2183 2401/2401/2401 2321/2321/2321
f 2132/2132/2132 2960/2960/2960 2928/2928/2928
f 3684/3684/3684 3685/3685/3685 2204/2204/2204
f 3719/3719/3719 2198/2198/2198 2197/2197/2197
f 2594/2594/2594 2962/2962/2962 2773/2773/2773
f 2595/2595/2595 2594/2594/2594 2951/2951/2951
f 1870/1870/1870 798/798/798 799/799/799
f 3713/3713/3713 2179/2179/2179 2178/2178/2178
f 3706/3706/3706 2178/2178/2178 3736/3736/3736
f 336/336/336 3154/3154/3154 3774/3774/3774
f 339/339/339 3155/3155/3155 3154/3154/3154
f 3789/3789/3789 3683/3683/3683 3149/3149/3149
f 3683/3683/3683 3697/3697/3697 2584/2584/2584
f 2963/2963/2963 2962/2962/2962 3048/3048/3048
f 3722/3722/3722 3730/3730/3730 337/337/337
f 339/339/339 338/338/338 2566/2566/2566
f 3156/3156/3156 3157/3157/3157 2168/2168/2168
f 2610/2610/2610 3156/3156/3156 2167/2167/2167
f 2954/2954/2954 2953/2953/2953 3156/3156/3156
f 3157/3157/3157 3156/3156/3156 2953/2953/2953
f 3707/3707/3707 2166/2166/2166 2169/2169/2169
f 2567/2567/2567 3158/3158/3158 3159/3159/3159
f 337/337/337 3158/3158/3158 2567/2567/2567
f 3730/3730/3730 3069/3069/3069 2166/2166/2166
f 3764/3764/3764 2190/2190/2190 1983/1983/1983
f 2579/2579/2579 3160/3160/3160 3081/3081/3081
f 2568/2568/2568 3159/3159/3159 3160/3160/3160
f 3709/3709/3709 2169/2169/2169 2190/2190/2190
f 3065/3065/3065 3062/3062/3062 3162/3162/3162
f 3161/3161/3161 3162/3162/3162 1984/1984/1984
f 3157/3157/3157 3161/3161/3161 2189/2189/2189
f 2257/2257/2257 3065/3065/3065 3161/3161/3161
f 734/734/734 735/735/735 1922/1922/1922
f 3059/3059/3059 3058/3058/3058 2708/2708/2708
f 3163/3163/3163 2708/2708/2708 2182/2182/2182
f 3162/3162/3162 3163/3163/3163 1985/1985/1985
f 3062/3062/3062 3059/3059/3059 3163/3163/3163
f 3203/3203/3203 3206/3206/3206 3205/3205/3205
f 2122/2122/2122 2119/2119/2119 1448/1448/1448
f 3817/3817/3817 1686/1686/1686 1685/1685/1685
f 139/139/139 140/140/140 444/444/444
f 1570/1570/1570 569/569/569 566/566/566
f 2957/2957/2957 3164/3164/3164 3165/3165/3165
f 2955/2955/2955 3166/3166/3166 3164/3164/3164
f 1912/1912/1912 454/454/454 341/341/341
f 3130/3130/3130 3129/3129/3129 3124/3124/3124
f 1548/1548/1548 322/322/322 319/319/319
f 1949/1949/1949 1950/1950/1950 1327/1327/1327
f 2969/2969/2969 2970/2970/2970 3078/3078/3078
f 3167/3167/3167 3078/3078/3078 3169/3169/3169
f 3724/3724/3724 2014/2014/2014 2017/2017/2017
f 3720/3720/3720 2017/2017/2017 2033/2033/2033
f 3168/3168/3168 3169/3169/3169 3165/3165/3165
f 3170/3170/3170 3165/3165/3165 3164/3164/3164
f 3779/3779/3779 3170/3170/3170 3171/3171/3171
f 3724/3724/3724 3168/3168/3168 3170/3170/3170
f 3171/3171/3171 3164/3164/3164 3166/3166/3166
f 3172/3172/3172 3166/3166/3166 3071/3071/3071
f 3752/3752/3752 3172/3172/3172 3173/3173/3173
f 3756/3756/3756 3171/3171/3171 3172/3172/3172
f 3169/3169/3169 3037/3037/3037 3036/3036/3036
f 2593/2593/2593 3048/3048/3048 2962/2962/2962
f 3173/3173/3173 3071/3071/3071 2609/2609/2609
f 3174/3174/3174 2609/2609/2609 2199/2199/2199
f 3783/3783/3783 3174/3174/3174 2198/2198/2198
f 3749/3749/3749 3173/3173/3173 3174/3174/3174
f 2190/2190/2190 2189/2189/2189 1984/1984/1984
f 2196/2196/2196 2195/2195/2195 2767/2767/2767
f 2119/2119/2119 2120/2120/2120 1414/1414/1414
f 1464/1464/1464 1463/1463/1463 1466/1466/1466
f 2199/2199/2199 2611/2611/2611 3069/3069/3069
f 2457/2457/2457 2456/2456/2456 2587/2587/2587
f 2226/2226/2226 2225/2225/2225 2562/2562/2562
f 481/481/481 478/478/478 1627/1627/1627
f 333/333/333 1512/1512/1512 235/235/235
f 3078/3078/3078 3051/3051/3051 3037/3037/3037
f 3040/3040/3040 2264/2264/2264 2997/2997/2997
f 2219/2219/2219 1934/1934/1934 1933/1933/1933
f 2385/2385/2385 2384/2384/2384 2497/2497/2497
f 221/221/221 2220/2220/2220 3175/3175/3175
f 2220/2220/2220 1933/1933/1933 3143/3143/3143
f 3175/3175/3175 3143/3143/3143 2976/2976/2976
f 2484/2484/2484 3175/3175/3175 2975/2975/2975
f 2954/2954/2954 3071/3071/3071 3166/3166/3166
f 2630/2630/2630 1858/1858/1858 110/110/110
f 1547/1547/1547 319/319/319 1952/1952/1952
f 2091/2091/2091 2090/2090/2090 2188/2188/2188
f 3733/3733/3733 3736/3736/3736 2178/2178/2178
f 1918/1918/1918 1919/1919/1919 1927/1927/1927
f 3563/3563/3563 112/112/112 111/111/111
f 955/955/955 956/956/956 960/960/960
f 2037/2037/2037 3014/3014/3014 112/112/112
f 3143/3143/3143 2980/2980/2980 2981/2981/2981
f 2218/2218/2218 2211/2211/2211 2214/2214/2214
f 672/672/672 3877/3877/3877 3787/3787/3787
f 2152/2152/2152 3013/3013/3013 3014/3014/3014
f 1147/1147/1147 1144/1144/1144 1143/1143/1143
f 2248/2248/2248 2246/2246/2246 1409/1409/1409
f 1615/1615/1615 1636/1636/1636 1635/1635/1635
f 1410/1410/1410 1409/1409/1409 2246/2246/2246
f 3241/3241/3241 3243/3243/3243 3242/3242/3242
f 1382/1382/1382 3176/3176/3176 3177/3177/3177
f 3177/3177/3177 1410/1410/1410 2247/2247/2247
f 2247/2247/2247 1383/1383/1383 3177/3177/3177
f 3176/3176/3176 2238/2238/2238 2230/2230/2230
f 1410/1410/1410 3177/3177/3177 3179/3179/3179
f 3179/3179/3179 3180/3180/3180 2243/2243/2243
f 1633/1633/1633 3181/3181/3181 2800/2800/2800
f 1621/1621/1621 1620/1620/1620 2758/2758/2758
f 1622/1622/1622 1621/1621/1621 2245/2245/2245
f 2236/2236/2236 1394/1394/1394 3181/3181/3181
f 2237/2237/2237 2236/2236/2236 3182/3182/3182
f 2250/2250/2250 1631/1631/1631 2233/2233/2233
f 2912/2912/2912 1629/1629/1629 1628/1628/1628
f 135/135/135 136/136/136 1564/1564/1564
f 1567/1567/1567 419/419/419 512/512/512
f 1085/1085/1085 1084/1084/1084 2653/2653/2653
f 3184/3184/3184 869/869/869 868/868/868
f 869/869/869 3184/3184/3184 3057/3057/3057
f 1266/1266/1266 1268/1268/1268 1098/1098/1098
f 1267/1267/1267 2147/2147/2147 722/722/722
f 937/937/937 1146/1146/1146 2646/2646/2646
f 2146/2146/2146 1049/1049/1049 722/722/722
f 2211/2211/2211 2218/2218/2218 921/921/921
f 1957/1957/1957 510/510/510 507/507/507
f 1313/1313/1313 1312/1312/1312 2264/2264/2264
f 1496/1496/1496 362/362/362 1493/1493/1493
f 2887/2887/2887 2937/2937/2937 2933/2933/2933
f 1687/1687/1687 1688/1688/1688 1659/1659/1659
f 145/145/145 1499/1499/1499 1498/1498/1498
f 37/37/37 38/38/38 418/418/418
f 1935/1935/1935 1934/1934/1934 3185/3185/3185
f 104/104/104 89/89/89 301/301/301
f 2101/2101/2101 2098/2098/2098 2083/2083/2083
f 543/543/543 298/298/298 360/360/360
f 1934/1934/1934 2219/2219/2219 3186/3186/3186
f 234/234/234 1521/1521/1521 212/212/212
f 3845/3845/3845 3821/3821/3821 1822/1822/1822
f 1976/1976/1976 1875/1875/1875 1874/1874/1874
f 223/223/223 3186/3186/3186 2219/2219/2219
f 3655/3655/3655 3656/3656/3656 3605/3605/3605
f 2165/2165/2165 2164/2164/2164 467/467/467
f 467/467/467 468/468/468 2165/2165/2165
f 773/773/773 476/476/476 2165/2165/2165
f 1935/1935/1935 1212/1212/1212 1728/1728/1728
f 3240/3240/3240 3225/3225/3225 3226/3226/3226
f 3261/3261/3261 3249/3249/3249 3250/3250/3250
f 3215/3215/3215 3216/3216/3216 3244/3244/3244
f 3265/3265/3265 3221/3221/3221 3215/3215/3215
f 3267/3267/3267 3245/3245/3245 3198/3198/3198
f 3205/3205/3205 3206/3206/3206 3269/3269/3269
f 3214/3214/3214 3211/3211/3211 3265/3265/3265
f 3271/3271/3271 3213/3213/3213 3214/3214/3214
f 3251/3251/3251 3252/3252/3252 3239/3239/3239
f 3222/3222/3222 3221/3221/3221 3266/3266/3266
f 3232/3232/3232 3235/3235/3235 3234/3234/3234
f 3216/3216/3216 3242/3242/3242 3243/3243/3243
f 3196/3196/3196 3193/3193/3193 3268/3268/3268
f 3244/3244/3244 3243/3243/3243 3254/3254/3254
f 3238/3238/3238 3239/3239/3239 3247/3247/3247
f 3264/3264/3264 3244/3244/3244 3255/3255/3255
f 3253/3253/3253 3242/3242/3242 3216/3216/3216
f 3211/3211/3211 3266/3266/3266 3221/3221/3221
f 3257/3257/3257 3217/3217/3217 3218/3218/3218
f 3258/3258/3258 3222/3222/3222 3272/3272/3272
f 3274/3274/3274 3275/3275/3275 3280/3280/3280
f 3228/3228/3228 3229/3229/3229 3262/3262/3262
f 3275/3275/3275 3231/3231/3231 3281/3281/3281
f 3226/3226/3226 3227/3227/3227 3273/3273/3273
f 3236/3236/3236 3263/3263/3263 3260/3260/3260
f 3281/3281/3281 3263/3263/3263 3236/3236/3236
f 3287/3287/3287 3271/3271/3271 3192/3192/3192
f 3235/3235/3235 3226/3226/3226 3280/3280/3280
f 3234/3234/3234 3280/3280/3280 3281/3281/3281
f 3288/3288/3288 3290/3290/3290 3259/3259/3259
f 3260/3260/3260 3250/3250/3250 3276/3276/3276
f 3289/3289/3289 3212/3212/3212 3278/3278/3278
f 3210/3210/3210 3209/3209/3209 3224/3224/3224
f 3199/3199/3199 3202/3202/3202 3201/3201/3201
f 3228/3228/3228 3231/3231/3231 3230/3230/3230
f 3290/3290/3290 3288/3288/3288 3285/3285/3285
f 3282/3282/3282 3279/3279/3279 3271/3271/3271
f 3260/3260/3260 3263/3263/3263 3262/3262/3262
f 3243/3243/3243 3241/3241/3241 3268/3268/3268
f 3267/3267/3267 3268/3268/3268 3241/3241/3241
f 3194/3194/3194 3207/3207/3207 3208/3208/3208
f 3191/3191/3191 3270/3270/3270 3269/3269/3269
f 3270/3270/3270 3191/3191/3191 3192/3192/3192
f 3275/3275/3275 3274/3274/3274 3230/3230/3230
f 3264/3264/3264 3269/3269/3269 3270/3270/3270
f 3252/3252/3252 3251/3251/3251 3276/3276/3276
f 3248/3248/3248 3252/3252/3252 3291/3291/3291
f 3213/3213/3213 3271/3271/3271 3279/3279/3279
f 3272/3272/3272 3266/3266/3266 3289/3289/3289
f 3277/3277/3277 3278/3278/3278 3212/3212/3212
f 3228/3228/3228 3263/3263/3263 3281/3281/3281
f 3220/3220/3220 3225/3225/3225 3253/3253/3253
f 3219/3219/3219 3253/3253/3253 3217/3217/3217
f 3256/3256/3256 3218/3218/3218 3222/3222/3222
f 3247/3247/3247 3239/3239/3239 3252/3252/3252
f 3245/3245/3245 3267/3267/3267 3232/3232/3232
f 3266/3266/3266 3211/3211/3211 3212/3212/3212
f 3208/3208/3208 3205/3205/3205 3255/3255/3255
f 3288/3288/3288 3289/3289/3289 3284/3284/3284
f 3204/3204/3204 3205/3205/3205 3208/3208/3208
f 560/560/560 1899/1899/1899 3187/3187/3187
f 3209/3209/3209 3210/3210/3210 3201/3201/3201
f 3189/3189/3189 3192/3192/3192 3191/3191/3191
f 448/448/448 1980/1980/1980 807/807/807
f 647/647/647 648/648/648 122/122/122
f 1833/1833/1833 1848/1848/1848 1780/1780/1780
f 510/510/510 509/509/509 508/508/508
f 3210/3210/3210 1949/1949/1949 1887/1887/1887
f 1887/1887/1887 15/15/15 3200/3200/3200
f 15/15/15 16/16/16 3197/3197/3197
f 16/16/16 3188/3188/3188 3195/3195/3195
f 3195/3195/3195 3188/3188/3188 3187/3187/3187
f 3194/3194/3194 3187/3187/3187 1899/1899/1899
f 3207/3207/3207 1899/1899/1899 375/375/375
f 387/387/387 173/173/173 126/126/126
f 3189/3189/3189 1791/1791/1791 1760/1760/1760
f 3577/3577/3577 763/763/763 757/757/757
f 763/763/763 3577/3577/3577 2172/2172/2172
f 3583/3583/3583 3582/3582/3582 3580/3580/3580
f 3581/3581/3581 3580/3580/3580 3579/3579/3579
f 3594/3594/3594 3597/3597/3597 3596/3596/3596
f 3400/3400/3400 3601/3601/3601 3602/3602/3602
f 3626/3626/3626 3624/3624/3624 3625/3625/3625
f 3631/3631/3631 3635/3635/3635 3599/3599/3599
f 3636/3636/3636 3637/3637/3637 3595/3595/3595
f 3647/3647/3647 3584/3584/3584 3588/3588/3588
f 3650/3650/3650 3582/3582/3582 3584/3584/3584
f 3653/3653/3653 3579/3579/3579 3580/3580/3580
f 3653/3653/3653 2176/2176/2176 3654/3654/3654
f 1801/1801/1801 1864/1864/1864 3656/3656/3656
f 3651/3651/3651 3580/3580/3580 3582/3582/3582
f 3644/3644/3644 3638/3638/3638 3595/3595/3595
f 1767/1767/1767 1768/1768/1768 3659/3659/3659
f 1597/1597/1597 3663/3663/3663 3661/3661/3661
f 1708/1708/1708 1707/1707/1707 3665/3665/3665
f 3671/3671/3671 3668/3668/3668 3667/3667/3667
f 3666/3666/3666 3667/3667/3667 3673/3673/3673
f 1588/1588/1588 1708/1708/1708 3664/3664/3664
f 2080/2080/2080 3671/3671/3671 3666/3666/3666
f 2082/2082/2082 3666/3666/3666 3672/3672/3672
f 3674/3674/3674 3677/3677/3677 3635/3635/3635
f 3677/3677/3677 3678/3678/3678 3636/3636/3636
f 3682/3682/3682 3647/3647/3647 3645/3645/3645
f 3692/3692/3692 3651/3651/3651 3650/3650/3650
f 3681/3681/3681 3645/3645/3645 3644/3644/3644
f 786/786/786 3694/3694/3694 3692/3692/3692
f 3694/3694/3694 3653/3653/3653 3651/3651/3651
f 785/785/785 3692/3692/3692 3686/3686/3686
f 497/497/497 3686/3686/3686 3682/3682/3682
f 650/650/650 3682/3682/3682 3681/3681/3681
f 3696/3696/3696 564/564/564 3681/3681/3681
f 3405/3405/3405 3606/3606/3606 3605/3605/3605
f 3702/3702/3702 3699/3699/3699 3678/3678/3678
f 3699/3699/3699 3698/3698/3698 3679/3679/3679
f 3645/3645/3645 3588/3588/3588 3638/3638/3638
f 1799/1799/1799 3657/3657/3657 3659/3659/3659
f 3708/3708/3708 3704/3704/3704 3458/3458/3458
f 3462/3462/3462 3710/3710/3710 3708/3708/3708
f 3714/3714/3714 463/463/463 564/564/564
f 3615/3615/3615 3606/3606/3606 3602/3602/3602
f 3710/3710/3710 3714/3714/3714 3696/3696/3696
f 3635/3635/3635 3636/3636/3636 3596/3596/3596
f 3629/3629/3629 3626/3626/3626 3627/3627/3627
f 3597/3597/3597 3600/3600/3600 3599/3599/3599
f 3630/3630/3630 3716/3716/3716 3715/3715/3715
f 3627/3627/3627 3625/3625/3625 3597/3597/3597
f 3717/3717/3717 3716/3716/3716 3723/3723/3723
f 3715/3715/3715 3663/3663/3663 3660/3660/3660
f 3716/3716/3716 3717/3717/3717 3725/3725/3725
f 3668/3668/3668 3665/3665/3665 3661/3661/3661
f 3668/3668/3668 3725/3725/3725 3717/3717/3717
f 3667/3667/3667 3717/3717/3717 3718/3718/3718
f 3727/3727/3727 3728/3728/3728 3673/3673/3673
f 3728/3728/3728 1576/1576/1576 3672/3672/3672
f 3726/3726/3726 3727/3727/3727 3718/3718/3718
f 1576/1576/1576 2101/2101/2101 2084/2084/2084
f 3727/3727/3727 3726/3726/3726 3731/3731/3731
f 3203/3203/3203 376/376/376 1387/1387/1387
f 3190/3190/3190 1387/1387/1387 1791/1791/1791
f 3283/3283/3283 2152/2152/2152 1949/1949/1949
f 317/317/317 240/240/240 259/259/259
f 2000/2000/2000 2176/2176/2176 3653/3653/3653
f 3601/3601/3601 3599/3599/3599 3600/3600/3600
f 3589/3589/3589 3588/3588/3588 3584/3584/3584
f 3577/3577/3577 758/758/758 756/756/756
f 3585/3585/3585 3584/3584/3584 3582/3582/3582
f 3678/3678/3678 3679/3679/3679 3637/3637/3637
f 3204/3204/3204 375/375/375 376/376/376
f 1801/1801/1801 3655/3655/3655 3657/3657/3657
f 3729/3729/3729 3735/3735/3735 3728/3728/3728
f 1575/1575/1575 3735/3735/3735 3738/3738/3738
f 3735/3735/3735 1575/1575/1575 1576/1576/1576
f 1776/1776/1776 1795/1795/1795 1796/1796/1796
f 1293/1293/1293 1294/1294/1294 1290/1290/1290
f 1326/1326/1326 14/14/14 1327/1327/1327
f 1294/1294/1294 1245/1245/1245 1234/1234/1234
f 878/878/878 1244/1244/1244 1330/1330/1330
f 497/497/497 373/373/373 374/374/374
f 122/122/122 648/648/648 413/413/413
f 3699/3699/3699 3702/3702/3702 3704/3704/3704
f 3606/3606/3606 3405/3405/3405 3401/3401/3401
f 3708/3708/3708 3710/3710/3710 3698/3698/3698
f 3464/3464/3464 3714/3714/3714 3710/3710/3710
f 3704/3704/3704 3674/3674/3674 3443/3443/3443
f 439/439/439 398/398/398 399/399/399
f 1512/1512/1512 1528/1528/1528 1526/1526/1526
f 1668/1668/1668 1741/1741/1741 1738/1738/1738
f 839/839/839 849/849/849 1362/1362/1362
f 1362/1362/1362 1357/1357/1357 826/826/826
f 3843/3843/3843 740/740/740 1896/1896/1896
f 2053/2053/2053 2054/2054/2054 2118/2118/2118
f 3888/3888/3888 3887/3887/3887 2120/2120/2120
f 696/696/696 697/697/697 3816/3816/3816
f 1826/1826/1826 1878/1878/1878 639/639/639
f 3740/3740/3740 3739/3739/3739 3729/3729/3729
f 956/956/956 885/885/885 886/886/886
f 1980/1980/1980 806/806/806 1922/1922/1922
f 33/33/33 34/34/34 105/105/105
f 1343/1343/1343 1344/1344/1344 3856/3856/3856
f 3907/3907/3907 2127/2127/2127 2128/2128/2128
f 1766/1766/1766 1581/1581/1581 1582/1582/1582
f 14/14/14 1326/1326/1326 2163/2163/2163
f 595/595/595 98/98/98 99/99/99
f 3233/3233/3233 3238/3238/3238 3246/3246/3246
f 1346/1346/1346 1035/1035/1035 1044/1044/1044
f 748/748/748 1888/1888/1888 1425/1425/1425
f 3193/3193/3193 3208/3208/3208 3254/3254/3254
f 3190/3190/3190 3191/3191/3191 3206/3206/3206
f 3612/3612/3612 3605/3605/3605 3606/3606/3606
f 3624/3624/3624 3612/3612/3612 3615/3615/3615
f 3631/3631/3631 3415/3415/3415 3443/3443/3443
f 3679/3679/3679 3680/3680/3680 3644/3644/3644
f 3686/3686/3686 3650/3650/3650 3647/3647/3647
f 3702/3702/3702 3677/3677/3677 3674/3674/3674
f 3625/3625/3625 3615/3615/3615 3600/3600/3600
f 3601/3601/3601 3400/3400/3400 3415/3415/3415
f 3739/3739/3739 3738/3738/3738 3735/3735/3735
f 3630/3630/3630 3627/3627/3627 3594/3594/3594
f 3741/3741/3741 3723/3723/3723 3716/3716/3716
f 1284/1284/1284 1290/1290/1290 1288/1288/1288
f 3698/3698/3698 3696/3696/3696 3680/3680/3680
f 1778/1778/1778 1781/1781/1781 1780/1780/1780
f 1792/1792/1792 1759/1759/1759 1584/1584/1584
f 695/695/695 570/570/570 571/571/571
f 3638/3638/3638 3741/3741/3741 3594/3594/3594
f 3741/3741/3741 3638/3638/3638 3588/3588/3588
f 3247/3247/3247 3248/3248/3248 3209/3209/3209
f 3292/3292/3292 3293/3293/3293 3294/3294/3294
f 3296/3296/3296 3297/3297/3297 3298/3298/3298
f 3299/3299/3299 3298/3298/3298 3300/3300/3300
f 3302/3302/3302 3303/3303/3303 3304/3304/3304
f 3306/3306/3306 3307/3307/3307 3308/3308/3308
f 3307/3307/3307 3310/3310/3310 3311/3311/3311
f 3303/3303/3303 3302/3302/3302 3301/3301/3301
f 3312/3312/3312 3305/3305/3305 3304/3304/3304
f 3314/3314/3314 3315/3315/3315 3316/3316/3316
f 3318/3318/3318 3319/3319/3319 3320/3320/3320
f 3324/3324/3324 3318/3318/3318 3321/3321/3321
f 3326/3326/3326 3327/3327/3327 3328/3328/3328
f 3329/3329/3329 3330/3330/3330 3331/3331/3331
f 3333/3333/3333 3334/3334/3334 3335/3335/3335
f 3337/3337/3337 3338/3338/3338 3339/3339/3339
f 3333/3333/3333 3336/3336/3336 3341/3341/3341
f 3342/3342/3342 3341/3341/3341 3343/3343/3343
f 3319/3319/3319 3345/3345/3345 3344/3344/3344
f 3338/3338/3338 3335/3335/3335 3334/3334/3334
f 3346/3346/3346 3301/3301/3301 3302/3302/3302
f 3305/3305/3305 3348/3348/3348 3347/3347/3347
f 3312/3312/3312 3224/3224/3224 3223/3223/3223
f 3350/3350/3350 3337/3337/3337 3340/3340/3340
f 3312/3312/3312 3349/3349/3349 3348/3348/3348
f 3352/3352/3352 3343/3343/3343 3341/3341/3341
f 3311/3311/3311 3353/3353/3353 3354/3354/3354
f 3341/3341/3341 3336/3336/3336 3327/3327/3327
f 3359/3359/3359 3360/3360/3360 3361/3361/3361
f 3360/3360/3360 3359/3359/3359 3250/3250/3250
f 3318/3318/3318 3363/3363/3363 3345/3345/3345
f 3364/3364/3364 3363/3363/3363 3318/3318/3318
f 3314/3314/3314 3364/3364/3364 3324/3324/3324
f 3366/3366/3366 3299/3299/3299 3301/3301/3301
f 3299/3299/3299 3366/3366/3366 3367/3367/3367
f 3308/3308/3308 3354/3354/3354 3368/3368/3368
f 3369/3369/3369 3317/3317/3317 3295/3295/3295
f 3317/3317/3317 3369/3369/3369 3364/3364/3364
f 3370/3370/3370 3295/3295/3295 3317/3317/3317
f 3325/3325/3325 3371/3371/3371 3365/3365/3365
f 3352/3352/3352 3320/3320/3320 3319/3319/3319
f 3296/3296/3296 3367/3367/3367 3353/3353/3353
f 3297/3297/3297 3296/3296/3296 3311/3311/3311
f 3363/3363/3363 3368/3368/3368 3354/3354/3354
f 3345/3345/3345 3354/3354/3354 3353/3353/3353
f 3344/3344/3344 3353/3353/3353 3367/3367/3367
f 3366/3366/3366 3333/3333/3333 3342/3342/3342
f 3347/3347/3347 3339/3339/3339 3334/3334/3334
f 3339/3339/3339 3347/3347/3347 3348/3348/3348
f 3348/3348/3348 3349/3349/3349 3351/3351/3351
f 3363/3363/3363 3364/3364/3364 3369/3369/3369
f 3294/3294/3294 3309/3309/3309 3368/3368/3368
f 3293/3293/3293 3306/3306/3306 3309/3309/3309
f 3331/3331/3331 3373/3373/3373 3374/3374/3374
f 3346/3346/3346 3334/3334/3334 3333/3333/3333
f 3323/3323/3323 3322/3322/3322 3352/3352/3352
f 3356/3356/3356 3355/3355/3355 3321/3321/3321
f 3355/3355/3355 3357/3357/3357 3325/3325/3325
f 3357/3357/3357 3358/3358/3358 3371/3371/3371
f 3322/3322/3322 3356/3356/3356 3320/3320/3320
f 3361/3361/3361 3330/3330/3330 3329/3329/3329
f 3373/3373/3373 3372/3372/3372 3375/3375/3375
f 3374/3374/3374 3375/3375/3375 3376/3376/3376
f 3329/3329/3329 3332/3332/3332 3376/3376/3376
f 3327/3327/3327 3375/3375/3375 3372/3372/3372
f 3336/3336/3336 3335/3335/3335 3375/3375/3375
f 3335/3335/3335 3338/3338/3338 3376/3376/3376
f 3376/3376/3376 3338/3338/3338 3337/3337/3337
f 3337/3337/3337 3350/3350/3350 3359/3359/3359
f 3359/3359/3359 3350/3350/3350 3276/3276/3276
f 3377/3377/3377 3292/3292/3292 3295/3295/3295
f 3277/3277/3277 3316/3316/3316 3315/3315/3315
f 3371/3371/3371 3378/3378/3378 3379/3379/3379
f 3378/3378/3378 3371/3371/3371 3358/3358/3358
f 3365/3365/3365 3379/3379/3379 3315/3315/3315
f 3316/3316/3316 3277/3277/3277 3279/3279/3279
f 3282/3282/3282 3377/3377/3377 3370/3370/3370
f 3313/3313/3313 3283/3283/3283 3224/3224/3224
f 3378/3378/3378 3285/3285/3285 3284/3284/3284
f 3380/3380/3380 3286/3286/3286 3285/3285/3285
f 3379/3379/3379 3284/3284/3284 3278/3278/3278
f 3276/3276/3276 3350/3350/3350 3351/3351/3351
f 3291/3291/3291 3351/3351/3351 3349/3349/3349
f 3313/3313/3313 3304/3304/3304 2965/2965/2965
f 2965/2965/2965 3304/3304/3304 3303/3303/3303
f 222/222/222 3303/3303/3303 3300/3300/3300
f 223/223/223 3300/3300/3300 3298/3298/3298
f 3298/3298/3298 3297/3297/3297 3185/3185/3185
f 3297/3297/3297 3310/3310/3310 2977/2977/2977
f 3310/3310/3310 3307/3307/3307 1213/1213/1213
f 3307/3307/3307 3306/3306/3306 1214/1214/1214
f 2532/2532/2532 1214/1214/1214 3306/3306/3306
f 2894/2894/2894 2532/2532/2532 3293/3293/3293
f 2871/2871/2871 2894/2894/2894 3292/3292/3292
f 3253/3253/3253 3225/3225/3225 3240/3240/3240
f 3283/3283/3283 3313/3313/3313 3013/3013/3013
f 1997/1997/1997 1996/1996/1996 1889/1889/1889
f 1237/1237/1237 745/745/745 744/744/744
f 1535/1535/1535 1534/1534/1534 120/120/120
f 1531/1531/1531 1532/1532/1532 201/201/201
f 1119/1119/1119 1241/1241/1241 1032/1032/1032
f 946/946/946 948/948/948 824/824/824
f 163/163/163 8/8/8 5/5/5
f 3589/3589/3589 3726/3726/3726 3723/3723/3723
f 1155/1155/1155 1156/1156/1156 1162/1162/1162
f 427/427/427 213/213/213 327/327/327
f 553/553/553 1902/1902/1902 796/796/796
f 3381/3381/3381 2232/2232/2232 2231/2231/2231
f 3381/3381/3381 3178/3178/3178 2230/2230/2230
f 2237/2237/2237 3183/3183/3183 3180/3180/3180
f 3383/3383/3383 3384/3384/3384 3385/3385/3385
f 3384/3384/3384 3386/3386/3386 3387/3387/3387
f 3386/3386/3386 3388/3388/3388 3389/3389/3389
f 3388/3388/3388 3390/3390/3390 3391/3391/3391
f 3392/3392/3392 3393/3393/3393 3394/3394/3394
f 3395/3395/3395 3394/3394/3394 3396/3396/3396
f 3398/3398/3398 3399/3399/3399 3397/3397/3397
f 3400/3400/3400 3401/3401/3401 3399/3399/3399
f 3403/3403/3403 3404/3404/3404 3405/3405/3405
f 3406/3406/3406 3407/3407/3407 3404/3404/3404
f 3408/3408/3408 3409/3409/3409 3407/3407/3407
f 3410/3410/3410 3411/3411/3411 3409/3409/3409
f 3412/3412/3412 3413/3413/3413 3411/3411/3411
f 3415/3415/3415 3400/3400/3400 3398/3398/3398
f 3414/3414/3414 3398/3398/3398 3396/3396/3396
f 3416/3416/3416 3396/3396/3396 3394/3394/3394
f 3417/3417/3417 3394/3394/3394 3393/3393/3393
f 3393/3393/3393 3419/3419/3419 3420/3420/3420
f 3419/3419/3419 3390/3390/3390 3421/3421/3421
f 3390/3390/3390 3388/3388/3388 3422/3422/3422
f 3388/3388/3388 3386/3386/3386 3423/3423/3423
f 3386/3386/3386 3384/3384/3384 3424/3424/3424
f 3384/3384/3384 3383/3383/3383 3425/3425/3425
f 3425/3425/3425 3383/3383/3383 3426/3426/3426
f 2904/2904/2904 3427/3427/3427 3428/3428/3428
f 3429/3429/3429 3427/3427/3427 2904/2904/2904
f 3430/3430/3430 3429/3429/3429 2902/2902/2902
f 2875/2875/2875 3431/3431/3431 3430/3430/3430
f 3432/3432/3432 3433/3433/3433 2733/2733/2733
f 2825/2825/2825 3434/3434/3434 3435/3435/3435
f 3437/3437/3437 3438/3438/3438 3439/3439/3439
f 3441/3441/3441 3437/3437/3437 3436/3436/3436
f 2724/2724/2724 2723/2723/2723 3434/3434/3434
f 3436/3436/3436 3439/3439/3439 3115/3115/3115
f 3440/3440/3440 3436/3436/3436 3117/3117/3117
f 3443/3443/3443 3415/3415/3415 3414/3414/3414
f 3442/3442/3442 3414/3414/3414 3416/3416/3416
f 3444/3444/3444 3416/3416/3416 3417/3417/3417
f 3445/3445/3445 3417/3417/3417 3418/3418/3418
f 3446/3446/3446 3418/3418/3418 3420/3420/3420
f 3420/3420/3420 3421/3421/3421 3448/3448/3448
f 3421/3421/3421 3422/3422/3422 3449/3449/3449
f 3422/3422/3422 3423/3423/3423 3450/3450/3450
f 3423/3423/3423 3424/3424/3424 3451/3451/3451
f 3424/3424/3424 3425/3425/3425 3452/3452/3452
f 3425/3425/3425 3184/3184/3184 3056/3056/3056
f 3451/3451/3451 3452/3452/3452 2253/2253/2253
f 3450/3450/3450 3451/3451/3451 2252/2252/2252
f 3449/3449/3449 3450/3450/3450 1727/1727/1727
f 3448/3448/3448 3449/3449/3449 2150/2150/2150
f 3453/3453/3453 3447/3447/3447 3448/3448/3448
f 3454/3454/3454 3446/3446/3446 3447/3447/3447
f 3455/3455/3455 3445/3445/3445 3446/3446/3446
f 3456/3456/3456 3444/3444/3444 3445/3445/3445
f 3442/3442/3442 3444/3444/3444 3456/3456/3456
f 3443/3443/3443 3442/3442/3442 3457/3457/3457
f 3459/3459/3459 3460/3460/3460 3458/3458/3458
f 3457/3457/3457 3456/3456/3456 3455/3455/3455
f 3459/3459/3459 3455/3455/3455 3454/3454/3454
f 3462/3462/3462 3460/3460/3460 3459/3459/3459
f 3461/3461/3461 3454/3454/3454 3453/3453/3453
f 3464/3464/3464 3462/3462/3462 3461/3461/3461
f 3463/3463/3463 3453/3453/3453 1941/1941/1941
f 3404/3404/3404 3399/3399/3399 3401/3401/3401
f 3407/3407/3407 3397/3397/3397 3399/3399/3399
f 3409/3409/3409 3395/3395/3395 3397/3397/3397
f 3411/3411/3411 3392/3392/3392 3395/3395/3395
f 3465/3465/3465 3466/3466/3466 3413/3413/3413
f 3467/3467/3467 3468/3468/3468 3469/3469/3469
f 3465/3465/3465 3412/3412/3412 3431/3431/3431
f 3470/3470/3470 3467/3467/3467 3466/3466/3466
f 3438/3438/3438 3470/3470/3470 3432/3432/3432
f 3467/3467/3467 3470/3470/3470 3438/3438/3438
f 3468/3468/3468 3467/3467/3467 3437/3437/3437
f 3471/3471/3471 3469/3469/3469 3468/3468/3468
f 3472/3472/3472 3468/3468/3468 3441/3441/3441
f 3473/3473/3473 3441/3441/3441 3440/3440/3440
f 2712/2712/2712 3440/3440/3440 3119/3119/3119
f 3475/3475/3475 3471/3471/3471 3472/3472/3472
f 3474/3474/3474 3472/3472/3472 3473/3473/3473
f 3476/3476/3476 3473/3473/3473 2712/2712/2712
f 3477/3477/3477 3476/3476/3476 2711/2711/2711
f 3478/3478/3478 3474/3474/3474 3476/3476/3476
f 3479/3479/3479 3475/3475/3475 3474/3474/3474
f 3392/3392/3392 3411/3411/3411 3413/3413/3413
f 3466/3466/3466 3469/3469/3469 3480/3480/3480
f 3419/3419/3419 3393/3393/3393 3392/3392/3392
f 3390/3390/3390 3419/3419/3419 3480/3480/3480
f 3469/3469/3469 3471/3471/3471 3391/3391/3391
f 3389/3389/3389 3391/3391/3391 3471/3471/3471
f 3387/3387/3387 3389/3389/3389 3475/3475/3475
f 3385/3385/3385 3387/3387/3387 3479/3479/3479
f 3482/3482/3482 3477/3477/3477 2400/2400/2400
f 3483/3483/3483 3478/3478/3478 3477/3477/3477
f 3481/3481/3481 3479/3479/3479 3478/3478/3478
f 3484/3484/3484 3482/3482/3482 2402/2402/2402
f 3058/3058/3058 3484/3484/3484 2707/2707/2707
f 3061/3061/3061 3485/3485/3485 3484/3484/3484
f 3485/3485/3485 3483/3483/3483 3482/3482/3482
f 3382/3382/3382 3385/3385/3385 3481/3481/3481
f 3486/3486/3486 3481/3481/3481 3483/3483/3483
f 3426/3426/3426 3383/3383/3383 3382/3382/3382
f 3487/3487/3487 3382/3382/3382 3486/3486/3486
f 3486/3486/3486 3485/3485/3485 3061/3061/3061
f 1961/1961/1961 3057/3057/3057 3487/3487/3487
f 3057/3057/3057 3184/3184/3184 3426/3426/3426
f 3428/3428/3428 3403/3403/3403 3402/3402/3402
f 3427/3427/3427 3406/3406/3406 3403/3403/3403
f 3429/3429/3429 3408/3408/3408 3406/3406/3406
f 3430/3430/3430 3410/3410/3410 3408/3408/3408
f 3431/3431/3431 3412/3412/3412 3410/3410/3410
f 3470/3470/3470 3465/3465/3465 3433/3433/3433
f 3434/3434/3434 3439/3439/3439 3438/3438/3438
f 2723/2723/2723 3115/3115/3115 3439/3439/3439
f 2875/2875/2875 2733/2733/2733 3433/3433/3433
f 2736/2736/2736 2824/2824/2824 3435/3435/3435
f 2947/2947/2947 3428/3428/3428 3488/3488/3488
f 3464/3464/3464 3463/3463/3463 1360/1360/1360
f 1900/1900/1900 1925/1925/1925 1924/1924/1924
f 1736/1736/1736 1717/1717/1717 1718/1718/1718
f 1955/1955/1955 1952/1952/1952 1943/1943/1943
f 1671/1671/1671 1738/1738/1738 1735/1735/1735
f 1696/1696/1696 1750/1750/1750 1698/1698/1698
f 1800/1800/1800 1865/1865/1865 1864/1864/1864
f 2063/2063/2063 2055/2055/2055 2056/2056/2056
f 1737/1737/1737 1734/1734/1734 1717/1717/1717
f 1751/1751/1751 1735/1735/1735 1697/1697/1697
f 943/943/943 3885/3885/3885 3899/3899/3899
f 3656/3656/3656 3488/3488/3488 3402/3402/3402
f 1577/1577/1577 1578/1578/1578 1764/1764/1764
f 3917/3917/3917 1598/1598/1598 1599/1599/1599
f 1945/1945/1945 146/146/146 82/82/82
f 68/68/68 6/6/6 7/7/7
f 147/147/147 1542/1542/1542 1543/1543/1543
f 1109/1109/1109 1135/1135/1135 1133/1133/1133
f 1503/1503/1503 1910/1910/1910 1907/1907/1907
f 1499/1499/1499 1501/1501/1501 1909/1909/1909
f 452/452/452 1922/1922/1922 735/735/735
f 1824/1824/1824 2068/2068/2068 3835/3835/3835
f 1825/1825/1825 2067/2067/2067 2068/2068/2068
f 1463/1463/1463 1462/1462/1462 1022/1022/1022
f 841/841/841 1012/1012/1012 1009/1009/1009
f 1568/1568/1568 1547/1547/1547 1955/1955/1955
f 1910/1910/1910 1503/1503/1503 1502/1502/1502
f 1939/1939/1939 1502/1502/1502 422/422/422
f 309/309/309 280/280/280 1940/1940/1940
f 1804/1804/1804 1851/1851/1851 1866/1866/1866
f 269/269/269 1482/1482/1482 1954/1954/1954
f 2065/2065/2065 1607/1607/1607 2060/2060/2060
f 3812/3812/3812 1685/1685/1685 1758/1758/1758
f 280/280/280 276/276/276 552/552/552
f 1875/1875/1875 1873/1873/1873 1869/1869/1869
f 1739/1739/1739 1721/1721/1721 1734/1734/1734
f 1778/1778/1778 1779/1779/1779 1790/1790/1790
f 310/310/310 1920/1920/1920 1915/1915/1915
f 1909/1909/1909 1908/1908/1908 1906/1906/1906
f 1789/1789/1789 1783/1783/1783 1778/1778/1778
f 978/978/978 981/981/981 980/980/980
f 1584/1584/1584 1759/1759/1759 1731/1731/1731
f 425/425/425 426/426/426 311/311/311
f 148/148/148 1543/1543/1543 115/115/115
f 2044/2044/2044 3897/3897/3897 3894/3894/3894
f 277/277/277 1910/1910/1910 1939/1939/1939
f 1943/1943/1943 1946/1946/1946 1945/1945/1945
f 1461/1461/1461 1462/1462/1462 1463/1463/1463
f 2253/2253/2253 3452/3452/3452 3056/3056/3056
f 2981/2981/2981 2254/2254/2254 3489/3489/3489
f 2209/2209/2209 2998/2998/2998 3489/3489/3489
f 2254/2254/2254 2253/2253/2253 3055/3055/3055
f 2998/2998/2998 926/926/926 958/958/958
f 2826/2826/2826 2817/2817/2817 2721/2721/2721
f 3490/3490/3490 2739/2739/2739 2721/2721/2721
f 2816/2816/2816 3491/3491/3491 3490/3490/3490
f 2334/2334/2334 2297/2297/2297 2296/2296/2296
f 2298/2298/2298 2297/2297/2297 2334/2334/2334
f 2301/2301/2301 2298/2298/2298 2336/2336/2336
f 2311/2311/2311 2301/2301/2301 2338/2338/2338
f 2312/2312/2312 2311/2311/2311 2354/2354/2354
f 2359/2359/2359 2358/2358/2358 2361/2361/2361
f 2335/2335/2335 2296/2296/2296 2359/2359/2359
f 2414/2414/2414 2413/2413/2413 2365/2365/2365
f 2413/2413/2413 2270/2270/2270 2361/2361/2361
f 2355/2355/2355 2352/2352/2352 2540/2540/2540
f 2541/2541/2541 2540/2540/2540 2539/2539/2539
f 2722/2722/2722 2721/2721/2721 2739/2739/2739
f 3114/3114/3114 2722/2722/2722 2738/2738/2738
f 3110/3110/3110 3112/3112/3112 3121/3121/3121
f 3108/3108/3108 3110/3110/3110 3120/3120/3120
f 3122/3122/3122 1754/1754/1754 3127/3127/3127
f 3112/3112/3112 3122/3122/3122 3126/3126/3126
f 3127/3127/3127 1754/1754/1754 1753/1753/1753
f 3139/3139/3139 3133/3133/3133 2529/2529/2529
f 3744/3744/3744 3775/3775/3775 3133/3133/3133
f 3490/3490/3490 2789/2789/2789 2740/2740/2740
f 3491/3491/3491 2790/2790/2790 2789/2789/2789
f 228/228/228 229/229/229 91/91/91
f 245/245/245 244/244/244 243/243/243
f 248/248/248 7/7/7 247/247/247
f 2/2/2 297/297/297 296/296/296
f 145/145/145 146/146/146 300/300/300
f 327/327/327 213/213/213 210/210/210
f 329/329/329 332/332/332 331/331/331
f 239/239/239 241/241/241 240/240/240
f 373/373/373 376/376/376 375/375/375
f 178/178/178 177/177/177 176/176/176
f 1218/1218/1218 1225/1225/1225 1228/1228/1228
f 3862/3862/3862 1231/1231/1231 1295/1295/1295
f 808/808/808 809/809/809 824/824/824
f 3858/3858/3858 3859/3859/3859 1013/1013/1013
f 3813/3813/3813 3810/3810/3810 1411/1411/1411
f 2154/2154/2154 2149/2149/2149 2159/2159/2159
f 3845/3845/3845 3835/3835/3835 1758/1758/1758
f 306/306/306 807/807/807 1922/1922/1922
f 2157/2157/2157 2153/2153/2153 1976/1976/1976
f 708/708/708 709/709/709 2031/2031/2031
f 1450/1450/1450 1226/1226/1226 1227/1227/1227
f 1672/1672/1672 1604/1604/1604 1605/1605/1605
f 1813/1813/1813 1814/1814/1814 1821/1821/1821
f 1717/1717/1717 1716/1716/1716 1715/1715/1715
f 176/176/176 159/159/159 402/402/402
f 1710/1710/1710 1705/1705/1705 3916/3916/3916
f 1712/1712/1712 1580/1580/1580 1577/1577/1577
f 1705/1705/1705 1713/1713/1713 1711/1711/1711
f 971/971/971 978/978/978 979/979/979
f 822/822/822 823/823/823 1094/1094/1094
f 2909/2909/2909 2810/2810/2810 2793/2793/2793
f 2810/2810/2810 2769/2769/2769 2795/2795/2795
f 2799/2799/2799 2910/2910/2910 2249/2249/2249
f 3662/3662/3662 3643/3643/3643 2910/2910/2910
f 2769/2769/2769 2768/2768/2768 2801/2801/2801
f 3177/3177/3177 3176/3176/3176 3178/3178/3178
f 3178/3178/3178 3381/3381/3381 3180/3180/3180
f 3181/3181/3181 1394/1394/1394 1393/1393/1393
f 3181/3181/3181 1633/1633/1633 1632/1632/1632
f 3182/3182/3182 1632/1632/1632 2244/2244/2244
f 3183/3183/3183 2244/2244/2244 2243/2243/2243
f 3492/3492/3492 2791/2791/2791 2790/2790/2790
f 2808/2808/2808 3492/3492/3492 3491/3491/3491
f 2239/2239/2239 3574/3574/3574 3572/3572/3572
f 1149/1149/1149 1150/1150/1150 3571/3571/3571
f 1150/1150/1150 2009/2009/2009 3567/3567/3567
f 2202/2202/2202 3569/3569/3569 3566/3566/3566
f 2921/2921/2921 3564/3564/3564 3565/3565/3565
f 3568/3568/3568 3560/3560/3560 2133/2133/2133
f 1777/1777/1777 1579/1579/1579 1759/1759/1759
f 1201/1201/1201 1196/1196/1196 1183/1183/1183
f 3561/3561/3561 3554/3554/3554 2195/2195/2195
f 3553/3553/3553 3576/3576/3576 2770/2770/2770
f 3927/3927/3927 3925/3925/3925 1687/1687/1687
f 1516/1516/1516 152/152/152 154/154/154
f 3549/3549/3549 3562/3562/3562 2974/2974/2974
f 3550/3550/3550 3548/3548/3548 2779/2779/2779
f 2771/2771/2771 2772/2772/2772 3575/3575/3575
f 3070/3070/3070 2771/2771/2771 3546/3546/3546
f 3547/3547/3547 3544/3544/3544 2775/2775/2775
f 1376/1376/1376 1375/1375/1375 1370/1370/1370
f 2767/2767/2767 3543/3543/3543 3556/3556/3556
f 2195/2195/2195 3554/3554/3554 3543/3543/3543
f 2775/2775/2775 3544/3544/3544 3542/3542/3542
f 3377/3377/3377 3282/3282/3282 3545/3545/3545
f 3804/3804/3804 3802/3802/3802 3539/3539/3539
f 2776/2776/2776 3542/3542/3542 3538/3538/3538
f 2240/2240/2240 3572/3572/3572 3535/3535/3535
f 2920/2920/2920 3535/3535/3535 3669/3669/3669
f 3548/3548/3548 3534/3534/3534 2786/2786/2786
f 1805/1805/1805 1850/1850/1850 1851/1851/1851
f 3534/3534/3534 3532/3532/3532 2787/2787/2787
f 2951/2951/2951 2773/2773/2773 3540/3540/3540
f 2772/2772/2772 2951/2951/2951 3531/3531/3531
f 2973/2973/2973 2224/2224/2224 3530/3530/3530
f 2224/2224/2224 2223/2223/2223 3537/3537/3537
f 1957/1957/1957 1953/1953/1953 320/320/320
f 306/306/306 305/305/305 304/304/304
f 2770/2770/2770 3576/3576/3576 3528/3528/3528
f 2913/2913/2913 3528/3528/3528 3574/3574/3574
f 2923/2923/2923 3565/3565/3565 3527/3527/3527
f 308/308/308 1940/1940/1940 431/431/431
f 207/207/207 208/208/208 132/132/132
f 1879/1879/1879 1876/1876/1876 1881/1881/1881
f 3733/3733/3733 3787/3787/3787 3525/3525/3525
f 2475/2475/2475 3070/3070/3070 3558/3558/3558
f 2476/2476/2476 2475/2475/2475 3524/3524/3524
f 2223/2223/2223 2476/2476/2476 3523/3523/3523
f 3522/3522/3522 3549/3549/3549 2803/2803/2803
f 2037/2037/2037 3563/3563/3563 11/11/11
f 1959/1959/1959 1958/1958/1958 450/450/450
f 2003/2003/2003 3555/3555/3555 3520/3520/3520
f 9/9/9 10/10/10 334/334/334
f 2009/2009/2009 2008/2008/2008 3518/3518/3518
f 2008/2008/2008 2973/2973/2973 3536/3536/3536
f 3877/3877/3877 672/672/672 673/673/673
f 3515/3515/3515 3550/3550/3550 2778/2778/2778
f 2935/2935/2935 3514/3514/3514 3513/3513/3513
f 111/111/111 1149/1149/1149 3570/3570/3570
f 3510/3510/3510 3514/3514/3514 2935/2935/2935
f 683/683/683 3876/3876/3876 3885/3885/3885
f 3508/3508/3508 3557/3557/3557 2810/2810/2810
f 736/736/736 733/733/733 732/732/732
f 1795/1795/1795 1804/1804/1804 1803/1803/1803
f 3505/3505/3505 3510/3510/3510 2938/2938/2938
f 3507/3507/3507 3505/3505/3505 2939/2939/2939
f 2950/2950/2950 3512/3512/3512 3504/3504/3504
f 2940/2940/2940 2949/2949/2949 3504/3504/3504
f 3801/3801/3801 3791/3791/3791 3512/3512/3512
f 2868/2868/2868 3509/3509/3509 3502/3502/3502
f 2869/2869/2869 3502/3502/3502 3522/3522/3522
f 1024/1024/1024 1034/1034/1034 1023/1023/1023
f 3500/3500/3500 3503/3503/3503 2948/2948/2948
f 551/551/551 1939/1939/1939 442/442/442
f 2972/2972/2972 3499/3499/3499 3568/3568/3568
f 2032/2032/2032 3533/3533/3533 3499/3499/3499
f 216/216/216 93/93/93 1924/1924/1924
f 203/203/203 202/202/202 201/201/201
f 1828/1828/1828 1848/1848/1848 1847/1847/1847
f 1958/1958/1958 1957/1957/1957 449/449/449
f 272/272/272 271/271/271 178/178/178
f 2871/2871/2871 3545/3545/3545 3495/3495/3495
f 3619/3619/3619 3669/3669/3669 3564/3564/3564
f 2801/2801/2801 2768/2768/2768 3643/3643/3643
f 2005/2005/2005 3758/3758/3758 3654/3654/3654
f 960/960/960 886/886/886 899/899/899
f 3657/3657/3657 3655/3655/3655 3612/3612/3612
f 3780/3780/3780 3788/3788/3788 3646/3646/3646
f 3151/3151/3151 3646/3646/3646 3593/3593/3593
f 2193/2193/2193 3604/3604/3604 3623/3623/3623
f 3607/3607/3607 3603/3603/3603 3145/3145/3145
f 3603/3603/3603 3649/3649/3649 2761/2761/2761
f 3592/3592/3592 3607/3607/3607 3144/3144/3144
f 2926/2926/2926 3658/3658/3658 3634/3634/3634
f 3634/3634/3634 3592/3592/3592 3104/3104/3104
f 3755/3755/3755 3754/3754/3754 3746/3746/3746
f 566/566/566 567/567/567 3758/3758/3758
f 3488/3488/3488 3656/3656/3656 1864/1864/1864
f 1602/1602/1602 1586/1586/1586 2079/2079/2079
f 2868/2868/2868 3658/3658/3658 3611/3611/3611
f 2922/2922/2922 3611/3611/3611 3610/3610/3610
f 2923/2923/2923 3610/3610/3610 3618/3618/3618
f 3670/3670/3670 3613/3613/3613 2918/2918/2918
f 3619/3619/3619 3670/3670/3670 3614/3614/3614
f 2921/2921/2921 3618/3618/3618 3670/3670/3670
f 2920/2920/2920 3614/3614/3614 3586/3586/3586
f 3613/3613/3613 3642/3642/3642 2915/2915/2915
f 2917/2917/2917 2766/2766/2766 3622/3622/3622
f 2916/2916/2916 2917/2917/2917 3641/3641/3641
f 2239/2239/2239 3587/3587/3587 3652/3652/3652
f 2911/2911/2911 3640/3640/3640 3652/3652/3652
f 3643/3643/3643 3640/3640/3640 2911/2911/2911
f 2797/2797/2797 2801/2801/2801 3662/3662/3662
f 2797/2797/2797 3591/3591/3591 3598/3598/3598
f 3622/3622/3622 3628/3628/3628 2763/2763/2763
f 3608/3608/3608 3628/3628/3628 2764/2764/2764
f 2194/2194/2194 3623/3623/3623 3648/3648/3648
f 2221/2221/2221 3648/3648/3648 3649/3649/3649
f 2756/2756/2756 3608/3608/3608 3609/3609/3609
f 2750/2750/2750 3598/3598/3598 3609/3609/3609
f 3669/3669/3669 3535/3535/3535 1817/1817/1817
f 3763/3763/3763 3770/3770/3770 1691/1691/1691
f 2515/2515/2515 3621/3621/3621 3590/3590/3590
f 2548/2548/2548 3590/3590/3590 3593/3593/3593
f 2513/2513/2513 2489/2489/2489 3632/3632/3632
f 2513/2513/2513 3616/3616/3616 3621/3621/3621
f 2509/2509/2509 3633/3633/3633 3620/3620/3620
f 2510/2510/2510 3632/3632/3632 3633/3633/3633
f 2289/2289/2289 3620/3620/3620 3639/3639/3639
f 2283/2283/2283 3639/3639/3639 3617/3617/3617
f 2240/2240/2240 3586/3586/3586 3587/3587/3587
f 3659/3659/3659 3657/3657/3657 3624/3624/3624
f 716/716/716 2121/2121/2121 3887/3887/3887
f 727/727/727 1999/1999/1999 3761/3761/3761
f 2165/2165/2165 2171/2171/2171 2170/2170/2170
f 3660/3660/3660 3659/3659/3659 3626/3626/3626
f 3743/3743/3743 3581/3581/3581 3578/3578/3578
f 2175/2175/2175 2172/2172/2172 769/769/769
f 2100/2100/2100 500/500/500 2095/2095/2095
f 3758/3758/3758 567/567/567 3757/3757/3757
f 640/640/640 3560/3560/3560 3568/3568/3568
f 1653/1653/1653 3576/3576/3576 3553/3553/3553
f 1895/1895/1895 3536/3536/3536 3530/3530/3530
f 746/746/746 3530/3530/3530 3537/3537/3537
f 1653/1653/1653 1810/1810/1810 3528/3528/3528
f 3762/3762/3762 1603/1603/1603 1604/1604/1604
f 2093/2093/2093 2075/2075/2075 2073/2073/2073
f 959/959/959 996/996/996 995/995/995
f 962/962/962 899/899/899 919/919/919
f 1400/1400/1400 1401/1401/1401 1398/1398/1398
f 1000/1000/1000 817/817/817 1127/1127/1127
f 956/956/956 959/959/959 884/884/884
f 1662/1662/1662 3548/3548/3548 3550/3550/3550
f 2034/2034/2034 3558/3558/3558 3546/3546/3546
f 3926/3926/3926 1689/1689/1689 3539/3539/3539
f 3535/3535/3535 3572/3572/3572 766/766/766
f 3572/3572/3572 3574/3574/3574 765/765/765
f 334/334/334 3570/3570/3570 3571/3571/3571
f 1868/1868/1868 3531/3531/3531 3540/3540/3540
f 1684/1684/1684 1651/1651/1651 1652/1652/1652
f 1682/1682/1682 1683/1683/1683 775/775/775
f 1585/1585/1585 1603/1603/1603 3762/3762/3762
f 3763/3763/3763 3762/3762/3762 1672/1672/1672
f 2173/2173/2173 2174/2174/2174 490/490/490
f 1658/1658/1658 3544/3544/3544 3547/3547/3547
f 3556/3556/3556 3543/3543/3543 1650/1650/1650
f 1571/1571/1571 3754/3754/3754 2010/2010/2010
f 1587/1587/1587 3664/3664/3664 3671/3671/3671
f 2099/2099/2099 2095/2095/2095 2077/2077/2077
f 787/787/787 3761/3761/3761 1999/1999/1999
f 2000/2000/2000 3694/3694/3694 786/786/786
f 3155/3155/3155 339/339/339 3697/3697/3697
f 3713/3713/3713 3155/3155/3155 3683/3683/3683
f 2180/2180/2180 2179/2179/2179 3685/3685/3685
f 3496/3496/3496 2180/2180/2180 3684/3684/3684
f 1684/1684/1684 3846/3846/3846 3840/3840/3840
f 1760/1760/1760 464/464/464 3495/3495/3495
f 2607/2607/2607 3689/3689/3689 3693/3693/3693
f 2581/2581/2581 3676/3676/3676 3689/3689/3689
f 2371/2371/2371 2502/2502/2502 3700/3700/3700
f 2371/2371/2371 3695/3695/3695 3693/3693/3693
f 2587/2587/2587 3676/3676/3676 3675/3675/3675
f 2586/2586/2586 3675/3675/3675 3697/3697/3697
f 2497/2497/2497 3691/3691/3691 3687/3687/3687
f 2502/2502/2502 2503/2503/2503 3687/3687/3687
f 2494/2494/2494 3691/3691/3691 3690/3690/3690
f 3690/3690/3690 3688/3688/3688 2472/2472/2472
f 3688/3688/3688 3701/3701/3701 2468/2468/2468
f 3701/3701/3701 3703/3703/3703 2469/2469/2469
f 726/726/726 3908/3908/3908 3892/3892/3892
f 581/581/581 3567/3567/3567 3518/3518/3518
f 10/10/10 3511/3511/3511 3570/3570/3570
f 1837/1837/1837 3514/3514/3514 3510/3510/3510
f 741/741/741 3537/3537/3537 3523/3523/3523
f 1299/1299/1299 3524/3524/3524 3558/3558/3558
f 1851/1851/1851 3507/3507/3507 3504/3504/3504
f 3527/3527/3527 3565/3565/3565 1820/1820/1820
f 580/580/580 3518/3518/3518 3536/3536/3536
f 1758/1758/1758 1685/1685/1685 3522/3522/3522
f 1693/1693/1693 3557/3557/3557 3508/3508/3508
f 3504/3504/3504 3512/3512/3512 1867/1867/1867
f 1894/1894/1894 1826/1826/1826 3568/3568/3568
f 2126/2126/2126 1418/1418/1418 3813/3813/3813
f 3906/3906/3906 2126/2126/2126 3841/3841/3841
f 2113/2113/2113 3911/3911/3911 3867/3867/3867
f 2179/2179/2179 3713/3713/3713 3789/3789/3789
f 624/624/624 3903/3903/3903 3904/3904/3904
f 2192/2192/2192 3604/3604/3604 3788/3788/3788
f 2177/2177/2177 3541/3541/3541 3787/3787/3787
f 1364/1364/1364 3824/3824/3824 3833/3833/3833
f 3858/3858/3858 3855/3855/3855 1470/1470/1470
f 3135/3135/3135 1753/1753/1753 3775/3775/3775
f 2069/2069/2069 3812/3812/3812 3835/3835/3835
f 1351/1351/1351 3861/3861/3861 3853/3853/3853
f 2108/2108/2108 3882/3882/3882 3901/3901/3901
f 2089/2089/2089 2092/2092/2092 3736/3736/3736
f 3828/3828/3828 3834/3834/3834 1358/1358/1358
f 2001/2001/2001 3749/3749/3749 3783/3783/3783
f 2187/2187/2187 3783/3783/3783 3719/3719/3719
f 2130/2130/2130 3756/3756/3756 3752/3752/3752
f 2004/2004/2004 3752/3752/3752 3749/3749/3749
f 2014/2014/2014 3724/3724/3724 3779/3779/3779
f 2201/2201/2201 3779/3779/3779 3756/3756/3756
f 3167/3167/3167 3720/3720/3720 3759/3759/3759
f 3168/3168/3168 3724/3724/3724 3720/3720/3720
f 3159/3159/3159 3709/3709/3709 3764/3764/3764
f 3160/3160/3160 3764/3764/3764 3765/3765/3765
f 3730/3730/3730 3707/3707/3707 3158/3158/3158
f 3158/3158/3158 3707/3707/3707 3709/3709/3709
f 2200/2200/2200 3069/3069/3069 3730/3730/3730
f 3685/3685/3685 3789/3789/3789 3742/3742/3742
f 3722/3722/3722 3774/3774/3774 2197/2197/2197
f 3790/3790/3790 3736/3736/3736 2092/2092/2092
f 3774/3774/3774 3790/3790/3790 3721/3721/3721
f 3154/3154/3154 3706/3706/3706 3790/3790/3790
f 3155/3155/3155 3713/3713/3713 3706/3706/3706
f 2091/2091/2091 3719/3719/3719 3721/3721/3721
f 2196/2196/2196 3148/3148/3148 3750/3750/3750
f 2193/2193/2193 2196/2196/2196 3776/3776/3776
f 3604/3604/3604 2193/2193/2193 3781/3781/3781
f 2086/2086/2086 2192/2192/2192 3780/3780/3780
f 2087/2087/2087 2086/2086/2086 3778/3778/3778
f 2204/2204/2204 3742/3742/3742 3751/3751/3751
f 2205/2205/2205 3751/3751/3751 3750/3750/3750
f 3909/3909/3909 3886/3886/3886 574/574/574
f 2124/2124/2124 2087/2087/2087 3777/3777/3777
f 2208/2208/2208 2124/2124/2124 3760/3760/3760
f 3711/3711/3711 3785/3785/3785 3140/3140/3140
f 3785/3785/3785 3745/3745/3745 3138/3138/3138
f 3745/3745/3745 3744/3744/3744 3139/3139/3139
f 3771/3771/3771 3712/3712/3712 3136/3136/3136
f 3712/3712/3712 3711/3711/3711 3137/3137/3137
f 3775/3775/3775 3767/3767/3767 3131/3131/3131
f 3767/3767/3767 3782/3782/3782 3132/3132/3132
f 1813/1813/1813 3839/3839/3839 3838/3838/3838
f 1293/1293/1293 3854/3854/3854 3856/3856/3856
f 2184/2184/2184 2321/2321/2321 3748/3748/3748
f 2181/2181/2181 2184/2184/2184 3732/3732/3732
f 3765/3765/3765 3768/3768/3768 3079/3079/3079
f 3768/3768/3768 3734/3734/3734 3080/3080/3080
f 709/709/709 3873/3873/3873 3875/3875/3875
f 2774/2774/2774 2961/2961/2961 3737/3737/3737
f 3786/3786/3786 3769/3769/3769 2134/2134/2134
f 3809/3809/3809 3808/3808/3808 766/766/766
f 2968/2968/2968 3784/3784/3784 3766/3766/3766
f 2969/2969/2969 3759/3759/3759 3784/3784/3784
f 2958/2958/2958 3747/3747/3747 3737/3737/3737
f 2132/2132/2132 3747/3747/3747 3766/3766/3766
f 2321/2321/2321 2185/2185/2185 3771/3771/3771
f 3860/3860/3860 3848/3848/3848 1449/1449/1449
f 3905/3905/3905 3874/3874/3874 582/582/582
f 3886/3886/3886 3889/3889/3889 577/577/577
f 3847/3847/3847 3826/3826/3826 1818/1818/1818
f 705/705/705 3902/3902/3902 3887/3887/3887
f 3816/3816/3816 3912/3912/3912 3907/3907/3907
f 2111/2111/2111 3883/3883/3883 3911/3911/3911
f 3810/3810/3810 3829/3829/3829 1366/1366/1366
f 1812/1812/1812 3839/3839/3839 3822/3822/3822
f 675/675/675 3851/3851/3851 3852/3852/3852
f 3496/3496/3496 3705/3705/3705 3851/3851/3851
f 2110/2110/2110 3867/3867/3867 3868/3868/3868
f 2104/2104/2104 3896/3896/3896 3901/3901/3901
f 2109/2109/2109 3868/3868/3868 3899/3899/3899
f 3842/3842/3842 3831/3831/3831 703/703/703
f 1680/1680/1680 3811/3811/3811 3846/3846/3846
f 1639/1639/1639 1627/1627/1627 3819/3819/3819
f 623/623/623 3904/3904/3904 3906/3906/3906
f 2139/2139/2139 2140/2140/2140 3866/3866/3866
f 1808/1808/1808 1640/1640/1640 3844/3844/3844
f 3820/3820/3820 3821/3821/3821 1819/1819/1819
f 3872/3872/3872 3914/3914/3914 3900/3900/3900
f 1646/1646/1646 3832/3832/3832 3830/3830/3830
f 3889/3889/3889 3890/3890/3890 633/633/633
f 2139/2139/2139 3865/3865/3865 3875/3875/3875
f 2156/2156/2156 2155/2155/2155 3871/3871/3871
f 674/674/674 3852/3852/3852 3913/3913/3913
f 2117/2117/2117 3817/3817/3817 3812/3812/3812
f 1815/1815/1815 3822/3822/3822 3847/3847/3847
f 3855/3855/3855 3849/3849/3849 1444/1444/1444
f 697/697/697 3906/3906/3906 3912/3912/3912
f 866/866/866 842/842/842 3836/3836/3836
f 3864/3864/3864 3869/3869/3869 2136/2136/2136
f 3585/3585/3585 3731/3731/3731 3726/3726/3726
f 3583/3583/3583 3740/3740/3740 3731/3731/3731
f 3753/3753/3753 3746/3746/3746 3738/3738/3738
f 3740/3740/3740 3583/3583/3583 3581/3581/3581
f 1088/1088/1088 3738/3738/3738 3746/3746/3746
f 3739/3739/3739 3740/3740/3740 3743/3743/3743
f 2791/2791/2791 3492/3492/3492 3493/3493/3493
f 3492/3492/3492 2808/2808/2808 2807/2807/2807
f 2792/2792/2792 3493/3493/3493 3494/3494/3494
f 3493/3493/3493 2807/2807/2807 2806/2806/2806
f 3508/3508/3508 2909/2909/2909 3494/3494/3494
f 3516/3516/3516 3494/3494/3494 2806/2806/2806
f 2948/2948/2948 3503/3503/3503 3791/3791/3791
f 2105/2105/2105 3908/3908/3908 3896/3896/3896
f 3538/3538/3538 3802/3802/3802 3804/3804/3804
f 680/680/680 3878/3878/3878 3876/3876/3876
f 1891/1891/1891 1890/1890/1890 3910/3910/3910
f 2905/2905/2905 3799/3799/3799 3801/3801/3801
f 2900/2900/2900 3797/3797/3797 3799/3799/3799
f 2901/2901/2901 3797/3797/3797 3807/3807/3807
f 2734/2734/2734 2878/2878/2878 3806/3806/3806
f 2877/2877/2877 3807/3807/3807 3806/3806/3806
f 2820/2820/2820 3800/3800/3800 3794/3794/3794
f 2818/2818/2818 3796/3796/3796 3792/3792/3792
f 2823/2823/2823 3793/3793/3793 3792/3792/3792
f 2822/2822/2822 3793/3793/3793 3798/3798/3798
f 2819/2819/2819 2735/2735/2735 3800/3800/3800
f 2817/2817/2817 3796/3796/3796 3795/3795/3795
f 2809/2809/2809 3805/3805/3805 3795/3795/3795
f 2808/2808/2808 3805/3805/3805 3803/3803/3803
f 2805/2805/2805 3804/3804/3804 3803/3803/3803
f 1702/1702/1702 3921/3921/3921 3923/3923/3923
f 3922/3922/3922 3920/3920/3920 1797/1797/1797
f 3915/3915/3915 3916/3916/3916 1706/1706/1706
f 3918/3918/3918 3927/3927/3927 1692/1692/1692
f 1657/1657/1657 3898/3898/3898 3880/3880/3880
f 1890/1890/1890 1877/1877/1877 3895/3895/3895
f 3772/3772/3772 3770/3770/3770 1674/1674/1674
f 1689/1689/1689 1690/1690/1690 3772/3772/3772
f 3926/3926/3926 3802/3802/3802 3538/3538/3538
f 3516/3516/3516 3539/3539/3539 1689/1689/1689
f 3917/3917/3917 3923/3923/3923 1703/1703/1703
f 1598/1598/1598 3917/3917/3917 3928/3928/3928
f 3880/3880/3880 3884/3884/3884 1876/1876/1876
f 1691/1691/1691 1690/1690/1690 3925/3925/3925
f 3925/3925/3925 3926/3926/3926 1688/1688/1688
f 3934/3934/3934 3933/3933/3933 3937/3937/3937
f 3934/3934/3934 3938/3938/3938 3939/3939/3939
f 3932/3932/3932 3936/3936/3936 3937/3937/3937
f 3938/3938/3938 3942/3942/3942 3943/3943/3943
f 3937/3937/3937 3936/3936/3936 3940/3940/3940
f 3937/3937/3937 3941/3941/3941 3942/3942/3942
f 3942/3942/3942 3946/3946/3946 3947/3947/3947
f 3941/3941/3941 3940/3940/3940 3944/3944/3944
f 3942/3942/3942 3941/3941/3941 3945/3945/3945
f 3947/3947/3947 3946/3946/3946 3950/3950/3950
f 3944/3944/3944 3948/3948/3948 3949/3949/3949
f 3945/3945/3945 3949/3949/3949 3950/3950/3950
f 3950/3950/3950 3954/3954/3954 3955/3955/3955
f 3949/3949/3949 3948/3948/3948 3952/3952/3952
f 3950/3950/3950 3949/3949/3949 3953/3953/3953
f 3955/3955/3955 3954/3954/3954 3958/3958/3958
f 3953/3953/3953 3952/3952/3952 3956/3956/3956
f 3953/3953/3953 3957/3957/3957 3958/3958/3958
f 3959/3959/3959 3958/3958/3958 3962/3962/3962
f 3957/3957/3957 3956/3956/3956 3960/3960/3960
f 3958/3958/3958 3957/3957/3957 3961/3961/3961
f 3962/3962/3962 3966/3966/3966 3967/3967/3967
f 3960/3960/3960 3964/3964/3964 3965/3965/3965
f 3961/3961/3961 3965/3965/3965 3966/3966/3966
f 3966/3966/3966 3970/3970/3970 3971/3971/3971
f 3965/3965/3965 3964/3964/3964 3968/3968/3968
f 3966/3966/3966 3965/3965/3965 3969/3969/3969
f 3970/3970/3970 3974/3974/3974 3975/3975/3975
f 3968/3968/3968 3972/3972/3972 3973/3973/3973
f 3969/3969/3969 3973/3973/3973 3974/3974/3974
f 3974/3974/3974 3978/3978/3978 3979/3979/3979
f 3973/3973/3973 3972/3972/3972 3976/3976/3976
f 3974/3974/3974 3973/3973/3973 3977/3977/3977
f 3979/3979/3979 3978/3978/3978 3982/3982/3982
f 3976/3976/3976 3980/3980/3980 3981/3981/3981
f 3977/3977/3977 3981/3981/3981 3982/3982/3982
f 3982/3982/3982 3986/3986/3986 3987/3987/3987
f 3981/3981/3981 3980/3980/3980 3984/3984/3984
f 3982/3982/3982 3981/3981/3981 3985/3985/3985
f 3987/3987/3987 3986/3986/3986 3990/3990/3990
f 3984/3984/3984 3988/3988/3988 3989/3989/3989
f 3985/3985/3985 3989/3989/3989 3990/3990/3990
f 3991/3991/3991 3990/3990/3990 3994/3994/3994
f 3989/3989/3989 3988/3988/3988 3992/3992/3992
f 3990/3990/3990 3989/3989/3989 3993/3993/3993
f 3995/3995/3995 3994/3994/3994 3998/3998/3998
f 3992/3992/3992 3996/3996/3996 3997/3997/3997
f 3993/3993/3993 3997/3997/3997 3998/3998/3998
f 3998/3998/3998 4002/4002/4002 4003/4003/4003
f 3997/3997/3997 3996/3996/3996 4000/4000/4000
f 3998/3998/3998 3997/3997/3997 4001/4001/4001
f 4002/4002/4002 4006/4006/4006 4007/4007/4007
f 4000/4000/4000 4004/4004/4004 4005/4005/4005
f 4001/4001/4001 4005/4005/4005 4006/4006/4006
f 4006/4006/4006 4010/4010/4010 4011/4011/4011
f 4005/4005/4005 4004/4004/4004 4008/4008/4008
f 4006/4006/4006 4005/4005/4005 4009/4009/4009
f 4011/4011/4011 4010/4010/4010 4014/4014/4014
f 4008/4008/4008 4012/4012/4012 4013/4013/4013
f 4009/4009/4009 4013/4013/4013 4014/4014/4014
f 4014/4014/4014 4018/4018/4018 4019/4019/4019
f 4013/4013/4013 4012/4012/4012 4016/4016/4016
f 4014/4014/4014 4013/4013/4013 4017/4017/4017
f 4019/4019/4019 4018/4018/4018 4022/4022/4022
f 4016/4016/4016 4020/4020/4020 4021/4021/4021
f 4017/4017/4017 4021/4021/4021 4022/4022/4022
f 4023/4023/4023 4022/4022/4022 4026/4026/4026
f 4021/4021/4021 4020/4020/4020 4024/4024/4024
f 4022/4022/4022 4021/4021/4021 4025/4025/4025
f 4027/4027/4027 4026/4026/4026 4030/4030/4030
f 4024/4024/4024 4028/4028/4028 4029/4029/4029
f 4025/4025/4025 4029/4029/4029 4030/4030/4030
f 4031/4031/4031 4030/4030/4030 4034/4034/4034
f 4029/4029/4029 4028/4028/4028 4032/4032/4032
f 4030/4030/4030 4029/4029/4029 4033/4033/4033
f 4034/4034/4034 4038/4038/4038 4039/4039/4039
f 4032/4032/4032 4036/4036/4036 4037/4037/4037
f 4033/4033/4033 4037/4037/4037 4038/4038/4038
f 4038/4038/4038 4042/4042/4042 4043/4043/4043
f 4037/4037/4037 4036/4036/4036 4040/4040/4040
f 4038/4038/4038 4037/4037/4037 4041/4041/4041
f 4043/4043/4043 4042/4042/4042 4046/4046/4046
f 4040/4040/4040 4044/4044/4044 4045/4045/4045
f 4041/4041/4041 4045/4045/4045 4046/4046/4046
f 4046/4046/4046 4050/4050/4050 4051/4051/4051
f 4045/4045/4045 4044/4044/4044 4048/4048/4048
f 4046/4046/4046 4045/4045/4045 4049/4049/4049
f 4051/4051/4051 4050/4050/4050 4055/4055/4055
f 4048/4048/4048 4053/4053/4053 4054/4054/4054
f 4049/4049/4049 4054/4054/4054 4055/4055/4055
f 4056/4056/4056 4055/4055/4055 4059/4059/4059
f 4053/4053/4053 4057/4057/4057 4058/4058/4058
f 4055/4055/4055 4054/4054/4054 4058/4058/4058
f 4060/4060/4060 4059/4059/4059 3934/3934/3934
f 4058/4058/4058 4057/4057/4057 3932/3932/3932
f 4058/4058/4058 3933/3933/3933 3934/3934/3934
f 4069/4069/4069 4068/4068/4068 4081/4081/4081
f 4066/4066/4066 4079/4079/4079 4080/4080/4080
f 4065/4065/4065 4064/4064/4064 4077/4077/4077
f 4063/4063/4063 4062/4062/4062 4075/4075/4075
f 4071/4071/4071 4084/4084/4084 4085/4085/4085
f 4069/4069/4069 4082/4082/4082 4083/4083/4083
f 4067/4067/4067 4080/4080/4080 4081/4081/4081
f 4066/4066/4066 4065/4065/4065 4078/4078/4078
f 4063/4063/4063 4076/4076/4076 4077/4077/4077
f 4061/4061/4061 4074/4074/4074 4075/4075/4075
f 4072/4072/4072 4085/4085/4085 4086/4086/4086
f 4071/4071/4071 4070/4070/4070 4083/4083/4083
f 4076/4076/4076 4089/4089/4089 4090/4090/4090
f 4074/4074/4074 4087/4087/4087 4088/4088/4088
f 4086/4086/4086 4085/4085/4085 4098/4098/4098
f 4083/4083/4083 4096/4096/4096 4097/4097/4097
f 4082/4082/4082 4081/4081/4081 4094/4094/4094
f 4079/4079/4079 4092/4092/4092 4093/4093/4093
f 4078/4078/4078 4077/4077/4077 4090/4090/4090
f 4076/4076/4076 4075/4075/4075 4088/4088/4088
f 4085/4085/4085 4084/4084/4084 4097/4097/4097
f 4082/4082/4082 4095/4095/4095 4096/4096/4096
f 4080/4080/4080 4093/4093/4093 4094/4094/4094
f 4079/4079/4079 4078/4078/4078 4091/4091/4091
f 4089/4089/4089 4102/4102/4102 4103/4103/4103
f 4088/4088/4088 4087/4087/4087 4100/4100/4100
f 4098/4098/4098 4111/4111/4111 4112/4112/4112
f 4096/4096/4096 4109/4109/4109 4110/4110/4110
f 4095/4095/4095 4094/4094/4094 4107/4107/4107
f 4092/4092/4092 4105/4105/4105 4106/4106/4106
f 4090/4090/4090 4103/4103/4103 4104/4104/4104
f 4089/4089/4089 4088/4088/4088 4101/4101/4101
f 4097/4097/4097 4110/4110/4110 4111/4111/4111
f 4095/4095/4095 4108/4108/4108 4109/4109/4109
f 4094/4094/4094 4093/4093/4093 4106/4106/4106
f 4092/4092/4092 4091/4091/4091 4104/4104/4104
f 4103/4103/4103 4102/4102/4102 4115/4115/4115
f 4100/4100/4100 4113/4113/4113 4114/4114/4114
f 4112/4112/4112 4111/4111/4111 4124/4124/4124
f 4110/4110/4110 4109/4109/4109 4122/4122/4122
f 4107/4107/4107 4120/4120/4120 4121/4121/4121
f 4105/4105/4105 4118/4118/4118 4119/4119/4119
f 4103/4103/4103 4116/4116/4116 4117/4117/4117
f 4101/4101/4101 4114/4114/4114 4115/4115/4115
f 4110/4110/4110 4123/4123/4123 4124/4124/4124
f 4109/4109/4109 4108/4108/4108 4121/4121/4121
f 4107/4107/4107 4106/4106/4106 4119/4119/4119
f 4105/4105/4105 4104/4104/4104 4117/4117/4117
f 4115/4115/4115 4128/4128/4128 4129/4129/4129
f 4114/4114/4114 4113/4113/4113 4126/4126/4126
f 4124/4124/4124 4137/4137/4137 4138/4138/4138
f 4123/4123/4123 4122/4122/4122 4135/4135/4135
f 4120/4120/4120 4133/4133/4133 4134/4134/4134
f 4119/4119/4119 4118/4118/4118 4131/4131/4131
f 4117/4117/4117 4116/4116/4116 4129/4129/4129
f 4114/4114/4114 4127/4127/4127 4128/4128/4128
f 4124/4124/4124 4123/4123/4123 4136/4136/4136
f 4122/4122/4122 4121/4121/4121 4134/4134/4134
f 4119/4119/4119 4132/4132/4132 4133/4133/4133
f 4117/4117/4117 4130/4130/4130 4131/4131/4131
f 4129/4129/4129 4128/4128/4128 4141/4141/4141
f 4126/4126/4126 4139/4139/4139 4140/4140/4140
f 4138/4138/4138 4137/4137/4137 4150/4150/4150
f 4136/4136/4136 4135/4135/4135 4148/4148/4148
f 4133/4133/4133 4146/4146/4146 4147/4147/4147
f 4131/4131/4131 4144/4144/4144 4145/4145/4145
f 4130/4130/4130 4129/4129/4129 4142/4142/4142
f 4127/4127/4127 4140/4140/4140 4141/4141/4141
f 4137/4137/4137 4136/4136/4136 4149/4149/4149
f 4135/4135/4135 4134/4134/4134 4147/4147/4147
f 4132/4132/4132 4145/4145/4145 4146/4146/4146
f 4131/4131/4131 4130/4130/4130 4143/4143/4143
f 4142/4142/4142 4141/4141/4141 4154/4154/4154
f 4140/4140/4140 4139/4139/4139 4152/4152/4152
f 4150/4150/4150 4163/4163/4163 4164/4164/4164
f 4149/4149/4149 4148/4148/4148 4161/4161/4161
f 4146/4146/4146 4159/4159/4159 4160/4160/4160
f 4144/4144/4144 4157/4157/4157 4158/4158/4158
f 4142/4142/4142 4155/4155/4155 4156/4156/4156
f 4140/4140/4140 4153/4153/4153 4154/4154/4154
f 4149/4149/4149 4162/4162/4162 4163/4163/4163
f 4148/4148/4148 4147/4147/4147 4160/4160/4160
f 4146/4146/4146 4145/4145/4145 4158/4158/4158
f 4144/4144/4144 4143/4143/4143 4156/4156/4156
f 4155/4155/4155 4154/4154/4154 4167/4167/4167
f 4153/4153/4153 4152/4152/4152 4165/4165/4165
f 4163/4163/4163 4176/4176/4176 4177/4177/4177
f 4161/4161/4161 4174/4174/4174 4175/4175/4175
f 4159/4159/4159 4172/4172/4172 4173/4173/4173
f 4158/4158/4158 4157/4157/4157 4170/4170/4170
f 4155/4155/4155 4168/4168/4168 4169/4169/4169
f 4153/4153/4153 4166/4166/4166 4167/4167/4167
f 4163/4163/4163 4162/4162/4162 4175/4175/4175
f 4161/4161/4161 4160/4160/4160 4173/4173/4173
f 4159/4159/4159 4158/4158/4158 4171/4171/4171
f 4156/4156/4156 4169/4169/4169 4170/4170/4170
f 4167/4167/4167 4180/4180/4180 4181/4181/4181
f 4165/4165/4165 4178/4178/4178 4179/4179/4179
f 4176/4176/4176 4189/4189/4189 4190/4190/4190
f 4175/4175/4175 4174/4174/4174 4187/4187/4187
f 4173/4173/4173 4172/4172/4172 4185/4185/4185
f 4170/4170/4170 4183/4183/4183 4184/4184/4184
f 4169/4169/4169 4168/4168/4168 4181/4181/4181
f 4167/4167/4167 4166/4166/4166 4179/4179/4179
f 4175/4175/4175 4188/4188/4188 4189/4189/4189
f 4173/4173/4173 4186/4186/4186 4187/4187/4187
f 4171/4171/4171 4184/4184/4184 4185/4185/4185
f 4170/4170/4170 4169/4169/4169 4182/4182/4182
f 4180/4180/4180 4193/4193/4193 4194/4194/4194
f 4178/4178/4178 4191/4191/4191 4192/4192/4192
f 4190/4190/4190 4189/4189/4189 4202/4202/4202
f 4187/4187/4187 4200/4200/4200 4201/4201/4201
f 4186/4186/4186 4185/4185/4185 4198/4198/4198
f 4183/4183/4183 4196/4196/4196 4197/4197/4197
f 4182/4182/4182 4181/4181/4181 4194/4194/4194
f 4180/4180/4180 4179/4179/4179 4192/4192/4192
f 4189/4189/4189 4188/4188/4188 4201/4201/4201
f 4186/4186/4186 4199/4199/4199 4200/4200/4200
f 4184/4184/4184 4197/4197/4197 4198/4198/4198
f 4183/4183/4183 4182/4182/4182 4195/4195/4195
f 4193/4193/4193 4206/4206/4206 4207/4207/4207
f 4192/4192/4192 4191/4191/4191 4204/4204/4204
f 4202/4202/4202 4215/4215/4215 4216/4216/4216
f 4200/4200/4200 4213/4213/4213 4214/4214/4214
f 4199/4199/4199 4198/4198/4198 4211/4211/4211
f 4196/4196/4196 4209/4209/4209 4210/4210/4210
f 4194/4194/4194 4207/4207/4207 4208/4208/4208
f 4193/4193/4193 4192/4192/4192 4205/4205/4205
f 4201/4201/4201 4214/4214/4214 4215/4215/4215
f 4199/4199/4199 4212/4212/4212 4213/4213/4213
f 4198/4198/4198 4197/4197/4197 4210/4210/4210
f 4196/4196/4196 4195/4195/4195 4208/4208/4208
f 4207/4207/4207 4206/4206/4206 4219/4219/4219
f 4204/4204/4204 4217/4217/4217 4218/4218/4218
f 4216/4216/4216 4215/4215/4215 4228/4228/4228
f 4213/4213/4213 4226/4226/4226 4227/4227/4227
f 4211/4211/4211 4224/4224/4224 4225/4225/4225
f 4209/4209/4209 4222/4222/4222 4223/4223/4223
f 4207/4207/4207 4220/4220/4220 4221/4221/4221
f 4205/4205/4205 4218/4218/4218 4219/4219/4219
f 4214/4214/4214 4227/4227/4227 4228/4228/4228
f 4213/4213/4213 4212/4212/4212 4225/4225/4225
f 4211/4211/4211 4210/4210/4210 4223/4223/4223
f 4209/4209/4209 4208/4208/4208 4221/4221/4221
f 4219/4219/4219 4232/4232/4232 4233/4233/4233
f 4218/4218/4218 4217/4217/4217 4230/4230/4230
f 4228/4228/4228 4241/4241/4241 4242/4242/4242
f 4226/4226/4226 4239/4239/4239 4240/4240/4240
f 4225/4225/4225 4224/4224/4224 4237/4237/4237
f 4223/4223/4223 4222/4222/4222 4235/4235/4235
f 4221/4221/4221 4220/4220/4220 4233/4233/4233
f 4218/4218/4218 4231/4231/4231 4232/4232/4232
f 4228/4228/4228 4227/4227/4227 4240/4240/4240
f 4226/4226/4226 4225/4225/4225 4238/4238/4238
f 4223/4223/4223 4236/4236/4236 4237/4237/4237
f 4221/4221/4221 4234/4234/4234 4235/4235/4235
f 4233/4233/4233 4232/4232/4232 4245/4245/4245
f 4230/4230/4230 4243/4243/4243 4244/4244/4244
f 4242/4242/4242 4241/4241/4241 4254/4254/4254
f 4240/4240/4240 4239/4239/4239 4252/4252/4252
f 4237/4237/4237 4250/4250/4250 4251/4251/4251
f 4235/4235/4235 4248/4248/4248 4249/4249/4249
f 4234/4234/4234 4233/4233/4233 4246/4246/4246
f 4231/4231/4231 4244/4244/4244 4245/4245/4245
f 4241/4241/4241 4240/4240/4240 4253/4253/4253
f 4239/4239/4239 4238/4238/4238 4251/4251/4251
f 4236/4236/4236 4249/4249/4249 4250/4250/4250
f 4235/4235/4235 4234/4234/4234 4247/4247/4247
f 4246/4246/4246 4245/4245/4245 4258/4258/4258
f 4244/4244/4244 4243/4243/4243 4256/4256/4256
f 4254/4254/4254 4267/4267/4267 4268/4268/4268
f 4253/4253/4253 4252/4252/4252 4265/4265/4265
f 4250/4250/4250 4263/4263/4263 4264/4264/4264
f 4248/4248/4248 4261/4261/4261 4262/4262/4262
f 4246/4246/4246 4259/4259/4259 4260/4260/4260
f 4244/4244/4244 4257/4257/4257 4258/4258/4258
f 4253/4253/4253 4266/4266/4266 4267/4267/4267
f 4252/4252/4252 4251/4251/4251 4264/4264/4264
f 4250/4250/4250 4249/4249/4249 4262/4262/4262
f 4248/4248/4248 4247/4247/4247 4260/4260/4260
f 4259/4259/4259 4258/4258/4258 4271/4271/4271
f 4257/4257/4257 4256/4256/4256 4269/4269/4269
f 4267/4267/4267 4280/4280/4280 4281/4281/4281
f 4265/4265/4265 4278/4278/4278 4279/4279/4279
f 4263/4263/4263 4276/4276/4276 4277/4277/4277
f 4262/4262/4262 4261/4261/4261 4274/4274/4274
f 4259/4259/4259 4272/4272/4272 4273/4273/4273
f 4257/4257/4257 4270/4270/4270 4271/4271/4271
f 4266/4266/4266 4279/4279/4279 4280/4280/4280
f 4265/4265/4265 4264/4264/4264 4277/4277/4277
f 4263/4263/4263 4262/4262/4262 4275/4275/4275
f 4260/4260/4260 4273/4273/4273 4274/4274/4274
f 4271/4271/4271 4284/4284/4284 4285/4285/4285
f 4269/4269/4269 4282/4282/4282 4283/4283/4283
f 4281/4281/4281 4280/4280/4280 4293/4293/4293
f 4279/4279/4279 4278/4278/4278 4291/4291/4291
f 4277/4277/4277 4276/4276/4276 4289/4289/4289
f 4274/4274/4274 4287/4287/4287 4288/4288/4288
f 4273/4273/4273 4272/4272/4272 4285/4285/4285
f 4271/4271/4271 4270/4270/4270 4283/4283/4283
f 4280/4280/4280 4279/4279/4279 4292/4292/4292
f 4277/4277/4277 4290/4290/4290 4291/4291/4291
f 4275/4275/4275 4288/4288/4288 4289/4289/4289
f 4274/4274/4274 4273/4273/4273 4286/4286/4286
f 4284/4284/4284 4297/4297/4297 4298/4298/4298
f 4282/4282/4282 4295/4295/4295 4296/4296/4296
f 4294/4294/4294 4293/4293/4293 4306/4306/4306
f 4291/4291/4291 4304/4304/4304 4305/4305/4305
f 4290/4290/4290 4289/4289/4289 4302/4302/4302
f 4287/4287/4287 4300/4300/4300 4301/4301/4301
f 4286/4286/4286 4285/4285/4285 4298/4298/4298
f 4284/4284/4284 4283/4283/4283 4296/4296/4296
f 4293/4293/4293 4292/4292/4292 4305/4305/4305
f 4290/4290/4290 4303/4303/4303 4304/4304/4304
f 4288/4288/4288 4301/4301/4301 4302/4302/4302
f 4287/4287/4287 4286/4286/4286 4299/4299/4299
f 4297/4297/4297 4310/4310/4310 4311/4311/4311
f 4296/4296/4296 4295/4295/4295 4308/4308/4308
f 4306/4306/4306 4319/4319/4319 4320/4320/4320
f 4304/4304/4304 4317/4317/4317 4318/4318/4318
f 4303/4303/4303 4302/4302/4302 4315/4315/4315
f 4300/4300/4300 4313/4313/4313 4314/4314/4314
f 4298/4298/4298 4311/4311/4311 4312/4312/4312
f 4297/4297/4297 4296/4296/4296 4309/4309/4309
f 4305/4305/4305 4318/4318/4318 4319/4319/4319
f 4304/4304/4304 4303/4303/4303 4316/4316/4316
f 4302/4302/4302 4301/4301/4301 4314/4314/4314
f 4300/4300/4300 4299/4299/4299 4312/4312/4312
f 4310/4310/4310 4323/4323/4323 4324/4324/4324
f 4308/4308/4308 4321/4321/4321 4322/4322/4322
f 4320/4320/4320 4319/4319/4319 4332/4332/4332
f 4318/4318/4318 4317/4317/4317 4330/4330/4330
f 4316/4316/4316 4315/4315/4315 4328/4328/4328
f 4313/4313/4313 4326/4326/4326 4327/4327/4327
f 4311/4311/4311 4324/4324/4324 4325/4325/4325
f 4310/4310/4310 4309/4309/4309 4322/4322/4322
f 4318/4318/4318 4331/4331/4331 4332/4332/4332
f 4316/4316/4316 4329/4329/4329 4330/4330/4330
f 4315/4315/4315 4314/4314/4314 4327/4327/4327
f 4312/4312/4312 4325/4325/4325 4326/4326/4326
f 4323/4323/4323 4336/4336/4336 4337/4337/4337
f 4322/4322/4322 4321/4321/4321 4334/4334/4334
f 4332/4332/4332 4345/4345/4345 4346/4346/4346
f 4330/4330/4330 4343/4343/4343 4344/4344/4344
f 4329/4329/4329 4328/4328/4328 4341/4341/4341
f 4327/4327/4327 4326/4326/4326 4339/4339/4339
f 4325/4325/4325 4324/4324/4324 4337/4337/4337
f 4322/4322/4322 4335/4335/4335 4336/4336/4336
f 4332/4332/4332 4331/4331/4331 4344/4344/4344
f 4330/4330/4330 4329/4329/4329 4342/4342/4342
f 4327/4327/4327 4340/4340/4340 4341/4341/4341
f 4325/4325/4325 4338/4338/4338 4339/4339/4339
f 4337/4337/4337 4336/4336/4336 4350/4350/4350
f 4334/4334/4334 4348/4348/4348 4349/4349/4349
f 4346/4346/4346 4345/4345/4345 4359/4359/4359
f 4344/4344/4344 4343/4343/4343 4357/4357/4357
f 4341/4341/4341 4355/4355/4355 4356/4356/4356
f 4340/4340/4340 4339/4339/4339 4353/4353/4353
f 4338/4338/4338 4337/4337/4337 4351/4351/4351
f 4335/4335/4335 4349/4349/4349 4350/4350/4350
f 4345/4345/4345 4344/4344/4344 4358/4358/4358
f 4343/4343/4343 4342/4342/4342 4356/4356/4356
f 4340/4340/4340 4354/4354/4354 4355/4355/4355
f 4338/4338/4338 4352/4352/4352 4353/4353/4353
f 4351/4351/4351 4350/4350/4350 4363/4363/4363
f 4349/4349/4349 4348/4348/4348 4361/4361/4361
f 4359/4359/4359 4372/4372/4372 4373/4373/4373
f 4358/4358/4358 4357/4357/4357 4370/4370/4370
f 4355/4355/4355 4368/4368/4368 4369/4369/4369
f 4354/4354/4354 4353/4353/4353 4366/4366/4366
f 4351/4351/4351 4364/4364/4364 4365/4365/4365
f 4349/4349/4349 4362/4362/4362 4363/4363/4363
f 4358/4358/4358 4371/4371/4371 4372/4372/4372
f 4357/4357/4357 4356/4356/4356 4369/4369/4369
f 4355/4355/4355 4354/4354/4354 4367/4367/4367
f 4352/4352/4352 4365/4365/4365 4366/4366/4366
f 4364/4364/4364 4363/4363/4363 4376/4376/4376
f 4362/4362/4362 4361/4361/4361 4374/4374/4374
f 4373/4373/4373 4372/4372/4372 4385/4385/4385
f 4370/4370/4370 4383/4383/4383 4384/4384/4384
f 4368/4368/4368 4381/4381/4381 4382/4382/4382
f 4367/4367/4367 4366/4366/4366 4379/4379/4379
f 4364/4364/4364 4377/4377/4377 4378/4378/4378
f 4362/4362/4362 4375/4375/4375 4376/4376/4376
f 4372/4372/4372 4371/4371/4371 4384/4384/4384
f 4370/4370/4370 4369/4369/4369 4382/4382/4382
f 4368/4368/4368 4367/4367/4367 4380/4380/4380
f 4365/4365/4365 4378/4378/4378 4379/4379/4379
f 4376/4376/4376 4389/4389/4389 4390/4390/4390
f 4374/4374/4374 4387/4387/4387 4388/4388/4388
f 4385/4385/4385 4398/4398/4398 4399/4399/4399
f 4384/4384/4384 4383/4383/4383 4396/4396/4396
f 4382/4382/4382 4381/4381/4381 4394/4394/4394
f 4379/4379/4379 4392/4392/4392 4393/4393/4393
f 4378/4378/4378 4377/4377/4377 4390/4390/4390
f 4376/4376/4376 4375/4375/4375 4388/4388/4388
f 4384/4384/4384 4397/4397/4397 4398/4398/4398
f 4382/4382/4382 4395/4395/4395 4396/4396/4396
f 4380/4380/4380 4393/4393/4393 4394/4394/4394
f 4379/4379/4379 4378/4378/4378 4391/4391/4391
f 4389/4389/4389 4402/4402/4402 4403/4403/4403
f 4387/4387/4387 4400/4400/4400 4401/4401/4401
f 4399/4399/4399 4398/4398/4398 4411/4411/4411
f 4396/4396/4396 4409/4409/4409 4410/4410/4410
f 4395/4395/4395 4394/4394/4394 4407/4407/4407
f 4393/4393/4393 4392/4392/4392 4405/4405/4405
f 4391/4391/4391 4390/4390/4390 4403/4403/4403
f 4389/4389/4389 4388/4388/4388 4401/4401/4401
f 4398/4398/4398 4397/4397/4397 4410/4410/4410
f 4395/4395/4395 4408/4408/4408 4409/4409/4409
f 4393/4393/4393 4406/4406/4406 4407/4407/4407
f 4391/4391/4391 4404/4404/4404 4405/4405/4405
f 4402/4402/4402 4415/4415/4415 4416/4416/4416
f 4401/4401/4401 4400/4400/4400 4413/4413/4413
f 4411/4411/4411 4424/4424/4424 4425/4425/4425
f 4409/4409/4409 4422/4422/4422 4423/4423/4423
f 4408/4408/4408 4407/4407/4407 4420/4420/4420
f 4406/4406/4406 4405/4405/4405 4418/4418/4418
f 4403/4403/4403 4416/4416/4416 4417/4417/4417
f 4402/4402/4402 4401/4401/4401 4414/4414/4414
f 4410/4410/4410 4423/4423/4423 4424/4424/4424
f 4408/4408/4408 4421/4421/4421 4422/4422/4422
f 4407/4407/4407 4406/4406/4406 4419/4419/4419
f 4404/4404/4404 4417/4417/4417 4418/4418/4418
f 4416/4416/4416 4415/4415/4415 4428/4428/4428
f 4413/4413/4413 4426/4426/4426 4427/4427/4427
f 4425/4425/4425 4424/4424/4424 4437/4437/4437
f 4423/4423/4423 4422/4422/4422 4435/4435/4435
f 4421/4421/4421 4420/4420/4420 4433/4433/4433
f 4418/4418/4418 4431/4431/4431 4432/4432/4432
f 4416/4416/4416 4429/4429/4429 4430/4430/4430
f 4415/4415/4415 4414/4414/4414 4427/4427/4427
f 4423/4423/4423 4436/4436/4436 4437/4437/4437
f 4421/4421/4421 4434/4434/4434 4435/4435/4435
f 4420/4420/4420 4419/4419/4419 4432/4432/4432
f 4418/4418/4418 4417/4417/4417 4430/4430/4430
f 4428/4428/4428 4441/4441/4441 4442/4442/4442
f 4426/4426/4426 4439/4439/4439 4440/4440/4440
f 4437/4437/4437 4450/4450/4450 4451/4451/4451
f 4435/4435/4435 4448/4448/4448 4449/4449/4449
f 4434/4434/4434 4433/4433/4433 4446/4446/4446
f 4432/4432/4432 4431/4431/4431 4444/4444/4444
f 4430/4430/4430 4429/4429/4429 4442/4442/4442
f 4427/4427/4427 4440/4440/4440 4441/4441/4441
f 4437/4437/4437 4436/4436/4436 4449/4449/4449
f 4435/4435/4435 4434/4434/4434 4447/4447/4447
f 4432/4432/4432 4445/4445/4445 4446/4446/4446
f 4430/4430/4430 4443/4443/4443 4444/4444/4444
f 4442/4442/4442 4441/4441/4441 4454/4454/4454
f 4439/4439/4439 4452/4452/4452 4453/4453/4453
f 4451/4451/4451 4450/4450/4450 4463/4463/4463
f 4449/4449/4449 4448/4448/4448 4461/4461/4461
f 4446/4446/4446 4459/4459/4459 4460/4460/4460
f 4444/4444/4444 4457/4457/4457 4458/4458/4458
f 4443/4443/4443 4442/4442/4442 4455/4455/4455
f 4440/4440/4440 4453/4453/4453 4454/4454/4454
f 4450/4450/4450 4449/4449/4449 4462/4462/4462
f 4447/4447/4447 4460/4460/4460 4461/4461/4461
f 4445/4445/4445 4458/4458/4458 4459/4459/4459
f 4444/4444/4444 4443/4443/4443 4456/4456/4456
f 4455/4455/4455 4454/4454/4454 4467/4467/4467
f 4453/4453/4453 4452/4452/4452 4465/4465/4465
f 4463/4463/4463 4476/4476/4476 4477/4477/4477
f 4462/4462/4462 4461/4461/4461 4474/4474/4474
f 4459/4459/4459 4472/4472/4472 4473/4473/4473
f 4457/4457/4457 4470/4470/4470 4471/4471/4471
f 4455/4455/4455 4468/4468/4468 4469/4469/4469
f 4453/4453/4453 4466/4466/4466 4467/4467/4467
f 4462/4462/4462 4475/4475/4475 4476/4476/4476
f 4461/4461/4461 4460/4460/4460 4473/4473/4473
f 4459/4459/4459 4458/4458/4458 4471/4471/4471
f 4457/4457/4457 4456/4456/4456 4469/4469/4469
f 4468/4468/4468 4467/4467/4467 4063/4063/4063
f 4466/4466/4466 4465/4465/4465 4061/4061/4061
f 4477/4477/4477 4476/4476/4476 4072/4072/4072
f 4474/4474/4474 4070/4070/4070 4071/4071/4071
f 4472/4472/4472 4068/4068/4068 4069/4069/4069
f 4471/4471/4471 4470/4470/4470 4066/4066/4066
f 4468/4468/4468 4064/4064/4064 4065/4065/4065
f 4466/4466/4466 4062/4062/4062 4063/4063/4063
f 4476/4476/4476 4475/4475/4475 4071/4071/4071
f 4474/4474/4474 4473/4473/4473 4069/4069/4069
f 4472/4472/4472 4471/4471/4471 4067/4067/4067
f 4469/4469/4469 4065/4065/4065 4066/4066/4066
f 3935/3935/3935 4061/4061/4061 4465/4465/4465
f 4465/4465/4465 4452/4452/4452 4056/4056/4056
f 4452/4452/4452 4439/4439/4439 4051/4051/4051
f 4439/4439/4439 4426/4426/4426 4047/4047/4047
f 4047/4047/4047 4426/4426/4426 4413/4413/4413
f 4043/4043/4043 4413/4413/4413 4400/4400/4400
f 4039/4039/4039 4400/4400/4400 4387/4387/4387
f 4387/4387/4387 4374/4374/4374 4031/4031/4031
f 4031/4031/4031 4374/4374/4374 4361/4361/4361
f 4361/4361/4361 4348/4348/4348 4023/4023/4023
f 4348/4348/4348 4334/4334/4334 4019/4019/4019
f 4334/4334/4334 4321/4321/4321 4015/4015/4015
f 4015/4015/4015 4321/4321/4321 4308/4308/4308
f 4011/4011/4011 4308/4308/4308 4295/4295/4295
f 4007/4007/4007 4295/4295/4295 4282/4282/4282
f 4282/4282/4282 4269/4269/4269 3999/3999/3999
f 3999/3999/3999 4269/4269/4269 4256/4256/4256
f 4256/4256/4256 4243/4243/4243 3991/3991/3991
f 4243/4243/4243 4230/4230/4230 3987/3987/3987
f 4230/4230/4230 4217/4217/4217 3983/3983/3983
f 3983/3983/3983 4217/4217/4217 4204/4204/4204
f 3979/3979/3979 4204/4204/4204 4191/4191/4191
f 3975/3975/3975 4191/4191/4191 4178/4178/4178
f 4178/4178/4178 4165/4165/4165 3967/3967/3967
f 3967/3967/3967 4165/4165/4165 4152/4152/4152
f 4152/4152/4152 4139/4139/4139 3959/3959/3959
f 4139/4139/4139 4126/4126/4126 3955/3955/3955
f 4126/4126/4126 4113/4113/4113 3951/3951/3951
f 3951/3951/3951 4113/4113/4113 4100/4100/4100
f 3947/3947/3947 4100/4100/4100 4087/4087/4087
f 3943/3943/3943 4087/4087/4087 4074/4074/4074
f 4074/4074/4074 4061/4061/4061 3935/3935/3935
f 4480/4480/4480 4479/4479/4479 4483/4483/4483
f 4480/4480/4480 4484/4484/4484 4485/4485/4485
f 4479/4479/4479 4478/4478/4478 4482/4482/4482
f 4484/4484/4484 4488/4488/4488 4489/4489/4489
f 4482/4482/4482 4486/4486/4486 4487/4487/4487
f 4483/4483/4483 4487/4487/4487 4488/4488/4488
f 4488/4488/4488 4492/4492/4492 4493/4493/4493
f 4487/4487/4487 4486/4486/4486 4490/4490/4490
f 4488/4488/4488 4487/4487/4487 4491/4491/4491
f 4493/4493/4493 4492/4492/4492 4496/4496/4496
f 4490/4490/4490 4494/4494/4494 4495/4495/4495
f 4491/4491/4491 4495/4495/4495 4496/4496/4496
f 4496/4496/4496 4500/4500/4500 4501/4501/4501
f 4495/4495/4495 4494/4494/4494 4498/4498/4498
f 4496/4496/4496 4495/4495/4495 4499/4499/4499
f 4501/4501/4501 4500/4500/4500 4504/4504/4504
f 4498/4498/4498 4502/4502/4502 4503/4503/4503
f 4499/4499/4499 4503/4503/4503 4504/4504/4504
f 4505/4505/4505 4504/4504/4504 4508/4508/4508
f 4503/4503/4503 4502/4502/4502 4506/4506/4506
f 4504/4504/4504 4503/4503/4503 4507/4507/4507
f 4509/4509/4509 4508/4508/4508 4512/4512/4512
f 4506/4506/4506 4510/4510/4510 4511/4511/4511
f 4507/4507/4507 4511/4511/4511 4512/4512/4512
f 4513/4513/4513 4512/4512/4512 4516/4516/4516
f 4511/4511/4511 4510/4510/4510 4514/4514/4514
f 4512/4512/4512 4511/4511/4511 4515/4515/4515
f 4516/4516/4516 4520/4520/4520 4521/4521/4521
f 4514/4514/4514 4518/4518/4518 4519/4519/4519
f 4515/4515/4515 4519/4519/4519 4520/4520/4520
f 4520/4520/4520 4524/4524/4524 4525/4525/4525
f 4518/4518/4518 4522/4522/4522 4523/4523/4523
f 4520/4520/4520 4519/4519/4519 4523/4523/4523
f 4525/4525/4525 4524/4524/4524 4528/4528/4528
f 4522/4522/4522 4526/4526/4526 4527/4527/4527
f 4523/4523/4523 4527/4527/4527 4528/4528/4528
f 4528/4528/4528 4532/4532/4532 4533/4533/4533
f 4527/4527/4527 4526/4526/4526 4530/4530/4530
f 4528/4528/4528 4527/4527/4527 4531/4531/4531
f 4533/4533/4533 4532/4532/4532 4536/4536/4536
f 4530/4530/4530 4534/4534/4534 4535/4535/4535
f 4531/4531/4531 4535/4535/4535 4536/4536/4536
f 4537/4537/4537 4536/4536/4536 4540/4540/4540
f 4534/4534/4534 4538/4538/4538 4539/4539/4539
f 4536/4536/4536 4535/4535/4535 4539/4539/4539
f 4541/4541/4541 4540/4540/4540 4544/4544/4544
f 4539/4539/4539 4538/4538/4538 4542/4542/4542
f 4539/4539/4539 4543/4543/4543 4544/4544/4544
f 4544/4544/4544 4548/4548/4548 4549/4549/4549
f 4542/4542/4542 4546/4546/4546 4547/4547/4547
f 4544/4544/4544 4543/4543/4543 4547/4547/4547
f 4548/4548/4548 4552/4552/4552 4553/4553/4553
f 4547/4547/4547 4546/4546/4546 4550/4550/4550
f 4547/4547/4547 4551/4551/4551 4552/4552/4552
f 4552/4552/4552 4556/4556/4556 4557/4557/4557
f 4551/4551/4551 4550/4550/4550 4554/4554/4554
f 4552/4552/4552 4551/4551/4551 4555/4555/4555
f 4557/4557/4557 4556/4556/4556 4560/4560/4560
f 4554/4554/4554 4558/4558/4558 4559/4559/4559
f 4555/4555/4555 4559/4559/4559 4560/4560/4560
f 4560/4560/4560 4564/4564/4564 4565/4565/4565
f 4559/4559/4559 4558/4558/4558 4562/4562/4562
f 4560/4560/4560 4559/4559/4559 4563/4563/4563
f 4565/4565/4565 4564/4564/4564 4568/4568/4568
f 4562/4562/4562 4566/4566/4566 4567/4567/4567
f 4563/4563/4563 4567/4567/4567 4568/4568/4568
f 4569/4569/4569 4568/4568/4568 4572/4572/4572
f 4567/4567/4567 4566/4566/4566 4570/4570/4570
f 4568/4568/4568 4567/4567/4567 4571/4571/4571
f 4572/4572/4572 4576/4576/4576 4577/4577/4577
f 4570/4570/4570 4574/4574/4574 4575/4575/4575
f 4571/4571/4571 4575/4575/4575 4576/4576/4576
f 4576/4576/4576 4580/4580/4580 4581/4581/4581
f 4575/4575/4575 4574/4574/4574 4578/4578/4578
f 4576/4576/4576 4575/4575/4575 4579/4579/4579
f 4580/4580/4580 4584/4584/4584 4585/4585/4585
f 4578/4578/4578 4582/4582/4582 4583/4583/4583
f 4579/4579/4579 4583/4583/4583 4584/4584/4584
f 4584/4584/4584 4588/4588/4588 4589/4589/4589
f 4583/4583/4583 4582/4582/4582 4586/4586/4586
f 4584/4584/4584 4583/4583/4583 4587/4587/4587
f 4589/4589/4589 4588/4588/4588 4592/4592/4592
f 4586/4586/4586 4590/4590/4590 4591/4591/4591
f 4587/4587/4587 4591/4591/4591 4592/4592/4592
f 4592/4592/4592 4596/4596/4596 4597/4597/4597
f 4591/4591/4591 4590/4590/4590 4594/4594/4594
f 4592/4592/4592 4591/4591/4591 4595/4595/4595
f 4597/4597/4597 4596/4596/4596 4601/4601/4601
f 4594/4594/4594 4599/4599/4599 4600/4600/4600
f 4595/4595/4595 4600/4600/4600 4601/4601/4601
f 4602/4602/4602 4601/4601/4601 4605/4605/4605
f 4600/4600/4600 4599/4599/4599 4603/4603/4603
f 4601/4601/4601 4600/4600/4600 4604/4604/4604
f 4606/4606/4606 4605/4605/4605 4480/4480/4480
f 4603/4603/4603 4478/4478/4478 4479/4479/4479
f 4604/4604/4604 4479/4479/4479 4480/4480/4480
f 4615/4615/4615 4614/4614/4614 4627/4627/4627
f 4612/4612/4612 4625/4625/4625 4626/4626/4626
f 4611/4611/4611 4610/4610/4610 4623/4623/4623
f 4609/4609/4609 4608/4608/4608 4621/4621/4621
f 4618/4618/4618 4617/4617/4617 4630/4630/4630
f 4615/4615/4615 4628/4628/4628 4629/4629/4629
f 4613/4613/4613 4626/4626/4626 4627/4627/4627
f 4612/4612/4612 4611/4611/4611 4624/4624/4624
f 4609/4609/4609 4622/4622/4622 4623/4623/4623
f 4607/4607/4607 4620/4620/4620 4621/4621/4621
f 4619/4619/4619 4618/4618/4618 4631/4631/4631
f 4617/4617/4617 4616/4616/4616 4629/4629/4629
f 4622/4622/4622 4635/4635/4635 4636/4636/4636
f 4620/4620/4620 4633/4633/4633 4634/4634/4634
f 4632/4632/4632 4631/4631/4631 4644/4644/4644
f 4629/4629/4629 4642/4642/4642 4643/4643/4643
f 4628/4628/4628 4627/4627/4627 4640/4640/4640
f 4626/4626/4626 4625/4625/4625 4638/4638/4638
f 4624/4624/4624 4623/4623/4623 4636/4636/4636
f 4622/4622/4622 4621/4621/4621 4634/4634/4634
f 4631/4631/4631 4630/4630/4630 4643/4643/4643
f 4628/4628/4628 4641/4641/4641 4642/4642/4642
f 4626/4626/4626 4639/4639/4639 4640/4640/4640
f 4624/4624/4624 4637/4637/4637 4638/4638/4638
f 4635/4635/4635 4648/4648/4648 4649/4649/4649
f 4634/4634/4634 4633/4633/4633 4646/4646/4646
f 4644/4644/4644 4657/4657/4657 4658/4658/4658
f 4642/4642/4642 4655/4655/4655 4656/4656/4656
f 4641/4641/4641 4640/4640/4640 4653/4653/4653
f 4639/4639/4639 4638/4638/4638 4651/4651/4651
f 4636/4636/4636 4649/4649/4649 4650/4650/4650
f 4635/4635/4635 4634/4634/4634 4647/4647/4647
f 4643/4643/4643 4656/4656/4656 4657/4657/4657
f 4642/4642/4642 4641/4641/4641 4654/4654/4654
f 4640/4640/4640 4639/4639/4639 4652/4652/4652
f 4637/4637/4637 4650/4650/4650 4651/4651/4651
f 4648/4648/4648 4661/4661/4661 4662/4662/4662
f 4646/4646/4646 4659/4659/4659 4660/4660/4660
f 4658/4658/4658 4657/4657/4657 4670/4670/4670
f 4656/4656/4656 4655/4655/4655 4668/4668/4668
f 4653/4653/4653 4666/4666/4666 4667/4667/4667
f 4651/4651/4651 4664/4664/4664 4665/4665/4665
f 4649/4649/4649 4662/4662/4662 4663/4663/4663
f 4648/4648/4648 4647/4647/4647 4660/4660/4660
f 4656/4656/4656 4669/4669/4669 4670/4670/4670
f 4654/4654/4654 4667/4667/4667 4668/4668/4668
f 4653/4653/4653 4652/4652/4652 4665/4665/4665
f 4651/4651/4651 4650/4650/4650 4663/4663/4663
f 4661/4661/4661 4674/4674/4674 4675/4675/4675
f 4660/4660/4660 4659/4659/4659 4672/4672/4672
f 4670/4670/4670 4683/4683/4683 4684/4684/4684
f 4668/4668/4668 4681/4681/4681 4682/4682/4682
f 4667/4667/4667 4666/4666/4666 4679/4679/4679
f 4665/4665/4665 4664/4664/4664 4677/4677/4677
f 4663/4663/4663 4662/4662/4662 4675/4675/4675
f 4661/4661/4661 4660/4660/4660 4673/4673/4673
f 4670/4670/4670 4669/4669/4669 4682/4682/4682
f 4667/4667/4667 4680/4680/4680 4681/4681/4681
f 4665/4665/4665 4678/4678/4678 4679/4679/4679
f 4663/4663/4663 4676/4676/4676 4677/4677/4677
f 4675/4675/4675 4674/4674/4674 4687/4687/4687
f 4672/4672/4672 4685/4685/4685 4686/4686/4686
f 4684/4684/4684 4683/4683/4683 4696/4696/4696
f 4682/4682/4682 4681/4681/4681 4694/4694/4694
f 4679/4679/4679 4692/4692/4692 4693/4693/4693
f 4678/4678/4678 4677/4677/4677 4690/4690/4690
f 4676/4676/4676 4675/4675/4675 4688/4688/4688
f 4673/4673/4673 4686/4686/4686 4687/4687/4687
f 4683/4683/4683 4682/4682/4682 4695/4695/4695
f 4681/4681/4681 4680/4680/4680 4693/4693/4693
f 4678/4678/4678 4691/4691/4691 4692/4692/4692
f 4676/4676/4676 4689/4689/4689 4690/4690/4690
f 4688/4688/4688 4687/4687/4687 4700/4700/4700
f 4686/4686/4686 4685/4685/4685 4698/4698/4698
f 4696/4696/4696 4709/4709/4709 4710/4710/4710
f 4695/4695/4695 4694/4694/4694 4707/4707/4707
f 4692/4692/4692 4705/4705/4705 4706/4706/4706
f 4691/4691/4691 4690/4690/4690 4703/4703/4703
f 4688/4688/4688 4701/4701/4701 4702/4702/4702
f 4686/4686/4686 4699/4699/4699 4700/4700/4700
f 4695/4695/4695 4708/4708/4708 4709/4709/4709
f 4694/4694/4694 4693/4693/4693 4706/4706/4706
f 4692/4692/4692 4691/4691/4691 4704/4704/4704
f 4689/4689/4689 4702/4702/4702 4703/4703/4703
f 4701/4701/4701 4700/4700/4700 4713/4713/4713
f 4699/4699/4699 4698/4698/4698 4711/4711/4711
f 4710/4710/4710 4709/4709/4709 4722/4722/4722
f 4707/4707/4707 4720/4720/4720 4721/4721/4721
f 4705/4705/4705 4718/4718/4718 4719/4719/4719
f 4704/4704/4704 4703/4703/4703 4716/4716/4716
f 4701/4701/4701 4714/4714/4714 4715/4715/4715
f 4699/4699/4699 4712/4712/4712 4713/4713/4713
f 4709/4709/4709 4708/4708/4708 4721/4721/4721
f 4707/4707/4707 4706/4706/4706 4719/4719/4719
f 4705/4705/4705 4704/4704/4704 4717/4717/4717
f 4702/4702/4702 4715/4715/4715 4716/4716/4716
f 4713/4713/4713 4726/4726/4726 4727/4727/4727
f 4711/4711/4711 4724/4724/4724 4725/4725/4725
f 4723/4723/4723 4722/4722/4722 4735/4735/4735
f 4721/4721/4721 4720/4720/4720 4733/4733/4733
f 4719/4719/4719 4718/4718/4718 4731/4731/4731
f 4716/4716/4716 4729/4729/4729 4730/4730/4730
f 4715/4715/4715 4714/4714/4714 4727/4727/4727
f 4713/4713/4713 4712/4712/4712 4725/4725/4725
f 4721/4721/4721 4734/4734/4734 4735/4735/4735
f 4719/4719/4719 4732/4732/4732 4733/4733/4733
f 4717/4717/4717 4730/4730/4730 4731/4731/4731
f 4716/4716/4716 4715/4715/4715 4728/4728/4728
f 4726/4726/4726 4739/4739/4739 4740/4740/4740
f 4724/4724/4724 4737/4737/4737 4738/4738/4738
f 4736/4736/4736 4735/4735/4735 4748/4748/4748
f 4733/4733/4733 4746/4746/4746 4747/4747/4747
f 4732/4732/4732 4731/4731/4731 4744/4744/4744
f 4730/4730/4730 4729/4729/4729 4742/4742/4742
f 4728/4728/4728 4727/4727/4727 4740/4740/4740
f 4726/4726/4726 4725/4725/4725 4738/4738/4738
f 4735/4735/4735 4734/4734/4734 4747/4747/4747
f 4732/4732/4732 4745/4745/4745 4746/4746/4746
f 4730/4730/4730 4743/4743/4743 4744/4744/4744
f 4728/4728/4728 4741/4741/4741 4742/4742/4742
f 4739/4739/4739 4752/4752/4752 4753/4753/4753
f 4738/4738/4738 4737/4737/4737 4750/4750/4750
f 4748/4748/4748 4761/4761/4761 4762/4762/4762
f 4746/4746/4746 4759/4759/4759 4760/4760/4760
f 4745/4745/4745 4744/4744/4744 4757/4757/4757
f 4743/4743/4743 4742/4742/4742 4755/4755/4755
f 4740/4740/4740 4753/4753/4753 4754/4754/4754
f 4739/4739/4739 4738/4738/4738 4751/4751/4751
f 4747/4747/4747 4760/4760/4760 4761/4761/4761
f 4745/4745/4745 4758/4758/4758 4759/4759/4759
f 4744/4744/4744 4743/4743/4743 4756/4756/4756
f 4741/4741/4741 4754/4754/4754 4755/4755/4755
f 4753/4753/4753 4752/4752/4752 4765/4765/4765
f 4750/4750/4750 4763/4763/4763 4764/4764/4764
f 4762/4762/4762 4761/4761/4761 4774/4774/4774
f 4759/4759/4759 4772/4772/4772 4773/4773/4773
f 4758/4758/4758 4757/4757/4757 4770/4770/4770
f 4755/4755/4755 4768/4768/4768 4769/4769/4769
f 4753/4753/4753 4766/4766/4766 4767/4767/4767
f 4752/4752/4752 4751/4751/4751 4764/4764/4764
f 4760/4760/4760 4773/4773/4773 4774/4774/4774
f 4758/4758/4758 4771/4771/4771 4772/4772/4772
f 4757/4757/4757 4756/4756/4756 4769/4769/4769
f 4755/4755/4755 4754/4754/4754 4767/4767/4767
f 4765/4765/4765 4778/4778/4778 4779/4779/4779
f 4764/4764/4764 4763/4763/4763 4776/4776/4776
f 4774/4774/4774 4787/4787/4787 4788/4788/4788
f 4772/4772/4772 4785/4785/4785 4786/4786/4786
f 4771/4771/4771 4770/4770/4770 4783/4783/4783
f 4769/4769/4769 4768/4768/4768 4781/4781/4781
f 4767/4767/4767 4766/4766/4766 4779/4779/4779
f 4765/4765/4765 4764/4764/4764 4777/4777/4777
f 4774/4774/4774 4773/4773/4773 4786/4786/4786
f 4771/4771/4771 4784/4784/4784 4785/4785/4785
f 4769/4769/4769 4782/4782/4782 4783/4783/4783
f 4767/4767/4767 4780/4780/4780 4781/4781/4781
f 4779/4779/4779 4778/4778/4778 4791/4791/4791
f 4776/4776/4776 4789/4789/4789 4790/4790/4790
f 4788/4788/4788 4787/4787/4787 4800/4800/4800
f 4786/4786/4786 4785/4785/4785 4798/4798/4798
f 4783/4783/4783 4796/4796/4796 4797/4797/4797
f 4782/4782/4782 4781/4781/4781 4794/4794/4794
f 4780/4780/4780 4779/4779/4779 4792/4792/4792
f 4777/4777/4777 4790/4790/4790 4791/4791/4791
f 4787/4787/4787 4786/4786/4786 4799/4799/4799
f 4785/4785/4785 4784/4784/4784 4797/4797/4797
f 4782/4782/4782 4795/4795/4795 4796/4796/4796
f 4780/4780/4780 4793/4793/4793 4794/4794/4794
f 4792/4792/4792 4791/4791/4791 4804/4804/4804
f 4790/4790/4790 4789/4789/4789 4802/4802/4802
f 4800/4800/4800 4813/4813/4813 4814/4814/4814
f 4799/4799/4799 4798/4798/4798 4811/4811/4811
f 4796/4796/4796 4809/4809/4809 4810/4810/4810
f 4795/4795/4795 4794/4794/4794 4807/4807/4807
f 4792/4792/4792 4805/4805/4805 4806/4806/4806
f 4790/4790/4790 4803/4803/4803 4804/4804/4804
f 4799/4799/4799 4812/4812/4812 4813/4813/4813
f 4798/4798/4798 4797/4797/4797 4810/4810/4810
f 4796/4796/4796 4795/4795/4795 4808/4808/4808
f 4793/4793/4793 4806/4806/4806 4807/4807/4807
f 4805/4805/4805 4804/4804/4804 4817/4817/4817
f 4803/4803/4803 4802/4802/4802 4815/4815/4815
f 4814/4814/4814 4813/4813/4813 4826/4826/4826
f 4811/4811/4811 4824/4824/4824 4825/4825/4825
f 4809/4809/4809 4822/4822/4822 4823/4823/4823
f 4808/4808/4808 4807/4807/4807 4820/4820/4820
f 4805/4805/4805 4818/4818/4818 4819/4819/4819
f 4803/4803/4803 4816/4816/4816 4817/4817/4817
f 4813/4813/4813 4812/4812/4812 4825/4825/4825
f 4811/4811/4811 4810/4810/4810 4823/4823/4823
f 4809/4809/4809 4808/4808/4808 4821/4821/4821
f 4806/4806/4806 4819/4819/4819 4820/4820/4820
f 4817/4817/4817 4830/4830/4830 4831/4831/4831
f 4815/4815/4815 4828/4828/4828 4829/4829/4829
f 4826/4826/4826 4839/4839/4839 4840/4840/4840
f 4825/4825/4825 4824/4824/4824 4837/4837/4837
f 4823/4823/4823 4822/4822/4822 4835/4835/4835
f 4820/4820/4820 4833/4833/4833 4834/4834/4834
f 4819/4819/4819 4818/4818/4818 4831/4831/4831
f 4817/4817/4817 4816/4816/4816 4829/4829/4829
f 4825/4825/4825 4838/4838/4838 4839/4839/4839
f 4823/4823/4823 4836/4836/4836 4837/4837/4837
f 4821/4821/4821 4834/4834/4834 4835/4835/4835
f 4820/4820/4820 4819/4819/4819 4832/4832/4832
f 4830/4830/4830 4843/4843/4843 4844/4844/4844
f 4828/4828/4828 4841/4841/4841 4842/4842/4842
f 4840/4840/4840 4839/4839/4839 4852/4852/4852
f 4837/4837/4837 4850/4850/4850 4851/4851/4851
f 4836/4836/4836 4835/4835/4835 4848/4848/4848
f 4834/4834/4834 4833/4833/4833 4846/4846/4846
f 4832/4832/4832 4831/4831/4831 4844/4844/4844
f 4830/4830/4830 4829/4829/4829 4842/4842/4842
f 4839/4839/4839 4838/4838/4838 4851/4851/4851
f 4836/4836/4836 4849/4849/4849 4850/4850/4850
f 4834/4834/4834 4847/4847/4847 4848/4848/4848
f 4832/4832/4832 4845/4845/4845 4846/4846/4846
f 4843/4843/4843 4856/4856/4856 4857/4857/4857
f 4842/4842/4842 4841/4841/4841 4854/4854/4854
f 4852/4852/4852 4865/4865/4865 4866/4866/4866
f 4850/4850/4850 4863/4863/4863 4864/4864/4864
f 4849/4849/4849 4848/4848/4848 4861/4861/4861
f 4847/4847/4847 4846/4846/4846 4859/4859/4859
f 4844/4844/4844 4857/4857/4857 4858/4858/4858
f 4843/4843/4843 4842/4842/4842 4855/4855/4855
f 4851/4851/4851 4864/4864/4864 4865/4865/4865
f 4849/4849/4849 4862/4862/4862 4863/4863/4863
f 4848/4848/4848 4847/4847/4847 4860/4860/4860
f 4845/4845/4845 4858/4858/4858 4859/4859/4859
f 4857/4857/4857 4856/4856/4856 4869/4869/4869
f 4855/4855/4855 4854/4854/4854 4867/4867/4867
f 4866/4866/4866 4865/4865/4865 4878/4878/4878
f 4864/4864/4864 4863/4863/4863 4876/4876/4876
f 4862/4862/4862 4861/4861/4861 4874/4874/4874
f 4859/4859/4859 4872/4872/4872 4873/4873/4873
f 4857/4857/4857 4870/4870/4870 4871/4871/4871
f 4856/4856/4856 4855/4855/4855 4868/4868/4868
f 4864/4864/4864 4877/4877/4877 4878/4878/4878
f 4862/4862/4862 4875/4875/4875 4876/4876/4876
f 4861/4861/4861 4860/4860/4860 4873/4873/4873
f 4859/4859/4859 4858/4858/4858 4871/4871/4871
f 4869/4869/4869 4882/4882/4882 4883/4883/4883
f 4868/4868/4868 4867/4867/4867 4880/4880/4880
f 4878/4878/4878 4891/4891/4891 4892/4892/4892
f 4877/4877/4877 4876/4876/4876 4889/4889/4889
f 4874/4874/4874 4887/4887/4887 4888/4888/4888
f 4873/4873/4873 4872/4872/4872 4885/4885/4885
f 4871/4871/4871 4870/4870/4870 4883/4883/4883
f 4868/4868/4868 4881/4881/4881 4882/4882/4882
f 4878/4878/4878 4877/4877/4877 4890/4890/4890
f 4876/4876/4876 4875/4875/4875 4888/4888/4888
f 4873/4873/4873 4886/4886/4886 4887/4887/4887
f 4871/4871/4871 4884/4884/4884 4885/4885/4885
f 4883/4883/4883 4882/4882/4882 4896/4896/4896
f 4880/4880/4880 4894/4894/4894 4895/4895/4895
f 4892/4892/4892 4891/4891/4891 4905/4905/4905
f 4890/4890/4890 4889/4889/4889 4903/4903/4903
f 4887/4887/4887 4901/4901/4901 4902/4902/4902
f 4885/4885/4885 4899/4899/4899 4900/4900/4900
f 4884/4884/4884 4883/4883/4883 4897/4897/4897
f 4881/4881/4881 4895/4895/4895 4896/4896/4896
f 4891/4891/4891 4890/4890/4890 4904/4904/4904
f 4889/4889/4889 4888/4888/4888 4902/4902/4902
f 4886/4886/4886 4900/4900/4900 4901/4901/4901
f 4885/4885/4885 4884/4884/4884 4898/4898/4898
f 4897/4897/4897 4896/4896/4896 4909/4909/4909
f 4895/4895/4895 4894/4894/4894 4907/4907/4907
f 4905/4905/4905 4918/4918/4918 4919/4919/4919
f 4904/4904/4904 4903/4903/4903 4916/4916/4916
f 4901/4901/4901 4914/4914/4914 4915/4915/4915
f 4899/4899/4899 4912/4912/4912 4913/4913/4913
f 4897/4897/4897 4910/4910/4910 4911/4911/4911
f 4895/4895/4895 4908/4908/4908 4909/4909/4909
f 4904/4904/4904 4917/4917/4917 4918/4918/4918
f 4903/4903/4903 4902/4902/4902 4915/4915/4915
f 4901/4901/4901 4900/4900/4900 4913/4913/4913
f 4899/4899/4899 4898/4898/4898 4911/4911/4911
f 4910/4910/4910 4909/4909/4909 4922/4922/4922
f 4908/4908/4908 4907/4907/4907 4920/4920/4920
f 4919/4919/4919 4918/4918/4918 4931/4931/4931
f 4916/4916/4916 4929/4929/4929 4930/4930/4930
f 4914/4914/4914 4927/4927/4927 4928/4928/4928
f 4913/4913/4913 4912/4912/4912 4925/4925/4925
f 4910/4910/4910 4923/4923/4923 4924/4924/4924
f 4908/4908/4908 4921/4921/4921 4922/4922/4922
f 4918/4918/4918 4917/4917/4917 4930/4930/4930
f 4916/4916/4916 4915/4915/4915 4928/4928/4928
f 4914/4914/4914 4913/4913/4913 4926/4926/4926
f 4911/4911/4911 4924/4924/4924 4925/4925/4925
f 4922/4922/4922 4935/4935/4935 4936/4936/4936
f 4920/4920/4920 4933/4933/4933 4934/4934/4934
f 4931/4931/4931 4944/4944/4944 4945/4945/4945
f 4930/4930/4930 4929/4929/4929 4942/4942/4942
f 4928/4928/4928 4927/4927/4927 4940/4940/4940
f 4925/4925/4925 4938/4938/4938 4939/4939/4939
f 4924/4924/4924 4923/4923/4923 4936/4936/4936
f 4922/4922/4922 4921/4921/4921 4934/4934/4934
f 4930/4930/4930 4943/4943/4943 4944/4944/4944
f 4928/4928/4928 4941/4941/4941 4942/4942/4942
f 4926/4926/4926 4939/4939/4939 4940/4940/4940
f 4925/4925/4925 4924/4924/4924 4937/4937/4937
f 4935/4935/4935 4948/4948/4948 4949/4949/4949
f 4933/4933/4933 4946/4946/4946 4947/4947/4947
f 4945/4945/4945 4944/4944/4944 4957/4957/4957
f 4942/4942/4942 4955/4955/4955 4956/4956/4956
f 4941/4941/4941 4940/4940/4940 4953/4953/4953
f 4938/4938/4938 4951/4951/4951 4952/4952/4952
f 4937/4937/4937 4936/4936/4936 4949/4949/4949
f 4935/4935/4935 4934/4934/4934 4947/4947/4947
f 4944/4944/4944 4943/4943/4943 4956/4956/4956
f 4941/4941/4941 4954/4954/4954 4955/4955/4955
f 4939/4939/4939 4952/4952/4952 4953/4953/4953
f 4938/4938/4938 4937/4937/4937 4950/4950/4950
f 4948/4948/4948 4961/4961/4961 4962/4962/4962
f 4947/4947/4947 4946/4946/4946 4959/4959/4959
f 4957/4957/4957 4970/4970/4970 4971/4971/4971
f 4955/4955/4955 4968/4968/4968 4969/4969/4969
f 4954/4954/4954 4953/4953/4953 4966/4966/4966
f 4951/4951/4951 4964/4964/4964 4965/4965/4965
f 4949/4949/4949 4962/4962/4962 4963/4963/4963
f 4948/4948/4948 4947/4947/4947 4960/4960/4960
f 4956/4956/4956 4969/4969/4969 4970/4970/4970
f 4954/4954/4954 4967/4967/4967 4968/4968/4968
f 4953/4953/4953 4952/4952/4952 4965/4965/4965
f 4951/4951/4951 4950/4950/4950 4963/4963/4963
f 4962/4962/4962 4961/4961/4961 4974/4974/4974
f 4959/4959/4959 4972/4972/4972 4973/4973/4973
f 4971/4971/4971 4970/4970/4970 4983/4983/4983
f 4968/4968/4968 4981/4981/4981 4982/4982/4982
f 4966/4966/4966 4979/4979/4979 4980/4980/4980
f 4964/4964/4964 4977/4977/4977 4978/4978/4978
f 4962/4962/4962 4975/4975/4975 4976/4976/4976
f 4960/4960/4960 4973/4973/4973 4974/4974/4974
f 4969/4969/4969 4982/4982/4982 4983/4983/4983
f 4967/4967/4967 4980/4980/4980 4981/4981/4981
f 4966/4966/4966 4965/4965/4965 4978/4978/4978
f 4964/4964/4964 4963/4963/4963 4976/4976/4976
f 4975/4975/4975 4974/4974/4974 4987/4987/4987
f 4973/4973/4973 4972/4972/4972 4985/4985/4985
f 4983/4983/4983 4996/4996/4996 4997/4997/4997
f 4981/4981/4981 4994/4994/4994 4995/4995/4995
f 4979/4979/4979 4992/4992/4992 4993/4993/4993
f 4978/4978/4978 4977/4977/4977 4990/4990/4990
f 4976/4976/4976 4975/4975/4975 4988/4988/4988
f 4973/4973/4973 4986/4986/4986 4987/4987/4987
f 4983/4983/4983 4982/4982/4982 4995/4995/4995
f 4981/4981/4981 4980/4980/4980 4993/4993/4993
f 4978/4978/4978 4991/4991/4991 4992/4992/4992
f 4976/4976/4976 4989/4989/4989 4990/4990/4990
f 4988/4988/4988 4987/4987/4987 5000/5000/5000
f 4985/4985/4985 4998/4998/4998 4999/4999/4999
f 4997/4997/4997 4996/4996/4996 5009/5009/5009
f 4995/4995/4995 4994/4994/4994 5007/5007/5007
f 4992/4992/4992 5005/5005/5005 5006/5006/5006
f 4991/4991/4991 4990/4990/4990 5003/5003/5003
f 4989/4989/4989 4988/4988/4988 5001/5001/5001
f 4986/4986/4986 4999/4999/4999 5000/5000/5000
f 4996/4996/4996 4995/4995/4995 5008/5008/5008
f 4994/4994/4994 4993/4993/4993 5006/5006/5006
f 4991/4991/4991 5004/5004/5004 5005/5005/5005
f 4989/4989/4989 5002/5002/5002 5003/5003/5003
f 5001/5001/5001 5000/5000/5000 5013/5013/5013
f 4999/4999/4999 4998/4998/4998 5011/5011/5011
f 5009/5009/5009 5022/5022/5022 5023/5023/5023
f 5008/5008/5008 5007/5007/5007 5020/5020/5020
f 5005/5005/5005 5018/5018/5018 5019/5019/5019
f 5004/5004/5004 5003/5003/5003 5016/5016/5016
f 5001/5001/5001 5014/5014/5014 5015/5015/5015
f 4999/4999/4999 5012/5012/5012 5013/5013/5013
f 5008/5008/5008 5021/5021/5021 5022/5022/5022
f 5007/5007/5007 5006/5006/5006 5019/5019/5019
f 5005/5005/5005 5004/5004/5004 5017/5017/5017
f 5002/5002/5002 5015/5015/5015 5016/5016/5016
f 5014/5014/5014 5013/5013/5013 4609/4609/4609
f 5012/5012/5012 5011/5011/5011 4607/4607/4607
f 5022/5022/5022 4618/4618/4618 4619/4619/4619
f 5020/5020/5020 4616/4616/4616 4617/4617/4617
f 5018/5018/5018 4614/4614/4614 4615/4615/4615
f 5017/5017/5017 5016/5016/5016 4612/4612/4612
f 5014/5014/5014 4610/4610/4610 4611/4611/4611
f 5012/5012/5012 4608/4608/4608 4609/4609/4609
f 5021/5021/5021 4617/4617/4617 4618/4618/4618
f 5020/5020/5020 5019/5019/5019 4615/4615/4615
f 5018/5018/5018 5017/5017/5017 4613/4613/4613
f 5015/5015/5015 4611/4611/4611 4612/4612/4612
f 4481/4481/4481 4607/4607/4607 5011/5011/5011
f 5011/5011/5011 4998/4998/4998 4602/4602/4602
f 4998/4998/4998 4985/4985/4985 4597/4597/4597
f 4985/4985/4985 4972/4972/4972 4593/4593/4593
f 4593/4593/4593 4972/4972/4972 4959/4959/4959
f 4589/4589/4589 4959/4959/4959 4946/4946/4946
f 4585/4585/4585 4946/4946/4946 4933/4933/4933
f 4933/4933/4933 4920/4920/4920 4577/4577/4577
f 4577/4577/4577 4920/4920/4920 4907/4907/4907
f 4907/4907/4907 4894/4894/4894 4569/4569/4569
f 4894/4894/4894 4880/4880/4880 4565/4565/4565
f 4880/4880/4880 4867/4867/4867 4561/4561/4561
f 4561/4561/4561 4867/4867/4867 4854/4854/4854
f 4557/4557/4557 4854/4854/4854 4841/4841/4841
f 4553/4553/4553 4841/4841/4841 4828/4828/4828
f 4828/4828/4828 4815/4815/4815 4545/4545/4545
f 4545/4545/4545 4815/4815/4815 4802/4802/4802
f 4802/4802/4802 4789/4789/4789 4537/4537/4537
f 4789/4789/4789 4776/4776/4776 4533/4533/4533
f 4776/4776/4776 4763/4763/4763 4529/4529/4529
f 4529/4529/4529 4763/4763/4763 4750/4750/4750
f 4525/4525/4525 4750/4750/4750 4737/4737/4737
f 4521/4521/4521 4737/4737/4737 4724/4724/4724
f 4724/4724/4724 4711/4711/4711 4513/4513/4513
f 4513/4513/4513 4711/4711/4711 4698/4698/4698
f 4698/4698/4698 4685/4685/4685 4505/4505/4505
f 4685/4685/4685 4672/4672/4672 4501/4501/4501
f 4672/4672/4672 4659/4659/4659 4497/4497/4497
f 4497/4497/4497 4659/4659/4659 4646/4646/4646
f 4493/4493/4493 4646/4646/4646 4633/4633/4633
f 4489/4489/4489 4633/4633/4633 4620/4620/4620
f 4620/4620/4620 4607/4607/4607 4481/4481/4481
