# DreamTalk FLAME 3D Face Mesh (textured)
# 5023 vertices, 9976 faces
mtllib generated_head.mtl
usemtl face_texture

v 0.173935 -0.050788 -0.130592
v 0.181563 -0.056742 -0.124642
v 0.186378 -0.053328 -0.122469
v 0.178105 -0.048529 -0.129611
v 0.212154 -0.046583 -0.112157
v 0.240064 -0.041551 -0.105938
v 0.224623 -0.033023 -0.103754
v 0.210057 -0.031708 -0.106895
v 0.082760 -0.062605 -0.302447
v 0.050345 -0.052528 -0.311698
v 0.048728 -0.044115 -0.287489
v 0.071325 -0.046943 -0.267270
v 0.053019 0.072981 -0.172072
v 0.068196 0.054938 -0.193264
v 0.048243 0.121893 -0.168337
v 0.040633 0.104193 -0.154474
v 0.089832 0.097238 0.079793
v 0.109938 0.093105 0.073646
v 0.114609 0.075774 0.090957
v -0.187678 -0.054013 -0.037365
v -0.194529 -0.056085 -0.034622
v -0.195221 -0.054734 -0.035778
v -0.188068 -0.053855 -0.037234
v -0.187282 -0.049352 -0.056639
v -0.199243 -0.042175 -0.047812
v -0.201052 -0.032827 -0.047862
v -0.194330 -0.031697 -0.055466
v 0.096064 0.076585 0.100223
v 0.212160 -0.005057 -0.074520
v 0.207878 -0.010889 -0.066359
v 0.200465 -0.014367 -0.053310
v 0.208367 -0.008611 -0.060410
v 0.208355 -0.035996 -0.057704
v 0.207780 -0.019425 -0.066666
v 0.209051 -0.014476 -0.071015
v 0.208849 -0.020049 -0.064602
v 0.208793 -0.061091 -0.051272
v 0.213438 -0.061660 -0.057697
v 0.208580 -0.049106 -0.055218
v 0.204855 -0.047302 -0.046444
v 0.149667 -0.166225 -0.099241
v 0.152280 -0.155289 -0.102506
v 0.159787 -0.167595 -0.102448
v 0.156710 -0.186793 -0.095701
v 0.161993 -0.152939 -0.103022
v 0.166895 -0.161188 -0.107666
v 0.177475 -0.135460 -0.104103
v 0.173304 -0.134767 -0.103432
v 0.211068 0.024965 -0.076690
v 0.210189 0.020938 -0.070559
v 0.214729 0.020367 -0.062807
v 0.213280 0.024428 -0.070104
v 0.213445 -0.072971 -0.145928
v 0.206494 -0.088057 -0.143381
v 0.217565 -0.074765 -0.133241
v 0.222182 -0.072073 -0.131245
v 0.209147 0.003438 -0.070362
v 0.206998 0.005266 -0.074354
v 0.205419 0.000253 -0.072804
v 0.212752 -0.002509 -0.066376
v 0.214441 -0.004170 -0.086861
v 0.211433 -0.010161 -0.080282
v 0.164553 -0.110252 -0.104467
v 0.176903 -0.094990 -0.093339
v 0.181400 -0.093862 -0.094275
v 0.170844 -0.101281 -0.102604
v 0.214044 -0.047110 -0.120730
v 0.223315 -0.036583 -0.109813
v 0.205157 -0.097437 -0.072103
v 0.209154 -0.094130 -0.065213
v 0.214358 -0.078149 -0.057927
v 0.205561 -0.077681 -0.063130
v 0.205563 -0.083352 -0.061660
v 0.214405 -0.072854 -0.059421
v 0.214975 -0.071613 -0.060640
v 0.210626 -0.077922 -0.060898
v 0.204748 0.013710 -0.080017
v 0.204971 0.021902 -0.071606
v 0.206662 0.017343 -0.071394
v 0.203647 0.010091 -0.078508
v 0.221474 -0.042086 -0.108310
v 0.219110 -0.028016 -0.107703
v 0.220488 -0.035205 -0.118537
v 0.223967 -0.047985 -0.122572
v 0.206992 0.002919 -0.076975
v 0.208455 -0.003365 -0.074001
v 0.207618 -0.005528 -0.070309
v 0.198125 0.002240 -0.062393
v 0.200289 0.003404 -0.065962
v 0.199810 0.000255 -0.069875
v 0.201843 -0.000608 -0.071153
v 0.174059 -0.165916 -0.102128
v 0.198940 -0.108433 -0.124636
v 0.199683 -0.103842 -0.117461
v 0.205838 -0.090622 -0.115351
v 0.204559 -0.092097 -0.130374
v 0.158269 -0.135142 -0.103714
v 0.154243 -0.142398 -0.107777
v 0.150057 -0.152340 -0.104227
v 0.153946 -0.158259 -0.097961
v 0.204889 0.008720 -0.062215
v 0.209684 0.005644 -0.063240
v 0.205875 0.004104 -0.065454
v 0.201756 0.007190 -0.064043
v 0.213471 -0.023531 -0.062197
v 0.210622 -0.008085 -0.063752
v 0.231775 -0.045931 -0.057304
v 0.226056 -0.045148 -0.060473
v 0.217852 -0.052825 -0.059439
v -0.047145 -0.060794 -0.280434
v -0.010970 -0.052094 -0.304354
v -0.004697 -0.043492 -0.275987
v -0.031187 -0.045828 -0.240302
v 0.227329 -0.054288 -0.056712
v 0.242565 -0.027966 -0.057747
v 0.230887 -0.027208 -0.059834
v 0.208332 -0.009788 -0.060391
v 0.210190 -0.023455 -0.056457
v 0.208137 -0.006917 -0.067549
v 0.214786 -0.020911 -0.129034
v 0.215773 -0.019713 -0.156195
v 0.220887 -0.041633 -0.163870
v 0.222727 -0.034944 -0.135464
v 0.198850 -0.080962 -0.088850
v 0.204033 -0.073199 -0.091788
v 0.190408 -0.078962 -0.100100
v 0.181213 -0.089676 -0.100072
v 0.205631 -0.096763 -0.110901
v 0.198934 -0.108897 -0.115358
v 0.198353 -0.112516 -0.114873
v 0.204451 -0.103440 -0.108851
v 0.209410 0.007371 -0.064880
v 0.211927 -0.001695 -0.061377
v 0.215584 -0.002983 -0.058076
v 0.179355 -0.097302 -0.092681
v 0.186910 -0.086587 -0.087850
v 0.189870 -0.094800 -0.081838
v 0.178262 -0.111791 -0.091085
v 0.201167 -0.133702 -0.086036
v 0.188088 -0.135828 -0.101218
v 0.180399 -0.146710 -0.102453
v 0.188380 -0.150487 -0.097342
v 0.177413 -0.095257 -0.101124
v 0.190805 -0.089114 -0.091709
v 0.220951 -0.036372 -0.097195
v 0.220874 -0.022948 -0.097472
v 0.225295 -0.006201 -0.060050
v 0.233516 -0.011086 -0.056951
v 0.209844 -0.038094 -0.103209
v 0.204892 -0.036125 -0.109023
v 0.205871 -0.041242 -0.110958
v 0.211817 -0.044730 -0.104484
v 0.210845 -0.040141 -0.097135
v 0.211432 -0.046692 -0.099016
v 0.209557 -0.046445 -0.096310
v 0.208761 -0.043401 -0.095310
v 0.202624 -0.034410 -0.113515
v 0.203964 -0.036562 -0.111498
v 0.204039 -0.032874 -0.110702
v 0.207421 -0.025162 -0.086761
v 0.210678 -0.037798 -0.086138
v 0.200823 -0.040042 -0.104179
v 0.205463 -0.029479 -0.103183
v 0.214177 -0.042538 -0.059050
v 0.214172 0.021082 -0.051848
v 0.211620 0.024753 -0.062476
v 0.213529 0.027426 -0.074902
v 0.175121 -0.080402 -0.121592
v 0.180505 -0.085950 -0.114134
v 0.177934 -0.088673 -0.116795
v 0.174550 -0.084672 -0.122047
v 0.196055 -0.067509 -0.111218
v 0.185111 -0.075945 -0.110505
v 0.199903 -0.071870 -0.102742
v 0.209654 -0.017947 -0.082764
v 0.208123 -0.029447 -0.102070
v 0.208947 -0.035152 -0.099133
v 0.208600 -0.034050 -0.092236
v 0.201375 -0.061477 -0.056562
v 0.195305 -0.046087 -0.050867
v 0.203477 -0.054705 -0.071452
v 0.206939 -0.068088 -0.075018
v 0.161669 -0.118536 -0.101078
v 0.173767 -0.112657 -0.100622
v 0.163898 -0.098246 -0.091695
v 0.214363 0.013541 -0.088714
v 0.217379 0.015119 -0.095571
v 0.216537 0.009077 -0.095175
v 0.214432 0.007829 -0.086308
v 0.193895 -0.012341 -0.088977
v 0.198688 -0.021453 -0.093732
v 0.198125 -0.016416 -0.087957
v 0.188812 -0.006838 -0.083587
v 0.145049 -0.081078 -0.262602
v 0.164117 -0.089534 -0.203158
v 0.185472 -0.082305 -0.230030
v 0.165951 -0.080551 -0.281789
v 0.196494 -0.120209 -0.074845
v 0.187201 -0.140287 -0.091675
v 0.223944 0.001858 -0.051030
v 0.227985 0.001978 -0.048858
v 0.219820 0.014824 -0.052699
v 0.230766 0.012721 -0.038523
v 0.205524 -0.025332 -0.074239
v 0.199949 -0.025166 -0.059830
v 0.203616 0.011948 -0.059237
v 0.207170 0.015783 -0.063777
v 0.205792 0.010112 -0.060995
v 0.202143 0.008748 -0.059536
v 0.212772 -0.005948 -0.070401
v 0.211533 -0.001391 -0.065097
v 0.204334 0.001325 -0.063832
v 0.202863 -0.001342 -0.068646
v 0.204150 0.008343 -0.060004
v 0.196154 0.019781 -0.073138
v 0.200409 -0.107590 -0.135514
v 0.217265 0.000595 -0.058753
v 0.222936 0.007648 -0.049201
v 0.214517 0.003833 -0.060244
v -0.025660 0.059521 -0.120495
v -0.029375 0.048200 -0.145540
v -0.014507 0.114028 -0.127726
v -0.013287 0.088770 -0.106785
v 0.191190 -0.087354 -0.080255
v 0.194578 -0.088080 -0.086232
v 0.201472 0.008221 -0.060349
v 0.199132 0.006595 -0.061412
v 0.197327 0.001819 -0.062591
v 0.198730 0.002307 -0.072728
v 0.220251 -0.028373 -0.066645
v 0.217115 -0.040367 -0.056200
v 0.197106 -0.097044 -0.181119
v 0.179974 -0.073840 -0.137929
v 0.199620 0.002970 -0.061597
v 0.199053 0.004271 -0.059451
v 0.199132 0.002997 -0.060177
v 0.197943 0.001455 -0.066565
v 0.170650 -0.152477 -0.101766
v 0.223193 -0.014056 -0.057983
v 0.212679 -0.015988 -0.065421
v 0.213490 -0.008854 -0.065279
v 0.207208 -0.039247 -0.047407
v 0.208140 -0.024529 -0.049196
v 0.197039 -0.026886 -0.046887
v 0.198623 -0.037495 -0.044818
v 0.164022 -0.135513 -0.102555
v 0.204305 -0.023626 -0.099274
v 0.213290 -0.028866 -0.103077
v 0.191442 0.004537 -0.080567
v 0.194317 0.002373 -0.067425
v 0.204104 -0.079034 -0.082996
v 0.206544 0.011994 -0.078846
v 0.207468 0.007768 -0.077897
v 0.206766 0.008818 -0.075695
v 0.207216 0.011841 -0.074126
v 0.208388 0.017286 -0.070161
v 0.204554 0.022489 -0.072002
v 0.206985 0.015842 -0.077491
v 0.205894 -0.005074 -0.070982
v 0.206751 -0.003945 -0.069803
v 0.171435 -0.110491 -0.100551
v 0.161389 -0.134528 -0.101586
v 0.218604 -0.062696 -0.059532
v 0.224701 -0.060553 -0.053782
v 0.210306 -0.046470 -0.080219
v 0.206445 -0.026912 -0.079543
v 0.216631 -0.031294 -0.086920
v 0.218052 -0.049543 -0.089095
v 0.223566 -0.061712 -0.126927
v 0.222654 -0.064414 -0.147356
v 0.208522 -0.041245 -0.092003
v 0.212422 -0.030319 -0.077163
v 0.189356 -0.001036 -0.079117
v 0.191248 0.003676 -0.073340
v 0.211312 -0.088436 -0.105772
v 0.196614 -0.109296 -0.100293
v 0.206929 -0.093836 -0.099749
v 0.193427 -0.109380 -0.106847
v 0.190047 -0.111454 -0.103159
v 0.190842 -0.113820 -0.100337
v 0.211282 -0.075769 -0.060899
v 0.218171 -0.071242 -0.056704
v 0.204968 -0.036525 -0.116283
v 0.201074 -0.039863 -0.122738
v 0.199408 -0.037942 -0.116566
v 0.230707 -0.026521 -0.066513
v 0.229445 -0.043352 -0.060271
v 0.208636 0.005218 -0.062347
v 0.216463 -0.023413 -0.091873
v 0.216472 -0.013252 -0.076551
v 0.213069 0.014597 -0.055138
v 0.209173 0.010596 -0.057558
v 0.211076 0.007316 -0.059970
v 0.215203 0.008649 -0.056948
v 0.176987 -0.062115 -0.128733
v 0.180375 -0.068159 -0.121891
v 0.188350 -0.061351 -0.117631
v 0.205731 0.018786 -0.067949
v 0.208952 0.012117 -0.066993
v 0.217005 -0.017753 -0.088401
v 0.202487 0.003154 -0.066436
v 0.204880 -0.001263 -0.067217
v 0.195284 0.006893 -0.153578
v 0.199542 0.007175 -0.128651
v 0.197922 0.011555 -0.116417
v 0.191273 0.018007 -0.131592
v 0.181154 -0.123255 -0.101049
v 0.184672 -0.124184 -0.101507
v 0.188191 -0.117321 -0.100511
v 0.186239 -0.116388 -0.100994
v 0.178010 -0.088681 -0.117450
v 0.174138 -0.087180 -0.122060
v 0.216548 -0.062046 -0.062088
v 0.218579 -0.063731 -0.060848
v 0.218560 -0.053291 -0.061397
v 0.212695 -0.049855 -0.059335
v 0.197662 -0.009359 -0.084745
v 0.194632 -0.013506 -0.088832
v 0.201884 -0.000414 -0.106826
v 0.205208 0.004128 -0.101606
v 0.204017 0.012618 -0.098783
v 0.199944 0.007874 -0.105856
v 0.210487 -0.012596 -0.083610
v 0.209547 -0.004473 -0.066180
v 0.214209 -0.006024 -0.062481
v 0.205213 -0.002263 -0.068391
v 0.200959 -0.003294 -0.074467
v 0.212938 -0.010107 -0.079617
v 0.203936 0.017470 -0.056780
v 0.204912 0.025154 -0.063682
v 0.208102 0.022166 -0.066484
v 0.204130 0.016691 -0.056730
v 0.201912 0.005702 -0.059544
v 0.053138 -0.050853 -0.341403
v 0.057181 -0.052843 -0.369625
v -0.097468 0.095935 0.038948
v -0.114880 0.092133 0.029937
v -0.116655 0.077371 0.042273
v -0.100902 0.078929 0.054044
v 0.208520 0.023156 -0.067448
v 0.204171 0.023485 -0.081006
v 0.207908 0.026633 -0.077714
v 0.208217 0.024960 -0.068774
v 0.207962 0.009100 -0.072623
v 0.206040 -0.000735 -0.071955
v 0.217272 -0.033181 -0.107601
v 0.208290 -0.039377 -0.119589
v 0.178820 -0.042125 -0.133160
v 0.181249 -0.039208 -0.130324
v 0.183050 -0.039719 -0.135769
v 0.182846 -0.041221 -0.141234
v 0.183344 -0.063588 -0.147764
v 0.184748 -0.066209 -0.136703
v 0.180780 -0.069988 -0.129624
v 0.179676 -0.066873 -0.138740
v 0.174031 -0.050029 -0.137424
v 0.176728 -0.045822 -0.136208
v 0.178958 -0.047056 -0.142929
v 0.175306 -0.052995 -0.144945
v 0.207443 0.022309 -0.066258
v 0.206416 0.022154 -0.070125
v 0.206966 -0.007140 -0.061354
v 0.207301 -0.012474 -0.052854
v 0.206467 0.010492 -0.076687
v 0.206164 0.005540 -0.075314
v 0.206375 -0.063808 -0.090720
v 0.206635 -0.063844 -0.097870
v 0.205139 -0.069079 -0.097487
v 0.208588 -0.004554 -0.068407
v 0.213395 0.000534 -0.080839
v 0.157838 -0.126396 -0.107124
v 0.154648 -0.131057 -0.108762
v -0.001130 -0.038402 -0.018325
v 0.013686 -0.015198 -0.054141
v 0.002717 0.015355 -0.047245
v -0.012882 -0.005766 -0.014706
v 0.220298 0.019830 -0.043015
v 0.210558 0.022411 -0.052044
v 0.171671 -0.056870 -0.132883
v 0.170856 -0.056208 -0.135832
v 0.176909 -0.062028 -0.134466
v 0.189699 -0.049581 -0.121651
v 0.180998 -0.045405 -0.126801
v 0.188751 -0.054447 -0.151723
v 0.192695 -0.037636 -0.132035
v 0.192344 -0.037383 -0.124301
v 0.176510 -0.084051 -0.113038
v 0.175157 -0.086772 -0.119472
v 0.178762 -0.089839 -0.110379
v 0.174093 -0.057085 -0.140407
v 0.194060 0.001752 -0.086431
v 0.196639 -0.052753 -0.137650
v 0.194218 -0.058804 -0.132207
v 0.184147 -0.067962 -0.132062
v 0.190354 -0.061478 -0.141363
v 0.195603 -0.091820 -0.070344
v 0.200097 -0.082826 -0.068716
v 0.179752 -0.072794 -0.121639
v 0.186256 -0.077096 -0.109741
v 0.218428 -0.025282 -0.101041
v 0.213958 -0.017161 -0.088129
v 0.207050 -0.035731 -0.115382
v 0.200527 -0.046724 -0.130664
v 0.203943 -0.051713 -0.129092
v 0.191404 -0.045374 -0.120590
v 0.199586 -0.046323 -0.114556
v 0.199322 -0.042371 -0.115498
v 0.192051 -0.041741 -0.120454
v 0.212274 -0.002709 -0.061045
v 0.222640 0.019565 -0.040448
v 0.223277 0.015090 -0.043910
v 0.215274 0.001091 -0.189330
v 0.222948 -0.024371 -0.200367
v 0.201032 -0.003974 -0.160016
v 0.193935 -0.046597 -0.146864
v 0.182890 -0.037172 -0.128841
v 0.184470 -0.041275 -0.126499
v 0.209086 -0.074397 -0.059763
v 0.177136 -0.093988 -0.109280
v 0.198250 -0.009156 -0.079689
v 0.212484 -0.058076 -0.084506
v 0.211850 -0.070158 -0.083063
v 0.192584 -0.002955 -0.076511
v 0.194222 0.000644 -0.074640
v 0.173967 -0.088126 -0.122445
v 0.177783 -0.089840 -0.114804
v 0.195779 0.001006 -0.071484
v 0.205017 -0.065718 -0.104005
v 0.216197 -0.003342 -0.062200
v 0.184713 -0.120985 -0.098078
v 0.182665 -0.129639 -0.101323
v 0.183660 -0.043056 -0.125421
v 0.179948 -0.066760 -0.129574
v 0.194653 -0.042779 -0.138241
v 0.205288 -0.054877 -0.111276
v 0.201075 -0.060934 -0.110280
v 0.208326 -0.058882 -0.103646
v 0.195962 -0.068214 -0.096399
v 0.188028 -0.063469 -0.115593
v 0.198233 -0.056860 -0.104386
v 0.206499 -0.056334 -0.079057
v 0.204436 -0.082986 -0.083970
v 0.196992 -0.099712 -0.092983
v 0.196353 -0.105039 -0.093099
v 0.202324 -0.083966 -0.079418
v 0.208174 0.040309 -0.227068
v 0.208613 0.020715 -0.168280
v 0.203442 0.061884 -0.193133
v 0.209845 0.007996 -0.096475
v 0.209007 0.001415 -0.095060
v 0.216035 0.002704 -0.091525
v 0.191004 0.020311 -0.096298
v 0.194686 0.013060 -0.102887
v 0.202647 0.018189 -0.085528
v 0.201009 -0.043781 -0.069467
v 0.214372 -0.006624 -0.064049
v 0.215114 -0.006341 -0.066820
v 0.212465 -0.084421 -0.109314
v 0.204720 -0.068961 -0.067894
v 0.217525 -0.064237 -0.056459
v 0.207697 0.018017 -0.075530
v 0.206420 0.021121 -0.068059
v 0.008409 -0.130327 0.128613
v 0.005337 -0.089622 0.109082
v 0.010407 -0.043805 0.062607
v 0.012606 -0.044555 0.059546
v 0.009663 -0.040357 0.056536
v 0.008898 -0.040367 0.057889
v 0.007442 -0.064252 0.060402
v 0.006272 -0.061241 0.058925
v 0.010632 -0.062194 0.058417
v 0.011428 -0.065358 0.059015
v 0.006925 -0.039409 0.055958
v 0.002602 -0.042382 0.062991
v 0.006225 -0.043221 0.064279
v 0.007884 -0.039951 0.056797
v 0.215599 0.021478 -0.080960
v 0.017350 -0.065681 0.062367
v 0.016046 -0.060203 0.060353
v 0.016773 -0.058916 0.065526
v 0.022136 -0.063286 0.068316
v -0.002023 -0.060278 0.077543
v 0.002641 -0.054985 0.079663
v -0.003236 -0.056435 0.071737
v -0.005077 -0.061415 0.067617
v 0.009584 -0.054432 0.079907
v 0.015490 -0.056823 0.087669
v 0.019412 -0.056087 0.082959
v 0.013561 -0.055561 0.077212
v 0.001386 -0.052210 0.063053
v 0.002017 -0.057473 0.064419
v -0.000420 -0.049858 0.070535
v 0.016507 -0.053414 0.061142
v 0.016238 -0.056039 0.058231
v 0.013276 -0.046081 0.057575
v 0.012786 -0.046170 0.057599
v 0.017180 -0.059079 -0.019942
v 0.032285 -0.029207 -0.058741
v 0.094924 -0.003493 0.097973
v 0.089392 -0.012324 0.094638
v 0.073746 -0.010746 0.085795
v 0.078667 -0.003257 0.088996
v 0.210752 -0.052916 -0.098873
v 0.208140 -0.049312 -0.095421
v 0.211204 -0.005984 -0.088913
v 0.205420 0.016033 -0.079980
v 0.211032 0.012943 -0.095834
v 0.209643 0.021237 -0.087447
v 0.207787 0.016584 -0.092221
v 0.206787 0.009822 -0.097640
v 0.209183 0.008556 -0.079045
v 0.171325 -0.102700 -0.110534
v 0.230344 -0.015849 -0.054628
v 0.208779 0.024188 -0.082480
v 0.214912 0.027234 -0.079763
v 0.208204 -0.038685 -0.054417
v 0.209500 0.002789 -0.074671
v 0.205895 0.004666 -0.074326
v 0.213578 0.017833 -0.052720
v 0.210671 -0.045098 -0.084731
v 0.215503 -0.040324 -0.047855
v 0.213931 -0.047176 -0.060883
v -0.214918 0.002298 -0.045051
v -0.214617 -0.005614 -0.035771
v -0.216444 -0.006802 -0.032663
v -0.216511 -0.001518 -0.034061
v -0.218108 -0.029514 -0.047393
v -0.221479 -0.010118 -0.052208
v -0.222572 -0.003964 -0.053657
v -0.220885 -0.011099 -0.047507
v 0.209447 -0.052426 -0.091479
v 0.203687 -0.018369 -0.093995
v 0.211252 -0.074882 -0.076286
v 0.180650 -0.120270 -0.085536
v -0.219480 -0.066702 -0.038818
v -0.212188 -0.062300 -0.045049
v -0.216546 -0.050193 -0.043771
v -0.224825 -0.051072 -0.033686
v 0.193346 -0.104816 -0.069318
v 0.092397 -0.064344 -0.330340
v 0.102761 -0.062140 -0.354695
v 0.196146 -0.040578 -0.055720
v 0.211013 0.019423 -0.065847
v 0.167842 -0.110121 -0.111457
v 0.156263 -0.133291 -0.107863
v 0.163895 -0.121512 -0.108633
v 0.210010 -0.003868 -0.064261
v 0.212791 -0.085204 -0.121431
v 0.213748 -0.081507 -0.130956
v 0.184141 -0.037496 -0.134920
v 0.200671 -0.096976 -0.097017
v 0.189793 -0.113004 -0.096609
v 0.031450 -0.006267 -0.090427
v 0.051538 0.013406 -0.127894
v -0.145268 -0.167815 -0.041229
v -0.144795 -0.154321 -0.051008
v -0.158611 -0.168201 -0.047599
v -0.151992 -0.178843 -0.040874
v 0.027755 0.035351 -0.115934
v 0.011597 0.010840 -0.087960
v 0.209848 -0.037815 -0.072837
v 0.206209 -0.055168 -0.083981
v 0.208216 -0.059792 -0.078951
v 0.029615 -0.126509 0.086771
v 0.002780 -0.083998 0.072467
v 0.191155 -0.066487 -0.063522
v 0.165400 -0.060210 -0.027332
v 0.193302 -0.024869 -0.029604
v 0.188483 -0.041833 -0.058302
v 0.154830 0.049958 0.054256
v 0.150344 0.051178 0.038181
v 0.167210 0.031460 0.049651
v 0.171756 0.034503 0.064354
v 0.041561 0.215713 0.078538
v 0.011184 0.217741 0.077503
v 0.011079 0.234804 0.085796
v 0.041103 0.231076 0.079668
v 0.106841 -0.068492 -0.371588
v 0.109033 -0.061778 -0.388885
v 0.057476 -0.058421 -0.405406
v 0.057556 -0.060368 -0.386997
v 0.029747 0.259517 -0.006412
v 0.001089 0.267110 0.004616
v -0.001376 0.274258 -0.030449
v -0.149528 -0.155961 -0.044082
v -0.161551 -0.158895 -0.056591
v -0.163742 -0.140532 -0.059021
v -0.156832 -0.138440 -0.049234
v 0.027435 0.265751 -0.040560
v 0.162116 -0.007970 0.092119
v 0.171423 -0.021774 0.097106
v 0.159811 -0.024783 0.102527
v 0.152513 -0.009707 0.097972
v 0.152551 -0.149608 -0.105314
v 0.153158 -0.139395 -0.109426
v -0.205061 0.042453 -0.057514
v -0.200173 0.039298 -0.055604
v -0.195577 0.041057 -0.056460
v -0.205151 0.042972 -0.056998
v -0.191570 -0.050085 -0.068728
v -0.182360 -0.064808 -0.063802
v -0.201127 -0.055758 -0.060775
v -0.209730 -0.052862 -0.062062
v -0.003062 0.279094 -0.069452
v 0.026300 0.270309 -0.077968
v 0.012928 0.012097 0.065502
v -0.206514 0.021390 -0.055255
v -0.209056 0.020283 -0.057996
v -0.213088 0.012552 -0.054139
v -0.211063 0.010981 -0.050675
v -0.211220 0.004697 -0.055850
v -0.211559 -0.003257 -0.048150
v -0.136001 -0.123515 -0.053804
v -0.151735 -0.103462 -0.046615
v -0.162084 -0.097722 -0.045048
v -0.147159 -0.109806 -0.052743
v -0.214205 -0.056023 -0.041956
v -0.208918 -0.040681 -0.044824
v -0.198523 -0.106159 -0.050141
v -0.204126 -0.099600 -0.044931
v -0.215470 -0.082482 -0.039787
v -0.213706 -0.087404 -0.044909
v 0.015111 0.018244 0.061272
v 0.028285 0.009060 0.065626
v 0.025826 0.002440 0.067235
v 0.009049 0.138162 0.075389
v 0.008877 0.159255 0.077597
v 0.032757 0.160942 0.083872
v 0.030236 0.139915 0.084990
v 0.045322 0.002437 0.072978
v 0.041218 -0.003097 0.072427
v 0.007710 0.248140 0.062270
v 0.037455 0.242944 0.052964
v 0.021971 0.267978 -0.224472
v -0.190597 -0.082646 -0.044305
v -0.199557 -0.069221 -0.045416
v -0.202732 -0.067384 -0.047154
v -0.199869 -0.075786 -0.045326
v 0.023840 0.272359 -0.199164
v -0.006620 0.279656 -0.200880
v -0.202671 0.026690 -0.062142
v -0.197885 0.036266 -0.057842
v -0.196670 0.035118 -0.055558
v -0.203990 0.023510 -0.055791
v -0.004168 0.273362 -0.236349
v 0.203325 -0.064092 -0.259331
v 0.219363 -0.073634 -0.200722
v 0.222754 -0.045421 -0.210983
v 0.208720 -0.028420 -0.268885
v 0.026555 -0.100357 0.041494
v -0.001536 -0.065278 0.029228
v -0.214627 -0.029019 -0.063944
v -0.209189 -0.016960 -0.070873
v -0.209280 -0.022073 -0.070649
v -0.213524 -0.031462 -0.067218
v -0.216346 0.014555 -0.056076
v -0.219571 0.008484 -0.055217
v -0.217756 0.004912 -0.052007
v -0.180735 0.018607 -0.048220
v -0.182748 0.023474 -0.055242
v -0.183186 0.019498 -0.056951
v -0.184610 0.016032 -0.054206
v -0.164993 -0.166834 -0.053873
v -0.174957 -0.094403 -0.058993
v -0.180120 -0.092801 -0.057026
v -0.188521 -0.079823 -0.055888
v -0.183247 -0.075551 -0.061361
v 0.121813 0.109549 0.046983
v 0.122792 0.123174 0.035553
v 0.127280 0.102537 0.026197
v 0.130602 0.091930 0.042665
v 0.007318 0.106415 0.072987
v 0.025995 0.106628 0.085329
v 0.020851 0.091868 0.078665
v 0.005252 0.091289 0.070349
v -0.143368 -0.148687 -0.031919
v -0.141239 -0.149841 -0.043245
v -0.141370 -0.156938 -0.044355
v -0.141827 -0.165509 -0.035028
v 0.181910 0.019241 0.073248
v 0.179943 0.013003 0.060630
v 0.182317 -0.002680 0.074676
v 0.177633 0.005533 0.081181
v 0.168314 -0.003786 0.087462
v -0.185489 0.029763 -0.052711
v -0.191888 0.027978 -0.053363
v -0.186232 0.026885 -0.056053
v -0.181538 0.027848 -0.054881
v 0.177001 -0.017380 0.089836
v -0.219271 -0.014536 -0.049672
v -0.215975 0.002340 -0.048305
v 0.037724 0.190321 0.085700
v 0.010111 0.189158 0.080288
v 0.134920 0.077414 0.026004
v 0.140109 0.070738 0.044338
v 0.002252 0.018570 0.061786
v 0.006309 0.024803 0.057813
v -0.001434 0.035650 0.049624
v -0.213480 -0.036829 -0.042238
v -0.216158 -0.037356 -0.046400
v -0.212343 -0.048252 -0.045578
v -0.205356 -0.046333 -0.041866
v -0.003340 0.036246 0.060639
v -0.005297 0.043853 0.050697
v -0.003364 0.046578 0.047681
v 0.075588 0.138053 0.079892
v 0.081922 0.159522 0.077291
v 0.100707 0.153816 0.064510
v 0.094965 0.133790 0.070089
v 0.033388 0.251922 0.024461
v -0.211539 -0.014874 -0.041822
v -0.218232 -0.017047 -0.046577
v 0.004218 0.258432 0.035201
v -0.000329 0.069615 0.066253
v 0.007847 0.072826 0.061644
v -0.000588 0.063914 0.051651
v -0.216110 -0.002707 -0.041235
v -0.220004 -0.016338 -0.042719
v -0.217909 0.001000 -0.048334
v -0.210572 -0.014194 -0.086991
v -0.213430 -0.011850 -0.107661
v -0.208753 -0.027059 -0.099581
v -0.211983 -0.022340 -0.082913
v -0.003837 0.060849 0.056556
v 0.057396 -0.007682 0.078771
v 0.061333 -0.001524 0.080518
v 0.191539 -0.100737 -0.106854
v 0.177737 -0.123381 -0.105705
v 0.178678 0.007429 -0.063613
v 0.190052 -0.016712 -0.058938
v 0.188760 0.003992 -0.035179
v 0.169487 0.030957 -0.047433
v 0.175304 0.055339 -0.063261
v 0.182812 0.074456 -0.083785
v 0.190441 0.033004 -0.085081
v 0.173112 0.025666 -0.071292
v 0.045375 0.056649 -0.147846
v 0.064677 0.032260 -0.165162
v 0.001828 0.028224 0.066112
v 0.002838 0.019653 0.071527
v 0.051081 0.011979 -0.443661
v -0.184742 -0.076781 -0.039012
v -0.193476 -0.067491 -0.039900
v -0.188524 -0.073583 -0.041215
v -0.176952 -0.085015 -0.041306
v 0.054253 -0.014139 -0.436472
v 0.107662 -0.007984 -0.414722
v 0.103398 0.018794 -0.420433
v 0.196082 -0.079966 -0.243967
v -0.190223 -0.089146 -0.056197
v -0.181011 -0.098261 -0.056836
v -0.180367 -0.102021 -0.056742
v -0.189461 -0.096343 -0.055770
v 0.209737 -0.087879 -0.190392
v 0.014921 -0.050675 0.065436
v 0.010315 -0.039014 0.055841
v 0.010596 -0.046548 0.058027
v 0.011120 -0.037967 0.056000
v 0.016861 -0.056257 0.072499
v 0.022875 -0.059476 0.077107
v 0.010174 -0.057247 0.057137
v 0.007789 -0.056010 0.058247
v 0.009011 -0.045305 0.058556
v 0.010034 -0.039920 0.055756
v -0.006466 -0.064912 0.078917
v -0.002825 -0.063803 0.090366
v 0.006692 -0.060108 0.091901
v 0.000616 -0.062800 0.083504
v 0.007198 -0.038151 0.057361
v 0.004390 -0.044134 0.061054
v 0.002341 -0.049101 0.074352
v 0.008385 -0.043599 0.064265
v 0.008338 -0.040297 0.057494
v 0.008064 -0.048663 0.073591
v -0.002316 -0.062676 0.062307
v 0.011608 -0.049669 0.070096
v -0.199927 0.027888 -0.051423
v -0.205041 0.015804 -0.046414
v -0.196860 0.018645 -0.051753
v -0.181145 -0.094892 -0.041890
v -0.186455 -0.084506 -0.041662
v -0.185148 -0.093817 -0.043904
v -0.174176 -0.109788 -0.048255
v 0.194318 -0.077815 -0.079541
v 0.071300 -0.057081 -0.050725
v 0.147082 -0.068470 -0.074274
v 0.122453 -0.055675 -0.089716
v -0.182107 -0.137037 -0.054522
v -0.179843 -0.145797 -0.065082
v -0.170255 -0.152269 -0.056884
v -0.173366 -0.151995 -0.055106
v -0.162439 -0.096786 -0.046216
v -0.172655 -0.088355 -0.042303
v -0.216726 -0.026741 -0.055728
v -0.212692 -0.011716 -0.063593
v 0.067071 -0.040388 -0.070938
v 0.216854 -0.007537 -0.058267
v 0.141921 0.114005 -0.026884
v 0.157913 0.138674 -0.049439
v 0.173103 0.106508 -0.073307
v -0.208466 0.009068 -0.047826
v -0.212078 0.000955 -0.045824
v 0.168247 0.081769 -0.052683
v 0.157014 0.157574 -0.078504
v 0.172497 0.128758 -0.101980
v 0.184097 0.093970 -0.120241
v 0.200669 0.033934 -0.144983
v 0.111326 0.024955 0.081251
v 0.112264 0.025044 0.080654
v 0.107819 0.024813 0.082243
v -0.202210 -0.039813 -0.042394
v -0.200587 -0.040476 -0.043110
v -0.202867 -0.043985 -0.041183
v -0.205940 -0.043717 -0.041907
v 0.107541 0.024883 0.083238
v 0.111518 0.022648 0.078985
v 0.105914 0.025078 0.080617
v -0.198832 -0.039363 -0.044972
v -0.203823 -0.043714 -0.042476
v -0.199886 -0.043516 -0.043654
v -0.197655 -0.041089 -0.044402
v 0.116663 0.018496 0.078259
v 0.114565 0.024429 0.080082
v 0.116062 0.024638 0.079169
v 0.063457 0.029235 0.080581
v 0.063351 0.027670 0.079261
v 0.070823 0.022459 0.083136
v 0.070266 0.027568 0.083384
v 0.063495 0.028859 0.078968
v 0.070892 0.027484 0.082104
v -0.201328 -0.042627 -0.036686
v -0.201298 -0.042094 -0.039839
v -0.200461 -0.039637 -0.040281
v -0.183535 -0.011861 -0.062773
v -0.183576 -0.035309 -0.058724
v -0.185232 -0.043302 -0.067403
v -0.193744 -0.026363 -0.060068
v 0.071957 0.024797 0.067675
v 0.069288 0.026338 0.065477
v -0.217217 -0.035090 -0.048397
v 0.075632 0.023509 0.070672
v 0.053476 0.026309 0.072861
v 0.055136 0.035195 0.069238
v -0.201695 0.037036 -0.049024
v -0.205008 0.042483 -0.050985
v -0.209189 0.046896 -0.061526
v 0.069866 0.035766 0.065320
v 0.067887 0.028111 0.064821
v 0.055355 0.024139 0.073313
v -0.191084 -0.070290 -0.044562
v -0.188563 -0.076359 -0.044874
v -0.188445 -0.078059 -0.043775
v -0.191587 -0.072202 -0.043311
v -0.200614 -0.061315 -0.041731
v -0.192701 -0.068293 -0.043186
v -0.198292 -0.064943 -0.040727
v -0.188207 -0.017904 -0.054425
v -0.199075 -0.035215 -0.043148
v -0.197249 -0.036653 -0.045937
v -0.192795 -0.034033 -0.049541
v -0.219420 -0.069316 -0.040444
v -0.222599 -0.053767 -0.037827
v -0.217712 -0.054692 -0.040919
v -0.213928 -0.073052 -0.048864
v 0.051780 0.026329 0.071647
v 0.049902 0.030722 0.069067
v -0.141630 -0.132040 -0.040910
v -0.154209 -0.125443 -0.034254
v -0.148904 -0.110732 -0.037355
v -0.212954 0.027737 -0.063771
v -0.213527 0.031475 -0.072238
v -0.213333 0.023114 -0.069443
v -0.213805 0.018890 -0.058827
v -0.189986 -0.013403 -0.050302
v -0.193659 -0.022137 -0.047140
v -0.191024 -0.018177 -0.047707
v -0.186672 -0.007364 -0.050098
v 0.051678 0.036216 0.061866
v 0.084908 0.025386 0.081926
v 0.085860 0.024317 0.082708
v 0.073226 0.026088 0.081382
v 0.072092 0.027505 0.081291
v 0.083920 0.025773 0.082636
v 0.093410 0.025500 0.082358
v 0.093992 0.025039 0.081191
v 0.094917 0.023898 0.082524
v -0.120293 -0.073628 -0.209890
v -0.140741 -0.080248 -0.133439
v -0.168197 -0.069381 -0.162116
v -0.148234 -0.070255 -0.226997
v -0.182824 -0.121338 -0.045863
v -0.170335 -0.137388 -0.052248
v -0.189204 0.006684 -0.059159
v -0.195376 0.008221 -0.062559
v -0.205614 0.023939 -0.062443
v -0.194231 0.019453 -0.058740
v 0.064788 0.028504 0.079920
v 0.064487 0.029390 0.079181
v 0.095777 0.023382 0.084497
v 0.087206 0.023485 0.084642
v -0.213759 -0.020612 -0.036867
v -0.217634 -0.019993 -0.033072
v 0.074158 0.024925 0.082227
v 0.064830 0.027723 0.079333
v 0.057266 0.030352 0.075681
v 0.060538 0.030277 0.077651
v 0.088434 0.023016 0.087215
v 0.089286 0.020389 0.090144
v 0.075348 0.021748 0.088069
v 0.074956 0.023652 0.085478
v -0.185712 0.029928 -0.048766
v -0.191028 0.034999 -0.052616
v -0.186817 0.029237 -0.050979
v -0.182253 0.027158 -0.050167
v -0.200821 0.001090 -0.052901
v -0.201883 0.006434 -0.052005
v -0.192600 0.010501 -0.050325
v -0.192227 0.005325 -0.052075
v 0.096655 0.022742 0.085813
v 0.098140 0.021330 0.088338
v -0.200540 0.016686 -0.071668
v -0.201819 0.034150 -0.079278
v 0.122373 0.024274 0.077711
v 0.125016 0.024476 0.077053
v 0.126582 0.023993 0.078057
v -0.168096 -0.086261 -0.059161
v 0.124459 0.023903 0.077655
v 0.141872 0.020221 0.080814
v 0.150694 0.022280 0.084952
v 0.158086 0.021800 0.085775
v -0.198295 0.005613 -0.050868
v -0.198070 0.014637 -0.054155
v -0.202756 0.010922 -0.053548
v -0.163246 -0.092773 -0.041507
v -0.169295 -0.090287 -0.043347
v -0.180170 0.028482 -0.050473
v -0.179570 0.025222 -0.051119
v -0.180056 0.014274 -0.046299
v -0.184519 0.012060 -0.051982
v 0.150243 0.018797 0.082167
v -0.195213 -0.003081 -0.044958
v -0.201886 -0.030795 -0.040217
v 0.174008 0.000659 0.083371
v 0.157384 0.012874 0.084350
v 0.163972 0.015876 0.084561
v 0.119328 0.024368 0.077457
v 0.116407 0.024277 0.078128
v 0.118641 0.024205 0.078636
v 0.121190 0.024154 0.077947
v 0.121356 0.023592 0.077999
v 0.117402 0.023489 0.077728
v 0.112865 0.024723 0.079468
v 0.112866 0.023785 0.077981
v 0.108274 0.023886 0.079814
v 0.107790 0.024633 0.080252
v 0.101817 0.024804 0.081004
v -0.182017 -0.079575 -0.098505
v -0.138974 -0.063083 -0.063257
v 0.102567 0.024817 0.082837
v 0.102597 0.023672 0.081771
v 0.109404 0.023420 0.080695
v 0.103793 0.023162 0.083009
v 0.114324 0.023282 0.079146
v 0.119722 0.022970 0.078693
v 0.124153 0.023019 0.078630
v 0.127586 0.022964 0.078480
v 0.130065 0.023664 0.078628
v 0.126926 0.022491 0.079030
v 0.131178 0.021192 0.079742
v 0.125797 0.021336 0.081066
v 0.122106 0.022645 0.079408
v 0.131181 0.022458 0.078726
v 0.136086 0.021465 0.079252
v -0.186050 0.013419 -0.048536
v -0.183519 0.016725 -0.046682
v -0.182782 0.014486 -0.045718
v -0.185822 0.009504 -0.050216
v 0.117615 0.022420 0.080706
v 0.119924 0.021632 0.082197
v 0.113091 0.021529 0.084663
v 0.111532 0.022537 0.083040
v -0.162129 -0.151883 -0.053915
v -0.194212 0.012081 -0.050706
v -0.184972 0.012715 -0.057219
v -0.188645 0.013091 -0.053811
v 0.104792 0.023017 0.083796
v 0.107379 0.021455 0.087102
v -0.223412 -0.039553 -0.039155
v -0.224681 -0.020879 -0.036041
v -0.223917 -0.021463 -0.033109
v -0.226786 -0.039878 -0.032401
v 0.083139 0.024597 0.086302
v 0.081378 0.023772 0.087034
v 0.091048 0.025140 0.088277
v 0.093199 0.024895 0.085677
v 0.102339 0.024795 0.084658
v -0.145855 -0.147221 -0.040783
v -0.197482 -0.024143 -0.047957
v -0.201511 -0.028701 -0.046601
v 0.100720 0.024810 0.083539
v 0.093034 0.020332 0.086234
v 0.088799 0.023315 0.074555
v 0.092413 0.023461 0.073783
v 0.100954 0.018504 0.083218
v -0.186355 0.007819 -0.054806
v -0.182038 0.008516 -0.048187
v 0.084150 0.020233 0.086445
v 0.084489 0.023186 0.074499
v 0.074361 0.019982 0.083340
v -0.178113 -0.077822 -0.040978
v 0.079846 0.023124 0.073090
v 0.066013 0.021882 0.080104
v 0.094293 0.054794 0.075629
v 0.093155 0.055104 0.080440
v 0.109805 0.050047 0.086504
v 0.108311 0.049837 0.080968
v 0.143340 -0.060686 -0.360126
v 0.144627 -0.032041 -0.375468
v 0.110582 -0.039254 -0.404428
v 0.118950 0.045322 0.090672
v 0.117775 0.046490 0.089173
v 0.126980 0.041700 0.091193
v 0.126321 0.040250 0.090708
v 0.117354 0.042671 0.089959
v -0.209079 0.029361 -0.062404
v -0.212805 0.021406 -0.058050
v -0.205320 0.026415 -0.060555
v -0.203268 0.029886 -0.059795
v -0.199997 0.035724 -0.058573
v -0.198215 0.037444 -0.059292
v -0.205568 0.034243 -0.062895
v -0.186453 0.009085 -0.051928
v -0.185588 0.013978 -0.054767
v 0.124099 0.038036 0.089657
v 0.109166 0.048017 0.089961
v -0.170179 -0.109541 -0.047770
v -0.158904 -0.131029 -0.052123
v -0.202650 -0.057862 -0.045876
v -0.199269 -0.056022 -0.039820
v -0.213892 -0.041924 -0.046169
v -0.207962 -0.021130 -0.046099
v -0.211444 -0.022892 -0.052362
v -0.216158 -0.043141 -0.051283
v 0.109751 0.050702 0.089526
v 0.108452 0.050703 0.085541
v 0.117543 0.039486 0.079128
v 0.115493 0.039926 0.078755
v -0.213929 -0.043682 -0.065127
v -0.206968 -0.043068 -0.073539
v -0.190377 -0.038816 -0.050179
v -0.187155 -0.026898 -0.053369
v -0.185491 -0.000798 -0.050488
v -0.183567 0.004691 -0.049040
v -0.200375 -0.082312 -0.056062
v -0.184410 -0.107657 -0.051314
v -0.198919 -0.091547 -0.054040
v -0.173435 -0.110530 -0.053888
v -0.169694 -0.114438 -0.051079
v -0.176101 -0.116296 -0.051758
v 0.118743 0.035376 0.081850
v 0.122144 0.036890 0.081746
v 0.119743 0.038784 0.078073
v 0.122673 0.038188 0.080934
v 0.104173 0.036536 0.071614
v 0.102812 0.036603 0.071468
v 0.100806 0.037547 0.071305
v -0.191251 -0.076168 -0.040934
v -0.195875 -0.068871 -0.043751
v 0.105024 0.035764 0.071518
v -0.203923 -0.044929 -0.035462
v -0.203528 -0.051406 -0.034457
v -0.200342 -0.046439 -0.034766
v -0.209561 -0.010288 -0.041545
v -0.210628 -0.033637 -0.039251
v -0.197137 0.013721 -0.052601
v 0.105287 0.033773 0.071196
v -0.200227 -0.023361 -0.048840
v -0.197265 -0.010510 -0.051211
v -0.196795 0.024096 -0.057266
v -0.195905 0.019755 -0.054755
v -0.199041 0.015492 -0.054178
v -0.200549 0.016714 -0.055408
v -0.194430 -0.057933 -0.037360
v -0.196746 -0.063073 -0.033610
v -0.199432 -0.058336 -0.034297
v 0.104956 0.030855 0.070918
v 0.103435 0.029505 0.069880
v 0.182940 -0.037418 0.088496
v 0.181170 -0.011223 0.082515
v -0.197535 0.036367 -0.054848
v -0.200486 0.031083 -0.054262
v -0.207672 -0.008988 -0.058892
v 0.184442 -0.030174 0.078014
v 0.117037 0.023871 0.079139
v -0.184369 0.023772 -0.056311
v -0.184030 0.021230 -0.058296
v 0.119814 0.024333 0.078377
v -0.212380 0.014155 -0.126450
v -0.212873 0.015511 -0.104947
v -0.212284 0.021992 -0.098929
v -0.209820 0.029861 -0.116972
v 0.119023 0.019705 0.077730
v -0.161982 -0.127640 -0.049870
v -0.169700 -0.128410 -0.051639
v -0.171649 -0.121040 -0.050866
v -0.165837 -0.120414 -0.051523
v -0.191476 -0.075939 -0.041867
v -0.191834 -0.074785 -0.043392
v 0.121211 0.022273 0.077255
v -0.207548 -0.057315 -0.048420
v -0.206140 -0.058057 -0.048030
v -0.211441 -0.046953 -0.049002
v -0.211029 -0.044549 -0.048425
v 0.122676 0.024606 0.077371
v 0.124666 0.025081 0.076675
v 0.112377 0.018048 0.077483
v 0.097896 0.024488 0.070270
v 0.100087 0.024678 0.070675
v -0.188362 -0.000090 -0.060232
v -0.187694 -0.011507 -0.053914
v -0.204087 0.005263 -0.081013
v -0.205994 0.016442 -0.080785
v -0.206785 0.027377 -0.082012
v -0.204879 0.016143 -0.084221
v -0.203298 -0.005507 -0.055215
v 0.115381 0.018561 0.077265
v 0.107293 0.020299 0.077654
v 0.095252 0.024119 0.071655
v 0.100281 0.027410 0.070176
v 0.101628 0.028495 0.069807
v -0.186308 0.016059 -0.055179
v -0.187308 0.016275 -0.055670
v 0.115192 0.022290 0.077589
v -0.185537 0.017213 -0.055383
v 0.116819 0.025657 0.076310
v 0.121638 0.024875 0.076395
v -0.191160 0.000839 -0.051223
v -0.200487 -0.004694 -0.053880
v -0.192728 0.026605 -0.053928
v -0.194274 0.037861 -0.055553
v -0.195326 0.035784 -0.058814
v -0.191044 0.028654 -0.050930
v 0.119731 0.027732 0.076498
v 0.120621 0.031942 0.076481
v 0.121886 0.023105 0.078271
v -0.182697 0.022226 -0.046165
v 0.123104 0.028364 0.078880
v 0.118597 0.026438 0.076148
v -0.016794 -0.049946 -0.331580
v -0.025288 -0.051626 -0.359187
v 0.120611 0.036145 0.077374
v 0.123349 0.032721 0.079816
v 0.127986 0.024840 0.077778
v 0.127810 0.025952 0.077907
v 0.132258 0.028163 0.080079
v 0.132043 0.024974 0.079102
v -0.209469 0.039959 -0.058188
v -0.207227 0.040843 -0.070417
v -0.206091 0.044624 -0.065633
v -0.206917 0.042483 -0.057375
v -0.203728 0.027091 -0.058474
v 0.138787 0.025139 0.082143
v 0.134474 0.023433 0.079161
v 0.141846 0.029160 0.086216
v 0.153413 0.028773 0.094385
v -0.214265 0.008131 -0.051317
v -0.210013 -0.037190 -0.046007
v -0.209736 -0.049773 -0.038148
v 0.147904 0.025277 0.086231
v 0.141231 0.023304 0.081437
v 0.126413 0.026117 0.078712
v -0.187586 -0.051408 -0.034582
v -0.187983 -0.050292 -0.035400
v -0.189452 -0.051642 -0.035773
v -0.190006 -0.051970 -0.034030
v 0.126618 0.026759 0.078962
v 0.136980 0.030587 0.086234
v -0.198883 -0.058275 -0.033857
v -0.202560 -0.059733 -0.035632
v -0.200543 -0.061753 -0.035872
v -0.198766 -0.058365 -0.038248
v 0.142911 0.031705 0.090286
v 0.131385 0.029903 0.083039
v 0.130092 0.031754 0.085567
v 0.134661 0.032550 0.088707
v -0.187541 -0.053516 -0.033916
v -0.187443 -0.052440 -0.034066
v -0.189346 -0.053863 -0.034453
v -0.189597 -0.054657 -0.036429
v 0.137710 0.033383 0.090313
v 0.131399 0.035756 0.090005
v -0.195099 0.038980 -0.054829
v -0.198661 0.038171 -0.057752
v 0.133183 0.036914 0.091130
v 0.127673 0.034319 0.087614
v 0.125636 0.028390 0.079942
v -0.214853 -0.000157 -0.037333
v -0.218384 -0.007401 -0.031787
v -0.208342 0.023719 -0.057638
v -0.211566 0.015451 -0.053937
v 0.124642 0.031361 0.081172
v 0.123371 0.034171 0.083709
v 0.120579 0.036666 0.086666
v -0.194649 -0.059446 -0.042822
v -0.201875 -0.058948 -0.041642
v -0.200099 -0.063107 -0.041127
v -0.213886 0.004027 -0.039735
v -0.213808 0.009875 -0.052214
v -0.136903 -0.137454 -0.051630
v -0.138055 -0.140360 -0.047323
v 0.038442 -0.067768 0.003519
v 0.019854 -0.040683 -0.023387
v 0.036804 -0.015874 -0.018118
v 0.044250 -0.038208 0.009052
v -0.198561 0.032165 -0.051837
v -0.205200 0.036943 -0.049461
v 0.115655 0.040071 0.089170
v 0.109858 0.036414 0.082816
v 0.107569 0.045292 0.089180
v -0.188438 -0.056735 -0.039257
v -0.188546 -0.056212 -0.035233
v -0.195846 -0.057551 -0.036873
v -0.195823 -0.053035 -0.036899
v -0.188664 -0.052579 -0.038114
v 0.097508 0.038643 0.081247
v 0.093161 0.056799 0.088939
v 0.112440 0.050558 0.096583
v 0.098766 0.044687 0.081711
v 0.093227 0.041330 0.072908
v 0.089070 0.042090 0.073989
v 0.090936 0.046286 0.082738
v -0.199299 -0.057681 -0.029582
v 0.059933 0.040355 0.072719
v 0.063273 0.046702 0.078957
v -0.196406 -0.052618 -0.032813
v -0.195601 -0.050060 -0.033662
v -0.184723 -0.075889 -0.048630
v -0.191600 -0.074084 -0.045354
v -0.186887 -0.080366 -0.042256
v -0.191686 -0.057653 -0.039502
v -0.187151 0.006075 -0.059101
v 0.074870 0.041516 0.071785
v 0.072299 0.039174 0.068261
v 0.056179 0.039698 0.068885
v 0.060922 0.044547 0.075783
v -0.205309 -0.058183 -0.028835
v -0.206259 -0.061948 -0.037084
v -0.202072 -0.062003 -0.038778
v -0.203404 -0.059146 -0.030564
v -0.184246 -0.092081 -0.044892
v -0.184133 -0.083018 -0.043657
v -0.189583 -0.068862 -0.048035
v -0.189116 -0.069696 -0.045166
v -0.201962 -0.026817 -0.047667
v -0.202031 -0.015917 -0.051306
v -0.205249 -0.042544 -0.040122
v -0.205519 -0.055953 -0.031843
v -0.211139 -0.059169 -0.035866
v -0.195741 -0.051728 -0.037779
v -0.202080 -0.049955 -0.036647
v -0.201526 -0.048173 -0.035014
v -0.195563 -0.050712 -0.036672
v -0.189283 0.021479 -0.058230
v -0.203323 0.030246 -0.048705
v -0.194868 0.023969 -0.057274
v -0.237915 0.010404 -0.157228
v -0.234710 -0.014083 -0.152934
v -0.214377 0.001585 -0.123739
v -0.201416 -0.057920 -0.028349
v -0.187619 -0.051523 -0.035208
v -0.189277 -0.051922 -0.038738
v -0.207723 -0.077118 -0.045823
v -0.177614 -0.089388 -0.044778
v -0.190434 -0.007701 -0.048076
v -0.214591 -0.056035 -0.048759
v -0.210658 -0.072113 -0.053515
v -0.186617 0.000015 -0.048946
v -0.185911 0.003548 -0.050762
v -0.193308 -0.074130 -0.043686
v -0.190117 -0.078367 -0.041470
v -0.186137 0.005855 -0.050879
v -0.204177 -0.060026 -0.039961
v -0.210288 0.013581 -0.047564
v 0.077208 0.050199 0.084232
v 0.082439 0.042274 0.075300
v -0.180946 -0.125897 -0.056725
v -0.172289 -0.135627 -0.056571
v 0.078559 0.042350 0.074173
v -0.189352 -0.051577 -0.038874
v 0.069656 0.050398 0.082892
v -0.198737 -0.060790 -0.033562
v -0.198665 -0.054029 -0.032707
v 0.075819 0.053936 0.083881
v 0.067245 0.051799 0.080155
v 0.090972 0.043725 0.080819
v -0.205361 -0.052514 -0.042550
v -0.203683 -0.057011 -0.040836
v -0.206800 -0.054874 -0.041483
v 0.044974 0.095624 -0.439605
v 0.048494 0.058225 -0.446381
v -0.187423 -0.065607 -0.045455
v -0.182421 -0.060409 -0.052865
v -0.181721 -0.058309 -0.055657
v -0.189598 -0.059045 -0.043260
v -0.204471 -0.088610 -0.055245
v -0.194946 -0.106334 -0.059048
v -0.194309 -0.119270 -0.069006
v -0.203742 -0.094131 -0.058554
v 0.098970 0.062599 -0.423000
v 0.094043 0.095982 -0.417529
v -0.234639 0.049006 -0.204536
v -0.236065 0.031592 -0.146237
v -0.234095 0.071925 -0.177682
v -0.205988 0.020419 -0.073456
v -0.204827 0.011143 -0.068796
v -0.213338 0.013805 -0.063298
v -0.207750 0.038205 -0.094094
v -0.209153 0.028018 -0.093513
v -0.213724 0.035996 -0.079469
v -0.216578 -0.040076 -0.035251
v 0.108367 0.042344 0.080485
v 0.097114 0.039592 0.071805
v 0.119450 0.100654 -0.394965
v 0.113529 0.123448 -0.388312
v 0.090955 0.126339 -0.405027
v 0.082109 -0.056474 -0.241633
v 0.057764 -0.010806 -0.230365
v -0.187788 -0.003573 -0.054943
v -0.196281 -0.002344 -0.049647
v 0.052063 0.040797 0.070359
v -0.199296 -0.075988 -0.056691
v 0.059237 0.042372 0.075236
v -0.189188 -0.071026 -0.039140
v -0.195105 -0.064810 -0.037699
v -0.203565 0.033296 -0.053710
v -0.195489 0.038820 -0.055444
v 0.047219 0.038485 0.067077
v 0.044394 0.037570 0.062190
v 0.049328 0.040735 0.063902
v 0.055765 0.043776 0.067956
v 0.066006 0.045054 0.078552
v 0.063981 0.046874 0.074731
v 0.074628 0.050196 0.081950
v 0.074134 0.047668 0.082989
v 0.095549 0.048583 0.087438
v 0.096900 0.052198 0.088894
v 0.073375 0.052513 0.075683
v 0.062409 0.047877 0.064313
v 0.071695 0.054393 0.066798
v 0.061429 0.051031 0.060591
v 0.096484 0.054554 0.081418
v 0.097421 0.053869 0.086667
v 0.056235 0.031217 0.075153
v 0.049851 0.033194 0.071647
v 0.057026 0.031382 0.077269
v 0.050336 0.032823 0.073587
v 0.057478 0.026740 0.075969
v 0.047802 0.035089 0.069673
v 0.045360 0.034393 0.066141
v 0.003782 -0.134955 0.132356
v 0.010874 -0.096771 0.114588
v 0.059116 0.024015 0.076065
v 0.045660 0.040509 0.057146
v 0.039856 0.036599 0.056118
v 0.039180 0.041910 0.047164
v 0.034093 0.036386 0.050418
v 0.050398 0.047767 0.052864
v 0.052208 0.044253 0.057748
v 0.041512 0.033760 0.062206
v 0.044913 0.033093 0.068189
v 0.036945 0.033106 0.059063
v 0.041115 0.031888 0.064555
v 0.064235 0.026449 0.080131
v 0.063550 0.024842 0.081738
v 0.054723 0.029424 0.075255
v 0.052008 0.027691 0.073168
v 0.089087 0.018132 0.091119
v 0.099903 0.018546 0.092610
v 0.088601 0.014855 0.092989
v -0.025457 -0.046983 0.046769
v -0.028479 -0.046600 0.043856
v -0.025047 -0.043690 0.040462
v -0.023734 -0.044262 0.041542
v 0.100652 0.015304 0.094914
v 0.072270 0.015781 0.088150
v 0.074233 0.018958 0.087124
v -0.012838 -0.028785 0.025486
v 0.135812 0.019484 0.081752
v 0.142558 0.017229 0.083098
v 0.135166 0.016452 0.085560
v 0.129826 0.019572 0.083551
v 0.123429 0.019683 0.085301
v -0.029472 -0.065994 0.046000
v -0.027373 -0.064078 0.042821
v -0.030620 -0.064923 0.038833
v -0.032069 -0.065893 0.042900
v 0.127938 0.016937 0.089306
v 0.120254 0.017005 0.092702
v 0.115224 0.019549 0.087124
v 0.109798 0.019136 0.090450
v 0.111784 0.015828 0.094784
v 0.159038 0.023762 0.091886
v 0.164702 0.028105 0.098750
v 0.168135 0.022085 0.097595
v 0.172381 0.027937 0.097804
v 0.025943 0.045975 0.040599
v -0.021304 -0.044166 0.039501
v -0.018438 -0.048302 0.047362
v -0.021700 -0.048140 0.049056
v -0.021901 -0.044522 0.040409
v 0.025829 0.037207 0.045280
v 0.015035 0.048798 0.037273
v 0.013467 0.038953 0.038567
v 0.020318 0.056824 0.043036
v 0.035409 0.053573 0.045068
v 0.030330 0.032294 0.054222
v 0.035696 0.030143 0.061312
v 0.020515 0.030121 0.048789
v 0.028365 0.027289 0.057345
v 0.060840 0.021862 0.080027
v 0.057519 0.018785 0.079122
v 0.048191 0.025421 0.071169
v 0.042509 0.022346 0.068808
v 0.141431 -0.076896 -0.342319
v 0.141178 0.000509 -0.385054
v 0.127690 0.059514 0.094398
v 0.124753 0.050820 0.098508
v 0.114255 0.054863 0.099566
v 0.116027 0.062949 0.100900
v 0.128813 0.071117 0.083644
v 0.137172 0.062994 0.083010
v 0.135100 0.055370 0.091245
v 0.132677 0.047076 0.097693
v 0.159165 0.033873 0.095247
v 0.153942 0.033188 0.096538
v 0.146398 0.037856 0.093763
v 0.150122 0.040575 0.091714
v 0.165435 0.034971 0.090843
v 0.154669 0.043653 0.085877
v 0.142777 0.047373 0.090540
v 0.139393 0.042458 0.095927
v 0.144653 0.052535 0.082768
v 0.056568 0.066364 0.074350
v 0.060687 0.062780 0.067618
v 0.051679 0.057457 0.056158
v 0.041934 0.059548 0.058290
v 0.047919 0.068853 0.068046
v 0.030632 0.061663 0.054727
v 0.096334 0.067300 0.100491
v 0.095467 0.060681 0.096781
v 0.069951 0.056510 0.066248
v 0.063519 0.053834 0.062873
v 0.066533 0.057460 0.064055
v 0.059393 0.054016 0.059457
v 0.130918 0.157866 -0.339212
v 0.135254 0.177030 -0.304071
v 0.090617 0.202673 -0.324729
v 0.090638 0.179060 -0.358820
v 0.115509 0.046012 0.086764
v 0.118779 0.045109 0.091766
v 0.127613 0.039908 0.094592
v 0.124837 0.041448 0.089896
v 0.132627 0.036785 0.090830
v 0.135340 0.036458 0.095029
v 0.141395 0.034400 0.095208
v 0.138341 0.033852 0.091291
v 0.142156 0.032150 0.091106
v 0.146818 0.032926 0.094598
v 0.058322 0.056794 0.061573
v 0.064998 0.059501 0.067884
v 0.127771 0.070713 -0.396661
v 0.108698 0.173773 0.053900
v 0.122052 0.158328 0.034648
v 0.115625 0.143611 0.049420
v 0.121802 0.046025 0.099178
v 0.130639 0.041887 0.098363
v 0.137771 0.038671 0.096799
v 0.143307 0.035342 0.096076
v 0.146868 0.033313 0.095092
v 0.212195 -0.068888 -0.079892
v 0.206490 -0.068651 -0.085385
v 0.222830 -0.058588 -0.117771
v 0.226691 -0.051920 -0.133038
v 0.224466 -0.045267 -0.134317
v 0.204979 0.014594 -0.058485
v 0.209454 0.019702 -0.065586
v 0.205477 -0.087285 -0.065386
v 0.198789 -0.093283 -0.064122
v -0.211200 0.036405 -0.057595
v 0.207775 -0.081707 -0.062902
v 0.206209 0.006959 -0.075179
v 0.206675 0.001460 -0.071406
v 0.206887 -0.001810 -0.067818
v 0.119966 -0.066879 -0.300725
v 0.135804 -0.073712 -0.323783
v 0.207043 -0.003969 -0.066602
v 0.205649 -0.054087 -0.094296
v 0.221236 -0.055247 -0.106428
v 0.219719 -0.052139 -0.098325
v 0.218439 -0.060297 -0.091663
v 0.221251 -0.061368 -0.095247
v 0.215651 -0.070800 -0.088005
v 0.218081 -0.071275 -0.093825
v 0.212872 -0.072250 -0.060089
v 0.215690 -0.060743 -0.061727
v 0.209467 0.021568 -0.066859
v 0.209436 0.021507 -0.065937
v 0.207449 0.023167 -0.067241
v 0.208787 -0.058874 -0.098330
v 0.200512 0.008099 -0.059982
v 0.201578 0.008025 -0.058831
v 0.199826 0.007560 -0.058078
v 0.203214 -0.042001 -0.113540
v 0.202977 -0.038117 -0.112639
v 0.206576 -0.048253 -0.111447
v 0.211450 -0.052258 -0.104020
v 0.183709 -0.071640 -0.114674
v 0.178034 -0.074695 -0.121982
v 0.175391 -0.077639 -0.116521
v 0.216785 0.024438 -0.086660
v 0.203779 0.005743 -0.061366
v 0.206245 0.008399 -0.059519
v 0.204179 0.011808 -0.056849
v 0.205367 0.023570 -0.067760
v 0.203128 0.014154 -0.055208
v 0.202618 0.012421 -0.057028
v 0.205059 0.016035 -0.056891
v 0.201623 0.010596 -0.057576
v 0.202391 -0.050742 -0.106627
v 0.201587 -0.055409 -0.116282
v 0.209858 -0.011446 -0.061675
v 0.219477 -0.011936 -0.060638
v 0.189838 -0.104194 -0.075868
v 0.208077 -0.016327 -0.116497
v 0.207766 -0.009764 -0.135815
v 0.213865 -0.049896 -0.058895
v 0.210825 -0.057588 -0.063255
v 0.200025 -0.067665 -0.079759
v 0.218870 -0.052945 -0.052321
v 0.223922 -0.049667 -0.054285
v 0.192690 -0.006623 -0.083351
v 0.225321 -0.008526 -0.054725
v 0.236697 -0.013817 -0.053229
v 0.221983 -0.009070 -0.055383
v 0.199616 0.001041 -0.138376
v 0.202002 0.004814 -0.123894
v 0.202037 -0.004242 -0.112995
v 0.203774 0.002840 -0.114577
v 0.193780 -0.062744 -0.113411
v 0.172848 -0.081171 -0.125740
v 0.179245 -0.077034 -0.131056
v 0.171605 -0.085632 -0.126582
v 0.177456 -0.079520 -0.127865
v 0.181802 -0.072248 -0.126198
v 0.188127 -0.062343 -0.124688
v 0.208360 -0.056148 -0.121416
v 0.198229 -0.051163 -0.115642
v 0.205615 0.020984 -0.064249
v 0.194857 -0.056454 -0.117838
v 0.203526 -0.046483 -0.112930
v 0.202593 -0.051938 -0.113126
v 0.199679 -0.057232 -0.114290
v 0.175509 -0.097744 -0.105417
v 0.182885 -0.086490 -0.100923
v 0.173584 -0.096378 -0.112364
v 0.190934 -0.077473 -0.093175
v 0.175346 -0.092877 -0.113793
v 0.208608 -0.010881 -0.118550
v 0.204385 -0.003000 -0.125504
v 0.213079 -0.057745 -0.072947
v 0.185068 -0.019917 0.063867
v 0.183802 -0.001022 0.047730
v 0.057366 -0.169793 0.033657
v 0.056216 -0.181610 0.036734
v 0.176550 -0.045211 0.097526
v 0.163102 -0.059375 0.104830
v 0.050315 -0.149601 0.059776
v 0.043769 -0.152383 0.063319
v 0.042931 -0.150713 0.065487
v 0.047720 -0.147885 0.062146
v 0.048368 -0.154543 0.062985
v 0.051731 -0.152684 0.057216
v 0.051305 -0.150937 0.062049
v 0.045388 -0.151380 0.065661
v 0.074772 -0.114232 0.059360
v 0.100485 -0.100591 0.095436
v 0.111058 -0.112810 0.093446
v 0.088423 -0.121158 0.068066
v 0.052396 -0.153284 0.037840
v 0.053388 -0.143870 0.035969
v 0.054617 -0.144927 0.042319
v 0.051330 -0.148588 0.044639
v 0.053665 -0.162706 0.039250
v 0.051183 -0.155751 0.046606
v 0.056367 -0.159361 0.032532
v 0.055636 -0.147276 0.031200
v 0.091586 -0.163856 0.094753
v 0.067812 -0.158939 0.067223
v 0.075417 -0.150190 0.065804
v 0.096733 -0.151657 0.084112
v 0.064704 -0.077418 0.085932
v 0.083263 -0.088415 0.096881
v 0.067263 -0.105778 0.059510
v 0.051617 -0.092509 0.057904
v 0.037863 -0.076236 0.052812
v 0.048617 -0.062276 0.078578
v 0.032948 -0.049544 0.068393
v 0.039211 -0.059743 0.066842
v 0.036340 -0.062417 0.071810
v 0.039459 -0.054574 0.074677
v 0.028315 -0.073146 0.061435
v 0.035848 -0.067367 0.057808
v 0.013167 -0.073698 0.054573
v -0.037170 -0.063865 0.047523
v -0.034864 -0.060325 0.043745
v -0.035501 -0.058077 0.049900
v -0.040647 -0.059987 0.054492
v 0.013953 -0.072814 0.057526
v 0.026700 -0.074886 0.058205
v -0.019835 -0.064121 0.068909
v -0.022824 -0.059098 0.068484
v -0.019192 -0.061991 0.060457
v -0.018682 -0.065207 0.059790
v 0.027356 -0.079259 0.051894
v 0.015699 -0.078511 0.050609
v 0.011761 -0.067881 0.058200
v 0.020069 -0.068094 0.060924
v -0.027154 -0.056101 0.067771
v -0.031859 -0.054037 0.076443
v -0.035887 -0.053057 0.070156
v -0.030442 -0.056214 0.063688
v -0.020773 -0.057084 0.048339
v -0.021437 -0.061976 0.050869
v -0.017821 -0.055916 0.056261
v -0.034608 -0.053695 0.044678
v -0.034720 -0.056580 0.040353
v -0.029629 -0.048814 0.039650
v -0.030150 -0.047835 0.040874
v 0.026743 -0.064497 0.068444
v -0.003601 -0.062651 0.074077
v 0.002300 -0.060734 0.084643
v 0.002132 0.011863 0.064891
v 0.010974 0.003396 0.066072
v 0.005530 0.004976 0.069028
v 0.012004 -0.002893 0.068528
v 0.025672 -0.058006 0.076994
v 0.030359 -0.053974 0.080526
v 0.020701 -0.054145 0.086547
v 0.018077 -0.047966 0.089596
v -0.004748 0.052918 0.051069
v -0.009018 -0.070512 0.054769
v -0.005992 -0.073601 0.054170
v -0.007870 -0.067849 0.060180
v 0.039180 0.155038 -0.408543
v 0.037146 0.189959 -0.379080
v 0.029967 0.234908 -0.314148
v 0.021580 0.251746 -0.279791
v 0.014560 -0.125323 0.052103
v 0.012632 -0.118652 0.045958
v 0.032488 -0.133569 0.033595
v 0.018109 -0.135702 0.035469
v 0.017466 -0.144447 0.045116
v 0.029852 -0.141810 0.043275
v 0.038996 -0.140017 0.042983
v 0.041636 -0.131939 0.035604
v 0.033015 -0.128491 0.028166
v 0.018160 -0.130518 0.029010
v 0.026833 -0.148700 0.058177
v 0.016545 -0.151802 0.060623
v 0.017347 -0.142585 0.065888
v 0.027814 -0.139996 0.061330
v 0.038336 -0.094182 0.054085
v 0.027745 -0.088700 0.054858
v 0.014063 -0.086246 0.054549
v 0.006212 -0.083072 0.058460
v 0.002109 -0.076140 0.053475
v 0.006491 -0.077362 0.050755
v 0.000259 -0.073370 0.053200
v 0.004780 -0.073275 0.052580
v 0.003861 -0.070487 0.052850
v 0.006190 -0.066478 0.058901
v 0.000048 -0.065416 0.058008
v 0.003550 -0.063739 0.061329
v -0.002077 -0.069803 0.051635
v 0.005117 -0.002529 0.095703
v 0.002008 0.004183 0.085487
v 0.022666 -0.115583 0.051497
v 0.011476 -0.112497 0.050937
v 0.006487 -0.094464 0.064937
v 0.019456 -0.097760 0.063882
v 0.033726 -0.102172 0.063283
v 0.036193 -0.118368 0.054831
v -0.003173 -0.076014 0.055509
v 0.024295 -0.120622 0.050277
v 0.026222 -0.126814 0.055881
v 0.037224 -0.123609 0.054370
v 0.036743 -0.128682 0.055465
v 0.049920 -0.123019 0.058712
v 0.048633 -0.108497 0.063302
v 0.061155 -0.118042 0.061284
v 0.058903 -0.129979 0.058360
v 0.075777 -0.142088 0.065208
v 0.054837 -0.150519 0.057954
v 0.056282 -0.145283 0.059139
v 0.058410 -0.140052 0.058873
v 0.080096 -0.133798 0.069098
v 0.094370 -0.140755 0.075626
v 0.095800 -0.130138 0.074477
v 0.073637 -0.127052 0.063702
v 0.059938 -0.135675 0.058508
v 0.053514 -0.145313 0.058760
v 0.050670 -0.146617 0.059523
v 0.054061 -0.141776 0.057243
v 0.051719 -0.143885 0.057071
v 0.054290 -0.139201 0.056605
v 0.051316 -0.141350 0.054895
v 0.049697 -0.139339 0.053468
v 0.053197 -0.135850 0.055019
v 0.052958 -0.144673 0.051548
v 0.050024 -0.146038 0.050603
v 0.046805 -0.145789 0.052386
v 0.050157 -0.146227 0.054081
v 0.054894 -0.146411 0.052350
v 0.052118 -0.147038 0.056778
v 0.055290 -0.141180 0.041898
v 0.056121 -0.140926 0.040903
v 0.021758 -0.084903 0.005763
v 0.003925 -0.051724 -0.025306
v 0.054408 -0.148661 0.053042
v 0.053999 -0.149649 0.058440
v 0.049321 -0.146567 0.062063
v 0.050661 -0.145972 0.057114
v 0.049823 -0.144340 0.054429
v 0.047481 -0.142198 0.052350
v 0.035942 -0.133999 0.057297
v 0.044763 -0.132543 0.055045
v 0.042769 -0.136634 0.054553
v 0.035560 -0.140789 0.057707
v 0.041994 -0.142337 0.054790
v 0.043754 -0.127891 0.032105
v 0.035091 -0.146719 0.055431
v 0.051872 -0.132157 0.036371
v 0.053245 -0.129882 0.032235
v 0.048618 -0.140284 0.042692
v 0.054973 -0.136745 0.035780
v 0.056477 -0.134475 0.034750
v 0.056098 -0.138359 0.030880
v 0.057045 -0.133210 0.031137
v 0.042903 -0.145845 0.052074
v 0.048190 -0.128312 0.056242
v 0.027313 -0.133354 0.059434
v 0.016321 -0.132901 0.059780
v -0.092395 -0.006008 0.030390
v -0.091611 -0.011701 0.034216
v -0.080812 -0.008787 0.032302
v -0.081164 -0.004284 0.027949
v 0.008722 -0.026205 0.107838
v 0.008002 -0.012059 0.102414
v 0.042778 -0.151766 0.066282
v 0.002746 -0.045402 0.097733
v -0.203499 -0.048760 -0.043746
v -0.197952 -0.045706 -0.045062
v -0.204703 0.002033 -0.061460
v 0.047291 -0.155128 0.060020
v 0.053689 -0.173606 0.040228
v 0.050903 -0.165781 0.049311
v 0.081280 -0.173925 0.108940
v 0.063163 -0.182183 0.122616
v 0.047632 -0.173020 0.101912
v 0.059675 -0.167894 0.081648
v 0.029688 -0.163555 0.086685
v 0.038630 -0.159823 0.066679
v -0.203449 0.029082 -0.063476
v 0.035717 -0.156558 0.071068
v 0.025843 -0.159812 0.081875
v 0.026945 -0.156674 0.077687
v 0.035553 -0.154535 0.071136
v 0.033161 -0.149466 0.077803
v 0.026714 -0.146358 0.079534
v 0.026815 -0.166853 0.065838
v 0.035581 -0.168491 0.063194
v 0.047722 -0.168242 0.054093
v 0.042831 -0.153279 0.068127
v -0.205449 0.028878 -0.075811
v -0.204373 0.037670 -0.070710
v -0.205009 0.032308 -0.075121
v -0.204326 0.024313 -0.078495
v 0.030670 -0.147281 0.075634
v 0.038897 -0.148813 0.070361
v 0.023019 -0.143311 0.081502
v -0.004255 -0.041910 0.063814
v 0.037493 -0.152585 0.070608
v 0.029553 -0.151785 0.076028
v 0.020475 -0.149788 0.081972
v 0.018304 -0.155566 0.085902
v 0.017042 -0.159779 0.095462
v 0.019278 -0.163563 0.110457
v 0.042559 -0.178983 0.152069
v 0.057436 -0.191926 0.173009
v 0.027140 -0.179131 0.186442
v 0.040402 -0.195838 0.206830
v 0.012610 -0.162999 0.125899
v 0.012230 -0.158137 0.105465
v 0.012498 -0.153260 0.093981
v 0.014506 -0.146392 0.088541
v -0.000197 -0.080997 0.060119
v -0.004601 -0.064505 0.058573
v -0.004960 -0.063904 0.064143
v 0.009885 -0.057699 0.089503
v -0.007973 -0.065770 0.068743
v 0.017998 -0.055345 0.091861
v 0.014166 -0.056827 0.095013
v 0.014795 -0.052353 0.099959
v 0.016241 -0.050496 0.097380
v 0.010624 -0.059355 0.097390
v 0.013922 -0.053550 0.102887
v 0.000282 -0.062736 0.098365
v 0.005739 -0.054920 0.110820
v 0.009121 -0.037862 0.111806
v 0.008658 -0.048186 0.115260
v 0.016787 -0.048655 0.102448
v 0.017017 -0.043241 0.098727
v -0.210385 0.021766 -0.053384
v 0.016612 -0.034207 0.095961
v 0.019690 -0.040961 0.088288
v -0.004188 0.282310 -0.156076
v 0.016544 -0.139016 0.087470
v 0.018735 -0.142037 0.081962
v -0.163751 -0.103723 -0.049835
v -0.203763 0.005810 -0.041360
v 0.021593 -0.194834 0.050111
v 0.023009 -0.183869 0.053487
v 0.013135 -0.182582 0.053234
v -0.205256 0.041747 -0.068707
v -0.208391 0.044991 -0.064292
v 0.010264 -0.192271 0.050613
v 0.010513 -0.138414 0.082531
v -0.214347 -0.035585 -0.046107
v -0.211717 0.013205 -0.047638
v -0.209049 0.014555 -0.049103
v -0.192730 0.033929 -0.054388
v -0.187276 -0.048105 -0.057843
v -0.197447 -0.043306 -0.041220
v -0.193808 -0.052476 -0.040959
v -0.186355 -0.055690 -0.056468
v -0.188876 -0.019044 -0.053143
v 0.009922 -0.159801 0.066983
v 0.016386 -0.162583 0.066918
v 0.009333 -0.137178 0.091143
v 0.008572 -0.142250 0.094035
v 0.007400 -0.149887 0.099644
v 0.006805 -0.181486 0.052031
v 0.004943 -0.190909 0.048484
v -0.178884 -0.076103 -0.040962
v 0.049786 -0.180853 0.043723
v -0.173615 -0.119211 -0.049249
v -0.184224 -0.108335 -0.044991
v -0.060710 -0.062320 -0.310442
v -0.075371 -0.059163 -0.332322
v -0.221204 -0.040495 -0.034593
v 0.049751 -0.189660 0.040063
v 0.036482 -0.183112 0.050944
v 0.036713 -0.195075 0.045750
v 0.020307 -0.192343 0.226678
v 0.012505 -0.179484 0.209533
v 0.006662 -0.157294 0.109499
v 0.007658 -0.164567 0.129065
v 0.034365 0.214649 -0.348804
v 0.145520 0.160743 -0.028988
v 0.135758 0.146848 -0.013433
v -0.196988 0.038794 -0.055051
v 0.126801 0.172367 0.009624
v 0.131541 0.182431 -0.003884
v 0.144628 0.175476 -0.056820
v 0.129350 0.193278 -0.032035
v 0.075038 0.249418 -0.213683
v 0.076273 0.252646 -0.173580
v 0.025851 0.274410 -0.159485
v 0.062379 0.244474 -0.252903
v 0.097209 0.219098 -0.277300
v 0.101902 0.231414 -0.224072
v 0.100542 0.236618 -0.181468
v -0.164655 -0.110064 -0.051491
v -0.148980 -0.134242 -0.052978
v -0.141818 -0.131015 -0.056049
v -0.186847 0.018219 -0.056180
v 0.043944 0.174536 -0.161033
v 0.135381 0.028554 -0.391775
v 0.096992 0.238766 -0.142624
v 0.074951 0.252712 -0.134138
v 0.074737 0.249753 -0.097195
v 0.094267 0.237339 -0.108406
v 0.025643 0.273040 -0.118056
v -0.004194 0.281654 -0.111113
v 0.056998 -0.042402 -0.423541
v 0.001634 0.011871 0.077856
v 0.118198 -0.081289 -0.234105
v 0.126235 -0.038103 -0.167922
v 0.002945 0.035674 -0.084634
v 0.195324 -0.112538 -0.113402
v 0.195944 -0.110543 -0.115223
v 0.069761 -0.026629 -0.102541
v 0.128591 -0.052804 -0.119146
v 0.102315 -0.068724 -0.270053
v 0.215995 -0.079321 -0.113955
v 0.219952 -0.073408 -0.117904
v 0.215670 -0.079003 -0.102862
v 0.219537 -0.070021 -0.101836
v 0.220965 -0.062161 -0.105417
v 0.212970 -0.082251 -0.096113
v 0.197153 0.012295 -0.106291
v 0.200768 0.017121 -0.094253
v -0.197021 -0.070970 -0.057777
v -0.196577 -0.064275 -0.062020
v 0.189776 -0.111425 -0.106285
v 0.191908 -0.108517 -0.109300
v -0.189570 -0.051426 -0.035787
v 0.191391 -0.108609 -0.111049
v 0.190527 -0.111145 -0.108797
v 0.187393 -0.114259 -0.104336
v 0.189883 -0.112401 -0.107602
v 0.194355 0.039530 -0.113383
v 0.195632 -0.102514 -0.119857
v 0.198155 -0.112315 -0.122405
v 0.195404 -0.109193 -0.114612
v 0.192846 -0.106973 -0.113849
v 0.191945 -0.108068 -0.110485
v 0.188148 -0.108024 -0.105798
v 0.184804 -0.116567 -0.104938
v -0.196832 -0.098162 -0.055437
v -0.182637 -0.115677 -0.052810
v -0.030039 -0.040286 -0.040278
v -0.039689 -0.009807 -0.074075
v -0.018566 0.008516 -0.068057
v -0.002194 -0.018259 -0.043652
v -0.194342 -0.037171 -0.053313
v -0.186063 -0.052262 -0.047530
v -0.186150 -0.057870 -0.046412
v 0.208351 -0.083364 -0.091758
v 0.185771 -0.120044 -0.099941
v -0.012335 -0.138226 0.100828
v 0.013213 -0.102313 0.088599
v 0.211426 -0.013468 -0.106238
v 0.215683 -0.019108 -0.111435
v 0.218447 -0.016764 -0.104278
v 0.212318 -0.008506 -0.102000
v 0.172400 -0.075194 -0.299496
v 0.175210 -0.061279 -0.319929
v 0.033918 0.134986 -0.185249
v 0.044869 -0.022016 -0.252588
v 0.205498 0.011385 -0.270645
v 0.206111 -0.007167 -0.105091
v 0.207775 -0.001186 -0.102999
v 0.222438 -0.066421 -0.117887
v 0.206444 -0.009834 -0.113329
v 0.214500 -0.015974 -0.116294
v 0.208538 0.003706 -0.099547
v 0.209317 -0.002408 -0.099766
v 0.214083 -0.010377 -0.096967
v 0.218717 -0.023921 -0.119850
v -0.177588 -0.072172 -0.034817
v -0.182203 -0.069342 -0.013048
v -0.193046 -0.028249 -0.027861
v -0.186636 -0.046066 -0.042668
v 0.202776 -0.004240 -0.140840
v 0.195815 0.097476 -0.210969
v 0.198379 0.076742 -0.251800
v 0.181517 0.140237 -0.228688
v 0.182366 0.121607 -0.271770
v 0.174424 0.100871 -0.317812
v 0.191121 0.053537 -0.300081
v 0.200587 0.008470 -0.115561
v 0.205774 0.020627 -0.087119
v 0.143707 0.186850 -0.083859
v 0.156982 0.170603 -0.104346
v 0.126673 0.202630 -0.058310
v 0.123779 0.211046 -0.082760
v 0.140348 0.197891 -0.108001
v 0.160308 0.176581 -0.139451
v 0.195040 0.080599 -0.157493
v 0.187265 0.117421 -0.171786
v 0.176401 0.133504 -0.136328
v -0.148842 0.049508 0.002142
v -0.149277 0.051809 -0.006139
v -0.160525 0.029067 0.004921
v -0.160946 0.031479 0.011220
v 0.172953 0.158598 -0.186849
v 0.147470 0.195356 -0.163550
v 0.157774 0.182225 -0.203342
v 0.127501 0.213910 -0.179278
v 0.134448 0.205208 -0.218127
v 0.135035 0.194582 -0.261619
v 0.164044 0.168383 -0.242973
v 0.134052 0.207725 -0.129708
v 0.117771 0.218763 -0.102996
v 0.119359 0.220891 -0.144058
v 0.110688 0.225597 -0.119286
v 0.169901 0.141698 -0.117802
v 0.180401 -0.066138 -0.099634
v 0.226478 -0.095596 -0.100347
v -0.076199 0.213837 0.061963
v -0.046105 0.217747 0.069215
v -0.049170 0.233782 0.079072
v -0.081448 0.229494 0.070285
v 0.173398 -0.083723 -0.068414
v -0.087856 -0.064678 -0.348622
v -0.098389 -0.058066 -0.368324
v -0.041395 -0.056500 -0.394472
v -0.033277 -0.058648 -0.375694
v 0.183638 -0.018692 0.030243
v 0.171768 0.007763 0.015514
v 0.189656 -0.010997 -0.006631
v 0.174254 -0.043441 0.003302
v -0.086664 0.261968 -0.009353
v -0.056605 0.268148 0.002753
v -0.058401 0.275679 -0.031615
v -0.088131 0.268753 -0.042357
v -0.142815 -0.014789 0.041316
v -0.148209 -0.029794 0.051577
v -0.135755 -0.030652 0.049654
v -0.134818 -0.014623 0.042852
v 0.161035 0.037403 0.001752
v 0.173134 0.019064 -0.018568
v 0.168083 0.051366 -0.031749
v 0.153540 0.071856 -0.010910
v 0.154428 0.082431 -0.362594
v 0.164924 0.040346 -0.355851
v -0.143125 -0.150282 -0.051736
v -0.139317 -0.144784 -0.052576
v 0.172437 0.010353 -0.345585
v 0.110873 0.127529 0.058406
v -0.059984 0.280777 -0.070064
v -0.089772 0.273641 -0.078810
v 0.041840 0.130432 -0.424758
v 0.114295 0.191729 0.035807
v 0.124641 0.135230 -0.368667
v 0.023833 -0.041422 -0.264675
v 0.089791 0.147884 -0.389255
v 0.164339 0.151070 -0.284722
v 0.158236 0.131950 -0.324648
v 0.141251 0.110714 -0.366400
v 0.177511 -0.026203 -0.335617
v 0.097229 0.231761 -0.083199
v 0.170342 0.035154 0.083566
v 0.179191 0.025891 0.090994
v 0.157691 0.046185 0.075782
v 0.171187 0.018235 0.089508
v 0.023338 -0.004634 0.068270
v 0.020921 -0.010348 0.068350
v 0.023542 -0.015840 0.074609
v 0.032618 -0.016987 0.070596
v 0.034183 -0.023943 0.075747
v 0.015939 -0.015329 0.075805
v 0.014548 -0.008927 0.073416
v 0.023536 -0.022471 0.076011
v 0.022498 -0.031227 0.076286
v 0.017141 -0.022392 0.082907
v 0.033414 -0.066716 0.058167
v 0.036680 -0.052132 0.071165
v 0.029435 -0.041213 0.071027
v 0.050090 -0.029386 0.085080
v 0.046175 -0.039350 0.083526
v 0.031860 -0.031555 0.075866
v 0.049937 -0.021735 0.079262
v 0.028155 -0.040238 0.078205
v 0.032526 -0.048181 0.080403
v 0.017995 -0.031688 0.086671
v 0.016290 -0.024936 0.091058
v 0.016812 -0.014794 0.086430
v 0.037486 -0.009698 0.072791
v 0.054601 -0.014136 0.080836
v 0.062974 -0.046926 0.098725
v 0.082140 -0.055442 0.114303
v 0.069959 -0.033997 0.099184
v 0.088412 -0.040201 0.111874
v 0.069521 -0.024863 0.092936
v 0.088812 -0.030281 0.104583
v 0.101856 -0.069007 0.126215
v 0.120901 -0.080743 0.130560
v 0.137509 -0.098968 0.125923
v 0.128436 -0.063816 0.130577
v 0.146024 -0.079367 0.131474
v 0.126764 -0.045985 0.118009
v 0.145364 -0.062688 0.120159
v -0.034541 0.015550 0.033623
v -0.035526 0.021301 0.026269
v -0.045623 0.010822 0.027492
v -0.044605 0.004583 0.031535
v -0.028214 0.134417 0.060683
v -0.033994 0.156526 0.066837
v -0.057896 0.156622 0.062964
v -0.049903 0.134239 0.060933
v 0.107980 -0.049148 0.122111
v 0.108896 -0.037431 0.113821
v 0.087406 -0.021483 0.097204
v 0.069717 -0.017907 0.087502
v 0.124911 -0.016570 0.106404
v 0.126039 -0.031684 0.110539
v 0.108362 -0.025279 0.107880
v 0.107326 -0.013879 0.102871
v 0.144941 -0.040912 0.110421
v 0.141930 -0.021352 0.105264
v 0.138739 -0.007265 0.102590
v 0.086398 0.009450 0.095699
v 0.069062 0.010196 0.087218
v 0.100223 0.009808 0.099626
v 0.124229 -0.004806 0.106080
v 0.109744 -0.004265 0.103029
v 0.150431 0.011051 0.086517
v 0.142589 0.010004 0.090587
v 0.123655 0.010649 0.099980
v 0.112797 0.010099 0.100926
v 0.133592 0.010634 0.095730
v 0.053052 0.013645 0.077666
v 0.036095 0.018144 0.068695
v 0.085919 -0.009582 -0.145278
v 0.013044 -0.007775 0.079304
v 0.009542 -0.001799 0.073433
v 0.019240 0.063948 0.048804
v 0.006670 0.057343 0.036642
v -0.003633 0.054328 0.046965
v 0.035562 0.071884 0.063811
v 0.020923 0.023292 0.058015
v -0.056591 0.002553 0.026468
v -0.055597 -0.002320 0.030816
v 0.011443 0.028965 0.049943
v 0.002659 0.039046 0.038411
v 0.002983 0.049009 0.036755
v -0.052177 0.247836 0.057995
v -0.084139 0.243106 0.046588
v -0.086504 0.269945 -0.223925
v -0.088765 0.275414 -0.198421
v -0.059303 0.281108 -0.200479
v -0.060905 0.273854 -0.236411
v 0.066439 0.100678 0.083450
v 0.063154 0.084592 0.092372
v 0.132119 0.133264 0.017526
v 0.135787 0.109325 0.007716
v 0.124689 0.085933 0.070173
v 0.137427 0.073021 0.069534
v 0.145849 0.059526 0.068963
v 0.140146 0.077799 0.006594
v 0.153688 0.046951 0.019436
v 0.168332 0.021537 0.032794
v -0.199133 -0.052419 -0.205274
v -0.215281 -0.058087 -0.132252
v -0.224760 -0.032922 -0.153832
v -0.213764 -0.018955 -0.225652
v 0.110091 0.209616 -0.005171
v -0.002082 -0.126943 0.061834
v 0.024300 -0.092691 0.051718
v 0.022675 0.096967 -0.199327
v 0.105700 0.217834 -0.031910
v 0.114265 0.201447 0.023189
v 0.075899 0.244479 -0.066314
v 0.078943 0.238786 -0.036691
v 0.101541 0.225330 -0.057835
v 0.083960 0.231721 -0.008709
v 0.089714 0.223909 0.018963
v 0.094364 0.215817 0.048358
v 0.097480 0.205776 0.058387
v 0.089704 0.183934 0.070873
v 0.087739 0.007500 -0.195118
v 0.010076 -0.038954 0.055780
v 0.008916 -0.039418 0.056297
v -0.128250 0.108028 0.006172
v -0.135932 0.122916 -0.001625
v -0.132286 0.101507 -0.013591
v -0.134640 0.091572 0.000392
v 0.010131 -0.038735 0.055403
v 0.008486 -0.039015 0.055834
v 0.008689 -0.039294 0.057222
v 0.005168 -0.058887 0.061905
v 0.004108 -0.053262 0.060862
v 0.006142 -0.045179 0.059039
v 0.173878 -0.093785 -0.078714
v -0.022247 0.105319 0.063963
v -0.040918 0.103435 0.065474
v -0.034983 0.091226 0.062125
v -0.019349 0.091902 0.061236
v -0.165214 0.013514 0.017982
v -0.166721 0.007543 0.015455
v -0.168733 -0.009803 0.031167
v -0.161396 -0.002164 0.028493
v -0.150726 -0.012328 0.038089
v -0.157862 -0.026184 0.046656
v -0.067493 0.186902 0.066400
v -0.040185 0.188157 0.072672
v -0.138680 0.077037 -0.014278
v -0.139538 0.071259 -0.001642
v -0.027868 0.024767 0.038414
v -0.029593 0.029532 0.028642
v -0.024602 0.041278 0.035160
v -0.018054 0.038406 0.051837
v -0.015309 0.046415 0.044060
v -0.019721 0.049423 0.035021
v -0.093426 0.133322 0.046708
v -0.105070 0.155266 0.047840
v -0.121208 0.150202 0.032317
v -0.109561 0.129703 0.034222
v -0.085605 0.253447 0.020071
v -0.054571 0.258886 0.032398
v -0.012541 0.072884 0.049933
v -0.020296 0.076446 0.040799
v -0.016393 0.065803 0.035345
v -0.012000 0.062792 0.045819
v -0.067880 -0.006762 0.030824
v -0.068088 -0.002572 0.025854
v -0.163747 -0.104837 -0.049135
v -0.156292 -0.131166 -0.047883
v -0.195339 0.012096 -0.066695
v -0.201324 -0.018573 -0.054298
v -0.193161 0.004519 -0.041718
v -0.176598 0.040299 -0.062644
v -0.180276 0.067981 -0.079308
v -0.199777 0.087177 -0.086645
v -0.208127 0.047199 -0.084424
v -0.188496 0.038614 -0.081395
v -0.026287 0.036303 -0.096489
v -0.037802 0.018719 -0.111347
v -0.016961 0.028221 0.058853
v -0.015849 0.019897 0.065322
v -0.059923 0.013461 -0.436677
v -0.054356 -0.012477 -0.428156
v -0.112856 -0.004964 -0.399641
v -0.117075 0.021394 -0.408227
v -0.184693 -0.066773 -0.181529
v -0.200852 -0.070153 -0.112741
v -0.031341 -0.052244 0.049851
v -0.024600 -0.041967 0.038416
v -0.026849 -0.049697 0.040264
v -0.024043 -0.042783 0.037373
v -0.033688 -0.056843 0.057914
v -0.040352 -0.055368 0.064437
v -0.029299 -0.060260 0.038518
v -0.026561 -0.060155 0.040103
v -0.025695 -0.049193 0.041106
v -0.024925 -0.042420 0.039012
v -0.013838 -0.067250 0.078009
v -0.014400 -0.064299 0.089211
v -0.023962 -0.060550 0.085985
v -0.020364 -0.064489 0.077670
v -0.020937 -0.042814 0.040533
v -0.020365 -0.049687 0.044100
v -0.019883 -0.053658 0.061047
v -0.023449 -0.047449 0.048760
v -0.022745 -0.044461 0.041251
v -0.024565 -0.052015 0.059329
v -0.021260 -0.065669 0.051626
v -0.027324 -0.052077 0.055184
v -0.185350 -0.077453 -0.041850
v -0.056398 -0.085939 -0.012314
v -0.124434 -0.090205 -0.021315
v -0.096524 -0.069790 -0.029597
v -0.053036 -0.067774 -0.022869
v -0.192380 0.015972 -0.053806
v -0.156409 0.117038 -0.048234
v -0.189781 0.147534 -0.057788
v -0.195050 0.116861 -0.079276
v -0.171017 0.088916 -0.072599
v -0.197598 0.166898 -0.082684
v -0.206119 0.138775 -0.105089
v -0.213255 0.105338 -0.118908
v -0.229187 0.046173 -0.130594
v -0.108505 0.023024 0.012564
v -0.108838 0.023701 0.013318
v -0.104853 0.024017 0.015645
v -0.105143 0.023024 0.015105
v -0.109748 0.021638 0.009210
v -0.106853 0.019505 0.012222
v -0.113771 0.020849 0.006979
v -0.111126 0.022427 0.010528
v -0.111537 0.023402 0.011393
v -0.062568 0.026532 0.010944
v -0.064163 0.023662 0.014660
v -0.072472 0.026579 0.012864
v -0.069692 0.025901 0.014779
v -0.061727 0.025634 0.010947
v -0.069363 0.025181 0.014561
v -0.069121 0.027360 -0.003710
v -0.065151 0.029201 -0.005457
v -0.073026 0.026838 -0.003278
v -0.048540 0.034205 -0.003246
v -0.056798 0.036451 -0.004353
v -0.066363 0.035446 -0.009009
v -0.062598 0.032783 -0.008575
v -0.050584 0.028171 0.003472
v -0.047518 0.028365 0.000282
v -0.045950 0.033197 -0.007975
v -0.051790 0.035095 -0.008101
v -0.083122 0.023673 0.016929
v -0.083867 0.021896 0.017967
v -0.071351 0.021688 0.015630
v -0.070137 0.023696 0.014853
v -0.082520 0.025094 0.016348
v -0.091486 0.025784 0.016577
v -0.091725 0.024518 0.016795
v -0.092195 0.022641 0.017994
v -0.062264 0.023340 0.012850
v -0.061946 0.025291 0.012055
v -0.092395 0.020641 0.019818
v -0.084507 0.020215 0.018967
v -0.072104 0.020109 0.016297
v -0.062399 0.022363 0.013822
v -0.055199 0.024677 0.010241
v -0.057906 0.025261 0.010913
v -0.084684 0.017820 0.020775
v -0.084958 0.015722 0.022718
v -0.072537 0.015936 0.022358
v -0.072375 0.017922 0.019315
v -0.092569 0.018452 0.020561
v -0.093326 0.015682 0.023020
v -0.115188 0.022851 0.010110
v -0.117545 0.023003 0.008830
v -0.117720 0.022185 0.010488
v -0.116251 0.022180 0.011125
v -0.127330 0.013862 0.015968
v -0.131288 0.015485 0.015596
v -0.137515 0.012296 0.019245
v -0.133049 0.010496 0.019415
v -0.157413 -0.007986 0.033258
v -0.140373 0.003523 0.025132
v -0.145975 0.006435 0.023565
v -0.113102 0.023275 0.010343
v -0.111199 0.023385 0.011491
v -0.113282 0.022747 0.010034
v -0.115301 0.022735 0.008937
v -0.113742 0.022219 0.011240
v -0.111378 0.022571 0.012025
v -0.108998 0.023990 0.013882
v -0.109241 0.023168 0.014422
v -0.105124 0.023165 0.016753
v -0.104707 0.024694 0.015954
v -0.099104 0.025227 0.016414
v -0.100002 0.025320 0.016545
v -0.099544 0.022929 0.017844
v -0.105390 0.021365 0.017353
v -0.099863 0.021245 0.018539
v -0.109410 0.021235 0.015161
v -0.112070 0.021337 0.013316
v -0.115101 0.021033 0.012457
v -0.117815 0.020835 0.011974
v -0.119648 0.021229 0.011089
v -0.117226 0.019282 0.013952
v -0.120025 0.016891 0.015206
v -0.115902 0.017080 0.016677
v -0.113772 0.019596 0.015000
v -0.120086 0.019265 0.012800
v -0.123361 0.016883 0.013855
v -0.109989 0.019986 0.016025
v -0.111566 0.017475 0.017959
v -0.106534 0.017071 0.020332
v -0.105866 0.019528 0.018824
v -0.099625 0.019845 0.019967
v -0.101110 0.016704 0.022720
v -0.082969 0.026739 0.017403
v -0.081959 0.025476 0.011803
v -0.090119 0.025147 0.011556
v -0.092011 0.025290 0.017188
v -0.100634 0.023555 0.016439
v -0.095478 0.025852 0.011861
v -0.087659 0.023001 0.006191
v -0.083393 0.027079 -0.005387
v -0.087413 0.027969 -0.005920
v -0.094686 0.022709 0.005210
v -0.080704 0.022361 0.007303
v -0.079522 0.026645 -0.004012
v -0.073252 0.023916 0.008257
v -0.076163 0.026724 -0.003619
v -0.065566 0.024441 0.009498
v -0.088470 0.059242 0.015034
v -0.088756 0.059692 0.020887
v -0.105368 0.055605 0.025989
v -0.102708 0.056672 0.019262
v -0.137712 -0.055461 -0.333113
v -0.146154 -0.026861 -0.350543
v -0.107250 -0.035992 -0.386863
v -0.108672 0.048532 0.020608
v -0.108774 0.050558 0.021185
v -0.115992 0.045771 0.020469
v -0.115067 0.044404 0.018741
v -0.107883 0.046459 0.019263
v -0.113660 0.042058 0.016675
v -0.099993 0.050252 0.020651
v -0.100906 0.053424 0.021643
v -0.101009 0.055449 0.021018
v -0.111485 0.041375 0.002346
v -0.110827 0.046410 0.004532
v -0.114872 0.045082 0.009348
v -0.114853 0.039650 0.005493
v -0.112332 0.038576 0.001194
v -0.114140 0.035981 0.003598
v -0.097602 0.038625 -0.004660
v -0.097281 0.041021 -0.003931
v -0.096013 0.044294 -0.002339
v -0.097256 0.036549 -0.004356
v -0.096918 0.033992 -0.003167
v -0.096102 0.031975 -0.002831
v -0.095447 0.031873 -0.002741
v -0.163984 -0.046835 0.052504
v -0.164133 -0.020129 0.039443
v -0.170031 -0.039310 0.043354
v -0.113008 0.022236 0.009083
v -0.115079 0.022810 0.007936
v -0.115468 0.021560 0.006417
v -0.115548 0.024149 0.007350
v -0.117115 0.023765 0.006354
v -0.117765 0.023679 0.007321
v -0.107283 0.021545 0.005968
v -0.092658 0.028219 -0.004508
v -0.094471 0.029745 -0.003672
v -0.110246 0.023747 0.004089
v -0.103827 0.019465 0.006210
v -0.089483 0.028028 -0.005670
v -0.094687 0.031069 -0.003941
v -0.095184 0.031860 -0.003408
v -0.109553 0.026790 0.003707
v -0.109561 0.028483 0.004440
v -0.115480 0.025391 0.006329
v -0.112511 0.028373 0.002107
v -0.112480 0.031755 0.001946
v -0.116528 0.022948 0.004843
v -0.116634 0.029106 0.002815
v -0.110848 0.027206 0.003817
v -0.112018 0.035165 0.001438
v -0.114473 0.031519 0.003759
v -0.118908 0.022967 0.009124
v -0.119231 0.024648 0.007798
v -0.121531 0.027265 0.007639
v -0.121063 0.022704 0.009659
v -0.124468 0.022036 0.011330
v -0.122454 0.019838 0.011915
v -0.125956 0.028245 0.011109
v -0.133920 0.025726 0.019289
v -0.129805 0.020509 0.014062
v -0.126205 0.018113 0.013320
v -0.118321 0.025626 0.006645
v -0.119075 0.027516 0.005316
v -0.124061 0.032563 0.011490
v -0.128703 0.032761 0.017036
v -0.120642 0.031152 0.008521
v -0.119385 0.034471 0.011049
v -0.122051 0.035672 0.014261
v -0.125407 0.036630 0.017629
v -0.119215 0.039566 0.016575
v -0.121209 0.041230 0.018897
v -0.117209 0.037481 0.014216
v -0.118211 0.030504 0.005175
v -0.116809 0.033101 0.007113
v -0.114918 0.036633 0.010144
v -0.112010 0.039084 0.014169
v -0.107066 0.044173 0.016553
v -0.108594 0.053696 0.014566
v -0.098916 0.047641 0.018835
v -0.097230 0.059127 0.018841
v -0.089674 0.061231 0.027154
v -0.108902 0.055658 0.035784
v -0.096630 0.057766 0.014051
v -0.087821 0.048470 0.002034
v -0.082674 0.047044 0.002613
v -0.086092 0.056672 0.015896
v -0.059686 0.034888 -0.000143
v -0.060624 0.039487 0.004427
v -0.069549 0.038512 -0.003334
v -0.067952 0.036041 -0.006085
v -0.059020 0.033188 -0.002880
v -0.061417 0.037216 -0.000436
v -0.067937 0.048213 0.010598
v -0.073169 0.043322 0.001538
v -0.071122 0.040861 -0.001016
v -0.065858 0.044475 0.007428
v -0.068077 0.048385 0.010198
v -0.064298 0.044239 0.004251
v -0.086817 0.058185 0.018284
v -0.070909 0.096574 -0.435369
v -0.066301 0.059375 -0.440872
v -0.121105 0.064782 -0.413527
v -0.123479 0.097834 -0.410322
v -0.105643 0.053307 0.009789
v -0.092510 0.047520 0.000221
v -0.152054 0.103792 -0.385626
v -0.150969 0.126093 -0.381247
v -0.126761 0.127888 -0.399571
v -0.046105 -0.056015 -0.198959
v -0.010273 -0.011248 -0.202345
v -0.048023 0.037534 0.001125
v -0.053717 0.040886 0.003701
v -0.043276 0.034919 -0.001491
v -0.042204 0.034449 -0.001896
v -0.045766 0.038209 -0.000953
v -0.051028 0.042049 0.002109
v -0.059711 0.044006 0.006690
v -0.058035 0.045807 0.007249
v -0.067000 0.049518 0.013870
v -0.066920 0.046406 0.012278
v -0.087597 0.049164 0.019251
v -0.088516 0.052475 0.020822
v -0.066121 0.052628 0.011808
v -0.056587 0.048172 0.004585
v -0.064887 0.056052 0.009322
v -0.056570 0.051987 0.003822
v -0.088806 0.057415 0.017300
v -0.089268 0.055636 0.021239
v -0.054367 0.026728 0.007973
v -0.048039 0.027913 0.006284
v -0.055772 0.026855 0.008050
v -0.048773 0.027724 0.005734
v -0.055378 0.024203 0.010119
v -0.044463 0.030622 0.001123
v -0.043345 0.030660 0.002781
v -0.056880 0.024912 0.008408
v -0.043360 0.038695 -0.003662
v -0.039671 0.034157 -0.003064
v -0.039586 0.040863 -0.009010
v -0.036958 0.034486 -0.005665
v -0.048189 0.048587 -0.003459
v -0.048623 0.043465 -0.003233
v -0.041071 0.029718 0.002404
v -0.043855 0.027894 0.006209
v -0.038791 0.029532 0.001503
v -0.041651 0.027113 0.006514
v -0.062029 0.020617 0.014805
v -0.061642 0.019058 0.016938
v -0.053478 0.023616 0.011337
v -0.051717 0.022755 0.012522
v -0.085357 0.013606 0.025018
v -0.093487 0.013427 0.024477
v -0.085618 0.010764 0.026634
v -0.094859 0.010518 0.027030
v -0.072014 0.011504 0.024104
v -0.072438 0.014133 0.022984
v 0.032792 -0.056627 0.047973
v -0.123275 0.013747 0.017538
v -0.127823 0.009878 0.021237
v -0.122760 0.010372 0.023333
v -0.118788 0.014249 0.019240
v -0.114321 0.014241 0.021611
v -0.116678 0.010493 0.024794
v -0.110198 0.010421 0.026362
v -0.107711 0.013939 0.022097
v -0.101954 0.013925 0.024193
v -0.103598 0.010117 0.027061
v -0.135974 0.017401 0.017242
v -0.141862 0.022095 0.023700
v -0.142597 0.014008 0.021943
v -0.149366 0.020793 0.025110
v -0.030213 0.045863 -0.010958
v -0.032203 0.036056 -0.006885
v -0.022468 0.049264 -0.005101
v -0.025723 0.039300 -0.003084
v -0.028809 0.057247 0.003719
v -0.036710 0.053945 -0.005243
v -0.035848 0.029995 0.001370
v -0.039368 0.026284 0.005293
v -0.031726 0.029715 0.002239
v -0.036692 0.025171 0.006574
v -0.060550 0.017343 0.018477
v -0.059848 0.015272 0.019740
v -0.049758 0.021572 0.013922
v -0.047640 0.019755 0.012975
v -0.129736 -0.070440 -0.308849
v -0.151892 0.005211 -0.364524
v -0.124246 0.060359 0.038768
v -0.122509 0.052741 0.041952
v -0.112717 0.058010 0.043727
v -0.114438 0.066198 0.044360
v -0.127679 0.070994 0.033071
v -0.133014 0.060601 0.028029
v -0.131205 0.052628 0.034365
v -0.129660 0.046636 0.038423
v -0.144513 0.027630 0.028055
v -0.139313 0.028642 0.027718
v -0.138876 0.032843 0.032048
v -0.141735 0.034917 0.029290
v -0.149620 0.029027 0.024493
v -0.145818 0.038398 0.024564
v -0.137496 0.042754 0.031655
v -0.135069 0.038782 0.035644
v -0.138318 0.048983 0.025190
v -0.058805 0.067252 0.023404
v -0.059184 0.065001 0.013420
v -0.050887 0.059232 0.003414
v -0.046066 0.060789 0.010402
v -0.054220 0.071701 0.027474
v -0.038976 0.064521 0.014623
v -0.096423 0.068811 0.047182
v -0.093158 0.063107 0.039697
v -0.064808 0.057863 0.008099
v -0.059219 0.054652 0.004890
v -0.062776 0.058843 0.007788
v -0.056274 0.055720 0.004482
v -0.176244 0.160580 -0.334404
v -0.183341 0.180934 -0.299336
v -0.141148 0.205108 -0.321462
v -0.136784 0.180799 -0.355164
v -0.109528 0.051540 0.022915
v -0.114023 0.049854 0.028892
v -0.121601 0.043632 0.029869
v -0.117424 0.046317 0.023475
v -0.123808 0.041378 0.022083
v -0.127804 0.038537 0.029092
v -0.130917 0.034725 0.026952
v -0.127928 0.037198 0.021279
v -0.130406 0.033841 0.020034
v -0.132714 0.031544 0.023428
v -0.056427 0.057707 0.007683
v -0.062214 0.060419 0.011472
v -0.154039 0.074225 -0.384494
v -0.135621 0.173198 0.028252
v -0.146955 0.159562 0.007611
v -0.133892 0.141840 0.014808
v -0.118436 0.049289 0.038698
v -0.125994 0.043722 0.036795
v -0.131189 0.038520 0.033565
v -0.134930 0.033315 0.031501
v -0.136164 0.030877 0.027961
v -0.183609 -0.067387 -0.043845
v -0.185696 -0.065502 -0.043161
v -0.216550 -0.043563 -0.063371
v -0.213944 -0.032593 -0.069777
v -0.208585 -0.028183 -0.069784
v -0.187816 0.030131 -0.050155
v -0.192712 0.037214 -0.055573
v -0.198599 -0.091746 -0.047720
v -0.187091 -0.096149 -0.043308
v -0.198171 -0.082816 -0.046820
v -0.208790 0.019635 -0.053395
v -0.211720 0.010926 -0.048000
v -0.211671 0.006445 -0.042376
v -0.091013 -0.062906 -0.267549
v -0.114880 -0.067141 -0.285170
v -0.214158 0.003766 -0.043751
v -0.194850 -0.050364 -0.045507
v -0.217408 -0.042728 -0.057718
v -0.216952 -0.042957 -0.055045
v -0.215500 -0.055007 -0.051906
v -0.215270 -0.053314 -0.053373
v -0.211796 -0.068347 -0.050762
v -0.212148 -0.065048 -0.051183
v -0.204117 -0.070346 -0.046283
v -0.205758 -0.055954 -0.047062
v -0.194947 0.038151 -0.056928
v -0.194815 0.035968 -0.057996
v -0.195551 0.038588 -0.057732
v -0.202208 -0.054143 -0.043713
v -0.182032 0.025047 -0.049818
v -0.187405 0.018998 -0.049124
v -0.183090 0.021937 -0.047485
v -0.203601 -0.046135 -0.037091
v -0.201881 -0.043820 -0.037689
v -0.205297 -0.047938 -0.042802
v -0.208708 -0.049148 -0.041691
v -0.196778 -0.065159 -0.037802
v -0.198295 -0.065312 -0.035350
v -0.194398 -0.068479 -0.040909
v -0.209564 0.041632 -0.066370
v -0.190961 0.014928 -0.049769
v -0.193337 0.017720 -0.051484
v -0.190483 0.022189 -0.051735
v -0.195238 0.038708 -0.057146
v -0.189616 0.025550 -0.049634
v -0.187281 0.025493 -0.049251
v -0.189807 0.029498 -0.050069
v -0.184268 0.026249 -0.048409
v -0.184846 -0.054574 -0.060849
v -0.185508 -0.055867 -0.055401
v -0.196854 -0.008045 -0.061298
v -0.186561 -0.007801 -0.055362
v -0.181761 -0.104169 -0.044386
v -0.205873 -0.010239 -0.084556
v -0.210316 -0.003361 -0.100123
v -0.210750 -0.046155 -0.046535
v -0.192272 -0.060797 -0.038392
v -0.188543 -0.067474 -0.040908
v -0.197096 -0.054011 -0.039051
v -0.204137 -0.044939 -0.039650
v -0.189576 -0.006370 -0.051878
v -0.205343 0.010015 -0.044251
v -0.209279 0.003647 -0.041314
v -0.200394 0.012661 -0.047521
v -0.214672 0.007412 -0.109424
v -0.212636 0.011414 -0.096783
v -0.202789 -0.001680 -0.084853
v -0.209470 0.008554 -0.086326
v -0.200925 -0.059012 -0.036907
v -0.199866 -0.067345 -0.040542
v -0.204075 -0.064893 -0.039143
v -0.199733 -0.069184 -0.038454
v -0.200843 -0.067079 -0.041178
v -0.196631 -0.065347 -0.044683
v -0.193025 -0.060425 -0.046719
v -0.201457 -0.059170 -0.044071
v -0.201539 -0.052335 -0.036223
v -0.206674 0.035732 -0.063527
v -0.200894 -0.055422 -0.035036
v -0.203945 -0.048040 -0.038607
v -0.203728 -0.051334 -0.039061
v -0.202689 -0.055241 -0.037947
v -0.181749 -0.092564 -0.043328
v -0.187875 -0.080314 -0.043205
v -0.177513 -0.090810 -0.046001
v -0.188611 -0.073536 -0.042820
v -0.180971 -0.085582 -0.044671
v -0.210448 -0.005465 -0.087921
v -0.212189 0.002883 -0.094263
v -0.182268 -0.058065 -0.046126
v -0.174475 -0.026842 0.031406
v -0.173000 -0.005502 0.012343
v -0.056472 -0.163046 0.025075
v -0.055580 -0.176868 0.026927
v -0.155377 -0.053398 0.057431
v -0.142320 -0.063100 0.062929
v -0.039623 -0.143298 0.037529
v -0.035084 -0.147859 0.045860
v -0.036524 -0.146543 0.050888
v -0.039451 -0.142558 0.044826
v -0.045612 -0.145089 0.052154
v -0.050931 -0.144067 0.046852
v -0.048504 -0.143714 0.049418
v -0.042673 -0.146196 0.052607
v -0.069085 -0.107429 0.035397
v -0.086665 -0.099273 0.047397
v -0.093845 -0.109457 0.052635
v -0.077164 -0.113702 0.043649
v -0.053737 -0.144015 0.029702
v -0.055067 -0.136387 0.028837
v -0.053924 -0.137284 0.035610
v -0.053706 -0.139824 0.036907
v -0.053796 -0.153515 0.030201
v -0.052659 -0.145860 0.037618
v -0.056001 -0.151685 0.024529
v -0.056227 -0.140564 0.024237
v -0.058762 -0.158643 0.053938
v -0.041474 -0.153055 0.030239
v -0.052375 -0.142212 0.028693
v -0.069486 -0.145451 0.046548
v -0.067013 -0.076912 0.038807
v -0.077000 -0.089125 0.045893
v -0.064871 -0.100064 0.029070
v -0.054222 -0.089316 0.024591
v -0.049535 -0.072934 0.026362
v -0.060743 -0.062481 0.037543
v -0.062262 -0.044491 0.049377
v -0.062743 -0.054432 0.049040
v -0.056598 -0.056160 0.056216
v -0.061735 -0.049306 0.057769
v -0.046780 -0.067173 0.045030
v -0.059364 -0.062577 0.041327
v -0.030513 -0.070143 0.039242
v -0.031436 -0.068089 0.041050
v -0.047065 -0.070281 0.041200
v -0.045061 -0.074356 0.035643
v -0.030719 -0.072880 0.036322
v -0.031943 -0.066334 0.044082
v -0.039371 -0.064641 0.046977
v -0.043386 -0.058396 0.054375
v -0.018725 -0.066531 0.068542
v -0.022348 -0.063546 0.076340
v -0.030089 0.019587 0.047663
v -0.035285 0.008344 0.040027
v -0.031749 0.011832 0.053823
v -0.037599 0.002682 0.046413
v -0.042803 -0.052571 0.065223
v -0.046848 -0.047668 0.066389
v -0.037221 -0.050361 0.075756
v -0.039188 -0.042056 0.080515
v -0.011971 0.053604 0.041554
v -0.011587 -0.071682 0.052323
v -0.011104 -0.073733 0.050349
v -0.013278 -0.068782 0.059405
v -0.078527 0.155769 -0.406018
v -0.082554 0.190750 -0.377018
v -0.085592 0.236952 -0.312251
v -0.081645 0.253622 -0.278626
v -0.008144 -0.124037 0.046806
v -0.009434 -0.117496 0.038865
v -0.027707 -0.128259 0.033011
v -0.013988 -0.132160 0.035170
v -0.013777 -0.140190 0.044759
v -0.025810 -0.135422 0.041791
v -0.033872 -0.132546 0.038680
v -0.037327 -0.125689 0.031742
v -0.028767 -0.122580 0.026329
v -0.013880 -0.126677 0.028944
v -0.022746 -0.141154 0.057126
v -0.011318 -0.145413 0.060457
v -0.009818 -0.140711 0.062938
v -0.020926 -0.137774 0.058447
v -0.048625 -0.087562 0.033878
v -0.038846 -0.082734 0.038527
v -0.027170 -0.080413 0.043078
v -0.018869 -0.079568 0.046936
v -0.015791 -0.073927 0.042434
v -0.020722 -0.072798 0.038627
v -0.016020 -0.071928 0.043879
v -0.021297 -0.071516 0.040560
v -0.021625 -0.067861 0.040281
v -0.027668 -0.067465 0.045342
v -0.022320 -0.066925 0.047293
v -0.024802 -0.066181 0.048027
v -0.016797 -0.068921 0.044852
v -0.020967 -0.001932 0.088084
v -0.018859 0.005338 0.079689
v -0.021076 -0.111501 0.040872
v -0.012075 -0.110873 0.041157
v -0.013993 -0.094067 0.053422
v -0.025774 -0.094729 0.051900
v -0.038532 -0.095649 0.051065
v -0.031683 -0.113249 0.042838
v -0.010921 -0.075469 0.049007
v -0.018667 -0.117377 0.041731
v -0.018602 -0.123852 0.049082
v -0.029900 -0.119856 0.044904
v -0.029032 -0.125777 0.048620
v -0.042098 -0.117742 0.042695
v -0.049688 -0.101704 0.046932
v -0.059019 -0.110891 0.041558
v -0.047923 -0.124799 0.039129
v -0.057944 -0.134918 0.033209
v -0.040638 -0.143056 0.030681
v -0.043652 -0.137320 0.032956
v -0.046299 -0.132484 0.033804
v -0.063466 -0.128004 0.035708
v -0.075058 -0.133832 0.043910
v -0.081356 -0.123557 0.047200
v -0.064364 -0.120053 0.038756
v -0.048002 -0.129423 0.034838
v -0.043460 -0.138008 0.035781
v -0.042506 -0.140221 0.041339
v -0.044525 -0.134822 0.036132
v -0.043733 -0.137504 0.039658
v -0.044723 -0.132853 0.036544
v -0.043710 -0.135866 0.039269
v -0.041946 -0.134107 0.040049
v -0.044053 -0.130194 0.039171
v -0.049023 -0.137721 0.044299
v -0.045816 -0.139290 0.043589
v -0.042657 -0.141150 0.044180
v -0.045080 -0.140313 0.043758
v -0.051676 -0.139555 0.044494
v -0.047179 -0.140361 0.045364
v -0.051894 -0.134603 0.035904
v -0.051327 -0.134150 0.035316
v -0.055149 -0.141630 0.044587
v -0.051660 -0.143448 0.046642
v -0.043476 -0.140570 0.048366
v -0.044504 -0.139630 0.043148
v -0.043734 -0.138408 0.041846
v -0.041766 -0.137482 0.042157
v -0.028670 -0.131407 0.051711
v -0.036356 -0.128096 0.045496
v -0.035989 -0.132606 0.047414
v -0.029403 -0.136627 0.053609
v -0.036754 -0.137362 0.048822
v -0.041093 -0.122383 0.028359
v -0.030438 -0.138372 0.051719
v -0.047609 -0.126980 0.031988
v -0.051584 -0.125604 0.027906
v -0.043470 -0.132896 0.036835
v -0.053937 -0.131356 0.029688
v -0.053658 -0.129441 0.029639
v -0.056592 -0.133358 0.024548
v -0.056657 -0.129032 0.025607
v -0.038329 -0.139142 0.045887
v -0.039107 -0.123623 0.044199
v -0.019790 -0.131151 0.055592
v -0.009104 -0.132570 0.057747
v -0.019112 -0.024658 0.102001
v -0.021494 -0.010436 0.096016
v -0.037989 -0.147796 0.053157
v 0.019275 -0.053275 0.103981
v -0.035122 -0.149340 0.038344
v -0.052693 -0.166262 0.030552
v -0.049322 -0.155858 0.039476
v -0.053257 -0.173100 0.081091
v -0.052501 -0.183075 0.118177
v -0.040136 -0.173759 0.096192
v -0.039176 -0.166843 0.060686
v -0.029438 -0.161452 0.081878
v -0.032241 -0.156094 0.054018
v -0.031380 -0.154046 0.059470
v -0.027279 -0.157647 0.076665
v -0.025691 -0.154938 0.068524
v -0.031755 -0.151726 0.059770
v -0.031660 -0.149389 0.068899
v -0.025373 -0.149360 0.072950
v -0.022079 -0.163420 0.057731
v -0.030985 -0.162989 0.055140
v -0.042963 -0.160643 0.044691
v -0.039885 -0.146333 0.058948
v -0.028423 -0.149733 0.064666
v -0.036974 -0.145065 0.058964
v -0.021566 -0.146880 0.072230
v 0.026455 -0.061010 0.076374
v -0.033989 -0.150150 0.057927
v -0.027126 -0.151205 0.064632
v -0.018894 -0.150469 0.072240
v -0.016871 -0.153940 0.075685
v -0.018062 -0.157748 0.088575
v -0.021315 -0.162469 0.106041
v -0.039332 -0.177938 0.147157
v -0.055612 -0.192586 0.175430
v -0.025707 -0.179930 0.181436
v -0.039705 -0.195918 0.211206
v -0.011113 -0.162585 0.114728
v -0.010123 -0.156917 0.094189
v -0.010281 -0.152242 0.083719
v -0.012408 -0.148760 0.079576
v -0.011203 -0.080447 0.047379
v -0.018532 -0.066565 0.050628
v -0.015902 -0.065685 0.057365
v -0.027445 -0.058366 0.080071
v -0.013022 -0.067837 0.067563
v -0.034318 -0.052212 0.082598
v -0.029344 -0.054266 0.086047
v -0.031799 -0.049192 0.092555
v -0.034830 -0.046322 0.089585
v -0.025351 -0.057185 0.090288
v -0.029310 -0.050746 0.096683
v -0.014656 -0.062257 0.096922
v -0.014863 -0.052871 0.107555
v -0.016305 -0.036874 0.104381
v -0.014952 -0.046429 0.108228
v -0.032445 -0.044414 0.095793
v -0.035868 -0.037515 0.092261
v -0.037176 -0.027614 0.087275
v -0.041971 -0.034423 0.076709
v -0.061886 0.285035 -0.155391
v -0.014411 -0.144004 0.080106
v -0.016573 -0.149238 0.078076
v -0.020306 -0.193039 0.042143
v -0.019823 -0.181164 0.045290
v -0.010597 -0.182156 0.046527
v -0.009572 -0.191962 0.043357
v -0.009638 -0.142830 0.080296
v -0.009570 -0.161714 0.064109
v -0.015549 -0.163124 0.060850
v -0.007432 -0.141974 0.085150
v -0.006162 -0.146873 0.085972
v -0.004808 -0.151317 0.091731
v -0.006773 -0.182110 0.048680
v -0.005936 -0.190396 0.043863
v -0.047316 -0.176405 0.033322
v -0.048266 -0.186272 0.030152
v -0.033002 -0.179878 0.041099
v -0.035992 -0.192103 0.036486
v -0.016733 -0.195223 0.223887
v -0.011487 -0.181433 0.199543
v -0.003763 -0.155969 0.096651
v -0.004629 -0.161274 0.115235
v -0.084886 0.215843 -0.346997
v -0.183524 0.168453 -0.038918
v -0.163771 0.152015 -0.033637
v -0.161663 0.176939 -0.008735
v -0.172445 0.188692 -0.014831
v -0.186932 0.183998 -0.063196
v -0.174688 0.200607 -0.039626
v -0.136119 0.253753 -0.211909
v -0.138702 0.257800 -0.172265
v -0.091028 0.278350 -0.158782
v -0.121480 0.247821 -0.250811
v -0.151412 0.222735 -0.274183
v -0.158862 0.236756 -0.221073
v -0.159892 0.242571 -0.179472
v -0.003080 0.171017 -0.135761
v -0.154157 0.032541 -0.375950
v -0.157484 0.245290 -0.141491
v -0.137738 0.258469 -0.133504
v -0.136718 0.255823 -0.097523
v -0.154506 0.244340 -0.108177
v -0.090682 0.276675 -0.118054
v -0.061094 0.283602 -0.111200
v -0.048605 -0.040623 -0.413885
v -0.016962 0.012986 0.072194
v -0.089076 -0.077761 -0.178077
v -0.098706 -0.040231 -0.101883
v 0.018760 0.003249 -0.042053
v -0.173563 -0.104094 -0.053795
v -0.174832 -0.098762 -0.052964
v -0.064067 -0.052047 -0.041262
v -0.097794 -0.061500 -0.049067
v -0.069325 -0.065470 -0.230339
v -0.203769 -0.066370 -0.055484
v -0.210279 -0.058482 -0.055329
v -0.206197 -0.070721 -0.053558
v -0.211045 -0.060169 -0.052703
v -0.214329 -0.050711 -0.054117
v -0.206515 -0.077740 -0.052021
v -0.208155 0.022609 -0.091176
v -0.209650 0.032382 -0.081729
v -0.166662 -0.113906 -0.052376
v -0.168745 -0.110278 -0.052872
v -0.166555 -0.109868 -0.054582
v -0.165096 -0.112023 -0.052034
v -0.163940 -0.116717 -0.050813
v -0.163327 -0.112211 -0.050528
v -0.219473 0.053285 -0.106310
v -0.163840 -0.096584 -0.055912
v -0.171414 -0.098109 -0.055725
v -0.169879 -0.105089 -0.054727
v -0.167494 -0.107841 -0.055913
v -0.164590 -0.109504 -0.055661
v -0.163014 -0.112132 -0.052229
v -0.161887 -0.120081 -0.049042
v -0.205860 -0.083095 -0.052863
v -0.174787 -0.123729 -0.053433
v -0.204909 -0.007138 -0.074698
v -0.207784 -0.012605 -0.074163
v -0.210859 -0.006215 -0.071163
v -0.208228 0.000681 -0.073192
v -0.160928 -0.065479 -0.251265
v -0.172021 -0.053360 -0.281998
v 0.007085 0.133058 -0.171495
v 0.003733 -0.021735 -0.239301
v -0.222464 0.019450 -0.239351
v -0.205061 -0.001730 -0.076587
v -0.207906 0.007543 -0.076407
v -0.215146 -0.051002 -0.059649
v -0.202587 -0.005618 -0.082662
v -0.204924 -0.010800 -0.080831
v -0.206698 0.015943 -0.077223
v -0.206632 0.007701 -0.074017
v -0.208407 -0.000621 -0.067392
v -0.207018 -0.016056 -0.078291
v -0.214385 0.001571 -0.108142
v -0.231332 0.106313 -0.201013
v -0.230578 0.084398 -0.237012
v -0.223276 0.147891 -0.222395
v -0.221025 0.128258 -0.262225
v -0.208818 0.106447 -0.305437
v -0.217416 0.059814 -0.281020
v -0.210056 0.015965 -0.092452
v -0.206127 0.038123 -0.073787
v -0.190879 0.195554 -0.087367
v -0.202370 0.179641 -0.106481
v -0.176167 0.210508 -0.063031
v -0.176995 0.219010 -0.085121
v -0.191168 0.206444 -0.109275
v -0.207231 0.185366 -0.139335
v -0.226513 0.091829 -0.148632
v -0.224485 0.127037 -0.166810
v -0.215333 0.143221 -0.135600
v -0.218025 0.166792 -0.183923
v -0.199364 0.203106 -0.161744
v -0.208165 0.189208 -0.200499
v -0.183054 0.220624 -0.176716
v -0.187388 0.211623 -0.214552
v -0.186024 0.199900 -0.257473
v -0.211365 0.175032 -0.238761
v -0.187972 0.215786 -0.129249
v -0.173971 0.226602 -0.103479
v -0.176615 0.228121 -0.142505
v -0.168865 0.233118 -0.118559
v -0.210492 0.151107 -0.119606
v -0.156077 -0.074620 -0.040212
v -0.186052 -0.101745 -0.033014
v -0.167631 -0.092249 -0.028989
v -0.174900 -0.023103 0.006770
v -0.168829 0.006187 -0.009498
v -0.184591 -0.013654 -0.021313
v -0.179712 -0.049871 -0.005393
v -0.157267 0.038431 -0.025460
v -0.176563 0.020320 -0.035822
v -0.167555 0.056584 -0.054980
v -0.153463 0.072164 -0.038041
v -0.184476 0.086993 -0.349259
v -0.188577 0.044957 -0.339342
v -0.189436 0.016166 -0.323032
v -0.121846 0.123287 0.017953
v -0.075132 0.131203 -0.421545
v -0.148618 0.192221 0.016247
v -0.165682 0.138000 -0.362513
v -0.130716 0.149402 -0.384905
v -0.208723 0.156786 -0.278674
v -0.199484 0.136283 -0.317127
v -0.177403 0.114643 -0.356937
v -0.184986 -0.019251 -0.305100
v -0.155525 0.238953 -0.084358
v -0.154553 0.030612 0.020011
v -0.157154 0.019771 0.021540
v -0.147437 0.043401 0.015730
v -0.149754 0.009731 0.021464
v -0.045349 -0.000860 0.036855
v -0.046498 -0.005063 0.042072
v -0.048422 -0.011442 0.047903
v -0.054864 -0.012898 0.037985
v -0.056482 -0.020186 0.043633
v -0.045605 -0.007762 0.060474
v -0.040457 -0.003250 0.053244
v -0.050570 -0.017023 0.052947
v -0.049415 -0.025378 0.054782
v -0.047388 -0.014661 0.065853
v -0.058323 -0.063940 0.037307
v -0.060469 -0.049802 0.039839
v -0.055223 -0.037350 0.045787
v -0.066309 -0.026553 0.045289
v -0.062828 -0.037174 0.043854
v -0.055242 -0.027705 0.044985
v -0.066866 -0.018104 0.039416
v -0.052958 -0.034753 0.059351
v -0.051776 -0.042832 0.064939
v -0.044678 -0.024479 0.071691
v -0.039605 -0.017669 0.080097
v -0.043638 -0.007115 0.074624
v -0.054501 -0.007711 0.034388
v -0.068422 -0.011460 0.037726
v -0.074558 -0.046256 0.055200
v -0.085764 -0.056454 0.066331
v -0.081464 -0.030786 0.056311
v -0.092305 -0.039319 0.064427
v -0.083562 -0.019297 0.051734
v -0.094941 -0.027403 0.056923
v -0.096539 -0.069280 0.074306
v -0.108278 -0.081449 0.079204
v -0.118866 -0.098053 0.077275
v -0.117563 -0.064123 0.081640
v -0.131579 -0.080042 0.087472
v -0.116451 -0.048204 0.066060
v -0.131067 -0.064005 0.075259
v -0.103691 -0.050442 0.071125
v -0.105273 -0.038570 0.059467
v -0.093630 -0.018387 0.044145
v -0.082339 -0.012568 0.041911
v -0.113465 -0.020481 0.041528
v -0.113950 -0.034819 0.050291
v -0.103684 -0.027340 0.045494
v -0.102990 -0.015690 0.036478
v -0.127150 -0.044702 0.056368
v -0.125577 -0.025140 0.047249
v -0.124805 -0.011597 0.041286
v -0.084078 0.005163 0.027149
v -0.070799 0.006456 0.024624
v -0.095082 0.005132 0.030938
v -0.113787 -0.008963 0.036926
v -0.103566 -0.007497 0.033376
v -0.134237 0.002184 0.027267
v -0.128485 0.003113 0.031263
v -0.113741 0.004893 0.033338
v -0.105329 0.005063 0.032690
v -0.120951 0.004239 0.031785
v -0.058531 0.011368 0.021892
v -0.044746 0.016483 0.017302
v -0.066325 -0.024781 -0.085074
v -0.041339 0.000312 0.069018
v -0.034825 0.004747 0.060193
v -0.030353 0.067086 0.016486
v -0.021793 0.058902 0.010762
v -0.016581 0.056485 0.034852
v -0.045020 0.075612 0.032222
v -0.034249 0.022844 0.013047
v -0.026552 0.029871 0.007287
v -0.021294 0.040629 0.006277
v -0.016864 0.050539 0.006333
v -0.078741 0.097781 0.051915
v -0.075665 0.084208 0.065258
v -0.149472 0.134619 -0.013635
v -0.145735 0.108799 -0.024777
v -0.123665 0.084384 0.021276
v -0.133397 0.072723 0.017512
v -0.139173 0.058280 0.014207
v -0.141916 0.077155 -0.028152
v -0.153701 0.047734 -0.015750
v -0.162002 0.020027 -0.003862
v -0.157801 0.215292 -0.013016
v -0.157464 0.224499 -0.037182
v -0.158149 0.205300 0.012839
v -0.135808 0.250571 -0.067974
v -0.135845 0.244568 -0.040041
v -0.156928 0.232433 -0.060849
v -0.137082 0.236701 -0.014111
v -0.138525 0.227417 0.011300
v -0.138425 0.216910 0.038424
v -0.131031 0.203518 0.038190
v -0.117702 0.180370 0.044938
v -0.051573 0.002608 -0.137833
v -0.024110 -0.042409 0.038919
v -0.022878 -0.043476 0.039545
v -0.023833 -0.042199 0.038398
v -0.022429 -0.043195 0.039049
v -0.023022 -0.043658 0.039560
v -0.026018 -0.062322 0.047333
v -0.023843 -0.058526 0.044431
v -0.022673 -0.049581 0.042288
v -0.162761 -0.105819 -0.024811
v -0.000099 0.034959 -0.062210
v -0.012245 0.053132 -0.089164
v 0.016244 0.062341 -0.106531
v 0.032667 0.075037 -0.135588
v -0.015756 0.011051 0.058157
v -0.021704 0.013987 0.024056
v -0.025248 0.057178 0.031847
v -0.020544 0.060642 0.068606
v 0.023307 0.148315 -0.072960
v 0.009804 0.090617 -0.099289
v 0.033645 0.122071 -0.118741
v 0.052710 0.194038 -0.084731
v 0.047978 0.163166 -0.128243
v 0.063339 0.227210 -0.092231
v 0.058054 0.254393 -0.094034
v 0.048663 0.197214 -0.128835
v 0.039236 0.238464 -0.120014
v 0.046262 0.282061 -0.092207
v -0.018598 0.028444 -0.009794
v -0.004425 0.048989 -0.037182
v -0.005832 0.081356 -0.029954
v -0.014951 0.055256 -0.003958
v 0.002155 0.058597 -0.078577
v -0.000758 0.102772 -0.066196
v 0.033746 0.270052 -0.105273
v 0.027968 0.200653 -0.143698
v -0.016543 0.147771 0.101243
v -0.006306 0.151609 0.106354
v -0.008029 0.115542 0.095891
v -0.020899 0.105658 0.079844
v 0.014264 0.195162 0.102489
v 0.043524 0.221161 0.087953
v 0.062341 0.236035 0.123865
v 0.031081 0.219235 0.138932
v 0.103249 0.266597 0.113641
v 0.133829 0.319104 0.083732
v -0.006390 0.186724 0.110270
v 0.007853 0.207369 0.158199
v 0.031633 0.281300 -0.094940
v 0.021911 0.223197 -0.127018
v 0.125659 0.329395 0.078877
v 0.140042 0.353703 0.034261
v 0.152971 0.346955 0.041435
v 0.102389 0.361727 0.008880
v 0.106905 0.356526 0.017236
v 0.126286 0.366752 0.020544
v 0.117932 0.368477 0.010380
v 0.109209 0.313761 -0.001735
v 0.111033 0.327284 -0.022930
v 0.118134 0.350297 -0.006312
v 0.127887 0.351052 0.024987
v 0.075515 0.352834 -0.028802
v 0.096037 0.344018 -0.030050
v 0.093019 0.325949 -0.039423
v 0.072983 0.344887 -0.047532
v 0.108683 0.313206 0.057684
v 0.078173 0.263331 0.016852
v 0.079671 0.252904 0.066170
v 0.048446 0.216018 0.024493
v 0.012697 0.182410 0.033701
v 0.081426 0.281430 -0.056772
v 0.075883 0.300127 -0.064760
v 0.067894 0.319581 -0.068895
v 0.050171 0.312262 -0.079244
v 0.034828 0.350568 -0.004864
v 0.033399 0.362527 -0.016718
v 0.047408 0.358174 -0.039164
v 0.051889 0.332488 -0.061769
v 0.094300 0.276438 0.100858
v 0.016708 0.165597 -0.026847
v -0.001363 0.125483 -0.006049
v 0.053215 0.202063 0.170796
v 0.077638 0.220700 0.145133
v 0.036722 0.184918 0.202336
v 0.027509 0.172532 0.217078
v 0.066972 0.351322 -0.016584
v 0.073676 0.350113 -0.000799
v 0.080204 0.346761 0.010426
v 0.083880 0.354579 -0.005210
v -0.008568 0.138110 0.048631
v -0.017170 0.148859 0.082667
v -0.008688 0.182801 0.132116
v 0.076724 0.254183 -0.045497
v 0.050838 0.210237 -0.033026
v -0.009802 0.088414 0.012778
v -0.023357 0.100106 0.047588
v -0.005554 0.073805 0.094056
v 0.004668 0.194586 0.179977
v 0.146748 0.363355 0.009784
v 0.139992 0.367485 0.009687
v 0.131569 0.373250 0.012140
v 0.026497 0.364305 -0.039779
v 0.012301 0.136455 0.100741
v 0.012505 0.165788 0.115021
v 0.011333 0.096624 0.107142
v 0.128023 0.366229 0.005730
v 0.106531 0.363241 -0.005039
v 0.011172 0.036460 0.114146
v 0.020918 0.156206 -0.160300
v 0.010872 0.181573 0.150955
v 0.010407 0.173051 0.187058
v 0.012132 0.150565 0.237023
v -0.004096 0.016400 0.091009
v 0.006790 0.178846 0.184167
v -0.002643 0.173642 0.137451
v 0.024975 0.159767 0.227787
v 0.026236 0.317812 -0.070436
v 0.040127 -0.004569 0.071524
v 0.044709 -0.007027 0.047438
v 0.052291 0.041955 0.049594
v 0.044625 0.050387 0.076523
v 0.012851 0.133968 -0.035854
v 0.020230 0.064563 -0.059432
v -0.006708 0.102981 -0.075281
v -0.013436 0.186641 -0.046875
v -0.010868 0.155357 -0.087936
v -0.018746 0.226788 -0.059392
v -0.011909 0.258153 -0.068563
v -0.007573 0.193475 -0.096154
v 0.001990 0.238718 -0.097437
v -0.000253 0.286869 -0.074383
v 0.052178 0.002478 0.015075
v 0.055874 0.019129 -0.013337
v 0.055266 0.061873 -0.008590
v 0.048522 0.038732 0.017807
v 0.043458 0.024167 -0.044571
v 0.052169 0.078225 -0.035163
v 0.008122 0.270422 -0.094464
v 0.009949 0.199613 -0.129806
v 0.040369 0.144780 0.114060
v 0.029337 0.149275 0.109927
v 0.029475 0.112587 0.098450
v 0.046006 0.098226 0.086188
v 0.020323 0.183801 0.112790
v -0.009470 0.233102 0.117127
v -0.030291 0.252241 0.154517
v -0.000839 0.231711 0.166909
v -0.071074 0.290121 0.147647
v -0.092404 0.345322 0.117117
v 0.036327 0.182678 0.129368
v 0.016279 0.210509 0.176963
v -0.078994 0.357492 0.113439
v -0.087409 0.380873 0.066280
v -0.099661 0.375685 0.071201
v -0.036774 0.382614 0.022257
v -0.039090 0.377138 0.031135
v -0.056652 0.392118 0.034724
v -0.052827 0.392378 0.025813
v -0.052526 0.327754 0.029046
v -0.045897 0.332314 0.000560
v -0.058341 0.369733 0.017140
v -0.071690 0.369949 0.056354
v -0.014431 0.368180 -0.020044
v -0.039308 0.367315 -0.013197
v -0.034720 0.353181 -0.023529
v -0.018048 0.355918 -0.037904
v -0.062034 0.330990 0.090296
v -0.045728 0.274404 0.046420
v -0.038147 0.266805 0.100306
v -0.013319 0.223967 0.059643
v 0.022842 0.175770 0.055370
v -0.032303 0.289502 -0.028204
v -0.023343 0.308940 -0.043933
v -0.009821 0.325729 -0.057968
v 0.009054 0.296559 -0.070375
v 0.008451 0.350077 -0.035805
v -0.003589 0.379853 -0.051824
v -0.053154 0.296990 0.135113
v 0.020417 0.159321 0.007249
v 0.035633 0.116587 0.021209
v -0.026850 0.217168 0.195833
v -0.051854 0.238168 0.177432
v -0.010841 0.188455 0.208968
v -0.002586 0.165491 0.220560
v 0.015547 0.354856 -0.013303
v 0.001350 0.353131 0.003964
v -0.025228 0.370140 0.019987
v -0.020805 0.372939 0.003545
v 0.034480 0.131692 0.060648
v 0.047369 0.137551 0.090550
v 0.033776 0.186570 0.148285
v -0.031041 0.258726 -0.011940
v -0.011081 0.208673 0.002528
v 0.041499 0.078527 0.031151
v 0.052417 0.092726 0.059406
v 0.030435 0.066399 0.097420
v 0.019190 0.192705 0.185938
v -0.093239 0.389957 0.038052
v -0.077746 0.394674 0.029139
v -0.069733 0.398598 0.031242
v -0.071463 0.390943 0.030674
v -0.048945 0.385412 0.011848
v 0.027050 0.009269 0.095796
v 0.013326 0.173349 0.184294
v 0.024418 0.174179 0.144112
v -0.001006 0.150754 0.226621
v -0.024189 -0.043291 0.038256
v -0.180427 -0.101156 0.015458
v -0.177808 -0.116727 0.008017
v -0.164102 -0.135608 0.026282
v -0.175497 -0.121937 0.036227
v -0.153482 -0.153913 0.053520
v -0.169568 -0.139340 0.058674
v -0.155222 -0.175321 0.087264
v -0.178629 -0.162981 0.089413
v -0.171257 -0.202289 0.131980
v -0.199438 -0.187303 0.123318
v -0.130328 -0.218439 0.205787
v -0.125606 -0.217429 0.217175
v -0.106766 -0.238753 0.247671
v -0.100245 -0.233230 0.242254
v -0.070749 -0.248431 0.269100
v -0.070738 -0.244469 0.269818
v -0.034945 -0.258648 0.283763
v -0.031569 -0.245515 0.281144
v 0.008695 -0.262393 0.288973
v 0.007435 -0.250815 0.289160
v 0.004288 -0.220145 0.266468
v -0.024561 -0.221301 0.261668
v -0.028638 -0.235974 0.274088
v 0.005409 -0.239497 0.280619
v -0.056998 -0.219332 0.253084
v -0.069616 -0.236045 0.263932
v -0.084104 -0.216080 0.224931
v -0.099602 -0.228469 0.231714
v -0.099872 -0.205768 0.177300
v -0.117988 -0.220475 0.189929
v -0.106584 -0.192497 0.150725
v -0.132904 -0.201673 0.160805
v -0.031682 -0.246409 0.281833
v 0.007627 -0.255654 0.291052
v -0.064921 -0.236660 0.266103
v -0.090966 -0.225234 0.244453
v -0.099195 -0.202527 0.219692
v -0.159743 -0.214608 0.175247
v -0.124210 -0.198241 0.183362
v -0.132909 -0.188816 0.140000
v -0.106495 -0.164753 0.084455
v -0.122869 -0.152685 0.047749
v -0.160473 -0.142861 0.016501
v -0.173370 -0.123885 -0.002101
v -0.178866 -0.102409 -0.002962
v -0.044632 -0.207172 0.239750
v -0.021215 -0.206099 0.245730
v -0.063713 -0.206434 0.210242
v -0.072268 -0.195350 0.153185
v -0.080506 -0.181929 0.116308
v -0.096375 -0.150654 0.078584
v -0.088832 -0.166165 0.094566
v -0.099453 -0.121660 0.059306
v -0.098743 -0.134775 0.063134
v -0.139109 -0.104904 0.085943
v -0.148634 -0.128378 0.093710
v -0.127580 -0.135149 0.087717
v -0.122610 -0.116205 0.076998
v -0.144077 -0.084573 0.079547
v -0.161960 -0.116086 0.091301
v -0.029142 -0.232369 0.261740
v 0.008039 -0.234376 0.266898
v -0.053379 -0.226133 0.247355
v -0.063903 -0.210517 0.221620
v -0.067494 -0.189958 0.193413
v -0.074324 -0.177777 0.166554
v -0.070874 -0.161670 0.127784
v -0.054769 -0.142415 0.077210
v -0.054770 -0.126555 0.033250
v -0.119492 -0.129328 0.001393
v -0.155758 -0.115180 -0.015552
v -0.033542 -0.172023 0.141772
v -0.038742 -0.196912 0.175808
v -0.038633 -0.222524 0.203302
v -0.037324 -0.236677 0.220774
v -0.018918 -0.241730 0.225993
v 0.006944 -0.243048 0.230241
v -0.014429 -0.228371 0.203298
v 0.004833 -0.236200 0.213175
v -0.015672 -0.198586 0.190799
v 0.004083 -0.221401 0.204952
v -0.010192 -0.171334 0.165401
v 0.004672 -0.173166 0.178024
v -0.121997 -0.174862 0.132541
v -0.155536 -0.177023 0.136645
v -0.158028 -0.153004 0.113585
v -0.181523 -0.145586 0.109193
v -0.185472 -0.178000 0.125941
v -0.131335 -0.155542 0.113339
v -0.210042 -0.166661 0.112545
v -0.193546 -0.132526 0.099333
v -0.169480 -0.096331 0.080350
v -0.185478 -0.110165 0.080254
v -0.188277 -0.144685 0.085075
v -0.171547 -0.084654 0.069148
v -0.171221 -0.068476 0.056562
v -0.175135 -0.096822 0.060420
v -0.174443 -0.119854 0.058221
v -0.168793 -0.202577 0.152656
v -0.171274 -0.104638 0.040310
v -0.169030 -0.057787 0.042370
v -0.169059 -0.079333 0.041946
v -0.172627 -0.045178 0.026700
v -0.174594 -0.067992 0.017665
v -0.176528 -0.087390 0.015572
v -0.189742 -0.087938 -0.005694
v 0.004230 -0.203536 0.245412
v -0.139781 -0.070484 -0.050389
v -0.055838 -0.100078 0.037386
v -0.047237 -0.090299 0.045110
v -0.034420 -0.086905 0.048897
v -0.022654 -0.085242 0.050448
v -0.012488 -0.084964 0.051961
v 0.008584 -0.081430 0.135509
v -0.006316 0.090625 0.064576
v 0.004550 -0.116262 0.148370
v -0.001603 -0.189086 0.045709
v -0.032207 0.287892 -0.104696
v 0.003385 -0.189367 0.234447
v 0.001331 -0.181418 0.051538
v -0.003704 -0.012610 0.099550
v 0.000612 -0.179217 0.216309
v 0.001090 -0.155127 0.112728
v 0.001333 -0.140703 0.093592
v -0.014542 0.186473 0.074207
v 0.001422 -0.147014 0.098918
v -0.005956 -0.081929 0.055476
v -0.002995 -0.025133 0.105930
v 0.001072 -0.136968 0.089853
v 0.020399 -0.050276 -0.311294
v 0.001690 -0.164812 0.148300
v -0.002487 -0.161864 0.067354
v 0.000338 -0.138790 0.082191
v 0.003902 -0.131352 0.027725
v -0.004531 -0.088137 0.059002
v -0.007220 0.030518 0.063641
v 0.009911 -0.050138 -0.404032
v -0.006130 0.023388 0.070970
v -0.020837 0.250622 0.065699
v -0.017495 0.216178 0.071626
v -0.005921 -0.000227 0.093704
v -0.006952 0.059210 -0.453000
v -0.011267 0.097489 -0.447335
v -0.008913 0.135274 0.061608
v -0.030027 0.255566 -0.288968
v -0.002362 -0.036769 0.111337
v -0.009818 -0.067876 0.067316
v -0.028966 0.279820 -0.023348
v 0.002096 -0.011046 -0.440345
v -0.024601 0.217417 -0.358045
v 0.003377 -0.142212 0.064028
v -0.030807 0.285074 -0.062754
v 0.002863 -0.152630 0.060562
v -0.007428 -0.062957 0.096927
v 0.006287 -0.036775 -0.425252
v -0.002349 0.013268 -0.448826
v -0.000761 -0.114335 0.042432
v -0.003854 -0.098440 0.057346
v -0.027215 0.237928 -0.324996
v -0.006220 0.104672 0.063083
v 0.002281 -0.121247 0.041107
v -0.007715 0.051566 0.047510
v 0.003031 -0.126281 0.050238
v 0.010558 -0.030821 0.123029
v -0.018543 0.158397 -0.416549
v 0.003153 -0.133005 0.056664
v 0.002268 -0.145856 0.047914
v -0.006917 0.008105 0.084831
v 0.003718 -0.136397 0.036198
v -0.011475 0.156383 0.068045
v -0.009393 -0.074182 0.054662
v -0.010317 -0.072338 0.056918
v -0.009476 0.047945 0.052108
v -0.017736 0.236582 0.084759
v -0.006279 0.060473 0.053730
v -0.007735 -0.075654 0.054209
v -0.015263 0.133826 -0.432495
v -0.032652 0.276738 -0.239720
v -0.033239 0.282689 -0.203764
v -0.008965 0.038624 0.057903
v -0.005623 0.015697 0.077210
v 0.022913 -0.050781 -0.296239
v -0.003637 -0.055269 0.110748
v -0.002158 -0.047539 0.115366
v -0.026628 0.271745 0.011761
v 0.013808 -0.049898 -0.384753
v -0.033238 0.287957 -0.153564
v -0.023866 0.261992 0.041107
v 0.019416 -0.039920 -0.338095
v 0.017375 -0.041587 -0.366576
v -0.009135 -0.064227 0.088478
v -0.006413 0.069952 0.058059
v -0.009749 -0.065939 0.076619
v -0.021841 0.193653 -0.387438
v -0.010528 -0.069792 0.060501
v 0.010703 -0.038739 0.056526
v 0.174774 -0.089581 -0.007730
v 0.180874 -0.105030 -0.029464
v 0.167428 -0.120071 -0.002564
v 0.170752 -0.109954 0.017345
v 0.159380 -0.137920 0.032010
v 0.176180 -0.129168 0.043931
v 0.157910 -0.158770 0.069604
v 0.188965 -0.153152 0.077813
v -0.018912 -0.062497 0.088059
v -0.017103 -0.066423 0.078229
v 0.179465 -0.188012 0.118843
v 0.205307 -0.180938 0.115144
v -0.034060 0.032684 -0.002963
v -0.025177 -0.067322 0.043707
v -0.034062 -0.001798 0.083815
v -0.029331 0.033690 -0.000887
v 0.139804 -0.208482 0.192510
v 0.137316 -0.212247 0.201398
v 0.105587 -0.224005 0.227774
v 0.105744 -0.223553 0.230747
v -0.030590 -0.065352 0.041309
v 0.082065 -0.246758 0.261878
v 0.079835 -0.242532 0.263977
v 0.051623 -0.262404 0.285178
v 0.047798 -0.252769 0.286359
v -0.027059 0.011116 0.067603
v -0.026688 0.036776 0.031517
v 0.031420 -0.222749 0.261112
v 0.038474 -0.239489 0.270000
v -0.029480 0.003859 0.075405
v -0.048643 -0.057623 0.053639
v -0.041475 -0.063890 0.044452
v -0.024419 -0.045293 0.102363
v -0.027315 -0.036047 0.100087
v 0.056283 -0.221598 0.243364
v -0.027291 -0.053596 0.094030
v -0.020392 -0.060344 0.094557
v 0.069059 -0.235899 0.253030
v -0.039630 0.031998 -0.000286
v -0.062911 0.036434 -0.011731
v -0.022941 -0.051803 0.102132
v -0.014456 -0.058547 0.102575
v -0.047480 0.034974 -0.010754
v -0.037336 0.032387 -0.002548
v -0.038152 -0.046380 0.078399
v -0.025319 0.033497 0.044546
v 0.081005 -0.216032 0.213578
v 0.097176 -0.226917 0.223571
v 0.105011 -0.203901 0.176335
v 0.122647 -0.211678 0.187272
v -0.044150 -0.049559 0.065629
v 0.129734 -0.190475 0.164854
v 0.151877 -0.194262 0.160139
v 0.047572 -0.247562 0.279026
v -0.041682 0.032726 -0.001100
v -0.042066 0.033394 -0.001983
v -0.034520 -0.011135 0.090178
v 0.078994 -0.235905 0.257434
v 0.094885 -0.210783 0.226098
v 0.115639 -0.199275 0.204767
v 0.182364 -0.212109 0.163335
v -0.052172 0.038522 -0.007884
v -0.014205 -0.067494 0.058103
v -0.034501 -0.049156 0.085735
v -0.030949 -0.051636 0.090336
v -0.013105 -0.068309 0.050089
v 0.143204 -0.203325 0.170836
v 0.141143 -0.174652 0.122329
v -0.023890 0.035131 0.005890
v 0.107233 -0.139699 0.064128
v -0.025149 0.026412 0.054620
v -0.025054 0.018017 0.061941
v 0.130831 -0.130994 0.018859
v 0.150992 -0.114328 -0.022854
v -0.015515 -0.067130 0.068070
v 0.203876 -0.111593 -0.063670
v 0.170608 -0.091310 -0.046664
v 0.044077 -0.209631 0.230201
v 0.026007 -0.206963 0.243062
v 0.062573 -0.205753 0.203450
v -0.030284 -0.024057 0.096921
v 0.080458 -0.193806 0.154741
v 0.105456 -0.182527 0.140966
v 0.126287 -0.153093 0.113294
v -0.019040 -0.067126 0.046153
v 0.120218 -0.169885 0.127491
v 0.119378 -0.126132 0.094142
v 0.118914 -0.140143 0.093571
v 0.158333 -0.104730 0.123679
v 0.168649 -0.127467 0.121481
v 0.146916 -0.137523 0.115687
v -0.005633 -0.060214 0.104403
v -0.021318 -0.056379 0.099045
v 0.145270 -0.116912 0.118459
v 0.159588 -0.082939 0.114142
v 0.182477 -0.114896 0.117447
v 0.044779 -0.228736 0.256903
v -0.076645 0.069353 0.036339
v -0.075215 0.065724 0.027589
v 0.067378 -0.221313 0.239000
v 0.074834 -0.202307 0.209411
v 0.083346 -0.188115 0.182727
v 0.097071 -0.181394 0.156447
v 0.094138 -0.157879 0.115929
v 0.063297 -0.116206 0.056010
v -0.060059 0.078153 0.049419
v -0.015440 0.082982 0.054774
v -0.028051 0.083231 0.052883
v 0.072694 -0.102137 0.002248
v -0.077425 0.053410 0.016677
v -0.074971 0.053287 0.013138
v -0.075250 0.063082 0.017416
v -0.076554 0.047678 0.015435
v -0.077553 0.050553 0.017280
v 0.117207 -0.098106 -0.039548
v -0.075899 0.058910 0.014658
v 0.175141 -0.090943 -0.070288
v -0.075231 0.058317 0.012740
v 0.054134 -0.174934 0.137278
v -0.072812 0.074562 0.044404
v 0.051620 -0.192403 0.167907
v 0.050285 -0.214794 0.193908
v -0.076423 0.056491 0.013889
v -0.075568 0.052790 0.014288
v 0.048300 -0.229018 0.213597
v -0.077749 0.045931 0.003313
v 0.031756 -0.239889 0.221461
v -0.005718 0.080183 0.062928
v -0.060949 0.101360 0.064541
v -0.127165 0.096451 0.015748
v 0.025281 -0.227961 0.196888
v -0.134041 0.081400 0.010797
v 0.029241 -0.199572 0.186161
v -0.131490 -0.004152 0.036057
v -0.137859 -0.004072 0.033367
v -0.053347 0.088405 0.062298
v 0.020850 -0.165752 0.157135
v 0.145241 -0.173850 0.148518
v 0.176126 -0.174974 0.140402
v 0.176094 -0.152328 0.129448
v 0.200719 -0.142351 0.124701
v -0.082176 0.156319 0.058095
v -0.114834 0.260136 -0.054504
v -0.072170 0.133952 0.055851
v -0.100265 0.111469 0.036649
v 0.205271 -0.173723 0.129304
v -0.114921 0.253864 -0.023668
v 0.152168 -0.155550 0.133703
v 0.207344 -0.157360 0.107865
v 0.207382 -0.126519 0.111005
v 0.187810 -0.092380 0.106904
v 0.196774 -0.102496 0.090314
v -0.115170 0.106571 0.022708
v 0.195742 -0.135413 0.080466
v -0.154715 0.005253 0.024849
v -0.024664 0.117387 0.059888
v -0.161743 0.018086 0.020828
v 0.187470 -0.077829 0.095089
v -0.044877 0.117141 0.062724
v -0.103122 0.259962 -0.236605
v 0.185931 -0.058846 0.080835
v 0.186810 -0.088233 0.071642
v 0.182868 -0.109714 0.057201
v 0.195266 -0.201245 0.151205
v -0.031421 0.076844 0.036057
v 0.177158 -0.094948 0.036755
v -0.105118 -0.000583 0.033750
v -0.114491 -0.000748 0.035631
v 0.183409 -0.048661 0.067331
v -0.114391 0.264783 -0.204468
v -0.151072 0.001343 0.027995
v -0.105929 0.209255 0.053291
v -0.019012 0.058275 0.023349
v -0.022008 0.067842 0.024493
v -0.112507 0.224435 0.057706
v 0.180514 -0.070205 0.053357
v 0.183729 -0.037477 0.051226
v 0.179307 -0.060669 0.031857
v -0.114228 0.236707 0.031636
v 0.172782 -0.078716 0.012794
v 0.173501 -0.077481 -0.034067
v -0.115937 0.265099 -0.088160
v -0.057031 0.006616 0.022764
v 0.175810 -0.069489 -0.113790
v 0.052340 -0.107762 0.056489
v 0.040163 -0.097651 0.059887
v -0.138620 0.064554 0.007331
v -0.148282 0.046584 0.010382
v -0.117013 0.268490 -0.165553
v -0.082675 0.000525 0.026936
v -0.157561 0.032023 0.016525
v -0.072021 0.263263 -0.258511
v 0.026144 -0.092694 0.061532
v -0.144963 -0.002554 0.030879
v 0.013496 -0.088243 0.063797
v 0.002905 -0.084593 0.064901
v -0.083790 0.114383 0.046668
v -0.094188 -0.000197 0.030900
v -0.018939 0.050751 0.021344
v -0.045183 0.013952 0.021475
v -0.035239 0.022288 0.019092
v -0.114625 0.246141 0.004799
v -0.028324 0.031048 0.017685
v -0.021726 0.041776 0.020442
v -0.069457 0.002239 0.024688
v -0.094768 0.184949 0.058586
v -0.116446 0.268028 -0.125671
v -0.123639 -0.001888 0.035861
v -0.031780 0.266872 -0.265389
v -0.007838 0.118373 0.060137
v -0.025180 0.036620 0.019036
v -0.043236 0.081565 0.051513
v -0.065539 0.116004 0.058272
v -0.000679 -0.174079 0.188252
v -0.053525 -0.124753 0.034004
v -0.052457 -0.130831 0.032710
v -0.037285 -0.149107 0.026456
v -0.046356 -0.110819 0.044117
v -0.052369 -0.118508 0.038315
v -0.025452 -0.167974 0.124341
v -0.048653 -0.136329 0.030292
v -0.015514 -0.170791 0.143923
v -0.045855 -0.141956 0.026899
v -0.006936 -0.171700 0.151737
v -0.002675 -0.105767 0.051899
v -0.024633 -0.103352 0.046839
v -0.013043 -0.103842 0.048160
v -0.035321 -0.105366 0.045659
v -0.033386 -0.159202 0.055955
v -0.033131 -0.166091 0.097799
v 0.001843 -0.062038 0.091421
v -0.003174 -0.063800 0.081338
v 0.027473 0.034232 0.049204
v 0.004237 -0.067621 0.055258
v 0.012705 -0.007325 0.092240
v 0.018372 0.033907 0.044552
v 0.012541 -0.069860 0.057457
v 0.004974 0.006298 0.076334
v 0.001571 0.031009 0.053902
v 0.007221 -0.000983 0.084164
v 0.031763 -0.065007 0.068997
v 0.023783 -0.070833 0.060553
v 0.012980 -0.047917 0.109031
v 0.014566 -0.039579 0.107185
v 0.013027 -0.056461 0.100721
v 0.005840 -0.061438 0.098756
v 0.039389 0.035137 0.058434
v 0.067380 0.031378 0.064053
v 0.010826 -0.053987 0.107267
v 0.003239 -0.060637 0.105437
v 0.050320 0.037149 0.061087
v 0.034746 0.034912 0.054154
v 0.020577 -0.050868 0.088220
v -0.001508 0.026610 0.059781
v 0.027205 -0.056310 0.078176
v 0.043354 0.035660 0.060843
v 0.045417 0.036469 0.064659
v 0.014785 -0.016951 0.098515
v 0.053570 0.030477 0.069397
v -0.007266 -0.065084 0.061575
v 0.017278 -0.052639 0.094339
v 0.014891 -0.054325 0.098090
v -0.007948 -0.066895 0.056826
v 0.007427 0.033191 0.044456
v 0.001936 0.021253 0.066011
v 0.004735 0.013864 0.070595
v -0.006691 -0.062945 0.071077
v 0.013721 -0.028785 0.103346
v -0.002159 -0.066552 0.054544
v 0.008891 -0.059223 0.104323
v 0.075976 0.069425 0.087501
v 0.076869 0.063977 0.083604
v 0.049305 0.077976 0.078204
v 0.002951 0.080180 0.068739
v 0.014975 0.081478 0.070602
v 0.085050 0.052970 0.081536
v 0.085366 0.050501 0.083665
v 0.077812 0.059154 0.076527
v 0.084231 0.047951 0.084908
v 0.085372 0.051124 0.085218
v 0.080039 0.056402 0.072758
v 0.080773 0.057167 0.071508
v 0.067142 0.074905 0.087013
v 0.083029 0.055059 0.075702
v 0.084836 0.048228 0.084005
v 0.085749 0.042239 0.075015
v 0.046049 0.104717 0.087963
v 0.122498 0.097380 0.058557
v 0.133025 0.081257 0.057289
v 0.147483 0.001713 0.095049
v 0.155133 0.003959 0.089094
v 0.039314 0.089500 0.083312
v 0.058374 0.161515 0.085290
v 0.054136 0.255548 -0.052577
v 0.053615 0.140394 0.086647
v 0.090195 0.115004 0.075797
v 0.057526 0.249807 -0.020238
v 0.109010 0.109612 0.065235
v 0.174408 0.013935 0.086697
v 0.008131 0.120698 0.073405
v 0.181988 0.024077 0.084697
v 0.028219 0.122519 0.086385
v 0.040757 0.257256 -0.237798
v 0.019322 0.074266 0.060354
v 0.112948 0.004145 0.103767
v 0.123994 0.003731 0.103850
v 0.050794 0.261186 -0.205526
v 0.167563 0.010251 0.083595
v 0.071409 0.212013 0.071616
v -0.003202 0.057222 0.038357
v 0.006154 0.066180 0.046201
v 0.070031 0.225388 0.067545
v 0.065908 0.235226 0.038891
v 0.052878 0.260285 -0.087427
v 0.049574 0.008642 0.076495
v 0.145140 0.064541 0.059668
v 0.157871 0.048016 0.067931
v 0.052719 0.264084 -0.166359
v 0.083452 0.003827 0.094058
v 0.172893 0.035710 0.077020
v 0.009105 0.262295 -0.258789
v 0.162299 0.006705 0.085887
v 0.070379 0.118792 0.081825
v 0.098663 0.003911 0.100289
v -0.003489 0.047837 0.040530
v 0.032659 0.013910 0.067322
v 0.017757 0.020763 0.058402
v 0.061385 0.243046 0.009985
v 0.008764 0.028262 0.053387
v -0.000261 0.038032 0.045197
v 0.065520 0.004705 0.084292
v 0.065677 0.188739 0.082269
v 0.052239 0.263208 -0.125884
v 0.135801 0.002666 0.100685
v 0.003845 0.033033 0.048928
v 0.030938 0.080283 0.074553
v 0.050193 0.121857 0.088071
v 0.066763 -0.130745 0.061982
v 0.067181 -0.137345 0.062220
v 0.055415 -0.156867 0.055883
v 0.051069 -0.116980 0.062731
v 0.061440 -0.124832 0.062705
v 0.025826 -0.168674 0.129815
v 0.062520 -0.143955 0.059291
v 0.017745 -0.170363 0.157018
v 0.063399 -0.149999 0.059433
v 0.009755 -0.174203 0.167239
v 0.021462 -0.107817 0.057261
v 0.008178 -0.104578 0.058083
v 0.036138 -0.111255 0.059258
v 0.043992 -0.162670 0.069174
v 0.036268 -0.167285 0.100485
v 0.083471 0.032564 0.060714
v -0.076799 0.035593 -0.014830
v 0.072206 0.025604 0.093921
v 0.068309 0.025589 0.092753
v 0.064723 0.025577 0.090853
v 0.061719 0.025575 0.088390
v 0.072283 0.026399 0.093923
v 0.068466 0.027151 0.092754
v 0.064964 0.027840 0.090835
v 0.062019 0.028426 0.088367
v 0.072516 0.027165 0.093939
v 0.068917 0.028648 0.092767
v 0.065611 0.030022 0.090851
v 0.062840 0.031173 0.088381
v 0.072889 0.027868 0.093940
v 0.069659 0.030030 0.092765
v 0.066681 0.032028 0.090853
v 0.064171 0.033711 0.088409
v 0.073394 0.028488 0.093942
v 0.070647 0.031245 0.092760
v 0.068108 0.033800 0.090878
v 0.065976 0.035944 0.088433
v 0.074006 0.029001 0.093949
v 0.071849 0.032252 0.092786
v 0.069861 0.035253 0.090888
v 0.068197 0.037773 0.088424
v 0.074704 0.029384 0.093976
v 0.073226 0.032999 0.092801
v 0.071865 0.036331 0.090880
v 0.070725 0.039140 0.088424
v 0.075467 0.029616 0.093973
v 0.074720 0.033459 0.092796
v 0.074037 0.037004 0.090882
v 0.073466 0.039982 0.088412
v 0.076260 0.029696 0.093948
v 0.076279 0.033615 0.092771
v 0.076298 0.037227 0.090856
v 0.076320 0.040274 0.088394
v 0.077051 0.029623 0.093962
v 0.077834 0.033466 0.092769
v 0.078556 0.037011 0.090847
v 0.079170 0.039993 0.088368
v 0.077816 0.029393 0.093962
v 0.079328 0.033019 0.092769
v 0.080727 0.036364 0.090842
v 0.081905 0.039177 0.088363
v 0.078514 0.029022 0.093957
v 0.080700 0.032286 0.092769
v 0.082724 0.035305 0.090844
v 0.084423 0.037833 0.088353
v 0.079125 0.028512 0.093944
v 0.081901 0.031292 0.092750
v 0.084461 0.033862 0.090812
v 0.086622 0.036024 0.088341
v 0.079631 0.027901 0.093962
v 0.082881 0.030087 0.092746
v 0.085893 0.032109 0.090812
v 0.088415 0.033803 0.088311
v 0.080002 0.027197 0.093947
v 0.083620 0.028711 0.092748
v 0.086947 0.030103 0.090800
v 0.089752 0.031283 0.088311
v 0.080219 0.026431 0.093925
v 0.084051 0.027215 0.092731
v 0.087593 0.027935 0.090804
v 0.090553 0.028547 0.088292
v 0.080294 0.025640 0.093920
v 0.084193 0.025658 0.092708
v 0.087800 0.025679 0.090795
v 0.090831 0.025708 0.088315
v 0.080205 0.024847 0.093908
v 0.084030 0.024103 0.092723
v 0.087560 0.023425 0.090800
v 0.090516 0.022855 0.088293
v 0.079977 0.024082 0.093909
v 0.083580 0.022602 0.092723
v 0.086900 0.021238 0.090805
v 0.089681 0.020110 0.088310
v 0.079595 0.023378 0.093902
v 0.082833 0.021220 0.092740
v 0.085818 0.019234 0.090810
v 0.088325 0.017578 0.088327
v 0.079092 0.022759 0.093915
v 0.081845 0.020002 0.092751
v 0.084380 0.017462 0.090832
v 0.086508 0.015348 0.088355
v 0.078476 0.022243 0.093947
v 0.080629 0.019002 0.092764
v 0.082624 0.016014 0.090851
v 0.084298 0.013513 0.088372
v 0.077778 0.021862 0.093961
v 0.079256 0.018251 0.092789
v 0.080624 0.014929 0.090875
v 0.081777 0.012141 0.088399
v 0.077012 0.021618 0.093987
v 0.077760 0.017784 0.092809
v 0.078453 0.014247 0.090905
v 0.079041 0.011292 0.088427
v 0.076223 0.021535 0.094001
v 0.076208 0.017618 0.092833
v 0.076196 0.014020 0.090917
v 0.076194 0.010989 0.088453
v 0.075432 0.021605 0.094006
v 0.074651 0.017760 0.092842
v 0.073940 0.014220 0.090941
v 0.073349 0.011264 0.088465
v 0.074670 0.021839 0.094004
v 0.073164 0.018209 0.092844
v 0.071775 0.014871 0.090948
v 0.070617 0.012078 0.088479
v 0.073973 0.022213 0.093996
v 0.071793 0.018949 0.092830
v 0.069783 0.015939 0.090936
v 0.068102 0.013419 0.088480
v 0.073367 0.022727 0.093961
v 0.070595 0.019942 0.092810
v 0.068038 0.017378 0.090931
v 0.065902 0.015236 0.088475
v 0.072869 0.023341 0.093943
v 0.069610 0.021147 0.092813
v 0.066610 0.019130 0.090924
v 0.064104 0.017450 0.088458
v 0.076248 0.025625 0.094349
v 0.072501 0.024043 0.093941
v 0.068890 0.022532 0.092773
v 0.065558 0.021133 0.090899
v 0.062776 0.019976 0.088438
v 0.072276 0.024810 0.093940
v 0.068448 0.024033 0.092765
v 0.064923 0.023313 0.090877
v 0.061976 0.022717 0.088409
v 0.058747 0.025568 0.086327
v 0.054185 0.025563 0.082768
v 0.050309 0.025557 0.078083
v 0.047438 0.025565 0.072723
v 0.045701 0.025570 0.066886
v 0.045146 0.025605 0.060818
v 0.045753 0.025598 0.054737
v 0.047551 0.025613 0.048884
v 0.050457 0.025629 0.043483
v 0.054369 0.025655 0.038742
v 0.059121 0.025686 0.034846
v 0.064544 0.025710 0.031937
v 0.070419 0.025738 0.030137
v 0.059097 0.029003 0.086309
v 0.054615 0.029891 0.082765
v 0.050783 0.030658 0.078111
v 0.048010 0.031214 0.072715
v 0.046316 0.031569 0.066876
v 0.045753 0.031697 0.060804
v 0.046365 0.031592 0.054721
v 0.048128 0.031259 0.048867
v 0.050980 0.030715 0.043469
v 0.054812 0.029974 0.038728
v 0.059471 0.029077 0.034832
v 0.064782 0.028046 0.031929
v 0.070541 0.026931 0.030134
v 0.060090 0.032310 0.086323
v 0.055858 0.034059 0.082783
v 0.052270 0.035550 0.078107
v 0.049662 0.036651 0.072708
v 0.048072 0.037336 0.066859
v 0.047550 0.037571 0.060780
v 0.048129 0.037359 0.054698
v 0.049792 0.036691 0.048846
v 0.052477 0.035602 0.043448
v 0.056084 0.034137 0.038713
v 0.060471 0.032346 0.034821
v 0.065472 0.030301 0.031921
v 0.070893 0.028079 0.030130
v 0.061697 0.035364 0.086351
v 0.057912 0.037901 0.082786
v 0.054713 0.040055 0.078066
v 0.052341 0.041667 0.072685
v 0.050922 0.042652 0.066834
v 0.050451 0.042996 0.060757
v 0.050980 0.042675 0.054672
v 0.052477 0.041705 0.048824
v 0.054897 0.040114 0.043425
v 0.058142 0.037972 0.038694
v 0.062088 0.035357 0.034804
v 0.066586 0.032374 0.031910
v 0.071460 0.029136 0.030124
v 0.063900 0.038032 0.086326
v 0.060696 0.041260 0.082743
v 0.057977 0.044010 0.078029
v 0.055962 0.046064 0.072651
v 0.054749 0.047326 0.066803
v 0.054357 0.047759 0.060726
v 0.054813 0.047344 0.054640
v 0.056086 0.046101 0.048795
v 0.058146 0.044073 0.043400
v 0.060905 0.041340 0.038673
v 0.064258 0.038004 0.034788
v 0.068080 0.034203 0.031901
v 0.072223 0.030064 0.030118
v 0.066565 0.040236 0.086325
v 0.064062 0.044029 0.082719
v 0.061936 0.047262 0.077996
v 0.060361 0.049679 0.072617
v 0.059413 0.051167 0.066772
v 0.059107 0.051677 0.060694
v 0.059472 0.051188 0.054612
v 0.060479 0.049720 0.048766
v 0.062099 0.047326 0.043372
v 0.064266 0.044107 0.038649
v 0.066900 0.040179 0.034770
v 0.069900 0.035694 0.031887
v 0.073148 0.030829 0.030112
v 0.069611 0.041870 0.086303
v 0.067895 0.046093 0.082697
v 0.066445 0.049691 0.077972
v 0.065378 0.052373 0.072583
v 0.064732 0.054029 0.066738
v 0.064536 0.054599 0.060659
v 0.064787 0.054051 0.054578
v 0.065488 0.052414 0.048733
v 0.066605 0.049753 0.043345
v 0.068097 0.046169 0.038626
v 0.069912 0.041802 0.034753
v 0.071973 0.036813 0.031874
v 0.074206 0.031398 0.030106
v 0.072909 0.042881 0.086283
v 0.072057 0.047365 0.082669
v 0.071333 0.051194 0.077946
v 0.070810 0.054039 0.072551
v 0.070501 0.055807 0.066706
v 0.070416 0.056408 0.060626
v 0.070555 0.055829 0.054547
v 0.070916 0.054088 0.048705
v 0.071489 0.051257 0.043318
v 0.072252 0.047445 0.038602
v 0.073173 0.042802 0.034734
v 0.074220 0.037502 0.031861
v 0.075352 0.031751 0.030100
v 0.076341 0.043231 0.086262
v 0.076375 0.047809 0.082649
v 0.076411 0.051716 0.077919
v 0.076451 0.054621 0.072524
v 0.076488 0.056418 0.066675
v 0.076535 0.057054 0.060598
v 0.076541 0.056440 0.054517
v 0.076555 0.054667 0.048676
v 0.076564 0.051778 0.043293
v 0.076567 0.047890 0.038581
v 0.076564 0.043155 0.034718
v 0.076557 0.037744 0.031850
v 0.076542 0.031873 0.030094
v 0.079768 0.042910 0.086255
v 0.080689 0.047401 0.082631
v 0.081486 0.051236 0.077900
v 0.082086 0.054090 0.072500
v 0.082469 0.055854 0.066649
v 0.082613 0.056456 0.060568
v 0.082520 0.055878 0.054490
v 0.082188 0.054132 0.048649
v 0.081631 0.051300 0.043271
v 0.080878 0.047477 0.038560
v 0.079953 0.042828 0.034701
v 0.078889 0.037523 0.031840
v 0.077731 0.031760 0.030089
v 0.083058 0.041924 0.086243
v 0.084837 0.046163 0.082620
v 0.086357 0.049776 0.077884
v 0.087498 0.052464 0.072480
v 0.088213 0.054126 0.066627
v 0.088465 0.054690 0.060543
v 0.088263 0.054146 0.054466
v 0.087597 0.052503 0.048627
v 0.086499 0.049833 0.043250
v 0.085020 0.046237 0.038545
v 0.083207 0.041857 0.034689
v 0.081133 0.036848 0.031830
v 0.078875 0.031417 0.030084
v 0.086084 0.040313 0.086230
v 0.088654 0.044131 0.082613
v 0.090844 0.047386 0.077870
v 0.092478 0.049804 0.072463
v 0.093494 0.051302 0.066608
v 0.093849 0.051813 0.060524
v 0.093545 0.051325 0.054447
v 0.092573 0.049847 0.048609
v 0.090982 0.047444 0.043234
v 0.088829 0.044208 0.038531
v 0.086202 0.040256 0.034677
v 0.083193 0.035749 0.031823
v 0.079925 0.030857 0.030081
v 0.088732 0.038130 0.086211
v 0.091992 0.041387 0.082594
v 0.094772 0.044166 0.077860
v 0.096838 0.046224 0.072452
v 0.098116 0.047496 0.066593
v 0.098563 0.047932 0.060510
v 0.098167 0.047519 0.054433
v 0.096932 0.046267 0.048598
v 0.094906 0.044221 0.043224
v 0.092166 0.041467 0.038522
v 0.088823 0.038104 0.034670
v 0.085001 0.034272 0.031819
v 0.080845 0.030100 0.030078
v 0.090903 0.035473 0.086207
v 0.094736 0.038048 0.082598
v 0.097997 0.040233 0.077857
v 0.100414 0.041855 0.072448
v 0.101905 0.042860 0.066587
v 0.102427 0.043210 0.060503
v 0.101954 0.042882 0.054426
v 0.100502 0.041896 0.048590
v 0.098121 0.040290 0.043218
v 0.094900 0.038122 0.038517
v 0.090970 0.035477 0.034666
v 0.086478 0.032457 0.031816
v 0.081599 0.029178 0.030076
v 0.092504 0.032439 0.086192
v 0.096748 0.034219 0.082581
v 0.100377 0.035742 0.077859
v 0.103046 0.036871 0.072445
v 0.104708 0.037569 0.066585
v 0.105279 0.037812 0.060498
v 0.104761 0.037591 0.054425
v 0.103144 0.036911 0.048589
v 0.100502 0.035799 0.043217
v 0.096927 0.034305 0.038516
v 0.092564 0.032474 0.034665
v 0.087578 0.030392 0.031815
v 0.082159 0.028126 0.030076
v 0.093493 0.029151 0.086205
v 0.097992 0.030070 0.082597
v 0.101825 0.030859 0.077858
v 0.104654 0.031449 0.072452
v 0.106403 0.031821 0.066586
v 0.107020 0.031955 0.060504
v 0.106472 0.031841 0.054428
v 0.104762 0.031493 0.048593
v 0.101958 0.030922 0.043220
v 0.098167 0.030155 0.038520
v 0.093537 0.029218 0.034668
v 0.088248 0.028146 0.031817
v 0.082500 0.026980 0.030077
v 0.093832 0.025732 0.086239
v 0.098436 0.025753 0.082640
v 0.102325 0.025791 0.077890
v 0.105173 0.025816 0.072460
v 0.106942 0.025840 0.066594
v 0.107595 0.025876 0.060516
v 0.107036 0.025858 0.054439
v 0.105293 0.025854 0.048604
v 0.102434 0.025850 0.043229
v 0.098572 0.025838 0.038528
v 0.093854 0.025825 0.034675
v 0.088466 0.025809 0.031822
v 0.082610 0.025790 0.030079
v 0.093436 0.022301 0.086187
v 0.097962 0.021436 0.082621
v 0.101755 0.020715 0.077862
v 0.104587 0.020176 0.072469
v 0.106323 0.019856 0.066605
v 0.106950 0.019749 0.060524
v 0.106413 0.019869 0.054454
v 0.104712 0.020209 0.048620
v 0.101912 0.020768 0.043243
v 0.098131 0.021516 0.038540
v 0.093509 0.022429 0.034685
v 0.088229 0.023469 0.031828
v 0.082490 0.024598 0.030082
v 0.092397 0.019005 0.086167
v 0.096626 0.017294 0.082575
v 0.100209 0.015840 0.077837
v 0.102902 0.014755 0.072469
v 0.104573 0.014081 0.066623
v 0.105163 0.013860 0.060545
v 0.104643 0.014094 0.054473
v 0.103043 0.014776 0.048638
v 0.100412 0.015876 0.043260
v 0.096854 0.017355 0.038554
v 0.092508 0.019164 0.034698
v 0.087541 0.021218 0.031837
v 0.082140 0.023450 0.030087
v 0.090778 0.015950 0.086209
v 0.094552 0.013462 0.082583
v 0.097791 0.011322 0.077852
v 0.100214 0.009736 0.072476
v 0.101728 0.008757 0.066644
v 0.102265 0.008427 0.060571
v 0.101797 0.008772 0.054500
v 0.100360 0.009757 0.048662
v 0.098001 0.011364 0.043285
v 0.094800 0.013519 0.038575
v 0.090893 0.016147 0.034712
v 0.086424 0.019143 0.031847
v 0.081572 0.022390 0.030092
v 0.088590 0.013277 0.086229
v 0.091808 0.010081 0.082613
v 0.094567 0.007347 0.077893
v 0.096620 0.005325 0.072506
v 0.097908 0.004076 0.066669
v 0.098361 0.003666 0.060599
v 0.097976 0.004097 0.054529
v 0.096757 0.005357 0.048692
v 0.094753 0.007401 0.043309
v 0.092035 0.010149 0.038594
v 0.088723 0.013501 0.034729
v 0.084928 0.017319 0.031857
v 0.080810 0.021464 0.030098
v 0.085929 0.011073 0.086250
v 0.088467 0.007293 0.082652
v 0.090626 0.004082 0.077928
v 0.092245 0.001700 0.072546
v 0.093265 0.000232 0.066708
v 0.093619 -0.000254 0.060634
v 0.093327 0.000253 0.054561
v 0.092371 0.001741 0.048723
v 0.090804 0.004149 0.043338
v 0.088681 0.007384 0.038619
v 0.086086 0.011329 0.034748
v 0.083113 0.015821 0.031871
v 0.079885 0.020698 0.030104
v 0.076524 0.025770 0.029509
v 0.082898 0.009433 0.086269
v 0.084645 0.005225 0.082677
v 0.086132 0.001654 0.077963
v 0.087260 -0.001006 0.072585
v 0.087967 -0.002630 0.066746
v 0.088216 -0.003172 0.060670
v 0.088024 -0.002607 0.054594
v 0.087375 -0.000954 0.048752
v 0.086301 0.001723 0.043366
v 0.084853 0.005323 0.038644
v 0.083075 0.009704 0.034765
v 0.081043 0.014708 0.031885
v 0.078829 0.020130 0.030111
v 0.079611 0.008408 0.086306
v 0.080500 0.003942 0.082710
v 0.081261 0.000147 0.077996
v 0.081845 -0.002675 0.072620
v 0.082215 -0.004401 0.066780
v 0.082355 -0.004975 0.060706
v 0.082272 -0.004374 0.054631
v 0.081957 -0.002623 0.048785
v 0.081423 0.000222 0.043394
v 0.080704 0.004046 0.038669
v 0.079816 0.008704 0.034785
v 0.078796 0.014013 0.031897
v 0.077683 0.019777 0.030116
v 0.076191 0.008048 0.086335
v 0.076190 0.003496 0.082737
v 0.076195 -0.000382 0.078026
v 0.076212 -0.003258 0.072651
v 0.076235 -0.005018 0.066811
v 0.076279 -0.005584 0.060742
v 0.076291 -0.004990 0.054662
v 0.076321 -0.003202 0.048815
v 0.076350 -0.000303 0.043419
v 0.076389 0.003603 0.038691
v 0.076422 0.008352 0.034800
v 0.076461 0.013776 0.031910
v 0.076494 0.019655 0.030123
v 0.072772 0.008370 0.086351
v 0.071881 0.003903 0.082756
v 0.071132 0.000096 0.078050
v 0.070580 -0.002726 0.072678
v 0.070260 -0.004456 0.066841
v 0.070169 -0.005026 0.060768
v 0.070313 -0.004428 0.054689
v 0.070688 -0.002669 0.048842
v 0.071285 0.000177 0.043444
v 0.072081 0.004009 0.038711
v 0.073037 0.008675 0.034818
v 0.074128 0.013994 0.031919
v 0.075304 0.019766 0.030128
v 0.069487 0.009355 0.086362
v 0.067740 0.005143 0.082770
v 0.066263 0.001557 0.078068
v 0.065170 -0.001102 0.072700
v 0.064508 -0.002737 0.066865
v 0.064305 -0.003275 0.060792
v 0.064561 -0.002710 0.054712
v 0.065274 -0.001051 0.048861
v 0.066413 0.001638 0.043463
v 0.067933 0.005250 0.038726
v 0.069781 0.009653 0.034832
v 0.071885 0.014667 0.031929
v 0.074161 0.020111 0.030133
v 0.066464 0.010971 0.086367
v 0.063931 0.007177 0.082781
v 0.061779 0.003945 0.078081
v 0.060187 0.001545 0.072714
v 0.059218 0.000077 0.066881
v 0.058910 -0.000411 0.060810
v 0.059270 0.000107 0.054732
v 0.060289 0.001602 0.048880
v 0.061928 0.004024 0.043478
v 0.064120 0.007279 0.038739
v 0.066788 0.011242 0.034840
v 0.069822 0.015764 0.031935
v 0.073109 0.020667 0.030136
v 0.063818 0.013148 0.086365
v 0.060596 0.009919 0.082785
v 0.057854 0.007168 0.078091
v 0.055825 0.005128 0.072725
v 0.054586 0.003879 0.066892
v 0.054186 0.003466 0.060822
v 0.054637 0.003904 0.054742
v 0.055925 0.005183 0.048893
v 0.058000 0.007244 0.043489
v 0.060778 0.010021 0.038749
v 0.064162 0.013396 0.034848
v 0.068010 0.017252 0.031941
v 0.072190 0.021426 0.030139
v 0.061649 0.015804 0.086360
v 0.057860 0.013263 0.082785
v 0.054637 0.011100 0.078092
v 0.052251 0.009499 0.072730
v 0.050793 0.008519 0.066898
v 0.050319 0.008197 0.060831
v 0.050844 0.008548 0.054752
v 0.052351 0.009554 0.048900
v 0.054783 0.011180 0.043497
v 0.058044 0.013365 0.038754
v 0.062014 0.016022 0.034851
v 0.066534 0.019058 0.031942
v 0.071434 0.022345 0.030140
v 0.060051 0.018839 0.086342
v 0.055842 0.017084 0.082771
v 0.052256 0.015596 0.078090
v 0.049605 0.014494 0.072731
v 0.047981 0.013821 0.066902
v 0.047454 0.013605 0.060831
v 0.048032 0.013846 0.054750
v 0.049703 0.014542 0.048897
v 0.052398 0.015672 0.043495
v 0.056016 0.017183 0.038753
v 0.060417 0.019032 0.034855
v 0.065436 0.021126 0.031944
v 0.070875 0.023402 0.030141
v 0.059078 0.022137 0.086321
v 0.054602 0.021245 0.082768
v 0.050797 0.020478 0.078084
v 0.047978 0.019923 0.072730
v 0.046266 0.019585 0.066899
v 0.045707 0.019479 0.060827
v 0.046317 0.019611 0.054748
v 0.048083 0.019972 0.048896
v 0.050939 0.020555 0.043492
v 0.054777 0.021334 0.038749
v 0.059445 0.022287 0.034850
v 0.064763 0.023368 0.031940
v 0.070532 0.024547 0.030140
v -0.085675 0.023992 0.015492
v -0.089549 0.023978 0.014287
v -0.093106 0.023957 0.012343
v -0.096094 0.023950 0.009859
v -0.085578 0.024785 0.015466
v -0.089365 0.025532 0.014245
v -0.092858 0.026224 0.012308
v -0.095786 0.026807 0.009823
v -0.085355 0.025552 0.015465
v -0.088930 0.027034 0.014265
v -0.092217 0.028401 0.012332
v -0.094980 0.029554 0.009858
v -0.084977 0.026254 0.015464
v -0.088194 0.028417 0.014281
v -0.091159 0.030411 0.012357
v -0.093648 0.032090 0.009882
v -0.084481 0.026873 0.015470
v -0.087218 0.029632 0.014288
v -0.089733 0.032173 0.012365
v -0.091847 0.034319 0.009904
v -0.083866 0.027383 0.015460
v -0.086009 0.030634 0.014280
v -0.087991 0.033632 0.012376
v -0.089648 0.036154 0.009907
v -0.083173 0.027767 0.015463
v -0.084643 0.031381 0.014284
v -0.085997 0.034711 0.012373
v -0.087137 0.037522 0.009917
v -0.082414 0.028003 0.015465
v -0.083155 0.031847 0.014291
v -0.083833 0.035390 0.012376
v -0.084409 0.038370 0.009915
v -0.081629 0.028083 0.015435
v -0.081607 0.032003 0.014260
v -0.081584 0.035623 0.012368
v -0.081566 0.038670 0.009917
v -0.080843 0.028002 0.015429
v -0.080059 0.031861 0.014270
v -0.079335 0.035417 0.012378
v -0.078723 0.038402 0.009910
v -0.080083 0.027779 0.015455
v -0.078570 0.031404 0.014254
v -0.077173 0.034759 0.012356
v -0.075995 0.037577 0.009891
v -0.079384 0.027407 0.015467
v -0.077201 0.030674 0.014270
v -0.075182 0.033693 0.012355
v -0.073488 0.036228 0.009878
v -0.078774 0.026900 0.015452
v -0.076001 0.029681 0.014260
v -0.073445 0.032255 0.012341
v -0.071297 0.034420 0.009882
v -0.078275 0.026288 0.015466
v -0.075026 0.028475 0.014266
v -0.072016 0.030501 0.012347
v -0.069495 0.032201 0.009871
v -0.077899 0.025589 0.015485
v -0.074285 0.027101 0.014283
v -0.070951 0.028504 0.012363
v -0.068157 0.029681 0.009885
v -0.077664 0.024825 0.015504
v -0.073832 0.025609 0.014316
v -0.070297 0.026334 0.012396
v -0.067330 0.026947 0.009906
v -0.077592 0.024033 0.015521
v -0.073683 0.024053 0.014334
v -0.070077 0.024076 0.012410
v -0.067045 0.024097 0.009947
v -0.077671 0.023239 0.015519
v -0.073846 0.022495 0.014335
v -0.070312 0.021814 0.012419
v -0.067340 0.021240 0.009942
v -0.077911 0.022474 0.015519
v -0.074310 0.020997 0.014326
v -0.070993 0.019637 0.012400
v -0.068186 0.018498 0.009949
v -0.078291 0.021770 0.015522
v -0.075055 0.019615 0.014346
v -0.072061 0.017626 0.012431
v -0.069545 0.015966 0.009960
v -0.078793 0.021149 0.015542
v -0.076042 0.018394 0.014358
v -0.073503 0.015861 0.012450
v -0.071374 0.013743 0.009981
v -0.079409 0.020637 0.015547
v -0.077254 0.017395 0.014381
v -0.075260 0.014409 0.012469
v -0.073588 0.011908 0.009995
v -0.080110 0.020259 0.015546
v -0.078630 0.016648 0.014381
v -0.077262 0.013329 0.012482
v -0.076112 0.010543 0.010016
v -0.080876 0.020019 0.015552
v -0.080128 0.016186 0.014397
v -0.079437 0.012654 0.012500
v -0.078852 0.009696 0.010038
v -0.081666 0.019939 0.015549
v -0.081681 0.016024 0.014394
v -0.081693 0.012419 0.012500
v -0.081703 0.009402 0.010049
v -0.082457 0.020006 0.015562
v -0.083237 0.016170 0.014399
v -0.083950 0.012629 0.012506
v -0.084546 0.009671 0.010046
v -0.083218 0.020237 0.015556
v -0.084724 0.016617 0.014389
v -0.086115 0.013274 0.012503
v -0.087279 0.010486 0.010054
v -0.083914 0.020610 0.015537
v -0.086096 0.017349 0.014383
v -0.088109 0.014337 0.012503
v -0.089797 0.011816 0.010064
v -0.084524 0.021116 0.015534
v -0.087297 0.018330 0.014386
v -0.089853 0.015754 0.012502
v -0.091995 0.013617 0.010059
v -0.085021 0.021724 0.015524
v -0.088270 0.019532 0.014375
v -0.091264 0.017514 0.012476
v -0.093772 0.015833 0.010013
v -0.081645 0.024015 0.015895
v -0.085385 0.022431 0.015505
v -0.088980 0.020920 0.014326
v -0.092294 0.019521 0.012420
v -0.095069 0.018359 0.009954
v -0.085591 0.023197 0.015474
v -0.089399 0.022416 0.014288
v -0.092920 0.021699 0.012388
v -0.095862 0.021099 0.009912
v -0.099015 0.023945 0.007733
v -0.103588 0.023939 0.004191
v -0.107537 0.023939 -0.000419
v -0.110458 0.023939 -0.005728
v -0.112158 0.023963 -0.011565
v -0.112771 0.024016 -0.017591
v -0.112158 0.024013 -0.023662
v -0.110363 0.024033 -0.029509
v -0.107457 0.024051 -0.034900
v -0.103552 0.024082 -0.039634
v -0.098800 0.024109 -0.043529
v -0.093383 0.024140 -0.046428
v -0.087513 0.024174 -0.048221
v -0.098651 0.027375 0.007695
v -0.103137 0.028256 0.004161
v -0.106985 0.029017 -0.000458
v -0.109823 0.029587 -0.005779
v -0.111553 0.029961 -0.011581
v -0.112132 0.030103 -0.017629
v -0.111536 0.030004 -0.023696
v -0.109782 0.029678 -0.029532
v -0.106934 0.029136 -0.034924
v -0.103108 0.028410 -0.039649
v -0.098453 0.027509 -0.043536
v -0.093148 0.026484 -0.046433
v -0.087393 0.025365 -0.048224
v -0.097701 0.030684 0.007768
v -0.101887 0.032419 0.004177
v -0.105488 0.033911 -0.000469
v -0.108149 0.035027 -0.005807
v -0.109795 0.035728 -0.011607
v -0.110331 0.035981 -0.017661
v -0.109766 0.035767 -0.023727
v -0.108112 0.035108 -0.029559
v -0.105433 0.034025 -0.034946
v -0.101834 0.032562 -0.039668
v -0.097454 0.030772 -0.043550
v -0.092458 0.028736 -0.046441
v -0.087042 0.026516 -0.048226
v -0.096095 0.033732 0.007791
v -0.099857 0.036263 0.004203
v -0.103083 0.038426 -0.000474
v -0.105464 0.040037 -0.005835
v -0.106928 0.041040 -0.011648
v -0.107426 0.041400 -0.017693
v -0.106916 0.041088 -0.023749
v -0.105428 0.040124 -0.029583
v -0.103016 0.038543 -0.034964
v -0.099776 0.036400 -0.039688
v -0.095832 0.033795 -0.043570
v -0.091341 0.030810 -0.046456
v -0.086473 0.027573 -0.048235
v -0.093920 0.036409 0.007796
v -0.097123 0.039634 0.004210
v -0.099852 0.042389 -0.000483
v -0.101861 0.044436 -0.005859
v -0.103107 0.045716 -0.011667
v -0.103521 0.046162 -0.017721
v -0.103083 0.045754 -0.023778
v -0.101817 0.044521 -0.029612
v -0.099766 0.042492 -0.034993
v -0.097014 0.039763 -0.039709
v -0.093664 0.036437 -0.043586
v -0.089850 0.032625 -0.046467
v -0.085711 0.028502 -0.048239
v -0.091268 0.038608 0.007798
v -0.093778 0.042408 0.004213
v -0.095906 0.045643 -0.000499
v -0.097486 0.048060 -0.005869
v -0.098461 0.049561 -0.011683
v -0.098773 0.050079 -0.017749
v -0.098430 0.049604 -0.023806
v -0.097428 0.048139 -0.029639
v -0.095814 0.045752 -0.035020
v -0.093650 0.042538 -0.039736
v -0.091023 0.038614 -0.043605
v -0.088028 0.034131 -0.046478
v -0.084784 0.029268 -0.048247
v -0.088245 0.040255 0.007802
v -0.089962 0.044479 0.004203
v -0.091413 0.048075 -0.000512
v -0.092500 0.050764 -0.005874
v -0.093163 0.052435 -0.011698
v -0.093362 0.053001 -0.017770
v -0.093123 0.052468 -0.023832
v -0.092427 0.050837 -0.029664
v -0.091312 0.048175 -0.035045
v -0.089825 0.044597 -0.039753
v -0.088015 0.040233 -0.043616
v -0.085959 0.035246 -0.046487
v -0.083730 0.029835 -0.048250
v -0.084963 0.041276 0.007804
v -0.085824 0.045759 0.004200
v -0.086544 0.049583 -0.000522
v -0.087088 0.052444 -0.005890
v -0.087409 0.054214 -0.011721
v -0.087501 0.054818 -0.017789
v -0.087370 0.054251 -0.023851
v -0.087010 0.052512 -0.029683
v -0.086432 0.049686 -0.035066
v -0.085674 0.045877 -0.039770
v -0.084755 0.041236 -0.043633
v -0.083710 0.035940 -0.046501
v -0.082583 0.030188 -0.048257
v -0.081548 0.041635 0.007804
v -0.081517 0.046205 0.004189
v -0.081484 0.050117 -0.000533
v -0.081457 0.053026 -0.005912
v -0.081431 0.054830 -0.011747
v -0.081419 0.055475 -0.017792
v -0.081392 0.054866 -0.023871
v -0.081374 0.053094 -0.029708
v -0.081363 0.050208 -0.035085
v -0.081361 0.046322 -0.039789
v -0.081365 0.041587 -0.043649
v -0.081376 0.036180 -0.046509
v -0.081394 0.030310 -0.048261
v -0.078130 0.041313 0.007789
v -0.077210 0.045798 0.004174
v -0.076426 0.049641 -0.000542
v -0.075829 0.052494 -0.005931
v -0.075461 0.054271 -0.011759
v -0.075319 0.054879 -0.017828
v -0.075415 0.054302 -0.023899
v -0.075743 0.052560 -0.029732
v -0.076298 0.049729 -0.035104
v -0.077052 0.045914 -0.039806
v -0.077977 0.041264 -0.043662
v -0.079043 0.035959 -0.046519
v -0.080206 0.030199 -0.048265
v -0.074850 0.040323 0.007778
v -0.073076 0.044558 0.004163
v -0.071563 0.048182 -0.000552
v -0.070426 0.050873 -0.005942
v -0.069718 0.052541 -0.011780
v -0.069459 0.053116 -0.017853
v -0.069670 0.052570 -0.023923
v -0.070333 0.050932 -0.029752
v -0.071430 0.048266 -0.035121
v -0.072909 0.044670 -0.039821
v -0.074724 0.040291 -0.043674
v -0.076802 0.035286 -0.046525
v -0.079062 0.029855 -0.048269
v -0.071834 0.038712 0.007773
v -0.069266 0.042538 0.004171
v -0.067078 0.045798 -0.000556
v -0.065451 0.048216 -0.005956
v -0.064432 0.049718 -0.011801
v -0.064073 0.050235 -0.017870
v -0.064383 0.049750 -0.023936
v -0.065354 0.048278 -0.029766
v -0.066947 0.045877 -0.035134
v -0.069097 0.042641 -0.039833
v -0.071728 0.038694 -0.043683
v -0.074740 0.034185 -0.046533
v -0.078011 0.029296 -0.048273
v -0.069198 0.036532 0.007761
v -0.065940 0.039793 0.004159
v -0.063169 0.042571 -0.000570
v -0.061097 0.044636 -0.005965
v -0.059810 0.045920 -0.011809
v -0.059357 0.046359 -0.017880
v -0.059756 0.045951 -0.023948
v -0.060993 0.044695 -0.029774
v -0.063022 0.042657 -0.035143
v -0.065761 0.039900 -0.039840
v -0.069106 0.036540 -0.043689
v -0.072932 0.032708 -0.046537
v -0.077092 0.028538 -0.048274
v -0.067027 0.033876 0.007767
v -0.063215 0.036444 0.004164
v -0.059955 0.038635 -0.000571
v -0.057536 0.040264 -0.005971
v -0.056031 0.041279 -0.011810
v -0.055493 0.041631 -0.017885
v -0.055971 0.041310 -0.023950
v -0.057422 0.040327 -0.029778
v -0.059806 0.038722 -0.035147
v -0.063027 0.036556 -0.039844
v -0.066959 0.033913 -0.043691
v -0.071454 0.030893 -0.046538
v -0.076337 0.027618 -0.048275
v -0.065423 0.030837 0.007757
v -0.061198 0.032623 0.004149
v -0.057571 0.034148 -0.000565
v -0.054898 0.035287 -0.005962
v -0.053234 0.035988 -0.011806
v -0.052639 0.036231 -0.017881
v -0.053166 0.036018 -0.023948
v -0.054779 0.035340 -0.029776
v -0.057423 0.034231 -0.035146
v -0.060999 0.032738 -0.039841
v -0.065366 0.030911 -0.043687
v -0.070356 0.028828 -0.046536
v -0.075778 0.026564 -0.048273
v -0.064433 0.027542 0.007780
v -0.059968 0.028467 0.004156
v -0.056155 0.029263 -0.000581
v -0.053308 0.029856 -0.005969
v -0.051529 0.030234 -0.011802
v -0.050896 0.030372 -0.017868
v -0.051445 0.030268 -0.023933
v -0.053156 0.029921 -0.029764
v -0.055964 0.029354 -0.035137
v -0.059758 0.028588 -0.039833
v -0.064392 0.027653 -0.043682
v -0.069684 0.026583 -0.046533
v -0.075436 0.025420 -0.048272
v -0.064104 0.024123 0.007811
v -0.059549 0.024153 0.004176
v -0.055654 0.024188 -0.000561
v -0.052714 0.024221 -0.005934
v -0.050951 0.024245 -0.011789
v -0.050322 0.024294 -0.017837
v -0.050877 0.024280 -0.023916
v -0.052623 0.024281 -0.029750
v -0.055484 0.024277 -0.035125
v -0.059350 0.024270 -0.039822
v -0.064071 0.024257 -0.043675
v -0.069462 0.024245 -0.046526
v -0.075322 0.024227 -0.048269
v -0.064455 0.020689 0.007807
v -0.059991 0.019835 0.004185
v -0.056160 0.019102 -0.000540
v -0.053313 0.018573 -0.005924
v -0.051547 0.018256 -0.011759
v -0.050934 0.018159 -0.017828
v -0.051488 0.018286 -0.023899
v -0.053200 0.018633 -0.029732
v -0.056002 0.019195 -0.035107
v -0.059792 0.019949 -0.039809
v -0.064418 0.020863 -0.043663
v -0.069702 0.021906 -0.046519
v -0.075445 0.023035 -0.048265
v -0.065464 0.017385 0.007820
v -0.061258 0.015674 0.004197
v -0.057653 0.014213 -0.000520
v -0.054972 0.013138 -0.005899
v -0.053305 0.012478 -0.011737
v -0.052728 0.012266 -0.017809
v -0.053249 0.012506 -0.023881
v -0.054864 0.013193 -0.029714
v -0.057500 0.014301 -0.035088
v -0.061066 0.015786 -0.039793
v -0.065419 0.017595 -0.043650
v -0.070392 0.019655 -0.046509
v -0.075796 0.021887 -0.048260
v -0.067101 0.014346 0.007836
v -0.063313 0.011838 0.004223
v -0.060068 0.009700 -0.000495
v -0.057652 0.008117 -0.005875
v -0.056155 0.007152 -0.011715
v -0.055628 0.006837 -0.017780
v -0.056100 0.007186 -0.023850
v -0.057548 0.008179 -0.029685
v -0.059919 0.009789 -0.035064
v -0.063124 0.011949 -0.039773
v -0.067035 0.014582 -0.043634
v -0.071507 0.017579 -0.046500
v -0.076363 0.020829 -0.048255
v -0.069297 0.011674 0.007858
v -0.066072 0.008469 0.004251
v -0.063316 0.005741 -0.000460
v -0.061259 0.003719 -0.005842
v -0.059984 0.002480 -0.011684
v -0.059534 0.002073 -0.017751
v -0.059932 0.002509 -0.023824
v -0.061156 0.003781 -0.029654
v -0.063167 0.005829 -0.035037
v -0.065887 0.008581 -0.039751
v -0.069205 0.011934 -0.043618
v -0.073001 0.015749 -0.046488
v -0.077126 0.019901 -0.048249
v -0.071960 0.009482 0.007874
v -0.069429 0.005701 0.004278
v -0.067265 0.002485 -0.000435
v -0.065648 0.000100 -0.005812
v -0.064642 -0.001361 -0.011648
v -0.064283 -0.001839 -0.017713
v -0.064591 -0.001327 -0.023786
v -0.065547 0.000165 -0.029625
v -0.067121 0.002576 -0.035009
v -0.069246 0.005816 -0.039726
v -0.071845 0.009761 -0.043599
v -0.074820 0.014258 -0.046475
v -0.078051 0.019136 -0.048243
v -0.081418 0.024209 -0.048840
v -0.074995 0.007838 0.007888
v -0.073255 0.003633 0.004295
v -0.071768 0.000061 -0.000406
v -0.070652 -0.002589 -0.005774
v -0.069954 -0.004216 -0.011608
v -0.069701 -0.004754 -0.017678
v -0.069904 -0.004186 -0.023754
v -0.070553 -0.002527 -0.029595
v -0.071626 0.000151 -0.034981
v -0.073076 0.003755 -0.039702
v -0.074855 0.008138 -0.043579
v -0.076891 0.013142 -0.046462
v -0.079108 0.018568 -0.048236
v -0.078286 0.006818 0.007914
v -0.077406 0.002357 0.004324
v -0.076648 -0.001441 -0.000377
v -0.076076 -0.004264 -0.005745
v -0.075717 -0.005983 -0.011571
v -0.075578 -0.006549 -0.017639
v -0.075667 -0.005951 -0.023715
v -0.075979 -0.004198 -0.029562
v -0.076508 -0.001350 -0.034953
v -0.077231 0.002478 -0.039680
v -0.078117 0.007137 -0.043562
v -0.079139 0.012451 -0.046451
v -0.080254 0.018213 -0.048230
v -0.081712 0.006462 0.007939
v -0.081719 0.001911 0.004348
v -0.081719 -0.001966 -0.000352
v -0.081712 -0.004842 -0.005717
v -0.081699 -0.006598 -0.011547
v -0.081688 -0.007159 -0.017596
v -0.081651 -0.006561 -0.023684
v -0.081617 -0.004774 -0.029533
v -0.081580 -0.001867 -0.034929
v -0.081544 0.002034 -0.039658
v -0.081508 0.006789 -0.043544
v -0.081475 0.012213 -0.046438
v -0.081445 0.018093 -0.048224
v -0.085131 0.006774 0.007945
v -0.086028 0.002314 0.004365
v -0.086786 -0.001497 -0.000331
v -0.087345 -0.004313 -0.005692
v -0.087678 -0.006036 -0.011519
v -0.087772 -0.006610 -0.017589
v -0.087629 -0.006001 -0.023661
v -0.087250 -0.004245 -0.029509
v -0.086649 -0.001394 -0.034910
v -0.085855 0.002442 -0.039640
v -0.084897 0.007110 -0.043531
v -0.083808 0.012430 -0.046430
v -0.082634 0.018203 -0.048220
v -0.088419 0.007747 0.007962
v -0.090171 0.003548 0.004378
v -0.091656 -0.000044 -0.000314
v -0.092755 -0.002694 -0.005673
v -0.093423 -0.004320 -0.011500
v -0.093624 -0.004865 -0.017576
v -0.093373 -0.004287 -0.023647
v -0.092659 -0.002621 -0.029497
v -0.091517 0.000065 -0.034896
v -0.089998 0.003682 -0.039627
v -0.088151 0.008084 -0.043520
v -0.086051 0.013105 -0.046420
v -0.083777 0.018549 -0.048216
v -0.091447 0.009351 0.007973
v -0.093987 0.005564 0.004397
v -0.096141 0.002339 -0.000301
v -0.097734 -0.000053 -0.005667
v -0.098706 -0.001511 -0.011493
v -0.099015 -0.001997 -0.017565
v -0.098658 -0.001474 -0.023635
v -0.097639 0.000025 -0.029484
v -0.096001 0.002452 -0.034883
v -0.093810 0.005709 -0.039619
v -0.091147 0.009680 -0.043514
v -0.088113 0.014202 -0.046417
v -0.084828 0.019105 -0.048215
v -0.094090 0.011525 0.007963
v -0.097323 0.008294 0.004391
v -0.100069 0.005552 -0.000292
v -0.102094 0.003519 -0.005663
v -0.103330 0.002274 -0.011492
v -0.103734 0.001877 -0.017559
v -0.103283 0.002317 -0.023634
v -0.101998 0.003605 -0.029478
v -0.099927 0.005670 -0.034878
v -0.097147 0.008449 -0.039616
v -0.093768 0.011828 -0.043511
v -0.089920 0.015678 -0.046414
v -0.085748 0.019864 -0.048213
v -0.096249 0.014174 0.007947
v -0.100053 0.011633 0.004385
v -0.103290 0.009474 -0.000289
v -0.105658 0.007890 -0.005670
v -0.107116 0.006921 -0.011499
v -0.107600 0.006605 -0.017559
v -0.107071 0.006960 -0.023635
v -0.105569 0.007973 -0.029479
v -0.103142 0.009604 -0.034875
v -0.099880 0.011791 -0.039615
v -0.095915 0.014459 -0.043512
v -0.091398 0.017492 -0.046415
v -0.086502 0.020783 -0.048214
v -0.097828 0.017208 0.007903
v -0.102029 0.015461 0.004321
v -0.105651 0.013971 -0.000323
v -0.108297 0.012885 -0.005686
v -0.109921 0.012220 -0.011506
v -0.110459 0.012011 -0.017567
v -0.109878 0.012258 -0.023643
v -0.108212 0.012966 -0.029487
v -0.105523 0.014096 -0.034880
v -0.101907 0.015613 -0.039616
v -0.097509 0.017460 -0.043510
v -0.092497 0.019564 -0.046414
v -0.087062 0.021838 -0.048212
v -0.098751 0.020518 0.007815
v -0.103205 0.019620 0.004237
v -0.107089 0.018851 -0.000367
v -0.109918 0.018298 -0.005711
v -0.111635 0.017977 -0.011522
v -0.112201 0.017883 -0.017579
v -0.111596 0.018024 -0.023649
v -0.109832 0.018390 -0.029495
v -0.106980 0.018977 -0.034888
v -0.103146 0.019768 -0.039623
v -0.098482 0.020720 -0.043517
v -0.093168 0.021805 -0.046420
v -0.087403 0.022982 -0.048216

vt 0.827907 0.456096
vt 0.826865 0.455402
vt 0.826692 0.456246
vt 0.827841 0.456444
vt 0.842847 0.461572
vt 0.837976 0.467212
vt 0.838344 0.472620
vt 0.842058 0.471775
vt 0.942974 0.330423
vt 0.966389 0.332846
vt 0.963798 0.301244
vt 0.936587 0.292931
vt 0.870015 0.218946
vt 0.891536 0.243748
vt 0.894946 0.209010
vt 0.861880 0.193731
vt 0.626067 0.713548
vt 0.655533 0.703344
vt 0.646852 0.690397
vt 0.164776 0.456219
vt 0.165800 0.455529
vt 0.165981 0.456376
vt 0.164845 0.456567
vt 0.149956 0.461721
vt 0.154869 0.467361
vt 0.154558 0.472779
vt 0.150856 0.471940
vt 0.620711 0.699293
vt 0.875382 0.496354
vt 0.876257 0.493740
vt 0.874834 0.491952
vt 0.873927 0.494550
vt 0.871472 0.470778
vt 0.870940 0.482536
vt 0.871300 0.485865
vt 0.872019 0.483542
vt 0.871509 0.449954
vt 0.869884 0.450896
vt 0.872148 0.460940
vt 0.873879 0.460770
vt 0.838315 0.395768
vt 0.840380 0.402876
vt 0.844026 0.400208
vt 0.841142 0.391893
vt 0.841435 0.384948
vt 0.849120 0.393760
vt 0.853582 0.390914
vt 0.846600 0.382012
vt 0.865905 0.512859
vt 0.863353 0.509890
vt 0.859490 0.512043
vt 0.862553 0.515661
vt 0.903197 0.443541
vt 0.896335 0.420583
vt 0.890997 0.445717
vt 0.893600 0.452797
vt 0.862936 0.493077
vt 0.865943 0.493748
vt 0.866905 0.491780
vt 0.864481 0.490056
vt 0.877836 0.499308
vt 0.878909 0.496392
vt 0.824230 0.409451
vt 0.816272 0.418672
vt 0.818097 0.425891
vt 0.823238 0.423976
vt 0.838080 0.460496
vt 0.836168 0.468022
vt 0.865693 0.426083
vt 0.863523 0.429405
vt 0.868056 0.439421
vt 0.870187 0.437303
vt 0.857959 0.433341
vt 0.863830 0.440753
vt 0.866519 0.442895
vt 0.863829 0.437613
vt 0.867019 0.499853
vt 0.863152 0.504591
vt 0.864036 0.505455
vt 0.867880 0.500126
vt 0.897221 0.488439
vt 0.896823 0.503983
vt 0.899057 0.503323
vt 0.898225 0.488134
vt 0.868763 0.493053
vt 0.869888 0.490883
vt 0.868225 0.489363
vt 0.844697 0.494535
vt 0.846961 0.495396
vt 0.847181 0.492958
vt 0.845394 0.491128
vt 0.848993 0.398547
vt 0.876764 0.389051
vt 0.878802 0.397244
vt 0.884644 0.415077
vt 0.888614 0.415091
vt 0.831825 0.387866
vt 0.834026 0.395287
vt 0.836807 0.395414
vt 0.836173 0.388504
vt 0.850583 0.499869
vt 0.854041 0.497539
vt 0.851510 0.496872
vt 0.848863 0.498398
vt 0.869476 0.479087
vt 0.866125 0.487052
vt 0.864392 0.461427
vt 0.868953 0.463043
vt 0.868216 0.455204
vt 0.052020 0.330165
vt 0.029205 0.332718
vt 0.031772 0.301144
vt 0.058399 0.292781
vt 0.863402 0.453967
vt 0.862904 0.475192
vt 0.867416 0.476409
vt 0.872170 0.490753
vt 0.873166 0.482859
vt 0.871296 0.490781
vt 0.896723 0.517194
vt 0.906030 0.524955
vt 0.909515 0.504110
vt 0.899334 0.509068
vt 0.814715 0.439052
vt 0.815386 0.446010
vt 0.820247 0.442227
vt 0.822995 0.435592
vt 0.879540 0.411076
vt 0.875562 0.396903
vt 0.873566 0.396725
vt 0.874814 0.407608
vt 0.857822 0.497888
vt 0.857133 0.491101
vt 0.854636 0.491664
vt 0.841335 0.431988
vt 0.844002 0.435579
vt 0.849040 0.430210
vt 0.847002 0.425162
vt 0.857200 0.408243
vt 0.859029 0.403657
vt 0.853694 0.398236
vt 0.852684 0.402568
vt 0.822729 0.430085
vt 0.817191 0.430877
vt 0.892258 0.488113
vt 0.890929 0.502588
vt 0.861944 0.487965
vt 0.863556 0.485000
vt 0.820870 0.466724
vt 0.825851 0.465959
vt 0.824843 0.464314
vt 0.819626 0.463578
vt 0.818798 0.467103
vt 0.817856 0.463741
vt 0.815875 0.463681
vt 0.815771 0.465966
vt 0.826963 0.465058
vt 0.826344 0.465087
vt 0.826902 0.466657
vt 0.846995 0.474293
vt 0.848408 0.462167
vt 0.846256 0.461643
vt 0.844427 0.472826
vt 0.870879 0.466015
vt 0.853080 0.519142
vt 0.854777 0.524826
vt 0.864092 0.520060
vt 0.837491 0.446209
vt 0.839104 0.439991
vt 0.835726 0.439241
vt 0.835489 0.444680
vt 0.821894 0.452148
vt 0.824589 0.446916
vt 0.818719 0.449140
vt 0.822201 0.482616
vt 0.825611 0.471616
vt 0.821763 0.469348
vt 0.819607 0.470858
vt 0.873450 0.448904
vt 0.875985 0.460354
vt 0.878909 0.459689
vt 0.876382 0.447390
vt 0.824350 0.395864
vt 0.829147 0.374883
vt 0.814942 0.400565
vt 0.872027 0.503703
vt 0.873706 0.507233
vt 0.875232 0.504611
vt 0.873360 0.501225
vt 0.840514 0.482035
vt 0.838708 0.479561
vt 0.838510 0.482213
vt 0.840048 0.484530
vt 0.913942 0.372248
vt 0.892795 0.368057
vt 0.910810 0.410742
vt 0.922640 0.415840
vt 0.855720 0.414436
vt 0.851839 0.409438
vt 0.825587 0.503685
vt 0.824494 0.509354
vt 0.833641 0.524315
vt 0.831353 0.514392
vt 0.880655 0.486596
vt 0.877449 0.485093
vt 0.849343 0.501995
vt 0.855562 0.503813
vt 0.852223 0.501391
vt 0.848950 0.500912
vt 0.835143 0.493577
vt 0.836210 0.497003
vt 0.839852 0.495550
vt 0.838856 0.492407
vt 0.825758 0.523817
vt 0.839685 0.537490
vt 0.876011 0.382443
vt 0.831447 0.499300
vt 0.834315 0.505848
vt 0.838182 0.501180
vt 0.124014 0.218952
vt 0.102731 0.243708
vt 0.099625 0.209027
vt 0.132266 0.193780
vt 0.809760 0.419093
vt 0.813500 0.427367
vt 0.847690 0.499671
vt 0.846380 0.498011
vt 0.842631 0.492279
vt 0.844147 0.488818
vt 0.854964 0.476579
vt 0.858014 0.462012
vt 0.901829 0.405782
vt 0.864851 0.355415
vt 0.841529 0.494243
vt 0.842088 0.494587
vt 0.841574 0.492499
vt 0.840782 0.491898
vt 0.848779 0.405351
vt 0.852810 0.487134
vt 0.848141 0.485157
vt 0.848576 0.488354
vt 0.873147 0.469339
vt 0.873821 0.482824
vt 0.875665 0.483738
vt 0.875211 0.469610
vt 0.836186 0.380433
vt 0.839042 0.477802
vt 0.837115 0.474679
vt 0.841474 0.486048
vt 0.840694 0.489359
vt 0.810321 0.436713
vt 0.866551 0.496353
vt 0.867676 0.494849
vt 0.865041 0.495361
vt 0.864020 0.496699
vt 0.862330 0.499569
vt 0.862646 0.501132
vt 0.865297 0.497855
vt 0.845915 0.486975
vt 0.846809 0.489395
vt 0.839408 0.428900
vt 0.844002 0.416461
vt 0.865473 0.447501
vt 0.860183 0.447818
vt 0.885552 0.469190
vt 0.886308 0.487255
vt 0.889406 0.487571
vt 0.887309 0.468437
vt 0.898399 0.469472
vt 0.906806 0.470475
vt 0.815461 0.468621
vt 0.813424 0.478681
vt 0.840797 0.485217
vt 0.840313 0.488493
vt 0.880120 0.426829
vt 0.867006 0.399398
vt 0.876358 0.421251
vt 0.865396 0.386821
vt 0.859447 0.384333
vt 0.861999 0.391729
vt 0.855501 0.437323
vt 0.860721 0.441452
vt 0.827830 0.464426
vt 0.829235 0.461455
vt 0.827310 0.462459
vt 0.859501 0.475270
vt 0.861443 0.461495
vt 0.840662 0.499750
vt 0.831159 0.479268
vt 0.829741 0.487902
vt 0.845494 0.509822
vt 0.843622 0.504405
vt 0.841673 0.502561
vt 0.841014 0.505658
vt 0.827778 0.454368
vt 0.826493 0.451200
vt 0.824571 0.453950
vt 0.860967 0.502216
vt 0.861071 0.499198
vt 0.887740 0.501051
vt 0.848561 0.495287
vt 0.849181 0.493012
vt 0.890185 0.548544
vt 0.881463 0.540893
vt 0.877670 0.540256
vt 0.876467 0.554242
vt 0.850473 0.382115
vt 0.856214 0.389598
vt 0.858188 0.388834
vt 0.854377 0.382884
vt 0.834313 0.438857
vt 0.834363 0.443763
vt 0.869330 0.451150
vt 0.868129 0.448996
vt 0.870296 0.457783
vt 0.871135 0.460681
vt 0.843139 0.481763
vt 0.842170 0.480592
vt 0.887296 0.525042
vt 0.881500 0.520433
vt 0.875365 0.528482
vt 0.881039 0.532059
vt 0.884507 0.499233
vt 0.848590 0.490914
vt 0.850112 0.490893
vt 0.847887 0.491769
vt 0.838484 0.490513
vt 0.834518 0.490395
vt 0.848004 0.507703
vt 0.856924 0.509300
vt 0.856067 0.507834
vt 0.849136 0.505998
vt 0.843973 0.496693
vt 0.967802 0.369636
vt 0.968926 0.403403
vt 0.368060 0.714197
vt 0.338887 0.703718
vt 0.347288 0.690679
vt 0.373206 0.699728
vt 0.852631 0.530653
vt 0.863956 0.531768
vt 0.864087 0.526570
vt 0.856279 0.529400
vt 0.863322 0.495722
vt 0.870133 0.493228
vt 0.834077 0.471401
vt 0.832419 0.463270
vt 0.828116 0.456781
vt 0.828099 0.457058
vt 0.828338 0.457060
vt 0.828438 0.456741
vt 0.829438 0.455268
vt 0.830826 0.453572
vt 0.828944 0.451929
vt 0.828739 0.454554
vt 0.828269 0.456009
vt 0.828169 0.456406
vt 0.828574 0.456299
vt 0.828647 0.455809
vt 0.858856 0.504067
vt 0.861984 0.503578
vt 0.872106 0.493568
vt 0.873008 0.490889
vt 0.867798 0.497175
vt 0.869023 0.495378
vt 0.813626 0.451266
vt 0.816442 0.452822
vt 0.817093 0.450008
vt 0.872856 0.496911
vt 0.874405 0.498745
vt 0.829501 0.402016
vt 0.829213 0.397026
vt 0.685817 0.175559
vt 0.731676 0.184657
vt 0.720382 0.157182
vt 0.671657 0.151136
vt 0.845884 0.517276
vt 0.847276 0.525033
vt 0.828156 0.455564
vt 0.828385 0.455468
vt 0.828349 0.454453
vt 0.826782 0.457215
vt 0.827833 0.456816
vt 0.829584 0.456118
vt 0.828578 0.458422
vt 0.827896 0.458828
vt 0.827866 0.444228
vt 0.831484 0.443654
vt 0.828832 0.437216
vt 0.828563 0.455379
vt 0.842333 0.484020
vt 0.831453 0.457315
vt 0.835578 0.454916
vt 0.834744 0.451673
vt 0.831458 0.455309
vt 0.852536 0.429870
vt 0.851557 0.433941
vt 0.839953 0.448188
vt 0.843203 0.442724
vt 0.836102 0.477765
vt 0.834400 0.484499
vt 0.827920 0.465609
vt 0.830765 0.459446
vt 0.835077 0.458391
vt 0.827043 0.458047
vt 0.825145 0.460133
vt 0.826006 0.461257
vt 0.827333 0.458555
vt 0.852394 0.492252
vt 0.839093 0.521955
vt 0.839442 0.512336
vt 0.893380 0.565617
vt 0.906030 0.547063
vt 0.901202 0.540443
vt 0.829413 0.457025
vt 0.828052 0.457252
vt 0.827875 0.457305
vt 0.866641 0.441524
vt 0.829764 0.434392
vt 0.838422 0.486832
vt 0.883518 0.458053
vt 0.880796 0.445447
vt 0.840085 0.487871
vt 0.840205 0.489942
vt 0.833032 0.443705
vt 0.832190 0.437950
vt 0.840360 0.490638
vt 0.818204 0.452463
vt 0.860830 0.489973
vt 0.863034 0.401494
vt 0.858140 0.395432
vt 0.827853 0.457101
vt 0.828070 0.452461
vt 0.829107 0.457866
vt 0.821563 0.458333
vt 0.821361 0.455110
vt 0.818032 0.456219
vt 0.846693 0.444503
vt 0.842916 0.451400
vt 0.845698 0.453704
vt 0.850412 0.446767
vt 0.877311 0.433336
vt 0.872401 0.421509
vt 0.868419 0.423396
vt 0.872905 0.435104
vt 0.892196 0.594266
vt 0.881916 0.571862
vt 0.876438 0.611078
vt 0.878487 0.510394
vt 0.880686 0.507364
vt 0.876614 0.501958
vt 0.858323 0.545975
vt 0.872414 0.538309
vt 0.863625 0.537467
vt 0.880876 0.470091
vt 0.822803 0.493152
vt 0.829832 0.493332
vt 0.883175 0.428313
vt 0.850535 0.440915
vt 0.855438 0.443606
vt 0.866251 0.507358
vt 0.860885 0.507680
vt 0.536350 0.159940
vt 0.534965 0.142921
vt 0.512684 0.504669
vt 0.513067 0.504456
vt 0.512796 0.504144
vt 0.512697 0.504195
vt 0.513730 0.498908
vt 0.513324 0.500964
vt 0.514222 0.501409
vt 0.515702 0.499885
vt 0.512570 0.503939
vt 0.511941 0.503989
vt 0.512053 0.504588
vt 0.512617 0.504109
vt 0.868386 0.509868
vt 0.518794 0.501766
vt 0.515620 0.502466
vt 0.516426 0.504569
vt 0.522578 0.506258
vt 0.505058 0.505642
vt 0.507972 0.507293
vt 0.507875 0.503852
vt 0.506048 0.501805
vt 0.510052 0.508717
vt 0.510077 0.512472
vt 0.513190 0.512449
vt 0.512335 0.508938
vt 0.511452 0.502781
vt 0.510420 0.501562
vt 0.510196 0.504111
vt 0.514515 0.503892
vt 0.514308 0.502955
vt 0.513301 0.503601
vt 0.513358 0.503917
vt 0.715973 0.212765
vt 0.754276 0.220467
vt 0.620706 0.532580
vt 0.618975 0.526944
vt 0.605344 0.536366
vt 0.607350 0.540611
vt 0.816953 0.460105
vt 0.815165 0.461557
vt 0.882846 0.503671
vt 0.866326 0.499152
vt 0.876361 0.513264
vt 0.871914 0.519527
vt 0.873447 0.523940
vt 0.878700 0.516993
vt 0.870133 0.501385
vt 0.831926 0.429504
vt 0.856221 0.485346
vt 0.868540 0.523146
vt 0.867481 0.516529
vt 0.872259 0.469466
vt 0.871632 0.499215
vt 0.869474 0.498017
vt 0.850768 0.513058
vt 0.847930 0.457579
vt 0.856721 0.455209
vt 0.853972 0.449920
vt 0.118092 0.496461
vt 0.117210 0.493851
vt 0.118605 0.492071
vt 0.119524 0.494663
vt 0.121663 0.470888
vt 0.122329 0.482707
vt 0.122015 0.486027
vt 0.121284 0.483697
vt 0.847016 0.455126
vt 0.841095 0.479381
vt 0.805414 0.436792
vt 0.850295 0.419238
vt 0.121427 0.449965
vt 0.123040 0.450930
vt 0.120919 0.460973
vt 0.119208 0.460784
vt 0.854376 0.422465
vt 0.946795 0.365227
vt 0.950180 0.399125
vt 0.877545 0.470008
vt 0.859261 0.502416
vt 0.836877 0.428859
vt 0.837725 0.414975
vt 0.833086 0.413826
vt 0.849713 0.491741
vt 0.885098 0.429574
vt 0.887687 0.435499
vt 0.828261 0.457238
vt 0.874771 0.420745
vt 0.864923 0.400484
vt 0.792384 0.228006
vt 0.827256 0.237922
vt 0.153804 0.395813
vt 0.151824 0.402929
vt 0.148166 0.400258
vt 0.150946 0.391940
vt 0.810809 0.205530
vt 0.774460 0.194304
vt 0.806992 0.474518
vt 0.809147 0.456029
vt 0.806560 0.452759
vt 0.598305 0.177246
vt 0.579609 0.151601
vt 0.796889 0.436436
vt 0.781214 0.438251
vt 0.783589 0.486921
vt 0.794853 0.465043
vt 0.734142 0.625525
vt 0.746723 0.622955
vt 0.745698 0.586680
vt 0.735380 0.595059
vt 0.566976 0.806985
vt 0.530673 0.810853
vt 0.533546 0.828017
vt 0.573146 0.823606
vt 0.953351 0.429482
vt 0.954995 0.465773
vt 0.971103 0.462460
vt 0.970058 0.431030
vt 0.606835 0.873017
vt 0.557496 0.885355
vt 0.581502 0.903595
vt 0.150594 0.384988
vt 0.143038 0.393787
vt 0.138571 0.390932
vt 0.145432 0.382018
vt 0.630971 0.887634
vt 0.688497 0.515273
vt 0.689271 0.492812
vt 0.675381 0.493409
vt 0.675279 0.514770
vt 0.837606 0.403441
vt 0.834603 0.403046
vt 0.127630 0.512953
vt 0.130139 0.509993
vt 0.133987 0.512145
vt 0.130976 0.515745
vt 0.090000 0.443329
vt 0.096574 0.420337
vt 0.102148 0.445512
vt 0.099618 0.452587
vt 0.620961 0.918605
vt 0.664771 0.899138
vt 0.545483 0.595339
vt 0.130360 0.493207
vt 0.127396 0.493876
vt 0.126427 0.491921
vt 0.128806 0.490204
vt 0.115676 0.499407
vt 0.114594 0.496494
vt 0.167946 0.409559
vt 0.175956 0.418777
vt 0.174219 0.425998
vt 0.169078 0.424088
vt 0.154693 0.460640
vt 0.156670 0.468178
vt 0.126922 0.426147
vt 0.129095 0.429485
vt 0.124716 0.439457
vt 0.122591 0.437322
vt 0.549221 0.600940
vt 0.561340 0.585414
vt 0.559332 0.579134
vt 0.521114 0.755115
vt 0.524567 0.772294
vt 0.554212 0.770317
vt 0.548163 0.753960
vt 0.576070 0.568723
vt 0.574187 0.564121
vt 0.536499 0.844537
vt 0.579652 0.839562
vt 0.837775 0.862671
vt 0.134637 0.433513
vt 0.128901 0.440913
vt 0.126256 0.443021
vt 0.128874 0.437761
vt 0.807062 0.878193
vt 0.800596 0.904287
vt 0.126395 0.499946
vt 0.130282 0.504705
vt 0.129429 0.505565
vt 0.125558 0.500216
vt 0.853506 0.871477
vt 0.922067 0.475564
vt 0.917837 0.459539
vt 0.916804 0.515723
vt 0.922426 0.526688
vt 0.650865 0.188922
vt 0.631221 0.160647
vt 0.096339 0.488441
vt 0.096889 0.504015
vt 0.094686 0.503314
vt 0.095359 0.488082
vt 0.124605 0.493188
vt 0.123469 0.491033
vt 0.125096 0.489518
vt 0.148451 0.494678
vt 0.146209 0.495539
vt 0.145972 0.493106
vt 0.147733 0.491278
vt 0.143207 0.398593
vt 0.115526 0.388903
vt 0.113607 0.397153
vt 0.108080 0.414927
vt 0.104166 0.414911
vt 0.696546 0.704386
vt 0.708617 0.712859
vt 0.727510 0.687880
vt 0.713764 0.682147
vt 0.515515 0.721143
vt 0.538881 0.721562
vt 0.533200 0.703514
vt 0.513423 0.701458
vt 0.160195 0.387914
vt 0.158063 0.395356
vt 0.155295 0.395476
vt 0.155868 0.388546
vt 0.731815 0.564972
vt 0.739753 0.550363
vt 0.727481 0.517036
vt 0.721730 0.536070
vt 0.700502 0.518907
vt 0.142643 0.499990
vt 0.139203 0.497657
vt 0.141702 0.497001
vt 0.144338 0.498530
vt 0.702609 0.496283
vt 0.123731 0.479260
vt 0.127148 0.487213
vt 0.560268 0.788311
vt 0.527456 0.791432
vt 0.740827 0.657366
vt 0.726790 0.655391
vt 0.534111 0.603239
vt 0.540716 0.609765
vt 0.529278 0.623530
vt 0.128552 0.461564
vt 0.124040 0.463188
vt 0.124693 0.455365
vt 0.129459 0.454116
vt 0.510484 0.616017
vt 0.510111 0.632307
vt 0.524926 0.635830
vt 0.611275 0.745948
vt 0.619326 0.759157
vt 0.651378 0.749264
vt 0.642416 0.737327
vt 0.590835 0.856742
vt 0.130206 0.475357
vt 0.125735 0.476585
vt 0.544515 0.865441
vt 0.511030 0.672679
vt 0.526165 0.675057
vt 0.524864 0.660104
vt 0.121226 0.490893
vt 0.120153 0.482992
vt 0.122083 0.490930
vt 0.097096 0.517213
vt 0.087872 0.524952
vt 0.084300 0.504015
vt 0.094456 0.509046
vt 0.511232 0.658801
vt 0.590032 0.548918
vt 0.591544 0.553315
vt 0.846930 0.370751
vt 0.844660 0.377072
vt 0.807641 0.525283
vt 0.799000 0.494613
vt 0.790903 0.526456
vt 0.802747 0.565452
vt 0.816021 0.598369
vt 0.828252 0.619165
vt 0.834984 0.572839
vt 0.819097 0.552963
vt 0.842644 0.214193
vt 0.858895 0.244265
vt 0.508928 0.602069
vt 0.507950 0.590528
vt 0.971701 0.560564
vt 0.177725 0.439167
vt 0.177125 0.446127
vt 0.172244 0.442356
vt 0.169441 0.435719
vt 0.972241 0.531458
vt 0.955551 0.539937
vt 0.954258 0.566655
vt 0.917567 0.439888
vt 0.113061 0.410951
vt 0.116806 0.396831
vt 0.118767 0.396678
vt 0.117675 0.407504
vt 0.911571 0.435363
vt 0.513764 0.505485
vt 0.512772 0.503886
vt 0.512989 0.503347
vt 0.512800 0.503781
vt 0.514804 0.507870
vt 0.516757 0.510849
vt 0.513552 0.502344
vt 0.513175 0.502218
vt 0.512865 0.503394
vt 0.512822 0.504016
vt 0.499157 0.507497
vt 0.499469 0.512721
vt 0.504839 0.513087
vt 0.503668 0.508524
vt 0.512554 0.503823
vt 0.512249 0.503561
vt 0.510245 0.505628
vt 0.512338 0.504729
vt 0.512653 0.504160
vt 0.511322 0.506236
vt 0.508944 0.499425
vt 0.512583 0.506208
vt 0.135470 0.498002
vt 0.136091 0.491238
vt 0.138567 0.491801
vt 0.151168 0.432110
vt 0.148552 0.435707
vt 0.143474 0.430336
vt 0.145449 0.425274
vt 0.846823 0.438440
vt 0.772247 0.268393
vt 0.805713 0.314811
vt 0.817021 0.309268
vt 0.135087 0.408336
vt 0.133217 0.403715
vt 0.138510 0.398275
vt 0.139551 0.402627
vt 0.169641 0.430205
vt 0.175168 0.430982
vt 0.101277 0.488131
vt 0.102728 0.502646
vt 0.789443 0.262334
vt 0.852604 0.489893
vt 0.772334 0.682395
vt 0.787212 0.698478
vt 0.812520 0.657031
vt 0.131294 0.488114
vt 0.129668 0.485163
vt 0.802223 0.635054
vt 0.800741 0.715520
vt 0.828194 0.673622
vt 0.843089 0.635107
vt 0.867701 0.582874
vt 0.620821 0.582710
vt 0.624187 0.578736
vt 0.620449 0.577427
vt 0.171893 0.466849
vt 0.166926 0.466103
vt 0.167908 0.464449
vt 0.173095 0.463698
vt 0.617641 0.580805
vt 0.620252 0.584600
vt 0.617074 0.583026
vt 0.173963 0.467224
vt 0.174863 0.463852
vt 0.176836 0.463777
vt 0.176972 0.466065
vt 0.622713 0.586620
vt 0.623581 0.584615
vt 0.627535 0.580742
vt 0.589369 0.594582
vt 0.591525 0.595390
vt 0.595463 0.590613
vt 0.593223 0.589141
vt 0.587850 0.592882
vt 0.592949 0.586449
vt 0.165807 0.465197
vt 0.166425 0.465229
vt 0.165882 0.466799
vt 0.146000 0.474440
vt 0.144454 0.462305
vt 0.146571 0.461789
vt 0.148523 0.472982
vt 0.602828 0.602238
vt 0.602469 0.603831
vt 0.122175 0.466145
vt 0.603497 0.600447
vt 0.589971 0.605967
vt 0.590147 0.610704
vt 0.140367 0.519298
vt 0.138723 0.524964
vt 0.129487 0.520137
vt 0.602190 0.607792
vt 0.602277 0.605207
vt 0.590053 0.603431
vt 0.155139 0.446345
vt 0.153467 0.440115
vt 0.156819 0.439362
vt 0.157117 0.444812
vt 0.170707 0.452281
vt 0.167973 0.447048
vt 0.173838 0.449263
vt 0.170725 0.482753
vt 0.167236 0.471755
vt 0.171035 0.469486
vt 0.173202 0.470992
vt 0.119500 0.448893
vt 0.117122 0.460346
vt 0.114219 0.459663
vt 0.116584 0.447365
vt 0.586195 0.604614
vt 0.584884 0.606497
vt 0.167717 0.395948
vt 0.162728 0.374933
vt 0.177105 0.400674
vt 0.121480 0.503791
vt 0.119841 0.507324
vt 0.118301 0.504705
vt 0.120134 0.501321
vt 0.152498 0.482205
vt 0.154272 0.479734
vt 0.154490 0.482386
vt 0.152980 0.484696
vt 0.585111 0.609774
vt 0.603224 0.575080
vt 0.604336 0.570586
vt 0.593526 0.578528
vt 0.593248 0.582888
vt 0.602036 0.579051
vt 0.609685 0.577108
vt 0.611579 0.573168
vt 0.613550 0.568708
vt 0.079885 0.372002
vt 0.100373 0.367920
vt 0.082758 0.410666
vt 0.071206 0.415476
vt 0.136635 0.414551
vt 0.140460 0.409517
vt 0.167555 0.503813
vt 0.168691 0.509508
vt 0.159730 0.524467
vt 0.161920 0.514516
vt 0.585676 0.587324
vt 0.587059 0.590707
vt 0.615473 0.564518
vt 0.605851 0.566318
vt 0.112781 0.486667
vt 0.115956 0.485171
vt 0.593757 0.574953
vt 0.584890 0.585342
vt 0.579986 0.594846
vt 0.583392 0.593640
vt 0.606845 0.561903
vt 0.607395 0.558943
vt 0.593085 0.568997
vt 0.593326 0.571358
vt 0.143891 0.502148
vt 0.137768 0.503899
vt 0.141036 0.501496
vt 0.144269 0.501055
vt 0.157942 0.493738
vt 0.156920 0.497164
vt 0.153281 0.495720
vt 0.154239 0.492572
vt 0.617669 0.559836
vt 0.618657 0.556448
vt 0.167559 0.524009
vt 0.153841 0.537660
vt 0.638269 0.582255
vt 0.642113 0.585364
vt 0.646106 0.581556
vt 0.116235 0.382230
vt 0.644022 0.578574
vt 0.676611 0.571168
vt 0.681662 0.578555
vt 0.692279 0.573440
vt 0.161685 0.499450
vt 0.158898 0.505998
vt 0.155004 0.501350
vt 0.182428 0.419200
vt 0.178802 0.427464
vt 0.145511 0.499814
vt 0.146806 0.498153
vt 0.150486 0.492425
vt 0.148954 0.488973
vt 0.685582 0.566507
vt 0.138086 0.476747
vt 0.134889 0.462173
vt 0.711697 0.524783
vt 0.693071 0.552724
vt 0.701322 0.559063
vt 0.634312 0.579590
vt 0.631134 0.577046
vt 0.630538 0.582823
vt 0.633766 0.586250
vt 0.640405 0.575426
vt 0.636311 0.572698
vt 0.627607 0.575167
vt 0.631938 0.570488
vt 0.627083 0.569172
vt 0.623362 0.573874
vt 0.618250 0.572383
vt 0.091285 0.405461
vt 0.127450 0.355243
vt 0.616262 0.576571
vt 0.621138 0.567755
vt 0.630966 0.565091
vt 0.624238 0.563484
vt 0.636508 0.566538
vt 0.641442 0.569290
vt 0.646048 0.572456
vt 0.650388 0.576026
vt 0.652481 0.581003
vt 0.653202 0.569565
vt 0.661953 0.567757
vt 0.654610 0.562736
vt 0.647358 0.565863
vt 0.658639 0.574156
vt 0.668028 0.573558
vt 0.151597 0.494415
vt 0.151045 0.494754
vt 0.151537 0.492658
vt 0.152318 0.492064
vt 0.641742 0.562859
vt 0.646749 0.559214
vt 0.638273 0.556895
vt 0.635064 0.561020
vt 0.143469 0.405418
vt 0.140342 0.487287
vt 0.144954 0.485310
vt 0.144548 0.488507
vt 0.627586 0.559022
vt 0.630099 0.555227
vt 0.120014 0.469379
vt 0.119520 0.482929
vt 0.117705 0.483830
vt 0.117974 0.469632
vt 0.601030 0.582653
vt 0.601547 0.585579
vt 0.607836 0.583220
vt 0.607792 0.580865
vt 0.613824 0.580182
vt 0.155794 0.380475
vt 0.153921 0.477972
vt 0.155801 0.474848
vt 0.613253 0.582441
vt 0.608371 0.585714
vt 0.608858 0.595982
vt 0.610876 0.595720
vt 0.613185 0.584938
vt 0.151585 0.486208
vt 0.152387 0.489511
vt 0.602971 0.587835
vt 0.606630 0.597002
vt 0.597853 0.591954
vt 0.182074 0.436830
vt 0.604755 0.598589
vt 0.593675 0.595782
vt 0.609590 0.650317
vt 0.609782 0.653721
vt 0.623291 0.649980
vt 0.621266 0.646631
vt 0.940198 0.473328
vt 0.941717 0.515026
vt 0.954814 0.509723
vt 0.626720 0.634207
vt 0.629149 0.638316
vt 0.636822 0.632162
vt 0.633479 0.628707
vt 0.624110 0.630195
vt 0.126820 0.496465
vt 0.125695 0.494972
vt 0.128304 0.495480
vt 0.129326 0.496811
vt 0.131022 0.499687
vt 0.130725 0.501248
vt 0.128072 0.497957
vt 0.147185 0.487129
vt 0.146313 0.489547
vt 0.629593 0.624753
vt 0.617384 0.634586
vt 0.153053 0.429013
vt 0.148345 0.416555
vt 0.127337 0.447673
vt 0.132593 0.447971
vt 0.107701 0.469174
vt 0.107156 0.487330
vt 0.104093 0.487621
vt 0.105965 0.468379
vt 0.618989 0.639365
vt 0.620364 0.643831
vt 0.623243 0.610213
vt 0.621924 0.613739
vt 0.095034 0.469291
vt 0.086688 0.470289
vt 0.177307 0.468733
vt 0.179427 0.478817
vt 0.152244 0.485379
vt 0.152753 0.488652
vt 0.112690 0.426725
vt 0.125281 0.399326
vt 0.116334 0.421189
vt 0.126773 0.386764
vt 0.132680 0.384281
vt 0.130185 0.391694
vt 0.624159 0.616778
vt 0.626287 0.612167
vt 0.624237 0.606726
vt 0.627677 0.607573
vt 0.613763 0.607310
vt 0.613493 0.608818
vt 0.612999 0.610472
vt 0.137131 0.437484
vt 0.131992 0.441625
vt 0.613902 0.605946
vt 0.164936 0.464566
vt 0.163515 0.461586
vt 0.165437 0.462594
vt 0.133575 0.475439
vt 0.131476 0.461645
vt 0.152519 0.499924
vt 0.613987 0.604688
vt 0.161772 0.479427
vt 0.163263 0.488052
vt 0.147824 0.510009
vt 0.149623 0.504591
vt 0.151543 0.502740
vt 0.152233 0.505835
vt 0.164884 0.454495
vt 0.166130 0.451324
vt 0.168069 0.454079
vt 0.614023 0.603477
vt 0.614042 0.602252
vt 0.704884 0.467959
vt 0.715060 0.503416
vt 0.132405 0.502326
vt 0.132265 0.499317
vt 0.105872 0.501131
vt 0.718346 0.475276
vt 0.625786 0.586908
vt 0.144619 0.495427
vt 0.143989 0.493156
vt 0.628073 0.589723
vt 0.103782 0.548600
vt 0.112404 0.540950
vt 0.116153 0.540323
vt 0.117463 0.554329
vt 0.624525 0.589034
vt 0.141577 0.382098
vt 0.135939 0.389594
vt 0.133964 0.388806
vt 0.137708 0.382847
vt 0.158218 0.438982
vt 0.158227 0.443897
vt 0.626314 0.591851
vt 0.123564 0.451261
vt 0.124720 0.449144
vt 0.122666 0.457921
vt 0.121885 0.460781
vt 0.630655 0.593375
vt 0.638014 0.590149
vt 0.619302 0.586771
vt 0.613253 0.597093
vt 0.613726 0.598335
vt 0.149900 0.481921
vt 0.150846 0.480761
vt 0.106476 0.525100
vt 0.112206 0.520501
vt 0.118358 0.528565
vt 0.112749 0.532131
vt 0.109056 0.499326
vt 0.621140 0.589013
vt 0.616548 0.585438
vt 0.612299 0.596173
vt 0.613890 0.599641
vt 0.613989 0.600950
vt 0.144553 0.491062
vt 0.143041 0.491038
vt 0.622033 0.591282
vt 0.145261 0.491917
vt 0.623233 0.593892
vt 0.627851 0.595228
vt 0.154587 0.490677
vt 0.158530 0.490555
vt 0.145308 0.507906
vt 0.136515 0.509412
vt 0.137336 0.507935
vt 0.144156 0.506192
vt 0.624362 0.599188
vt 0.624571 0.601471
vt 0.628725 0.598126
vt 0.149191 0.496841
vt 0.629067 0.600946
vt 0.624071 0.596774
vt 0.027789 0.369460
vt 0.026627 0.403186
vt 0.624498 0.603907
vt 0.628661 0.603948
vt 0.645560 0.586568
vt 0.639684 0.593254
vt 0.645961 0.597584
vt 0.652386 0.587694
vt 0.140890 0.530784
vt 0.129711 0.531843
vt 0.129539 0.526641
vt 0.137262 0.529517
vt 0.130008 0.495838
vt 0.662230 0.587471
vt 0.661892 0.579842
vt 0.659032 0.600032
vt 0.671188 0.601764
vt 0.123253 0.493362
vt 0.158790 0.471568
vt 0.160362 0.463408
vt 0.673155 0.589137
vt 0.671183 0.580956
vt 0.632284 0.596411
vt 0.164575 0.456905
vt 0.164596 0.457182
vt 0.164358 0.457185
vt 0.164254 0.456866
vt 0.633314 0.599519
vt 0.649401 0.607973
vt 0.163243 0.455395
vt 0.161841 0.453700
vt 0.163699 0.452054
vt 0.163932 0.454680
vt 0.657806 0.611827
vt 0.640880 0.605832
vt 0.636899 0.612221
vt 0.643092 0.615417
vt 0.164414 0.456134
vt 0.164519 0.456530
vt 0.164114 0.456425
vt 0.164036 0.455935
vt 0.649736 0.618365
vt 0.638340 0.622042
vt 0.134519 0.504169
vt 0.131415 0.503692
vt 0.643130 0.625490
vt 0.633474 0.618563
vt 0.632324 0.604167
vt 0.121315 0.493690
vt 0.120405 0.491017
vt 0.125595 0.497283
vt 0.124369 0.495498
vt 0.630626 0.609444
vt 0.628621 0.615007
vt 0.626154 0.620744
vt 0.178927 0.451378
vt 0.176142 0.452936
vt 0.175465 0.450129
vt 0.120599 0.497018
vt 0.119078 0.498847
vt 0.162636 0.402109
vt 0.162879 0.397099
vt 0.306173 0.175609
vt 0.260447 0.184716
vt 0.271726 0.157314
vt 0.320525 0.151226
vt 0.147499 0.517437
vt 0.146175 0.525177
vt 0.621962 0.626056
vt 0.620183 0.621710
vt 0.616146 0.630314
vt 0.164522 0.455689
vt 0.164294 0.455593
vt 0.164317 0.454580
vt 0.165903 0.457346
vt 0.164857 0.456939
vt 0.614824 0.625560
vt 0.611706 0.659848
vt 0.627693 0.656201
vt 0.614127 0.621690
vt 0.610222 0.613525
vt 0.608067 0.614100
vt 0.608369 0.623222
vt 0.163109 0.456245
vt 0.590957 0.613732
vt 0.592142 0.616797
vt 0.164138 0.458549
vt 0.164821 0.458956
vt 0.164685 0.444351
vt 0.161083 0.443786
vt 0.163656 0.437341
vt 0.164115 0.455504
vt 0.150714 0.484181
vt 0.602539 0.610682
vt 0.602283 0.609196
vt 0.586891 0.613965
vt 0.589288 0.617568
vt 0.161263 0.457448
vt 0.157130 0.455048
vt 0.157925 0.451804
vt 0.161233 0.455440
vt 0.139986 0.430014
vt 0.141013 0.434082
vt 0.152708 0.448331
vt 0.149413 0.442856
vt 0.156841 0.477939
vt 0.158598 0.484661
vt 0.164859 0.465746
vt 0.161973 0.459579
vt 0.157665 0.458528
vt 0.165654 0.458178
vt 0.167563 0.460270
vt 0.166721 0.461394
vt 0.165376 0.458683
vt 0.140795 0.492391
vt 0.154283 0.522091
vt 0.153858 0.512492
vt 0.098862 0.565130
vt 0.079974 0.536981
vt 0.092782 0.540463
vt 0.163289 0.457152
vt 0.164646 0.457376
vt 0.164823 0.457430
vt 0.126135 0.441577
vt 0.162696 0.434514
vt 0.154613 0.486999
vt 0.109627 0.458019
vt 0.112192 0.445413
vt 0.152968 0.488039
vt 0.152871 0.490109
vt 0.159548 0.443839
vt 0.160321 0.438074
vt 0.152726 0.490804
vt 0.174386 0.452582
vt 0.132418 0.490114
vt 0.597986 0.621892
vt 0.604122 0.613375
vt 0.129219 0.401521
vt 0.134055 0.395454
vt 0.603082 0.612132
vt 0.164841 0.457225
vt 0.595131 0.619368
vt 0.164574 0.452586
vt 0.163604 0.457993
vt 0.595608 0.625378
vt 0.591747 0.620938
vt 0.608193 0.627519
vt 0.171104 0.458461
vt 0.171270 0.455239
vt 0.174598 0.456333
vt 0.967415 0.627599
vt 0.969915 0.597156
vt 0.145959 0.444638
vt 0.149789 0.451552
vt 0.147044 0.453862
vt 0.142286 0.446903
vt 0.115504 0.433332
vt 0.120239 0.421543
vt 0.124200 0.423441
vt 0.119883 0.435109
vt 0.951869 0.602418
vt 0.949170 0.629601
vt 0.101369 0.592903
vt 0.112268 0.571927
vt 0.117596 0.610444
vt 0.115119 0.510478
vt 0.112914 0.507447
vt 0.116908 0.502055
vt 0.135412 0.546105
vt 0.121368 0.538391
vt 0.130077 0.537561
vt 0.112362 0.470085
vt 0.618467 0.618403
vt 0.611880 0.612203
vt 0.935769 0.634601
vt 0.933662 0.653654
vt 0.944497 0.655175
vt 0.910245 0.284814
vt 0.931401 0.257462
vt 0.170221 0.493284
vt 0.163228 0.493474
vt 0.580865 0.613953
vt 0.109688 0.428185
vt 0.584545 0.618598
vt 0.142103 0.441050
vt 0.137258 0.443751
vt 0.127244 0.507464
vt 0.132572 0.507788
vt 0.578615 0.609968
vt 0.575111 0.612782
vt 0.577721 0.617494
vt 0.581432 0.622873
vt 0.588887 0.622919
vt 0.586903 0.627316
vt 0.593472 0.633083
vt 0.594078 0.628190
vt 0.608236 0.632113
vt 0.608700 0.636571
vt 0.591943 0.638043
vt 0.584901 0.632138
vt 0.590113 0.643481
vt 0.583111 0.638455
vt 0.609321 0.646571
vt 0.609219 0.641580
vt 0.582085 0.598236
vt 0.576821 0.602548
vt 0.584586 0.599055
vt 0.579988 0.603322
vt 0.588547 0.600099
vt 0.578919 0.605626
vt 0.573563 0.606920
vt 0.454855 0.159803
vt 0.456642 0.142801
vt 0.590984 0.599951
vt 0.574563 0.620965
vt 0.569919 0.615546
vt 0.570513 0.627714
vt 0.567350 0.619671
vt 0.574783 0.635192
vt 0.578064 0.627607
vt 0.567821 0.609808
vt 0.569461 0.605710
vt 0.564820 0.611830
vt 0.566433 0.606581
vt 0.583094 0.583056
vt 0.581892 0.581599
vt 0.576582 0.594195
vt 0.574286 0.594011
vt 0.607740 0.555933
vt 0.619552 0.552929
vt 0.608100 0.552583
vt 0.480021 0.504624
vt 0.479636 0.504410
vt 0.479906 0.504099
vt 0.480006 0.504149
vt 0.621038 0.548656
vt 0.591798 0.564591
vt 0.592682 0.566585
vt 0.623360 0.140133
vt 0.669444 0.564513
vt 0.676801 0.559572
vt 0.667279 0.553935
vt 0.660996 0.559305
vt 0.651873 0.555060
vt 0.478947 0.498856
vt 0.479362 0.500914
vt 0.478466 0.501355
vt 0.476979 0.499827
vt 0.656382 0.549525
vt 0.644927 0.547206
vt 0.641630 0.552313
vt 0.632092 0.551231
vt 0.634048 0.546276
vt 0.685811 0.586527
vt 0.688251 0.599122
vt 0.697529 0.581880
vt 0.701389 0.596194
vt 0.564925 0.633617
vt 0.480131 0.503895
vt 0.480761 0.503949
vt 0.480651 0.504547
vt 0.480085 0.504064
vt 0.563943 0.624463
vt 0.558059 0.638233
vt 0.558152 0.628565
vt 0.559424 0.649226
vt 0.567246 0.644244
vt 0.561728 0.614173
vt 0.563594 0.607429
vt 0.557708 0.616970
vt 0.560378 0.607815
vt 0.580395 0.580325
vt 0.578990 0.578766
vt 0.572042 0.593431
vt 0.569248 0.592983
vt 0.937915 0.440042
vt 0.940933 0.548837
vt 0.657002 0.667209
vt 0.647816 0.658559
vt 0.634105 0.666604
vt 0.640877 0.678015
vt 0.668154 0.675497
vt 0.681220 0.659993
vt 0.669998 0.654597
vt 0.659318 0.648863
vt 0.688575 0.612696
vt 0.677179 0.613209
vt 0.675006 0.626496
vt 0.685173 0.626475
vt 0.700980 0.611010
vt 0.697171 0.627110
vt 0.678244 0.640655
vt 0.667601 0.637631
vt 0.690573 0.643419
vt 0.579974 0.670936
vt 0.583353 0.662647
vt 0.575217 0.651355
vt 0.569947 0.656791
vt 0.574124 0.677771
vt 0.562593 0.661933
vt 0.618691 0.685290
vt 0.616235 0.672830
vt 0.588936 0.647679
vt 0.584139 0.644258
vt 0.588053 0.650969
vt 0.582130 0.645108
vt 0.912058 0.689267
vt 0.894950 0.709852
vt 0.907357 0.733069
vt 0.926279 0.706920
vt 0.630774 0.640755
vt 0.634069 0.644000
vt 0.643468 0.637218
vt 0.639461 0.634378
vt 0.647184 0.627875
vt 0.652118 0.630403
vt 0.659121 0.622906
vt 0.654247 0.621616
vt 0.659657 0.615772
vt 0.665029 0.615081
vt 0.581755 0.650305
vt 0.586890 0.654870
vt 0.937403 0.610412
vt 0.663098 0.760932
vt 0.697435 0.743748
vt 0.683356 0.734852
vt 0.639670 0.649566
vt 0.650134 0.641770
vt 0.658855 0.633603
vt 0.665770 0.625329
vt 0.670031 0.618552
vt 0.807268 0.445544
vt 0.810210 0.446784
vt 0.895254 0.468654
vt 0.899227 0.487547
vt 0.901599 0.500491
vt 0.849388 0.503147
vt 0.855346 0.505082
vt 0.862380 0.433351
vt 0.855370 0.427298
vt 0.125146 0.509968
vt 0.863027 0.435676
vt 0.868671 0.497700
vt 0.869930 0.495686
vt 0.870823 0.495902
vt 0.928731 0.370200
vt 0.934982 0.410495
vt 0.871113 0.493388
vt 0.813714 0.458141
vt 0.893447 0.467841
vt 0.889009 0.467807
vt 0.884949 0.457500
vt 0.886046 0.457249
vt 0.882261 0.445038
vt 0.883165 0.445363
vt 0.866689 0.442450
vt 0.869403 0.451247
vt 0.857741 0.505000
vt 0.855624 0.506390
vt 0.858772 0.505629
vt 0.816356 0.456400
vt 0.846518 0.499773
vt 0.843253 0.497798
vt 0.843983 0.497553
vt 0.825122 0.462901
vt 0.826094 0.464213
vt 0.822714 0.461454
vt 0.818606 0.460085
vt 0.825316 0.448901
vt 0.828335 0.448233
vt 0.828108 0.446010
vt 0.869775 0.513306
vt 0.841661 0.497002
vt 0.842580 0.500445
vt 0.844807 0.501959
vt 0.859927 0.506638
vt 0.846460 0.502961
vt 0.846308 0.501544
vt 0.849390 0.504553
vt 0.846301 0.500559
vt 0.845951 0.457128
vt 0.842990 0.456347
vt 0.814213 0.500474
vt 0.816892 0.493808
vt 0.851078 0.425043
vt 0.893818 0.522483
vt 0.896074 0.529959
vt 0.871495 0.460942
vt 0.852838 0.445365
vt 0.848287 0.442841
vt 0.856934 0.448765
vt 0.859945 0.454421
vt 0.841466 0.483081
vt 0.857758 0.487913
vt 0.859013 0.484650
vt 0.855113 0.488739
vt 0.890411 0.539287
vt 0.884227 0.537732
vt 0.889552 0.525322
vt 0.884363 0.532713
vt 0.822864 0.453260
vt 0.831996 0.445359
vt 0.832660 0.448714
vt 0.834025 0.445028
vt 0.835482 0.447027
vt 0.837477 0.449665
vt 0.839064 0.452887
vt 0.839266 0.456671
vt 0.824334 0.458283
vt 0.845799 0.532056
vt 0.824110 0.456095
vt 0.823787 0.461097
vt 0.822721 0.458698
vt 0.822403 0.455957
vt 0.838400 0.433958
vt 0.841510 0.438158
vt 0.835578 0.435477
vt 0.844662 0.440691
vt 0.833330 0.436734
vt 0.890763 0.525173
vt 0.889118 0.533454
vt 0.803765 0.454062
vt 0.732541 0.489889
vt 0.746934 0.525283
vt 0.508508 0.412683
vt 0.508097 0.411771
vt 0.690596 0.462505
vt 0.674902 0.459042
vt 0.568586 0.388067
vt 0.562644 0.382925
vt 0.551217 0.387898
vt 0.558542 0.392259
vt 0.527621 0.400626
vt 0.525828 0.404990
vt 0.532344 0.403463
vt 0.533212 0.396957
vt 0.595072 0.441683
vt 0.607875 0.448149
vt 0.616530 0.431486
vt 0.604171 0.426149
vt 0.510405 0.414236
vt 0.510772 0.415369
vt 0.513820 0.415534
vt 0.513157 0.414386
vt 0.509920 0.412702
vt 0.512562 0.412577
vt 0.508982 0.414272
vt 0.509340 0.415427
vt 0.609313 0.355157
vt 0.596617 0.363660
vt 0.600915 0.376482
vt 0.614056 0.371650
vt 0.588878 0.478079
vt 0.599593 0.462834
vt 0.588711 0.456282
vt 0.579262 0.472490
vt 0.567633 0.489816
vt 0.576610 0.494439
vt 0.555587 0.516867
vt 0.551629 0.507151
vt 0.541460 0.508150
vt 0.546374 0.512126
vt 0.542242 0.495094
vt 0.555576 0.499506
vt 0.533546 0.491803
vt 0.473892 0.501702
vt 0.477070 0.502411
vt 0.476271 0.504514
vt 0.472945 0.505855
vt 0.528193 0.494658
vt 0.547982 0.492008
vt 0.487660 0.505616
vt 0.484751 0.507266
vt 0.484833 0.503820
vt 0.486651 0.501775
vt 0.554820 0.487678
vt 0.539318 0.489023
vt 0.519136 0.498251
vt 0.527162 0.499287
vt 0.482675 0.508687
vt 0.482669 0.512447
vt 0.479550 0.512420
vt 0.480389 0.508903
vt 0.481245 0.502740
vt 0.482274 0.501522
vt 0.482508 0.504076
vt 0.478183 0.503841
vt 0.478386 0.502903
vt 0.479398 0.503552
vt 0.479343 0.503869
vt 0.528992 0.506912
vt 0.503748 0.504458
vt 0.504635 0.508423
vt 0.530723 0.594725
vt 0.541892 0.590368
vt 0.529936 0.585635
vt 0.541731 0.581610
vt 0.521665 0.513111
vt 0.531686 0.516832
vt 0.515322 0.515574
vt 0.522088 0.521893
vt 0.510639 0.646052
vt 0.502170 0.493027
vt 0.503545 0.490605
vt 0.500245 0.497900
vt 0.958163 0.683154
vt 0.948547 0.713584
vt 0.909457 0.776219
vt 0.888892 0.810067
vt 0.510348 0.455822
vt 0.511111 0.459534
vt 0.508429 0.429012
vt 0.503397 0.432709
vt 0.504114 0.438864
vt 0.510266 0.435417
vt 0.514408 0.430152
vt 0.511441 0.424242
vt 0.507072 0.426047
vt 0.502668 0.429395
vt 0.515806 0.440655
vt 0.507452 0.445185
vt 0.509151 0.448815
vt 0.519491 0.443818
vt 0.566053 0.473330
vt 0.550678 0.479113
vt 0.533357 0.482286
vt 0.519424 0.482924
vt 0.516445 0.488326
vt 0.526672 0.488971
vt 0.513983 0.490628
vt 0.522566 0.491348
vt 0.519208 0.493840
vt 0.515422 0.497172
vt 0.511739 0.496967
vt 0.511436 0.498715
vt 0.512115 0.492980
vt 0.506955 0.556829
vt 0.507138 0.568350
vt 0.526418 0.460599
vt 0.511591 0.463957
vt 0.510880 0.472508
vt 0.526393 0.470827
vt 0.542674 0.466048
vt 0.541686 0.452855
vt 0.505197 0.488105
vt 0.524935 0.455792
vt 0.522702 0.452061
vt 0.539225 0.447545
vt 0.535487 0.444197
vt 0.555910 0.440236
vt 0.560008 0.455333
vt 0.579286 0.440476
vt 0.568941 0.424675
vt 0.601352 0.390783
vt 0.577791 0.384208
vt 0.578795 0.392815
vt 0.577962 0.401685
vt 0.598814 0.405900
vt 0.614196 0.389666
vt 0.610985 0.408415
vt 0.591853 0.421981
vt 0.575506 0.411629
vt 0.569231 0.394169
vt 0.559107 0.395101
vt 0.568140 0.401424
vt 0.558153 0.401767
vt 0.566482 0.409114
vt 0.557248 0.408636
vt 0.556224 0.417727
vt 0.563991 0.419177
vt 0.529265 0.410116
vt 0.530182 0.416044
vt 0.538944 0.416983
vt 0.537214 0.409458
vt 0.526788 0.408573
vt 0.535378 0.405270
vt 0.514804 0.416911
vt 0.515662 0.418857
vt 0.275629 0.212786
vt 0.237492 0.220504
vt 0.523558 0.407959
vt 0.528917 0.405202
vt 0.544497 0.397804
vt 0.546305 0.401817
vt 0.547091 0.408584
vt 0.547339 0.416702
vt 0.531490 0.440960
vt 0.544932 0.433189
vt 0.538877 0.430268
vt 0.526373 0.436745
vt 0.532429 0.428046
vt 0.509637 0.422161
vt 0.521170 0.434825
vt 0.512304 0.419513
vt 0.510564 0.418688
vt 0.516249 0.423275
vt 0.511303 0.416420
vt 0.511745 0.417312
vt 0.509763 0.416510
vt 0.510192 0.417292
vt 0.526250 0.426483
vt 0.551165 0.435415
vt 0.521241 0.448284
vt 0.509893 0.452544
vt 0.372388 0.532676
vt 0.374032 0.527031
vt 0.387708 0.536462
vt 0.385766 0.540719
vt 0.504671 0.536218
vt 0.506382 0.546280
vt 0.542160 0.391215
vt 0.534131 0.127411
vt 0.175714 0.460212
vt 0.177510 0.461653
vt 0.110742 0.503755
vt 0.572917 0.377375
vt 0.509192 0.411594
vt 0.512456 0.410520
vt 0.598586 0.340764
vt 0.581844 0.328914
vt 0.573557 0.340643
vt 0.587537 0.351649
vt 0.556818 0.358955
vt 0.565741 0.369285
vt 0.127065 0.499249
vt 0.555452 0.373888
vt 0.547575 0.364595
vt 0.539348 0.370736
vt 0.545776 0.378739
vt 0.522995 0.388556
vt 0.516244 0.382517
vt 0.508141 0.399056
vt 0.511446 0.403299
vt 0.512433 0.408124
vt 0.526487 0.397253
vt 0.117247 0.513351
vt 0.121708 0.519615
vt 0.120220 0.524028
vt 0.114955 0.517070
vt 0.527872 0.382313
vt 0.531879 0.390520
vt 0.519740 0.376361
vt 0.576388 0.132918
vt 0.538760 0.383815
vt 0.532609 0.376887
vt 0.523723 0.370777
vt 0.529186 0.363661
vt 0.535360 0.355770
vt 0.542545 0.348792
vt 0.555904 0.330797
vt 0.560010 0.318855
vt 0.536257 0.324240
vt 0.538715 0.313464
vt 0.527186 0.342028
vt 0.521866 0.350561
vt 0.517897 0.358633
vt 0.514715 0.366086
vt 0.507223 0.483405
vt 0.508811 0.497471
vt 0.505238 0.500152
vt 0.506998 0.511702
vt 0.499339 0.502612
vt 0.511587 0.515400
vt 0.508346 0.515004
vt 0.509918 0.518874
vt 0.513281 0.519556
vt 0.505680 0.515289
vt 0.507926 0.519037
vt 0.499857 0.515396
vt 0.500919 0.521205
vt 0.502940 0.529452
vt 0.501516 0.524429
vt 0.510898 0.522111
vt 0.515682 0.525436
vt 0.123336 0.501475
vt 0.520906 0.532412
vt 0.530520 0.528431
vt 0.734644 0.921134
vt 0.512053 0.371570
vt 0.508839 0.377906
vt 0.160491 0.429626
vt 0.136948 0.485503
vt 0.503173 0.407559
vt 0.504859 0.404679
vt 0.501592 0.402876
vt 0.125089 0.523227
vt 0.126092 0.516617
vt 0.500453 0.406198
vt 0.502742 0.376614
vt 0.120883 0.469538
vt 0.121831 0.499314
vt 0.123957 0.498119
vt 0.142624 0.513239
vt 0.144874 0.457728
vt 0.136106 0.455355
vt 0.138784 0.450060
vt 0.145754 0.455280
vt 0.151897 0.479557
vt 0.499975 0.395274
vt 0.503897 0.396345
vt 0.503805 0.369681
vt 0.505405 0.363885
vt 0.507392 0.356351
vt 0.498760 0.402038
vt 0.498151 0.405557
vt 0.186940 0.436927
vt 0.508756 0.410283
vt 0.142102 0.419351
vt 0.138060 0.422596
vt 0.048239 0.364844
vt 0.044804 0.398632
vt 0.115667 0.470012
vt 0.507332 0.410840
vt 0.507281 0.407375
vt 0.505628 0.409176
vt 0.518283 0.310595
vt 0.516556 0.320179
vt 0.509662 0.347234
vt 0.512286 0.337764
vt 0.929285 0.745773
vt 0.762615 0.728409
vt 0.746327 0.721236
vt 0.134091 0.502519
vt 0.716922 0.750097
vt 0.733657 0.756547
vt 0.777683 0.738507
vt 0.750203 0.764327
vt 0.829469 0.821333
vt 0.793385 0.840092
vt 0.756593 0.892816
vt 0.861350 0.806737
vt 0.881142 0.761088
vt 0.847206 0.786251
vt 0.812081 0.808772
vt 0.155566 0.428985
vt 0.154581 0.415071
vt 0.159172 0.413941
vt 0.143449 0.491888
vt 0.928040 0.221479
vt 0.939129 0.575464
vt 0.776610 0.825800
vt 0.755370 0.850882
vt 0.720721 0.851737
vt 0.744264 0.829296
vt 0.708212 0.900978
vt 0.677667 0.927363
vt 0.971919 0.496814
vt 0.507264 0.580003
vt 0.896755 0.321851
vt 0.866272 0.315934
vt 0.760141 0.167745
vt 0.868375 0.385023
vt 0.870889 0.385338
vt 0.816383 0.266551
vt 0.836203 0.309847
vt 0.919091 0.325182
vt 0.885073 0.437078
vt 0.888007 0.447280
vt 0.882567 0.436728
vt 0.885539 0.447508
vt 0.889706 0.457633
vt 0.880137 0.433566
vt 0.877254 0.535470
vt 0.870825 0.532831
vt 0.107803 0.429420
vt 0.105305 0.435312
vt 0.857310 0.380915
vt 0.861605 0.381166
vt 0.164438 0.457363
vt 0.859359 0.379283
vt 0.856067 0.378506
vt 0.853467 0.379892
vt 0.853289 0.378041
vt 0.853798 0.589267
vt 0.861742 0.372864
vt 0.869605 0.382552
vt 0.865324 0.381150
vt 0.861451 0.377472
vt 0.855772 0.375851
vt 0.851133 0.375626
vt 0.849921 0.378538
vt 0.117889 0.420741
vt 0.127342 0.400460
vt 0.199574 0.227939
vt 0.165540 0.237832
vt 0.182088 0.205547
vt 0.217787 0.194349
vt 0.185766 0.474706
vt 0.183433 0.456136
vt 0.185966 0.452887
vt 0.879292 0.432912
vt 0.860547 0.393759
vt 0.393102 0.177156
vt 0.412111 0.151479
vt 0.892414 0.516296
vt 0.894923 0.511104
vt 0.889327 0.508270
vt 0.886713 0.512933
vt 0.927244 0.444976
vt 0.930377 0.477399
vt 0.958748 0.231354
vt 0.961043 0.267168
vt 0.910789 0.567847
vt 0.889853 0.520964
vt 0.884307 0.516760
vt 0.891717 0.457641
vt 0.891955 0.521636
vt 0.894604 0.516829
vt 0.881013 0.513805
vt 0.883579 0.510282
vt 0.885984 0.506148
vt 0.897327 0.511008
vt 0.195407 0.436588
vt 0.211131 0.438388
vt 0.209227 0.487046
vt 0.197752 0.465227
vt 0.895759 0.535702
vt 0.873903 0.640989
vt 0.891300 0.622943
vt 0.871162 0.677372
vt 0.889781 0.659102
vt 0.908048 0.639864
vt 0.910038 0.601245
vt 0.880799 0.536163
vt 0.869393 0.527736
vt 0.782755 0.752257
vt 0.805886 0.729645
vt 0.752965 0.777233
vt 0.758499 0.787390
vt 0.787620 0.765824
vt 0.819717 0.731913
vt 0.858718 0.626100
vt 0.854055 0.659370
vt 0.838881 0.683261
vt 0.259780 0.625505
vt 0.247218 0.622931
vt 0.247937 0.586554
vt 0.258273 0.595016
vt 0.849757 0.698009
vt 0.819481 0.752818
vt 0.845681 0.722403
vt 0.822423 0.775991
vt 0.848132 0.752101
vt 0.873191 0.733015
vt 0.868820 0.702788
vt 0.792308 0.777292
vt 0.762704 0.798304
vt 0.793752 0.796129
vt 0.767442 0.808817
vt 0.826779 0.691096
vt 0.837432 0.353794
vt 0.823396 0.360326
vt 0.426422 0.807363
vt 0.463324 0.810986
vt 0.460836 0.828084
vt 0.420582 0.823809
vt 0.803885 0.407752
vt 0.041438 0.429023
vt 0.039515 0.465368
vt 0.024268 0.462301
vt 0.025410 0.430852
vt 0.753802 0.495517
vt 0.764466 0.543330
vt 0.772308 0.507639
vt 0.766255 0.458449
vt 0.388712 0.874477
vt 0.438369 0.885525
vt 0.415288 0.904106
vt 0.363898 0.889133
vt 0.304520 0.515275
vt 0.303640 0.492758
vt 0.317494 0.493436
vt 0.317700 0.514819
vt 0.773649 0.592049
vt 0.783086 0.555325
vt 0.793765 0.599501
vt 0.777104 0.638269
vt 0.923271 0.621656
vt 0.924002 0.586949
vt 0.154579 0.403512
vt 0.157559 0.403132
vt 0.927190 0.559531
vt 0.673244 0.725044
vt 0.374813 0.919108
vt 0.328934 0.900180
vt 0.963330 0.658076
vt 0.679911 0.770766
vt 0.924428 0.665299
vt 0.498047 0.271484
vt 0.938308 0.676322
vt 0.889742 0.684185
vt 0.906951 0.664799
vt 0.923245 0.644506
vt 0.930272 0.522736
vt 0.729477 0.822526
vt 0.714263 0.607027
vt 0.714002 0.587146
vt 0.710965 0.627794
vt 0.708540 0.568110
vt 0.557819 0.572631
vt 0.556184 0.566259
vt 0.554907 0.557706
vt 0.569882 0.552118
vt 0.567410 0.542768
vt 0.541304 0.563711
vt 0.541673 0.572517
vt 0.552834 0.550107
vt 0.550708 0.540023
vt 0.542384 0.552612
vt 0.563006 0.495411
vt 0.569573 0.508144
vt 0.560880 0.525140
vt 0.579948 0.528232
vt 0.575773 0.519132
vt 0.564701 0.534777
vt 0.584293 0.537043
vt 0.547154 0.528836
vt 0.539218 0.520125
vt 0.543654 0.539955
vt 0.527839 0.542455
vt 0.529295 0.554604
vt 0.571707 0.558377
vt 0.587409 0.542803
vt 0.585597 0.503678
vt 0.598489 0.487734
vt 0.593609 0.513869
vt 0.605805 0.500095
vt 0.598275 0.522763
vt 0.611453 0.509405
vt 0.609713 0.472319
vt 0.619233 0.456856
vt 0.628822 0.438314
vt 0.630345 0.467897
vt 0.641231 0.448493
vt 0.639124 0.479975
vt 0.651839 0.461828
vt 0.447728 0.595421
vt 0.443995 0.600998
vt 0.431841 0.585484
vt 0.433835 0.579215
vt 0.472306 0.755271
vt 0.468951 0.772473
vt 0.439178 0.770765
vt 0.445251 0.754348
vt 0.618592 0.484563
vt 0.625626 0.494808
vt 0.616449 0.518158
vt 0.602181 0.530195
vt 0.646443 0.511842
vt 0.644504 0.495026
vt 0.630504 0.506987
vt 0.633635 0.518804
vt 0.659743 0.479658
vt 0.660822 0.502336
vt 0.661547 0.519412
vt 0.609006 0.547667
vt 0.592019 0.560426
vt 0.622640 0.542517
vt 0.647505 0.522944
vt 0.634697 0.526689
vt 0.683470 0.547308
vt 0.672806 0.542921
vt 0.648242 0.539062
vt 0.635889 0.539468
vt 0.661263 0.540345
vt 0.577554 0.575786
vt 0.565456 0.591675
vt 0.846312 0.275881
vt 0.528800 0.565557
vt 0.529130 0.575825
vt 0.552290 0.664245
vt 0.548903 0.651875
vt 0.524105 0.648034
vt 0.561314 0.681738
vt 0.556113 0.605785
vt 0.417085 0.568824
vt 0.418941 0.564213
vt 0.551280 0.618398
vt 0.548789 0.630162
vt 0.547808 0.640473
vt 0.458189 0.844527
vt 0.414545 0.839484
vt 0.159468 0.862644
vt 0.189637 0.877332
vt 0.195576 0.903893
vt 0.143250 0.871607
vt 0.594420 0.720196
vt 0.583199 0.707776
vt 0.726896 0.716572
vt 0.747076 0.687839
vt 0.676367 0.687001
vt 0.691977 0.669071
vt 0.703771 0.648991
vt 0.758679 0.652398
vt 0.760912 0.611485
vt 0.756318 0.568753
vt 0.071181 0.475285
vt 0.079330 0.469524
vt 0.074911 0.508701
vt 0.069036 0.522058
vt 0.705631 0.790142
vt 0.340867 0.188907
vt 0.360617 0.160631
vt 0.498047 0.236328
vt 0.710324 0.803118
vt 0.693924 0.779829
vt 0.698215 0.846391
vt 0.681569 0.837010
vt 0.718486 0.813747
vt 0.671969 0.823394
vt 0.667754 0.807400
vt 0.654052 0.797833
vt 0.641391 0.786875
vt 0.628274 0.773483
vt 0.881084 0.281512
vt 0.512759 0.504025
vt 0.512680 0.504062
vt 0.298435 0.704796
vt 0.286462 0.713157
vt 0.267123 0.687771
vt 0.280797 0.682236
vt 0.512710 0.503911
vt 0.512631 0.503933
vt 0.512620 0.503757
vt 0.512004 0.500921
vt 0.512182 0.502386
vt 0.512488 0.503438
vt 0.812037 0.382048
vt 0.477842 0.721253
vt 0.454490 0.721800
vt 0.460166 0.703687
vt 0.479929 0.701540
vt 0.261620 0.564847
vt 0.253594 0.550221
vt 0.265661 0.516952
vt 0.271501 0.535961
vt 0.292582 0.518840
vt 0.290347 0.496211
vt 0.433093 0.788766
vt 0.466232 0.791627
vt 0.253407 0.657241
vt 0.267390 0.655371
vt 0.459101 0.603300
vt 0.452509 0.609819
vt 0.463967 0.623579
vt 0.482736 0.616041
vt 0.483142 0.632332
vt 0.468342 0.635878
vt 0.382516 0.747042
vt 0.374469 0.760661
vt 0.343639 0.750744
vt 0.352171 0.738389
vt 0.404392 0.857625
vt 0.450491 0.865387
vt 0.482293 0.672728
vt 0.467171 0.675155
vt 0.468449 0.660177
vt 0.482070 0.658839
vt 0.403055 0.549017
vt 0.401585 0.553433
vt 0.144984 0.370718
vt 0.147331 0.377070
vt 0.185586 0.525446
vt 0.193909 0.494800
vt 0.202288 0.526556
vt 0.190820 0.565529
vt 0.177875 0.598430
vt 0.165886 0.619217
vt 0.158790 0.572951
vt 0.174423 0.553098
vt 0.150865 0.214208
vt 0.134674 0.244184
vt 0.484258 0.602091
vt 0.485203 0.590548
vt 0.023692 0.560366
vt 0.023082 0.531264
vt 0.038944 0.539523
vt 0.040481 0.566151
vt 0.076371 0.440113
vt 0.081853 0.435434
vt 0.478943 0.505439
vt 0.479930 0.503841
vt 0.479709 0.503300
vt 0.479901 0.503736
vt 0.477911 0.507827
vt 0.475967 0.510807
vt 0.479141 0.502293
vt 0.479517 0.502171
vt 0.479833 0.503349
vt 0.479880 0.503970
vt 0.493519 0.507528
vt 0.493248 0.512751
vt 0.487875 0.513152
vt 0.489026 0.508690
vt 0.480146 0.503779
vt 0.480451 0.503519
vt 0.482467 0.505594
vt 0.480368 0.504686
vt 0.480050 0.504114
vt 0.481392 0.506198
vt 0.483070 0.499259
vt 0.480130 0.506166
vt 0.145774 0.438573
vt 0.218894 0.268486
vt 0.185748 0.314880
vt 0.174599 0.309287
vt 0.201964 0.262337
vt 0.140573 0.490034
vt 0.221921 0.681919
vt 0.207008 0.698082
vt 0.181820 0.656863
vt 0.191960 0.634821
vt 0.193887 0.715564
vt 0.166293 0.673633
vt 0.151279 0.635159
vt 0.126430 0.582940
vt 0.372214 0.582504
vt 0.368867 0.578555
vt 0.372589 0.577261
vt 0.375378 0.580615
vt 0.372792 0.584392
vt 0.375955 0.582837
vt 0.370353 0.586399
vt 0.369475 0.584399
vt 0.365542 0.580551
vt 0.403800 0.594576
vt 0.401639 0.595379
vt 0.397667 0.590555
vt 0.399902 0.589095
vt 0.405330 0.592890
vt 0.400197 0.586433
vt 0.390352 0.602162
vt 0.390743 0.603762
vt 0.389659 0.600365
vt 0.403293 0.606024
vt 0.403200 0.610764
vt 0.391133 0.607729
vt 0.390971 0.605142
vt 0.403174 0.603478
vt 0.407057 0.604657
vt 0.408396 0.606542
vt 0.408219 0.609822
vt 0.389877 0.575043
vt 0.388794 0.570586
vt 0.399650 0.578571
vt 0.399914 0.582902
vt 0.391041 0.578972
vt 0.383370 0.577000
vt 0.381507 0.573095
vt 0.379569 0.568668
vt 0.407517 0.587359
vt 0.406127 0.590726
vt 0.377681 0.564511
vt 0.387308 0.566354
vt 0.399435 0.575028
vt 0.408312 0.585397
vt 0.413222 0.594870
vt 0.409809 0.593665
vt 0.386347 0.561974
vt 0.385817 0.559051
vt 0.400133 0.569132
vt 0.399883 0.571468
vt 0.375524 0.559860
vt 0.374564 0.556491
vt 0.354885 0.582077
vt 0.351085 0.585190
vt 0.347101 0.581401
vt 0.349159 0.578424
vt 0.316667 0.571084
vt 0.311704 0.578488
vt 0.301070 0.573398
vt 0.307677 0.566460
vt 0.281467 0.524706
vt 0.300146 0.552713
vt 0.291941 0.559036
vt 0.358809 0.579416
vt 0.361961 0.576878
vt 0.362564 0.582629
vt 0.359371 0.586049
vt 0.352744 0.575281
vt 0.356808 0.572557
vt 0.365466 0.575008
vt 0.361159 0.570356
vt 0.366003 0.569057
vt 0.369698 0.573732
vt 0.374813 0.572274
vt 0.376775 0.576425
vt 0.371953 0.567674
vt 0.362143 0.564996
vt 0.368880 0.563430
vt 0.356613 0.566427
vt 0.351701 0.569170
vt 0.347127 0.572334
vt 0.342824 0.575902
vt 0.340761 0.580867
vt 0.340004 0.569468
vt 0.331272 0.567665
vt 0.338597 0.562636
vt 0.345809 0.565765
vt 0.334612 0.574059
vt 0.325225 0.573451
vt 0.351403 0.562768
vt 0.346450 0.559125
vt 0.354918 0.556834
vt 0.358069 0.560944
vt 0.365562 0.558993
vt 0.363100 0.555225
vt 0.392024 0.582528
vt 0.391532 0.585462
vt 0.385208 0.583077
vt 0.385231 0.580717
vt 0.379190 0.580004
vt 0.379776 0.582270
vt 0.384692 0.585576
vt 0.384255 0.595883
vt 0.382227 0.595612
vt 0.379858 0.584775
vt 0.390122 0.587723
vt 0.386498 0.596910
vt 0.395275 0.591881
vt 0.388385 0.598503
vt 0.399481 0.595757
vt 0.384009 0.650371
vt 0.383849 0.653822
vt 0.370444 0.650002
vt 0.372418 0.646619
vt 0.053832 0.472626
vt 0.052243 0.514090
vt 0.039223 0.509364
vt 0.366854 0.634099
vt 0.364481 0.638233
vt 0.356777 0.632041
vt 0.360063 0.628566
vt 0.369411 0.630062
vt 0.363893 0.624594
vt 0.376155 0.634478
vt 0.374597 0.639285
vt 0.373267 0.643783
vt 0.370129 0.609984
vt 0.371482 0.613538
vt 0.369251 0.616591
vt 0.367084 0.611957
vt 0.369092 0.606473
vt 0.365645 0.607344
vt 0.379607 0.607136
vt 0.379903 0.608653
vt 0.380418 0.610319
vt 0.379437 0.605768
vt 0.379321 0.604508
vt 0.379223 0.603302
vt 0.379174 0.602081
vt 0.287787 0.467935
vt 0.277956 0.503372
vt 0.274395 0.475257
vt 0.367294 0.586687
vt 0.365040 0.589500
vt 0.368567 0.588804
vt 0.366813 0.591615
vt 0.362503 0.593148
vt 0.355180 0.589953
vt 0.373746 0.586560
vt 0.379863 0.596958
vt 0.379410 0.598187
vt 0.371931 0.588782
vt 0.376491 0.585252
vt 0.380806 0.596052
vt 0.379271 0.599484
vt 0.379198 0.600785
vt 0.371066 0.591035
vt 0.369901 0.593632
vt 0.365319 0.594987
vt 0.368856 0.598914
vt 0.368674 0.601200
vt 0.364482 0.597886
vt 0.364176 0.600707
vt 0.369104 0.596505
vt 0.368789 0.603640
vt 0.364617 0.603712
vt 0.347666 0.586400
vt 0.353534 0.593059
vt 0.347343 0.597409
vt 0.340883 0.587537
vt 0.331097 0.587343
vt 0.331398 0.579735
vt 0.334374 0.599886
vt 0.322219 0.601654
vt 0.320193 0.589053
vt 0.322123 0.580871
vt 0.360907 0.596191
vt 0.359913 0.599303
vt 0.344013 0.607807
vt 0.335686 0.611681
vt 0.352463 0.605640
vt 0.356490 0.612031
vt 0.350358 0.615245
vt 0.343779 0.618211
vt 0.355156 0.621879
vt 0.350423 0.625343
vt 0.359965 0.618383
vt 0.360949 0.603952
vt 0.362705 0.609234
vt 0.364761 0.614814
vt 0.367272 0.620571
vt 0.371501 0.625902
vt 0.373263 0.621549
vt 0.377343 0.630179
vt 0.378642 0.625426
vt 0.381959 0.659977
vt 0.366088 0.656254
vt 0.379324 0.621554
vt 0.383208 0.613401
vt 0.385361 0.613987
vt 0.385090 0.623118
vt 0.402424 0.613783
vt 0.401270 0.616828
vt 0.390849 0.610610
vt 0.391074 0.609131
vt 0.406473 0.614008
vt 0.404107 0.617599
vt 0.395466 0.621857
vt 0.389303 0.613284
vt 0.390329 0.612052
vt 0.398305 0.619366
vt 0.397842 0.625348
vt 0.401672 0.620946
vt 0.385281 0.627419
vt 0.028156 0.627357
vt 0.025586 0.596907
vt 0.043123 0.601900
vt 0.045959 0.629138
vt 0.374968 0.618238
vt 0.381547 0.612064
vt 0.059194 0.634011
vt 0.061406 0.653167
vt 0.050725 0.654777
vt 0.084193 0.284621
vt 0.063580 0.257415
vt 0.412484 0.613994
vt 0.408838 0.618629
vt 0.414702 0.610018
vt 0.418189 0.612816
vt 0.415611 0.617534
vt 0.411931 0.622914
vt 0.404530 0.622931
vt 0.406501 0.627344
vt 0.399986 0.633084
vt 0.399384 0.628165
vt 0.385261 0.632016
vt 0.384822 0.636509
vt 0.401506 0.638069
vt 0.408490 0.632183
vt 0.403325 0.643529
vt 0.410275 0.638515
vt 0.384248 0.646582
vt 0.384327 0.641554
vt 0.411137 0.598264
vt 0.416436 0.602583
vt 0.408636 0.599075
vt 0.413273 0.603359
vt 0.404663 0.600124
vt 0.414361 0.605675
vt 0.419711 0.606956
vt 0.402208 0.599973
vt 0.418752 0.621002
vt 0.423363 0.615564
vt 0.422811 0.627793
vt 0.425940 0.619701
vt 0.418600 0.635332
vt 0.415283 0.627655
vt 0.425440 0.609828
vt 0.423797 0.605738
vt 0.428479 0.611872
vt 0.426856 0.606609
vt 0.410116 0.583134
vt 0.411329 0.581702
vt 0.416623 0.594220
vt 0.418915 0.594053
vt 0.385444 0.556035
vt 0.373634 0.552961
vt 0.385091 0.552709
vt 0.372148 0.548689
vt 0.401369 0.564686
vt 0.400517 0.566703
vt 0.368669 0.140106
vt 0.323811 0.564428
vt 0.316416 0.559540
vt 0.325888 0.553878
vt 0.332202 0.559229
vt 0.341321 0.554983
vt 0.336758 0.549494
vt 0.348209 0.547174
vt 0.351547 0.552262
vt 0.361051 0.551214
vt 0.359074 0.546273
vt 0.307561 0.586409
vt 0.305282 0.599058
vt 0.295917 0.581843
vt 0.292214 0.596189
vt 0.428414 0.633725
vt 0.429350 0.624527
vt 0.435293 0.638413
vt 0.435177 0.628717
vt 0.433932 0.649404
vt 0.426131 0.644382
vt 0.431587 0.614251
vt 0.429706 0.607443
vt 0.435631 0.617129
vt 0.432935 0.607835
vt 0.412827 0.580444
vt 0.414230 0.578911
vt 0.421145 0.593451
vt 0.423936 0.593010
vt 0.056260 0.439487
vt 0.053268 0.547849
vt 0.336934 0.667208
vt 0.346023 0.658566
vt 0.359693 0.666658
vt 0.353019 0.678134
vt 0.326024 0.675603
vt 0.312844 0.660001
vt 0.323928 0.654556
vt 0.334525 0.648816
vt 0.305072 0.612631
vt 0.316430 0.613134
vt 0.318697 0.626420
vt 0.308577 0.626462
vt 0.292703 0.611015
vt 0.296667 0.627112
vt 0.315631 0.640629
vt 0.326210 0.637561
vt 0.303367 0.643423
vt 0.413433 0.671154
vt 0.410092 0.662818
vt 0.418169 0.651470
vt 0.423433 0.656946
vt 0.419291 0.678031
vt 0.430767 0.662123
vt 0.375075 0.685573
vt 0.377431 0.673011
vt 0.404495 0.647751
vt 0.409257 0.644332
vt 0.405374 0.651069
vt 0.411257 0.645191
vt 0.083085 0.688973
vt 0.100315 0.709570
vt 0.088339 0.733007
vt 0.069192 0.706811
vt 0.362916 0.640696
vt 0.359676 0.643967
vt 0.350247 0.637137
vt 0.354199 0.634275
vt 0.346427 0.627743
vt 0.341549 0.630293
vt 0.334495 0.622778
vt 0.339322 0.621474
vt 0.333884 0.615635
vt 0.328541 0.614950
vt 0.411643 0.650403
vt 0.406540 0.654994
vt 0.057367 0.609682
vt 0.332479 0.762948
vt 0.299425 0.744830
vt 0.312630 0.735829
vt 0.354126 0.649562
vt 0.343634 0.641721
vt 0.334862 0.633516
vt 0.327897 0.625219
vt 0.323594 0.618441
vt 0.185196 0.445659
vt 0.182288 0.446891
vt 0.098124 0.468502
vt 0.094372 0.487453
vt 0.092151 0.500433
vt 0.143864 0.503317
vt 0.138008 0.505171
vt 0.130264 0.433438
vt 0.137128 0.427456
vt 0.129647 0.435799
vt 0.124742 0.497805
vt 0.123479 0.495803
vt 0.122603 0.496014
vt 0.065654 0.369858
vt 0.059317 0.410018
vt 0.122290 0.493517
vt 0.178908 0.458246
vt 0.099882 0.467726
vt 0.104290 0.467705
vt 0.108220 0.457424
vt 0.107147 0.457130
vt 0.110751 0.444963
vt 0.109879 0.445237
vt 0.126091 0.442541
vt 0.123508 0.451316
vt 0.135636 0.505098
vt 0.137753 0.506484
vt 0.134624 0.505731
vt 0.176267 0.456514
vt 0.146684 0.499924
vt 0.149918 0.497974
vt 0.149188 0.497715
vt 0.167616 0.463035
vt 0.166663 0.464351
vt 0.169994 0.461584
vt 0.174068 0.460199
vt 0.167278 0.449027
vt 0.164271 0.448360
vt 0.164469 0.446136
vt 0.123792 0.513398
vt 0.151494 0.497178
vt 0.150617 0.500626
vt 0.148416 0.502146
vt 0.133499 0.506742
vt 0.146783 0.503145
vt 0.146918 0.501723
vt 0.143882 0.504737
vt 0.146911 0.500723
vt 0.146831 0.457277
vt 0.149765 0.456493
vt 0.178832 0.500669
vt 0.176112 0.493950
vt 0.141384 0.425168
vt 0.099999 0.522520
vt 0.097803 0.529978
vt 0.121550 0.461007
vt 0.139862 0.445504
vt 0.144356 0.442975
vt 0.135830 0.448912
vt 0.132895 0.454569
vt 0.151563 0.483246
vt 0.135445 0.488063
vt 0.134177 0.484805
vt 0.138075 0.488885
vt 0.103493 0.539340
vt 0.109626 0.537790
vt 0.104249 0.525370
vt 0.109465 0.532777
vt 0.169759 0.453391
vt 0.160596 0.445488
vt 0.159970 0.448843
vt 0.158575 0.445160
vt 0.157146 0.447159
vt 0.155185 0.449800
vt 0.153639 0.453027
vt 0.153474 0.456812
vt 0.168348 0.458418
vt 0.147704 0.532208
vt 0.168548 0.456226
vt 0.168923 0.461229
vt 0.169957 0.458827
vt 0.170244 0.456086
vt 0.154105 0.434078
vt 0.151055 0.438284
vt 0.156925 0.435596
vt 0.147943 0.440821
vt 0.159176 0.436854
vt 0.103062 0.525209
vt 0.104744 0.533503
vt 0.188755 0.454234
vt 0.260358 0.489907
vt 0.246263 0.525137
vt 0.482829 0.411169
vt 0.483123 0.410370
vt 0.301986 0.462515
vt 0.317621 0.459099
vt 0.423113 0.387854
vt 0.428993 0.382675
vt 0.440434 0.387549
vt 0.433181 0.391965
vt 0.463984 0.399967
vt 0.465902 0.404290
vt 0.459393 0.402868
vt 0.458403 0.396408
vt 0.397253 0.441707
vt 0.384485 0.448204
vt 0.375651 0.431560
vt 0.387950 0.426198
vt 0.481306 0.412817
vt 0.481147 0.413962
vt 0.478105 0.414644
vt 0.478652 0.413424
vt 0.481552 0.411353
vt 0.479056 0.411596
vt 0.482554 0.412565
vt 0.482465 0.413664
vt 0.382211 0.355120
vt 0.394955 0.363596
vt 0.390772 0.376436
vt 0.377610 0.371613
vt 0.403728 0.478088
vt 0.392853 0.462862
vt 0.403693 0.456273
vt 0.413287 0.472458
vt 0.425142 0.489789
vt 0.416179 0.494425
vt 0.437469 0.516840
vt 0.441499 0.507111
vt 0.451977 0.508148
vt 0.446834 0.512106
vt 0.450915 0.494975
vt 0.437452 0.499492
vt 0.459206 0.491692
vt 0.464590 0.494566
vt 0.444983 0.491922
vt 0.437962 0.487618
vt 0.453383 0.488899
vt 0.473547 0.498214
vt 0.466132 0.499263
vt 0.465466 0.506822
vt 0.488921 0.504467
vt 0.488035 0.508773
vt 0.462471 0.594793
vt 0.451328 0.590484
vt 0.463236 0.585706
vt 0.451469 0.581726
vt 0.471479 0.512985
vt 0.461531 0.516825
vt 0.477475 0.515566
vt 0.470836 0.521907
vt 0.482640 0.646082
vt 0.490343 0.492994
vt 0.488942 0.490570
vt 0.492312 0.497887
vt 0.037478 0.682997
vt 0.047189 0.713519
vt 0.086900 0.776620
vt 0.107727 0.810503
vt 0.482057 0.455747
vt 0.481285 0.459464
vt 0.484203 0.428530
vt 0.489247 0.432424
vt 0.488408 0.438642
vt 0.482244 0.435005
vt 0.478054 0.429599
vt 0.481129 0.423560
vt 0.485669 0.425548
vt 0.490072 0.429052
vt 0.476623 0.440389
vt 0.484997 0.445039
vt 0.483278 0.448704
vt 0.472916 0.443612
vt 0.426537 0.473300
vt 0.441959 0.479039
vt 0.459229 0.482170
vt 0.473063 0.482826
vt 0.476032 0.488229
vt 0.465895 0.488847
vt 0.478486 0.490543
vt 0.470005 0.491249
vt 0.473365 0.493756
vt 0.477221 0.497128
vt 0.480726 0.496912
vt 0.481244 0.498669
vt 0.480339 0.492901
vt 0.486060 0.556834
vt 0.485932 0.568362
vt 0.466012 0.460499
vt 0.480790 0.463892
vt 0.481546 0.472459
vt 0.466084 0.470719
vt 0.449813 0.465922
vt 0.450735 0.452752
vt 0.487266 0.488061
vt 0.467465 0.455682
vt 0.469696 0.451939
vt 0.453135 0.447422
vt 0.456864 0.444035
vt 0.436389 0.440106
vt 0.432401 0.455272
vt 0.413049 0.440439
vt 0.423161 0.424526
vt 0.390438 0.390749
vt 0.413888 0.384080
vt 0.412987 0.392703
vt 0.413922 0.401560
vt 0.393146 0.405930
vt 0.377586 0.389646
vt 0.380973 0.408454
vt 0.400246 0.421997
vt 0.416443 0.411504
vt 0.422535 0.393965
vt 0.432664 0.394815
vt 0.423702 0.401225
vt 0.433702 0.401484
vt 0.425443 0.408921
vt 0.434692 0.408364
vt 0.435822 0.417482
vt 0.428049 0.419003
vt 0.462736 0.409526
vt 0.461957 0.415522
vt 0.453161 0.416564
vt 0.454777 0.408978
vt 0.465113 0.407917
vt 0.456518 0.404745
vt 0.477248 0.416131
vt 0.476539 0.418169
vt 0.468260 0.407228
vt 0.462888 0.404574
vt 0.447259 0.397374
vt 0.445547 0.401417
vt 0.444867 0.408213
vt 0.444727 0.416369
vt 0.460859 0.440750
vt 0.447324 0.432981
vt 0.453381 0.429986
vt 0.465989 0.436457
vt 0.459849 0.427680
vt 0.483037 0.421345
vt 0.471220 0.434459
vt 0.480075 0.418565
vt 0.481882 0.417405
vt 0.476121 0.422650
vt 0.480784 0.415127
vt 0.480432 0.416124
vt 0.482419 0.414783
vt 0.482119 0.415795
vt 0.466057 0.426023
vt 0.441089 0.435266
vt 0.471157 0.448133
vt 0.482521 0.452456
vt 0.488233 0.536215
vt 0.486577 0.546278
vt 0.449475 0.390777
vt 0.457647 0.127332
vt 0.418686 0.377218
vt 0.482096 0.410317
vt 0.478931 0.409602
vt 0.392818 0.340707
vt 0.409466 0.328850
vt 0.417795 0.340542
vt 0.403905 0.351581
vt 0.434584 0.358762
vt 0.425759 0.369080
vt 0.436070 0.373620
vt 0.443832 0.364349
vt 0.452036 0.370424
vt 0.445729 0.378386
vt 0.468340 0.388068
vt 0.475013 0.382157
vt 0.482997 0.398477
vt 0.479737 0.402556
vt 0.478819 0.407273
vt 0.464983 0.396627
vt 0.463477 0.381888
vt 0.459604 0.390005
vt 0.471525 0.376051
vt 0.415446 0.132840
vt 0.452732 0.383387
vt 0.458749 0.376511
vt 0.467555 0.370504
vt 0.462116 0.363431
vt 0.455962 0.355586
vt 0.448776 0.348630
vt 0.435385 0.330682
vt 0.431207 0.318796
vt 0.454982 0.324165
vt 0.452455 0.313403
vt 0.464113 0.341937
vt 0.469415 0.350442
vt 0.473366 0.358488
vt 0.476530 0.365913
vt 0.485259 0.483363
vt 0.483495 0.497399
vt 0.487337 0.500140
vt 0.485747 0.511681
vt 0.493284 0.502616
vt 0.481189 0.515391
vt 0.484417 0.515003
vt 0.482886 0.518884
vt 0.479548 0.519572
vt 0.487068 0.515320
vt 0.484870 0.519050
vt 0.492883 0.515420
vt 0.491874 0.521214
vt 0.489920 0.529452
vt 0.491306 0.524432
vt 0.481934 0.522120
vt 0.477195 0.525438
vt 0.472017 0.532395
vt 0.462453 0.528397
vt 0.259862 0.919947
vt 0.479182 0.371376
vt 0.482373 0.377683
vt 0.487338 0.406885
vt 0.485959 0.404066
vt 0.489199 0.402503
vt 0.490078 0.405831
vt 0.488448 0.376491
vt 0.491105 0.395081
vt 0.487209 0.395974
vt 0.487405 0.369578
vt 0.485818 0.363792
vt 0.483848 0.356272
vt 0.492027 0.401846
vt 0.492426 0.405381
vt 0.482343 0.409161
vt 0.483537 0.409555
vt 0.483607 0.406525
vt 0.484990 0.408263
vt 0.472833 0.310574
vt 0.474628 0.320157
vt 0.481596 0.347174
vt 0.478933 0.337732
vt 0.066798 0.746023
vt 0.231354 0.726775
vt 0.247734 0.719577
vt 0.280198 0.749928
vt 0.263324 0.754507
vt 0.217012 0.738546
vt 0.247128 0.760638
vt 0.168261 0.821222
vt 0.204440 0.838045
vt 0.238598 0.891050
vt 0.135692 0.807299
vt 0.114847 0.761151
vt 0.149351 0.786459
vt 0.186054 0.808273
vt 0.067085 0.221466
vt 0.055313 0.574565
vt 0.221675 0.822335
vt 0.241438 0.847909
vt 0.272228 0.850676
vt 0.249783 0.827173
vt 0.287007 0.900460
vt 0.316505 0.927760
vt 0.023356 0.496651
vt 0.485852 0.580020
vt 0.097042 0.321643
vt 0.126639 0.315770
vt 0.232429 0.167840
vt 0.123799 0.384932
vt 0.121310 0.385222
vt 0.175337 0.266374
vt 0.155778 0.309621
vt 0.075325 0.324930
vt 0.107908 0.436909
vt 0.105120 0.447093
vt 0.110379 0.436584
vt 0.107562 0.447348
vt 0.103515 0.457498
vt 0.112738 0.433470
vt 0.116536 0.535543
vt 0.122896 0.532908
vt 0.134784 0.380861
vt 0.130510 0.381095
vt 0.132734 0.379209
vt 0.136003 0.378452
vt 0.138595 0.379863
vt 0.138757 0.378006
vt 0.140226 0.589360
vt 0.130299 0.372713
vt 0.122581 0.382430
vt 0.126815 0.381066
vt 0.130632 0.377377
vt 0.136282 0.375788
vt 0.140880 0.375604
vt 0.142104 0.378531
vt 0.113549 0.432871
vt 0.131645 0.393754
vt 0.101344 0.516338
vt 0.098820 0.511139
vt 0.104352 0.508329
vt 0.106977 0.512993
vt 0.066521 0.444449
vt 0.063132 0.476444
vt 0.036868 0.231346
vt 0.034520 0.267129
vt 0.082140 0.564458
vt 0.103917 0.521013
vt 0.109390 0.516825
vt 0.101523 0.457471
vt 0.101839 0.521677
vt 0.099182 0.516862
vt 0.112637 0.513880
vt 0.110066 0.510355
vt 0.107650 0.506222
vt 0.096440 0.511025
vt 0.098149 0.535738
vt 0.120358 0.640301
vt 0.102721 0.621827
vt 0.123454 0.676719
vt 0.104722 0.658335
vt 0.086360 0.638881
vt 0.083712 0.599414
vt 0.113024 0.536228
vt 0.124278 0.527815
vt 0.212810 0.752255
vt 0.189076 0.729602
vt 0.244211 0.774144
vt 0.238068 0.784440
vt 0.208256 0.765467
vt 0.175444 0.731959
vt 0.135508 0.625789
vt 0.140363 0.658864
vt 0.155645 0.682828
vt 0.145005 0.697200
vt 0.175809 0.752479
vt 0.149266 0.721646
vt 0.173752 0.775707
vt 0.147547 0.751794
vt 0.122251 0.732791
vt 0.126060 0.702276
vt 0.203572 0.776555
vt 0.233389 0.795494
vt 0.203920 0.794022
vt 0.228193 0.806035
vt 0.167756 0.690884
vt 0.154515 0.353789
vt 0.168419 0.360416
vt 0.188135 0.407893
vt 0.239122 0.495473
vt 0.228899 0.543102
vt 0.220711 0.507583
vt 0.226297 0.458555
vt 0.220121 0.591885
vt 0.210405 0.555160
vt 0.200116 0.599281
vt 0.217024 0.638020
vt 0.071286 0.620724
vt 0.070124 0.585598
vt 0.066553 0.557805
vt 0.322075 0.725839
vt 0.032290 0.657854
vt 0.316387 0.773132
vt 0.070603 0.664844
vt 0.056974 0.676019
vt 0.105091 0.683696
vt 0.087781 0.664167
vt 0.071562 0.643830
vt 0.063167 0.520827
vt 0.264347 0.820932
vt 0.279417 0.606991
vt 0.279522 0.587119
vt 0.282902 0.627739
vt 0.284818 0.568075
vt 0.435331 0.572720
vt 0.436948 0.566348
vt 0.438201 0.557786
vt 0.423190 0.552197
vt 0.425631 0.542828
vt 0.451831 0.563814
vt 0.451515 0.572652
vt 0.440249 0.550167
vt 0.442346 0.540039
vt 0.450642 0.552623
vt 0.429875 0.495370
vt 0.423335 0.508136
vt 0.432134 0.525147
vt 0.413013 0.528286
vt 0.417156 0.519163
vt 0.428319 0.534817
vt 0.408708 0.537116
vt 0.445906 0.528813
vt 0.453938 0.520106
vt 0.449246 0.539841
vt 0.465110 0.542419
vt 0.463727 0.554612
vt 0.421393 0.558461
vt 0.405632 0.542886
vt 0.407222 0.503700
vt 0.394183 0.487758
vt 0.399253 0.513918
vt 0.386947 0.500143
vt 0.394644 0.522828
vt 0.381370 0.509465
vt 0.382817 0.472348
vt 0.373156 0.456893
vt 0.363402 0.438359
vt 0.362192 0.467992
vt 0.351155 0.448579
vt 0.353521 0.480044
vt 0.340658 0.461892
vt 0.374031 0.484612
vt 0.367084 0.494868
vt 0.376456 0.518229
vt 0.390802 0.530277
vt 0.346438 0.511923
vt 0.348238 0.495096
vt 0.362313 0.507057
vt 0.359305 0.518880
vt 0.332942 0.479728
vt 0.332071 0.502428
vt 0.331418 0.519490
vt 0.384183 0.547799
vt 0.401107 0.560494
vt 0.370527 0.542587
vt 0.345496 0.523014
vt 0.358353 0.526767
vt 0.309697 0.547298
vt 0.320281 0.542889
vt 0.344853 0.539069
vt 0.357213 0.539484
vt 0.331831 0.540335
vt 0.415664 0.575948
vt 0.427715 0.591666
vt 0.146475 0.275705
vt 0.464292 0.565604
vt 0.464011 0.575893
vt 0.441046 0.664436
vt 0.444431 0.652108
vt 0.469185 0.648092
vt 0.432051 0.681987
vt 0.437190 0.605859
vt 0.442053 0.618601
vt 0.444565 0.630347
vt 0.445537 0.640703
vt 0.399239 0.720831
vt 0.410289 0.708217
vt 0.267832 0.716018
vt 0.247351 0.687253
vt 0.318047 0.687163
vt 0.302267 0.669148
vt 0.290245 0.648946
vt 0.235511 0.652201
vt 0.232955 0.611323
vt 0.237216 0.568534
vt 0.289154 0.790141
vt 0.283739 0.802595
vt 0.302195 0.781572
vt 0.294429 0.847001
vt 0.310973 0.839192
vt 0.275310 0.812685
vt 0.320392 0.826720
vt 0.324485 0.811664
vt 0.339141 0.801751
vt 0.352085 0.789903
vt 0.365353 0.775599
vt 0.112716 0.281315
vt 0.479943 0.503980
vt 0.480023 0.504017
vt 0.479991 0.503866
vt 0.480070 0.503889
vt 0.480080 0.503713
vt 0.480684 0.500876
vt 0.480513 0.502342
vt 0.480210 0.503394
vt 0.179782 0.382168
vt 0.195600 0.177514
vt 0.161848 0.186033
vt 0.797524 0.177441
vt 0.831816 0.185975
vt 0.572424 0.115442
vt 0.618216 0.120880
vt 0.610153 0.103947
vt 0.567295 0.100334
vt 0.775795 0.122966
vt 0.785955 0.151135
vt 0.822321 0.156767
vt 0.816524 0.128759
vt 0.858356 0.164485
vt 0.854941 0.132560
vt 0.892355 0.137821
vt 0.893631 0.173540
vt 0.927117 0.183865
vt 0.928408 0.145792
vt 0.664643 0.128626
vt 0.707541 0.136669
vt 0.696788 0.115134
vt 0.654860 0.109223
vt 0.747939 0.144575
vt 0.736904 0.120469
vt 0.956794 0.159535
vt 0.957256 0.195000
vt 0.560381 0.062199
vt 0.526501 0.061000
vt 0.527974 0.080184
vt 0.563247 0.081760
vt 0.637070 0.047301
vt 0.676534 0.048689
vt 0.669343 0.029555
vt 0.632851 0.029051
vt 0.693359 0.009766
vt 0.724609 0.009766
vt 0.597273 0.045757
vt 0.596067 0.028271
vt 0.498047 0.138672
vt 0.498047 0.173828
vt 0.737942 0.028021
vt 0.775492 0.028180
vt 0.759766 0.009766
vt 0.886942 0.020032
vt 0.888672 0.009766
vt 0.857422 0.009766
vt 0.862237 0.021112
vt 0.802216 0.069907
vt 0.844160 0.071498
vt 0.832197 0.051132
vt 0.790619 0.047418
vt 0.915584 0.060223
vt 0.875332 0.056639
vt 0.883478 0.079411
vt 0.920421 0.086097
vt 0.749708 0.046472
vt 0.760109 0.069014
vt 0.713770 0.048318
vt 0.721334 0.069797
vt 0.682381 0.068892
vt 0.851258 0.100520
vt 0.890108 0.104814
vt 0.923919 0.114266
vt 0.955679 0.125864
vt 0.498047 0.009766
vt 0.498047 0.041016
vt 0.952361 0.065926
vt 0.954066 0.095141
vt 0.703755 0.029073
vt 0.728507 0.094727
vt 0.688650 0.091866
vt 0.626953 0.009766
vt 0.662109 0.009766
vt 0.595703 0.009766
vt 0.564453 0.009766
vt 0.951793 0.036519
vt 0.955078 0.009766
vt 0.923828 0.009766
vt 0.910268 0.032622
vt 0.641405 0.066939
vt 0.599883 0.064169
vt 0.559259 0.044295
vt 0.810829 0.098936
vt 0.768993 0.096738
vt 0.647262 0.088061
vt 0.604222 0.084329
vt 0.529700 0.098328
vt 0.560091 0.026960
vt 0.791016 0.009766
vt 0.822266 0.009766
vt 0.835322 0.019964
vt 0.498047 0.076172
vt 0.496695 0.079550
vt 0.497091 0.060366
vt 0.496282 0.097549
vt 0.818791 0.028907
vt 0.867338 0.036144
vt 0.495922 0.111115
vt 0.498047 0.205078
vt 0.497433 0.042052
vt 0.497739 0.025546
vt 0.498047 0.009766
vt 0.531619 0.112351
vt 0.527057 0.025855
vt 0.526242 0.042712
vt 0.529297 0.009766
vt 0.498047 0.107422
vt 0.419489 0.115429
vt 0.373818 0.120907
vt 0.382549 0.103945
vt 0.425314 0.100312
vt 0.218106 0.123011
vt 0.207524 0.151202
vt 0.171633 0.156815
vt 0.177851 0.128809
vt 0.136095 0.164517
vt 0.139829 0.132598
vt 0.102760 0.137850
vt 0.101228 0.173558
vt 0.068170 0.183871
vt 0.067041 0.145817
vt 0.327612 0.128716
vt 0.285043 0.136778
vt 0.296399 0.115211
vt 0.338026 0.109274
vt 0.245055 0.144666
vt 0.256643 0.120535
vt 0.038982 0.159547
vt 0.038436 0.195008
vt 0.433765 0.062158
vt 0.467660 0.060997
vt 0.465410 0.080181
vt 0.430143 0.081727
vt 0.357880 0.047291
vt 0.318508 0.048706
vt 0.326241 0.029552
vt 0.362691 0.029041
vt 0.302734 0.009766
vt 0.271484 0.009766
vt 0.397584 0.045710
vt 0.399419 0.028239
vt 0.257804 0.028046
vt 0.220340 0.028203
vt 0.236328 0.009766
vt 0.109083 0.020037
vt 0.107422 0.009766
vt 0.138672 0.009766
vt 0.133763 0.021116
vt 0.192978 0.069959
vt 0.151195 0.071539
vt 0.163420 0.051156
vt 0.204910 0.047463
vt 0.080283 0.060239
vt 0.120383 0.056657
vt 0.112070 0.079442
vt 0.075323 0.086122
vt 0.245663 0.046514
vt 0.234825 0.069066
vt 0.281396 0.048351
vt 0.273344 0.069851
vt 0.312082 0.068935
vt 0.143815 0.100569
vt 0.105235 0.104856
vt 0.071691 0.114293
vt 0.040174 0.125881
vt 0.043621 0.065934
vt 0.041855 0.095155
vt 0.291901 0.029072
vt 0.265622 0.094788
vt 0.305195 0.091925
vt 0.369141 0.009766
vt 0.333984 0.009766
vt 0.400391 0.009766
vt 0.431641 0.009766
vt 0.044250 0.036516
vt 0.041016 0.009766
vt 0.072266 0.009766
vt 0.085717 0.032633
vt 0.352886 0.066942
vt 0.394301 0.064125
vt 0.435570 0.044252
vt 0.183959 0.098993
vt 0.225445 0.096793
vt 0.346342 0.088082
vt 0.389234 0.084301
vt 0.462872 0.098322
vt 0.435378 0.026938
vt 0.205078 0.009766
vt 0.173828 0.009766
vt 0.160679 0.019974
vt 0.177087 0.028918
vt 0.128543 0.036149
vt 0.460241 0.112334
vt 0.468420 0.025858
vt 0.468609 0.042710
vt 0.466797 0.009766
vt 0.479905 0.503716
vt 0.227821 0.383498
vt 0.215125 0.356904
vt 0.236813 0.323229
vt 0.247322 0.353606
vt 0.264912 0.294536
vt 0.265541 0.329070
vt 0.296495 0.275909
vt 0.289198 0.309626
vt 0.326601 0.270650
vt 0.314873 0.300921
vt 0.391272 0.279638
vt 0.393908 0.264180
vt 0.426107 0.269884
vt 0.426046 0.280686
vt 0.451009 0.272836
vt 0.450635 0.281221
vt 0.472324 0.273753
vt 0.472894 0.281011
vt 0.495464 0.274345
vt 0.495495 0.281473
vt 0.495556 0.291832
vt 0.472603 0.292088
vt 0.472793 0.287021
vt 0.495525 0.286126
vt 0.451402 0.293692
vt 0.450899 0.287115
vt 0.428717 0.297797
vt 0.426918 0.289338
vt 0.397442 0.305936
vt 0.394530 0.293699
vt 0.373231 0.318135
vt 0.361672 0.305451
vt 0.472613 0.262115
vt 0.495430 0.264726
vt 0.451186 0.260281
vt 0.427743 0.256829
vt 0.401007 0.247943
vt 0.357202 0.269822
vt 0.370266 0.243378
vt 0.338000 0.245915
vt 0.303410 0.249544
vt 0.264180 0.268285
vt 0.228758 0.299610
vt 0.203345 0.336971
vt 0.201091 0.381689
vt 0.451586 0.303307
vt 0.472651 0.301136
vt 0.429942 0.307744
vt 0.403000 0.317113
vt 0.383019 0.329430
vt 0.364229 0.366424
vt 0.369962 0.346110
vt 0.368239 0.411319
vt 0.364297 0.388796
vt 0.341860 0.424331
vt 0.335975 0.394453
vt 0.350618 0.389030
vt 0.355419 0.415571
vt 0.329083 0.438060
vt 0.321812 0.404713
vt 0.472784 0.250121
vt 0.495393 0.250567
vt 0.451996 0.247747
vt 0.431014 0.241495
vt 0.410108 0.228594
vt 0.384584 0.220182
vt 0.354075 0.215753
vt 0.315946 0.221317
vt 0.269875 0.240599
vt 0.223519 0.281046
vt 0.193935 0.322179
vt 0.408859 0.192719
vt 0.428500 0.204157
vt 0.444635 0.216644
vt 0.457824 0.226027
vt 0.473998 0.224270
vt 0.495202 0.221982
vt 0.473666 0.198541
vt 0.495108 0.198801
vt 0.462324 0.185465
vt 0.495271 0.182279
vt 0.454543 0.173634
vt 0.495457 0.167657
vt 0.357133 0.337690
vt 0.342120 0.331196
vt 0.334646 0.362347
vt 0.318519 0.367693
vt 0.324835 0.329646
vt 0.350233 0.361984
vt 0.303869 0.336495
vt 0.302139 0.378228
vt 0.308496 0.419101
vt 0.288220 0.391825
vt 0.284535 0.349513
vt 0.295169 0.428876
vt 0.281687 0.438356
vt 0.275391 0.403912
vt 0.270097 0.366184
vt 0.346710 0.293462
vt 0.255367 0.383025
vt 0.268074 0.448682
vt 0.261764 0.416750
vt 0.252617 0.463959
vt 0.244656 0.433256
vt 0.236384 0.406375
vt 0.209922 0.409028
vt 0.495526 0.300642
vt 0.139545 0.355116
vt 0.419030 0.455810
vt 0.435582 0.467684
vt 0.453858 0.474274
vt 0.469267 0.476833
vt 0.483490 0.477694
vt 0.495763 0.140227
vt 0.496674 0.700385
vt 0.495604 0.155380
vt 0.495297 0.405251
vt 0.498047 0.942036
vt 0.495554 0.309736
vt 0.495398 0.401461
vt 0.496478 0.546108
vt 0.495570 0.319257
vt 0.495625 0.345422
vt 0.495608 0.363008
vt 0.496881 0.792407
vt 0.495616 0.354825
vt 0.496241 0.482658
vt 0.496452 0.536719
vt 0.495600 0.369416
vt 0.498047 0.333984
vt 0.495611 0.336761
vt 0.495532 0.394835
vt 0.495592 0.375946
vt 0.496262 0.430323
vt 0.496229 0.477187
vt 0.496593 0.603855
vt 0.498047 0.466797
vt 0.496576 0.591923
vt 0.497402 0.847661
vt 0.497085 0.812617
vt 0.496506 0.557105
vt 0.498047 0.595703
vt 0.498047 0.626953
vt 0.496711 0.756070
vt 0.498047 0.824908
vt 0.496431 0.530039
vt 0.496309 0.502312
vt 0.497596 0.905660
vt 0.498047 0.529297
vt 0.498047 0.744383
vt 0.496217 0.449866
vt 0.498047 0.923828
vt 0.496229 0.446032
vt 0.496370 0.515409
vt 0.498047 0.498047
vt 0.498047 0.564453
vt 0.496174 0.464125
vt 0.496207 0.472215
vt 0.498047 0.784646
vt 0.496676 0.721244
vt 0.496196 0.459443
vt 0.496638 0.645071
vt 0.496203 0.455843
vt 0.495872 0.125641
vt 0.498047 0.693359
vt 0.496210 0.452659
vt 0.496260 0.439975
vt 0.496535 0.569162
vt 0.496280 0.434234
vt 0.496775 0.773065
vt 0.496248 0.490635
vt 0.496263 0.493190
vt 0.496625 0.631456
vt 0.497258 0.830253
vt 0.496649 0.657621
vt 0.496233 0.488112
vt 0.498047 0.662109
vt 0.498047 0.887132
vt 0.498047 0.923734
vt 0.496610 0.617182
vt 0.496558 0.581177
vt 0.498047 0.302734
vt 0.496396 0.521160
vt 0.496412 0.524952
vt 0.497502 0.886260
vt 0.498047 0.431641
vt 0.498047 0.949356
vt 0.497474 0.866962
vt 0.498047 0.369141
vt 0.498047 0.400391
vt 0.496358 0.512502
vt 0.496659 0.671205
vt 0.496336 0.507190
vt 0.497988 0.727240
vt 0.496280 0.497402
vt 0.512796 0.503761
vt 0.763987 0.383409
vt 0.776450 0.356789
vt 0.754453 0.323143
vt 0.744227 0.353536
vt 0.726141 0.294492
vt 0.725821 0.329020
vt 0.694508 0.275883
vt 0.702030 0.309617
vt 0.490552 0.512925
vt 0.491262 0.508049
vt 0.664434 0.270609
vt 0.676317 0.300905
vt 0.430745 0.619809
vt 0.475496 0.496031
vt 0.476242 0.556296
vt 0.435229 0.623303
vt 0.599789 0.279618
vt 0.597053 0.264136
vt 0.564775 0.269897
vt 0.564925 0.280694
vt 0.469710 0.496900
vt 0.539898 0.272853
vt 0.540347 0.281233
vt 0.518599 0.273766
vt 0.518094 0.281020
vt 0.475788 0.578940
vt 0.459068 0.617013
vt 0.518510 0.292089
vt 0.518259 0.287028
vt 0.476264 0.567261
vt 0.457841 0.506970
vt 0.458390 0.497388
vt 0.486834 0.523431
vt 0.484121 0.527932
vt 0.539713 0.293695
vt 0.485849 0.517461
vt 0.489942 0.515410
vt 0.540149 0.287122
vt 0.425164 0.613352
vt 0.391089 0.606420
vt 0.488247 0.520302
vt 0.492483 0.517941
vt 0.408809 0.608205
vt 0.427740 0.616337
vt 0.474502 0.518888
vt 0.469002 0.609877
vt 0.562412 0.297800
vt 0.564136 0.289344
vt 0.593746 0.305942
vt 0.596567 0.293705
vt 0.466847 0.515226
vt 0.618051 0.318143
vt 0.629571 0.305473
vt 0.518231 0.262132
vt 0.419916 0.610202
vt 0.415089 0.607849
vt 0.477008 0.544825
vt 0.539632 0.260307
vt 0.563037 0.256850
vt 0.589855 0.247890
vt 0.633855 0.269801
vt 0.403230 0.608440
vt 0.489610 0.498955
vt 0.480335 0.517715
vt 0.483523 0.517325
vt 0.486774 0.495463
vt 0.620759 0.243320
vt 0.653043 0.245857
vt 0.443632 0.624949
vt 0.687546 0.249474
vt 0.473782 0.599007
vt 0.475726 0.588546
vt 0.726618 0.268257
vt 0.762200 0.299568
vt 0.490988 0.503516
vt 0.788018 0.336888
vt 0.790724 0.381560
vt 0.539544 0.303339
vt 0.518466 0.301156
vt 0.561247 0.307784
vt 0.480684 0.534892
vt 0.588225 0.317139
vt 0.608331 0.329450
vt 0.627414 0.366446
vt 0.480690 0.495424
vt 0.621501 0.346150
vt 0.623742 0.411266
vt 0.627507 0.388774
vt 0.650256 0.424281
vt 0.655905 0.394408
vt 0.641198 0.389007
vt 0.496383 0.518175
vt 0.489242 0.517667
vt 0.636611 0.415525
vt 0.663177 0.438038
vt 0.670169 0.404683
vt 0.517984 0.250147
vt 0.395679 0.681716
vt 0.394659 0.670561
vt 0.538726 0.247794
vt 0.559651 0.241530
vt 0.580660 0.228572
vt 0.606383 0.220172
vt 0.637121 0.215670
vt 0.675353 0.221280
vt 0.421839 0.695591
vt 0.481303 0.686780
vt 0.464328 0.689261
vt 0.721308 0.240572
vt 0.393434 0.639877
vt 0.391996 0.626965
vt 0.395733 0.659011
vt 0.392576 0.630591
vt 0.392759 0.634906
vt 0.767547 0.280993
vt 0.395816 0.652803
vt 0.797478 0.322117
vt 0.395227 0.649145
vt 0.582191 0.192787
vt 0.402913 0.692524
vt 0.562211 0.204190
vt 0.545774 0.216694
vt 0.394483 0.644988
vt 0.390835 0.623223
vt 0.532675 0.226089
vt 0.387578 0.613989
vt 0.516428 0.224309
vt 0.496669 0.686174
vt 0.428623 0.724192
vt 0.308903 0.695681
vt 0.516557 0.198579
vt 0.292923 0.675326
vt 0.528268 0.185584
vt 0.317906 0.530579
vt 0.306671 0.534102
vt 0.437330 0.708536
vt 0.536360 0.173776
vt 0.634289 0.337700
vt 0.649254 0.331186
vt 0.656947 0.362302
vt 0.673128 0.367607
vt 0.407280 0.767247
vt 0.325412 0.869883
vt 0.414337 0.752637
vt 0.361644 0.726674
vt 0.666538 0.329639
vt 0.345714 0.857742
vt 0.641367 0.361982
vt 0.687584 0.336517
vt 0.689602 0.378173
vt 0.683636 0.419103
vt 0.703651 0.391770
vt 0.330712 0.715653
vt 0.707032 0.349492
vt 0.278289 0.554812
vt 0.475819 0.738967
vt 0.270877 0.578184
vt 0.697093 0.428864
vt 0.449867 0.738434
vt 0.149027 0.836997
vt 0.710671 0.438363
vt 0.716594 0.403850
vt 0.721582 0.366152
vt 0.644476 0.293442
vt 0.450392 0.679395
vt 0.736441 0.382962
vt 0.357173 0.533525
vt 0.344789 0.531556
vt 0.724404 0.448669
vt 0.179532 0.848324
vt 0.287043 0.544957
vt 0.388897 0.800713
vt 0.457739 0.651492
vt 0.454851 0.664033
vt 0.379556 0.815572
vt 0.730348 0.416677
vt 0.740050 0.463946
vt 0.747626 0.433144
vt 0.370284 0.829582
vt 0.755643 0.406277
vt 0.782121 0.408923
vt 0.296562 0.875117
vt 0.416550 0.572766
vt 0.852544 0.355225
vt 0.573372 0.455862
vt 0.556944 0.467747
vt 0.280278 0.652252
vt 0.272748 0.627181
vt 0.217793 0.863676
vt 0.384685 0.544309
vt 0.269698 0.602206
vt 0.122725 0.839807
vt 0.538676 0.474398
vt 0.296290 0.538528
vt 0.523279 0.476930
vt 0.508994 0.477727
vt 0.390971 0.734066
vt 0.370749 0.537649
vt 0.457542 0.639787
vt 0.429876 0.589123
vt 0.440475 0.603894
vt 0.360236 0.844002
vt 0.447917 0.616560
vt 0.455183 0.628858
vt 0.401375 0.557202
vt 0.398844 0.783710
vt 0.261170 0.872547
vt 0.331068 0.530601
vt 0.498047 0.854190
vt 0.496670 0.739258
vt 0.452260 0.622427
vt 0.444203 0.694106
vt 0.421323 0.738838
vt 0.495574 0.327991
vt 0.408830 0.416612
vt 0.403872 0.403490
vt 0.407332 0.370970
vt 0.432961 0.446804
vt 0.418553 0.431802
vt 0.441758 0.340437
vt 0.402261 0.391813
vt 0.459208 0.333434
vt 0.403101 0.380735
vt 0.476544 0.329047
vt 0.496188 0.468222
vt 0.465565 0.465667
vt 0.481063 0.468219
vt 0.449270 0.458991
vt 0.414924 0.361217
vt 0.425808 0.350541
vt 0.502165 0.512866
vt 0.501425 0.507976
vt 0.562570 0.619754
vt 0.517108 0.496102
vt 0.516777 0.556289
vt 0.558072 0.623155
vt 0.523046 0.496975
vt 0.517337 0.578904
vt 0.534166 0.616961
vt 0.516811 0.567236
vt 0.535992 0.506945
vt 0.534908 0.497467
vt 0.505990 0.523424
vt 0.508740 0.527931
vt 0.506925 0.517443
vt 0.502799 0.515370
vt 0.568107 0.613336
vt 0.602197 0.606482
vt 0.504546 0.520287
vt 0.500281 0.517925
vt 0.584495 0.608159
vt 0.565571 0.616286
vt 0.518357 0.518892
vt 0.524213 0.609833
vt 0.526392 0.515320
vt 0.573368 0.610167
vt 0.578209 0.607795
vt 0.515950 0.544835
vt 0.590076 0.608379
vt 0.502951 0.498977
vt 0.512468 0.517712
vt 0.509263 0.517317
vt 0.505713 0.495534
vt 0.549706 0.624761
vt 0.519405 0.598966
vt 0.517431 0.588507
vt 0.501652 0.503505
vt 0.512224 0.534898
vt 0.511731 0.495495
vt 0.503523 0.517641
vt 0.597881 0.681450
vt 0.598879 0.670340
vt 0.571604 0.695256
vt 0.512037 0.686716
vt 0.529026 0.689131
vt 0.600064 0.639879
vt 0.601471 0.627029
vt 0.597802 0.658869
vt 0.600910 0.630655
vt 0.600734 0.634939
vt 0.597704 0.652690
vt 0.598283 0.649077
vt 0.590610 0.692187
vt 0.599019 0.644959
vt 0.602623 0.623295
vt 0.605852 0.614092
vt 0.564791 0.723734
vt 0.685731 0.695491
vt 0.701432 0.675298
vt 0.675141 0.530517
vt 0.686388 0.534096
vt 0.556053 0.708190
vt 0.585882 0.766223
vt 0.667838 0.867928
vt 0.579010 0.751836
vt 0.632621 0.725895
vt 0.647750 0.854864
vt 0.664094 0.715112
vt 0.714984 0.554815
vt 0.517524 0.738833
vt 0.722598 0.578171
vt 0.543467 0.738132
vt 0.848298 0.836743
vt 0.542916 0.679180
vt 0.635908 0.533490
vt 0.648277 0.531522
vt 0.818133 0.848992
vt 0.706139 0.544956
vt 0.603576 0.798797
vt 0.535575 0.651299
vt 0.538461 0.663803
vt 0.612770 0.812847
vt 0.622617 0.825545
vt 0.696245 0.874912
vt 0.576644 0.572628
vt 0.713854 0.652273
vt 0.721128 0.627228
vt 0.779178 0.865621
vt 0.608494 0.544179
vt 0.723974 0.602233
vt 0.874110 0.839431
vt 0.696843 0.538496
vt 0.602804 0.733237
vt 0.622405 0.537558
vt 0.535788 0.639647
vt 0.563282 0.589137
vt 0.552795 0.603805
vt 0.633210 0.840430
vt 0.545380 0.616404
vt 0.538146 0.628721
vt 0.591739 0.557127
vt 0.593965 0.782357
vt 0.734656 0.874546
vt 0.661990 0.530569
vt 0.541049 0.622296
vt 0.549148 0.693845
vt 0.572079 0.738226
vt 0.583220 0.416632
vt 0.588049 0.403513
vt 0.584247 0.371036
vt 0.559393 0.446902
vt 0.573652 0.431877
vt 0.549551 0.340559
vt 0.589534 0.391848
vt 0.532102 0.333509
vt 0.588611 0.380784
vt 0.514640 0.329083
vt 0.526908 0.465772
vt 0.511313 0.468276
vt 0.543218 0.459099
vt 0.576554 0.361362
vt 0.565554 0.350706
vt 0.608332 0.606220
vt 0.384974 0.606128
vt 0.920464 0.932110
vt 0.915739 0.937662
vt 0.911391 0.942787
vt 0.907647 0.947216
vt 0.921852 0.932984
vt 0.918162 0.939607
vt 0.915141 0.945119
vt 0.912275 0.950252
vt 0.923343 0.933687
vt 0.921093 0.940637
vt 0.919172 0.946966
vt 0.917282 0.952478
vt 0.924951 0.934090
vt 0.924140 0.941299
vt 0.923462 0.947645
vt 0.922711 0.953703
vt 0.926612 0.933980
vt 0.927258 0.941370
vt 0.927800 0.947989
vt 0.928305 0.953722
vt 0.928245 0.933727
vt 0.930297 0.940862
vt 0.932046 0.946914
vt 0.933810 0.952709
vt 0.929791 0.933155
vt 0.933110 0.939595
vt 0.936157 0.945427
vt 0.938899 0.950537
vt 0.931207 0.932288
vt 0.935736 0.937939
vt 0.939784 0.942950
vt 0.943383 0.947433
vt 0.932315 0.931072
vt 0.937943 0.935764
vt 0.942992 0.939978
vt 0.947467 0.943782
vt 0.933308 0.929765
vt 0.939688 0.933225
vt 0.945289 0.936286
vt 0.950441 0.939172
vt 0.933892 0.928225
vt 0.940878 0.930403
vt 0.947106 0.932328
vt 0.952644 0.934207
vt 0.934305 0.926633
vt 0.941513 0.927410
vt 0.947847 0.928103
vt 0.953886 0.928861
vt 0.934247 0.924992
vt 0.941578 0.924364
vt 0.948179 0.923826
vt 0.953879 0.923346
vt 0.934034 0.923376
vt 0.941015 0.921365
vt 0.947101 0.919647
vt 0.952889 0.917903
vt 0.933340 0.921889
vt 0.939857 0.918521
vt 0.945669 0.915607
vt 0.950756 0.912842
vt 0.932524 0.920462
vt 0.938212 0.915938
vt 0.943168 0.911999
vt 0.947723 0.908346
vt 0.931341 0.919329
vt 0.936060 0.913750
vt 0.940278 0.908729
vt 0.943961 0.904368
vt 0.930047 0.918336
vt 0.933537 0.912021
vt 0.936568 0.906464
vt 0.939399 0.901353
vt 0.928500 0.917764
vt 0.930696 0.910810
vt 0.932609 0.904623
vt 0.934449 0.899133
vt 0.926910 0.917334
vt 0.927694 0.910155
vt 0.928357 0.903871
vt 0.929108 0.897870
vt 0.925265 0.917384
vt 0.924629 0.910061
vt 0.924019 0.903512
vt 0.923519 0.897817
vt 0.923633 0.917587
vt 0.921608 0.910624
vt 0.919825 0.904561
vt 0.918038 0.898760
vt 0.922140 0.918276
vt 0.918730 0.911738
vt 0.915733 0.905954
vt 0.912942 0.900861
vt 0.920699 0.919086
vt 0.916117 0.913403
vt 0.912127 0.908428
vt 0.908391 0.903850
vt 0.919561 0.920271
vt 0.913879 0.915531
vt 0.908842 0.911299
vt 0.904297 0.907520
vt 0.918547 0.921567
vt 0.912092 0.918039
vt 0.906413 0.914935
vt 0.901320 0.912151
vt 0.917955 0.923106
vt 0.910875 0.920877
vt 0.904579 0.918930
vt 0.899011 0.917085
vt 0.917529 0.924700
vt 0.910211 0.923890
vt 0.903816 0.923194
vt 0.897697 0.922479
vt 0.917564 0.926350
vt 0.910152 0.926954
vt 0.903467 0.927529
vt 0.897632 0.928043
vt 0.917767 0.927992
vt 0.910765 0.929984
vt 0.904552 0.931737
vt 0.898667 0.933501
vt 0.925956 0.925720
vt 0.918429 0.929508
vt 0.911934 0.932865
vt 0.906005 0.935807
vt 0.900805 0.938636
vt 0.919365 0.930873
vt 0.913444 0.935583
vt 0.908462 0.939480
vt 0.903844 0.943193
vt 0.904179 0.951342
vt 0.899845 0.956471
vt 0.895318 0.961904
vt 0.891152 0.966991
vt 0.886838 0.972284
vt 0.925529 0.909903
vt 0.970244 0.844334
vt 0.971699 0.846088
vt 0.972934 0.847573
vt 0.974078 0.848945
vt 0.975113 0.850181
vt 0.976095 0.851353
vt 0.977038 0.852478
vt 0.909635 0.955134
vt 0.906283 0.961080
vt 0.903074 0.967135
vt 0.899797 0.973007
vt 0.896691 0.978922
vt 0.932419 0.912772
vt 0.972219 0.843005
vt 0.973280 0.844993
vt 0.974223 0.846712
vt 0.975058 0.848269
vt 0.975837 0.849694
vt 0.976566 0.851027
vt 0.977273 0.852317
vt 0.915729 0.957624
vt 0.913569 0.964263
vt 0.911695 0.970779
vt 0.909604 0.977175
vt 0.907789 0.983419
vt 0.939896 0.914690
vt 0.974407 0.842107
vt 0.975053 0.844231
vt 0.975643 0.846122
vt 0.976156 0.847801
vt 0.976638 0.849348
vt 0.977095 0.850805
vt 0.977535 0.852206
vt 0.922156 0.959114
vt 0.921459 0.965760
vt 0.920808 0.972387
vt 0.920129 0.979218
vt 0.919448 0.985762
vt 0.947719 0.915671
vt 0.976712 0.841635
vt 0.976943 0.843861
vt 0.977143 0.845832
vt 0.977322 0.847556
vt 0.977494 0.849165
vt 0.977655 0.850686
vt 0.977813 0.852147
vt 0.928788 0.958957
vt 0.929466 0.965888
vt 0.930070 0.972651
vt 0.930728 0.979168
vt 0.931409 0.985915
vt 0.955649 0.915676
vt 0.979071 0.841607
vt 0.978857 0.843874
vt 0.978664 0.845814
vt 0.978511 0.847553
vt 0.978367 0.849162
vt 0.978228 0.850679
vt 0.978097 0.852145
vt 0.935329 0.957910
vt 0.937242 0.964271
vt 0.939117 0.970836
vt 0.941090 0.977383
vt 0.943069 0.983682
vt 0.963600 0.914832
vt 0.981376 0.842098
vt 0.980732 0.844226
vt 0.980166 0.846097
vt 0.979677 0.847779
vt 0.979222 0.849329
vt 0.978791 0.850789
vt 0.978377 0.852197
vt 0.941356 0.955315
vt 0.944690 0.961437
vt 0.947709 0.967544
vt 0.950962 0.973439
vt 0.953987 0.979197
vt 0.971016 0.912799
vt 0.983547 0.842984
vt 0.982515 0.844936
vt 0.981586 0.846669
vt 0.980776 0.848228
vt 0.980028 0.849660
vt 0.979320 0.851006
vt 0.978640 0.852304
vt 0.946844 0.951792
vt 0.951235 0.957014
vt 0.955465 0.962407
vt 0.959791 0.967526
vt 0.964002 0.972662
vt 0.977584 0.909965
vt 0.985518 0.844261
vt 0.984104 0.846007
vt 0.982868 0.847511
vt 0.981767 0.848883
vt 0.980750 0.850141
vt 0.979799 0.851318
vt 0.978878 0.852459
vt 0.951551 0.947189
vt 0.956688 0.951452
vt 0.962121 0.955953
vt 0.967173 0.960114
vt 0.972446 0.964404
vt 0.983487 0.906437
vt 0.987175 0.845930
vt 0.985440 0.847366
vt 0.983967 0.848587
vt 0.982604 0.849720
vt 0.981372 0.850746
vt 0.980205 0.851720
vt 0.979081 0.852658
vt 0.955314 0.941777
vt 0.961234 0.945134
vt 0.967303 0.948297
vt 0.973152 0.951548
vt 0.979030 0.954662
vt 0.987919 0.902060
vt 0.988490 0.847883
vt 0.986523 0.848933
vt 0.984820 0.849866
vt 0.983274 0.850695
vt 0.981855 0.851467
vt 0.980528 0.852190
vt 0.979241 0.852893
vt 0.957780 0.935741
vt 0.964390 0.937905
vt 0.970882 0.939787
vt 0.977271 0.941841
vt 0.983485 0.943672
vt 0.990883 0.897305
vt 0.989380 0.850047
vt 0.987278 0.850690
vt 0.985406 0.851276
vt 0.983739 0.851786
vt 0.982197 0.852262
vt 0.980749 0.852716
vt 0.979352 0.853154
vt 0.959269 0.929402
vt 0.965895 0.930093
vt 0.972515 0.930766
vt 0.979325 0.931427
vt 0.985839 0.932119
vt 0.992392 0.892326
vt 0.989852 0.852329
vt 0.987646 0.852563
vt 0.985697 0.852766
vt 0.983983 0.852946
vt 0.982377 0.853112
vt 0.980867 0.853274
vt 0.979411 0.853432
vt 0.959088 0.922854
vt 0.965994 0.922185
vt 0.972758 0.921605
vt 0.979238 0.920953
vt 0.985966 0.920244
vt 0.992392 0.887278
vt 0.989886 0.854666
vt 0.987634 0.854458
vt 0.985722 0.854282
vt 0.983986 0.854130
vt 0.982386 0.853979
vt 0.980875 0.853845
vt 0.979413 0.853715
vt 0.958068 0.916378
vt 0.964409 0.914480
vt 0.970944 0.912638
vt 0.977479 0.910701
vt 0.983760 0.908726
vt 0.991080 0.882219
vt 0.989408 0.856954
vt 0.987298 0.856322
vt 0.985424 0.855768
vt 0.983760 0.855288
vt 0.982226 0.854833
vt 0.980767 0.854406
vt 0.979361 0.853995
vt 0.955518 0.910411
vt 0.961608 0.907121
vt 0.967703 0.904144
vt 0.973579 0.900930
vt 0.979319 0.897929
vt 0.987938 0.877503
vt 0.988535 0.859112
vt 0.986594 0.858095
vt 0.984867 0.857179
vt 0.983318 0.856380
vt 0.981896 0.855637
vt 0.980551 0.854934
vt 0.979255 0.854257
vt 0.952046 0.904942
vt 0.957268 0.900647
vt 0.962669 0.896463
vt 0.967725 0.892175
vt 0.972845 0.888023
vt 0.983567 0.873334
vt 0.987274 0.861071
vt 0.985536 0.859676
vt 0.984037 0.858454
vt 0.982670 0.857366
vt 0.981418 0.856358
vt 0.980241 0.855412
vt 0.979100 0.854495
vt 0.947411 0.900307
vt 0.951699 0.895235
vt 0.956215 0.889890
vt 0.960381 0.884872
vt 0.964680 0.879648
vt 0.978145 0.869601
vt 0.985624 0.862719
vt 0.984194 0.861007
vt 0.982975 0.859550
vt 0.981842 0.858202
vt 0.980817 0.856980
vt 0.979844 0.855820
vt 0.978902 0.854699
vt 0.942053 0.896536
vt 0.945417 0.890704
vt 0.948633 0.884716
vt 0.951934 0.878950
vt 0.955085 0.873149
vt 0.971440 0.866799
vt 0.983697 0.864030
vt 0.982645 0.862088
vt 0.981709 0.860404
vt 0.980876 0.858874
vt 0.980101 0.857464
vt 0.979373 0.856141
vt 0.978668 0.854858
vt 0.936024 0.894040
vt 0.938222 0.887524
vt 0.940161 0.881085
vt 0.942301 0.874833
vt 0.944255 0.868716
vt 0.964189 0.864924
vt 0.981560 0.864924
vt 0.980909 0.862847
vt 0.980313 0.860996
vt 0.979792 0.859344
vt 0.979308 0.857809
vt 0.978848 0.856363
vt 0.978407 0.854970
vt 0.929668 0.892545
vt 0.930449 0.886009
vt 0.931176 0.879294
vt 0.931985 0.872731
vt 0.932846 0.866264
vt 0.961236 0.864746
vt 0.979310 0.865409
vt 0.979057 0.863226
vt 0.978832 0.861309
vt 0.978638 0.859579
vt 0.978460 0.857993
vt 0.978292 0.856484
vt 0.978129 0.855029
vt 0.923091 0.892611
vt 0.922496 0.885722
vt 0.921957 0.879170
vt 0.921583 0.872552
vt 0.921160 0.865861
vt 0.943357 0.862806
vt 0.977004 0.865474
vt 0.977178 0.863245
vt 0.977321 0.861324
vt 0.977461 0.859606
vt 0.977594 0.858000
vt 0.977721 0.856494
vt 0.977846 0.855032
vt 0.916591 0.893575
vt 0.914715 0.887234
vt 0.912928 0.880697
vt 0.911245 0.874087
vt 0.909613 0.867735
vt 0.941178 0.864431
vt 0.974727 0.865059
vt 0.975317 0.862937
vt 0.975840 0.861052
vt 0.976301 0.859389
vt 0.976741 0.857849
vt 0.977160 0.856388
vt 0.977567 0.854981
vt 0.977971 0.853589
vt 0.910534 0.896052
vt 0.907257 0.889911
vt 0.904347 0.883753
vt 0.901311 0.877755
vt 0.898596 0.871851
vt 0.933740 0.866167
vt 0.972563 0.864228
vt 0.973535 0.862264
vt 0.974423 0.860517
vt 0.975203 0.858957
vt 0.975935 0.857525
vt 0.976631 0.856175
vt 0.977304 0.854875
vt 0.904975 0.899477
vt 0.900655 0.894179
vt 0.896524 0.888693
vt 0.892381 0.883386
vt 0.888408 0.878007
vt 0.926863 0.868810
vt 0.970572 0.863002
vt 0.971929 0.861231
vt 0.973131 0.859704
vt 0.974208 0.858317
vt 0.975209 0.857051
vt 0.976150 0.855867
vt 0.977065 0.854720
vt 0.900221 0.904055
vt 0.895115 0.899693
vt 0.889750 0.895063
vt 0.884845 0.890678
vt 0.879787 0.886102
vt 0.920795 0.872342
vt 0.968853 0.861385
vt 0.970559 0.859903
vt 0.972011 0.858648
vt 0.973360 0.857492
vt 0.974581 0.856452
vt 0.975742 0.855467
vt 0.976862 0.854522
vt 0.896411 0.909459
vt 0.890453 0.905995
vt 0.884404 0.902685
vt 0.878642 0.899218
vt 0.872908 0.895855
vt 0.916270 0.876683
vt 0.967466 0.859470
vt 0.969434 0.858354
vt 0.971131 0.857380
vt 0.972675 0.856524
vt 0.974090 0.855734
vt 0.975415 0.854998
vt 0.976700 0.854288
vt 0.893847 0.915474
vt 0.887180 0.913209
vt 0.880601 0.911235
vt 0.874199 0.909012
vt 0.868018 0.906913
vt 0.912914 0.881356
vt 0.966520 0.857299
vt 0.968637 0.856597
vt 0.970515 0.855969
vt 0.972196 0.855433
vt 0.973738 0.854938
vt 0.975191 0.854472
vt 0.976588 0.854027
vt 0.892270 0.921874
vt 0.885618 0.921070
vt 0.878790 0.920288
vt 0.871913 0.919521
vt 0.865320 0.918588
vt 0.910930 0.886470
vt 0.966000 0.854982
vt 0.968235 0.854703
vt 0.970192 0.854463
vt 0.971942 0.854269
vt 0.973549 0.854084
vt 0.975068 0.853913
vt 0.976529 0.853748
vt 0.892280 0.928512
vt 0.885348 0.929060
vt 0.878578 0.929570
vt 0.871924 0.930104
vt 0.865014 0.930643
vt 0.910898 0.891756
vt 0.965908 0.852587
vt 0.968212 0.852774
vt 0.970175 0.852925
vt 0.971918 0.853074
vt 0.973541 0.853210
vt 0.975058 0.853338
vt 0.976526 0.853464
vt 0.893457 0.935024
vt 0.886848 0.936862
vt 0.880261 0.938685
vt 0.873611 0.940541
vt 0.867256 0.942484
vt 0.912244 0.896969
vt 0.966378 0.850231
vt 0.968541 0.850865
vt 0.970457 0.851414
vt 0.972147 0.851902
vt 0.973695 0.852349
vt 0.975165 0.852774
vt 0.976577 0.853184
vt 0.895966 0.941083
vt 0.889718 0.944358
vt 0.883564 0.947337
vt 0.877612 0.950556
vt 0.871822 0.953597
vt 0.915479 0.901810
vt 0.967265 0.848017
vt 0.969252 0.849053
vt 0.971017 0.849981
vt 0.972578 0.850789
vt 0.974024 0.851537
vt 0.975380 0.852243
vt 0.976684 0.852920
vt 0.899459 0.946639
vt 0.894166 0.950992
vt 0.888742 0.955199
vt 0.883613 0.959523
vt 0.878454 0.963724
vt 0.919966 0.906078
vt 0.968554 0.846014
vt 0.970328 0.847441
vt 0.971854 0.848686
vt 0.973237 0.849790
vt 0.974506 0.850809
vt 0.975691 0.851761
vt 0.976839 0.852682
vt 0.067814 0.929831
vt 0.062248 0.934559
vt 0.057212 0.938803
vt 0.052834 0.942489
vt 0.068917 0.931031
vt 0.064416 0.936718
vt 0.060460 0.941688
vt 0.056792 0.946268
vt 0.070330 0.931857
vt 0.066991 0.938387
vt 0.064029 0.944172
vt 0.061268 0.949297
vt 0.071804 0.932545
vt 0.069829 0.939531
vt 0.068072 0.945628
vt 0.066315 0.951424
vt 0.073428 0.932757
vt 0.072830 0.940101
vt 0.072254 0.946698
vt 0.071766 0.952417
vt 0.075065 0.932822
vt 0.075882 0.940040
vt 0.076546 0.946375
vt 0.077314 0.952428
vt 0.076648 0.932412
vt 0.078883 0.939407
vt 0.080780 0.945655
vt 0.082647 0.951185
vt 0.078185 0.931830
vt 0.081698 0.938239
vt 0.084743 0.943837
vt 0.087629 0.949008
vt 0.079512 0.930858
vt 0.084238 0.936507
vt 0.088436 0.941549
vt 0.092251 0.946052
vt 0.080712 0.929742
vt 0.086398 0.934307
vt 0.091425 0.938379
vt 0.095908 0.942002
vt 0.081567 0.928315
vt 0.088019 0.931679
vt 0.093863 0.934739
vt 0.098984 0.937514
vt 0.082158 0.926775
vt 0.089296 0.928881
vt 0.095363 0.930645
vt 0.101151 0.932447
vt 0.082410 0.925145
vt 0.089829 0.925839
vt 0.096416 0.926416
vt 0.102144 0.926929
vt 0.082507 0.923503
vt 0.089733 0.922743
vt 0.096107 0.922098
vt 0.102198 0.921354
vt 0.082105 0.921915
vt 0.089068 0.919716
vt 0.095403 0.917834
vt 0.100966 0.915951
vt 0.081416 0.920430
vt 0.088061 0.916794
vt 0.093604 0.913803
vt 0.098749 0.910947
vt 0.080540 0.919045
vt 0.086156 0.914360
vt 0.091293 0.910052
vt 0.095733 0.906312
vt 0.079307 0.917984
vt 0.084101 0.912048
vt 0.088036 0.907099
vt 0.091750 0.902504
vt 0.077978 0.917045
vt 0.081424 0.910537
vt 0.084396 0.904636
vt 0.087219 0.899454
vt 0.076492 0.916365
vt 0.078557 0.909365
vt 0.080342 0.903182
vt 0.082136 0.897299
vt 0.074865 0.916130
vt 0.075545 0.908749
vt 0.076138 0.902099
vt 0.076685 0.896267
vt 0.073219 0.916065
vt 0.072473 0.908778
vt 0.071815 0.902401
vt 0.071121 0.896315
vt 0.071630 0.916494
vt 0.069444 0.909419
vt 0.067548 0.903139
vt 0.065748 0.897585
vt 0.070099 0.917092
vt 0.066611 0.910620
vt 0.063557 0.904961
vt 0.060803 0.899889
vt 0.068783 0.918085
vt 0.064088 0.912405
vt 0.059915 0.907371
vt 0.056179 0.902822
vt 0.067592 0.919215
vt 0.061953 0.914621
vt 0.057037 0.910627
vt 0.052483 0.906883
vt 0.066775 0.920652
vt 0.060316 0.917238
vt 0.054576 0.914244
vt 0.049498 0.911423
vt 0.066111 0.922153
vt 0.059173 0.920093
vt 0.053136 0.918317
vt 0.047369 0.916533
vt 0.065897 0.923774
vt 0.058616 0.923118
vt 0.052098 0.922535
vt 0.046422 0.922010
vt 0.065834 0.925421
vt 0.058695 0.926185
vt 0.052430 0.926843
vt 0.046462 0.927573
vt 0.074142 0.924466
vt 0.066260 0.927001
vt 0.059326 0.929196
vt 0.053159 0.931097
vt 0.047673 0.932945
vt 0.066815 0.928536
vt 0.060506 0.932018
vt 0.054974 0.935078
vt 0.049845 0.937897
vt 0.048745 0.945921
vt 0.043629 0.950167
vt 0.038214 0.954650
vt 0.033146 0.958778
vt 0.027873 0.963038
vt 0.027064 0.904271
vt 0.029828 0.843308
vt 0.028398 0.845023
vt 0.027180 0.846482
vt 0.026049 0.847832
vt 0.025024 0.849055
vt 0.024052 0.850215
vt 0.023110 0.851337
vt 0.053364 0.950584
vt 0.049014 0.955773
vt 0.044769 0.961115
vt 0.040438 0.966189
vt 0.036215 0.971273
vt 0.032825 0.909801
vt 0.031480 0.844956
vt 0.029743 0.846354
vt 0.028244 0.847578
vt 0.026880 0.848668
vt 0.025626 0.849676
vt 0.024449 0.850624
vt 0.023308 0.851540
vt 0.058833 0.954045
vt 0.055497 0.960163
vt 0.052462 0.966234
vt 0.049202 0.972078
vt 0.046148 0.977789
vt 0.038943 0.914580
vt 0.032744 0.846915
vt 0.030802 0.847935
vt 0.029072 0.848852
vt 0.027532 0.849654
vt 0.026104 0.850398
vt 0.024759 0.851102
vt 0.023463 0.851778
vt 0.064789 0.956603
vt 0.062860 0.962984
vt 0.060989 0.969547
vt 0.058996 0.975966
vt 0.056991 0.982274
vt 0.045541 0.918510
vt 0.033620 0.849075
vt 0.031508 0.849709
vt 0.029634 0.850263
vt 0.027963 0.850752
vt 0.026432 0.851202
vt 0.024974 0.851629
vt 0.023569 0.852041
vt 0.071271 0.957636
vt 0.070581 0.964558
vt 0.070028 0.971270
vt 0.069226 0.977870
vt 0.068499 0.984579
vt 0.052258 0.921039
vt 0.034100 0.851367
vt 0.031845 0.851576
vt 0.029932 0.851753
vt 0.028192 0.851909
vt 0.026589 0.852055
vt 0.025083 0.852190
vt 0.023621 0.852320
vt 0.077848 0.957818
vt 0.078551 0.964454
vt 0.079146 0.971097
vt 0.079728 0.977947
vt 0.080377 0.984483
vt 0.058740 0.922480
vt 0.034066 0.853707
vt 0.031858 0.853474
vt 0.029907 0.853270
vt 0.028190 0.853092
vt 0.026588 0.852922
vt 0.025075 0.852762
vt 0.023619 0.852604
vt 0.084203 0.956330
vt 0.086355 0.962980
vt 0.088168 0.969538
vt 0.090207 0.975938
vt 0.091997 0.982159
vt 0.064870 0.922646
vt 0.033593 0.855992
vt 0.031489 0.855348
vt 0.029615 0.854761
vt 0.027946 0.854250
vt 0.026407 0.853773
vt 0.024957 0.853319
vt 0.023560 0.852881
vt 0.090202 0.953903
vt 0.093527 0.959843
vt 0.096698 0.965930
vt 0.099930 0.971821
vt 0.103046 0.977714
vt 0.070450 0.921543
vt 0.032700 0.858158
vt 0.030733 0.857106
vt 0.029028 0.856171
vt 0.027482 0.855342
vt 0.026064 0.854569
vt 0.024736 0.853846
vt 0.023449 0.853143
vt 0.095638 0.950195
vt 0.099896 0.955350
vt 0.104377 0.960793
vt 0.108533 0.965857
vt 0.112842 0.971129
vt 0.075281 0.919118
vt 0.031383 0.860111
vt 0.029649 0.858673
vt 0.028175 0.857451
vt 0.026812 0.856316
vt 0.025581 0.855290
vt 0.024413 0.854316
vt 0.023289 0.853378
vt 0.100238 0.945498
vt 0.105479 0.949915
vt 0.110875 0.954122
vt 0.116005 0.958439
vt 0.121144 0.962654
vt 0.078754 0.915242
vt 0.029724 0.861780
vt 0.028311 0.860031
vt 0.027075 0.858526
vt 0.025975 0.857153
vt 0.024958 0.855896
vt 0.024007 0.854718
vt 0.023086 0.853576
vt 0.103741 0.939990
vt 0.109876 0.943332
vt 0.116003 0.946348
vt 0.121911 0.949590
vt 0.127676 0.952626
vt 0.081218 0.910626
vt 0.027752 0.863055
vt 0.026721 0.861101
vt 0.025793 0.859368
vt 0.024984 0.857808
vt 0.024236 0.856376
vt 0.023528 0.855030
vt 0.022848 0.853731
vt 0.106314 0.933951
vt 0.112686 0.935902
vt 0.119272 0.937783
vt 0.125860 0.939715
vt 0.132177 0.941679
vt 0.082504 0.905091
vt 0.025579 0.863938
vt 0.024937 0.861810
vt 0.024372 0.859939
vt 0.023884 0.858257
vt 0.023430 0.856707
vt 0.022999 0.855247
vt 0.022585 0.853839
vt 0.107376 0.927434
vt 0.114328 0.928123
vt 0.121122 0.928734
vt 0.127653 0.929356
vt 0.134419 0.930035
vt 0.082171 0.898793
vt 0.023275 0.864426
vt 0.023062 0.862160
vt 0.022871 0.860221
vt 0.022718 0.858482
vt 0.022575 0.856873
vt 0.022437 0.855356
vt 0.022305 0.853890
vt 0.107614 0.920817
vt 0.114257 0.920138
vt 0.120903 0.919479
vt 0.127739 0.918780
vt 0.134278 0.918067
vt 0.080751 0.892282
vt 0.020917 0.864397
vt 0.021149 0.862172
vt 0.021350 0.860202
vt 0.021530 0.858479
vt 0.021702 0.856871
vt 0.021863 0.855349
vt 0.022021 0.853889
vt 0.106146 0.914403
vt 0.112774 0.912220
vt 0.119309 0.910340
vt 0.125699 0.908226
vt 0.131936 0.906379
vt 0.078099 0.885587
vt 0.018614 0.863923
vt 0.019260 0.861801
vt 0.019851 0.859912
vt 0.020365 0.858234
vt 0.020846 0.856688
vt 0.021303 0.855230
vt 0.021743 0.853830
vt 0.103634 0.908324
vt 0.109576 0.904936
vt 0.115645 0.901724
vt 0.121520 0.898430
vt 0.127431 0.895286
vt 0.074308 0.878919
vt 0.016428 0.863024
vt 0.017489 0.861039
vt 0.018432 0.859321
vt 0.019267 0.857766
vt 0.020046 0.856341
vt 0.020775 0.855008
vt 0.021481 0.853719
vt 0.099874 0.902849
vt 0.105022 0.898523
vt 0.110462 0.893965
vt 0.115522 0.889765
vt 0.120807 0.885419
vt 0.069405 0.872468
vt 0.014456 0.861696
vt 0.015909 0.859945
vt 0.017144 0.858461
vt 0.018288 0.857090
vt 0.019322 0.855854
vt 0.020303 0.854683
vt 0.021246 0.853558
vt 0.095199 0.898112
vt 0.099555 0.892839
vt 0.103757 0.887397
vt 0.108072 0.882252
vt 0.112282 0.877084
vt 0.063520 0.866840
vt 0.012770 0.860019
vt 0.014540 0.858593
vt 0.016063 0.857350
vt 0.017448 0.856246
vt 0.018715 0.855227
vt 0.019900 0.854275
vt 0.021047 0.853355
vt 0.089692 0.894632
vt 0.092953 0.888356
vt 0.095946 0.882186
vt 0.099157 0.876244
vt 0.102173 0.870442
vt 0.057262 0.861974
vt 0.011483 0.858020
vt 0.013465 0.856983
vt 0.015221 0.856055
vt 0.016793 0.855247
vt 0.018232 0.854499
vt 0.019589 0.853793
vt 0.020892 0.853116
vt 0.083677 0.892093
vt 0.085489 0.885488
vt 0.087314 0.878891
vt 0.089155 0.872257
vt 0.091085 0.865894
vt 0.050497 0.857975
vt 0.010596 0.855812
vt 0.012759 0.855176
vt 0.014657 0.854620
vt 0.016349 0.854140
vt 0.017901 0.853688
vt 0.019373 0.853262
vt 0.020785 0.852852
vt 0.077153 0.890914
vt 0.077720 0.883973
vt 0.078243 0.877204
vt 0.078733 0.870532
vt 0.079263 0.863626
vt 0.043598 0.855413
vt 0.010120 0.853461
vt 0.012419 0.853273
vt 0.014395 0.853110
vt 0.016126 0.852966
vt 0.017745 0.852826
vt 0.019266 0.852698
vt 0.020734 0.852572
vt 0.070534 0.890891
vt 0.069762 0.884234
vt 0.069013 0.877381
vt 0.068207 0.870503
vt 0.067247 0.863923
vt 0.036864 0.853958
vt 0.010208 0.851065
vt 0.012443 0.851341
vt 0.014404 0.851577
vt 0.016149 0.851772
vt 0.017761 0.851952
vt 0.019277 0.852124
vt 0.020737 0.852287
vt 0.022179 0.852447
vt 0.064153 0.892427
vt 0.061940 0.885730
vt 0.059988 0.879162
vt 0.057726 0.872776
vt 0.055606 0.866595
vt 0.030707 0.854151
vt 0.010725 0.848746
vt 0.012844 0.849446
vt 0.014724 0.850072
vt 0.016404 0.850606
vt 0.017948 0.851099
vt 0.019399 0.851565
vt 0.020796 0.852010
vt 0.058161 0.894961
vt 0.054769 0.888990
vt 0.051467 0.882941
vt 0.048005 0.877181
vt 0.044624 0.871452
vt 0.025364 0.855590
vt 0.011670 0.846573
vt 0.013640 0.847687
vt 0.015339 0.848660
vt 0.016882 0.849515
vt 0.018299 0.850304
vt 0.019623 0.851039
vt 0.020908 0.851748
vt 0.052767 0.898728
vt 0.048441 0.893607
vt 0.043826 0.888251
vt 0.039455 0.883345
vt 0.034889 0.878286
vt 0.020655 0.858073
vt 0.013056 0.844655
vt 0.014764 0.846136
vt 0.016217 0.847391
vt 0.017567 0.848546
vt 0.018789 0.849586
vt 0.019950 0.850570
vt 0.021069 0.851514
vt 0.048138 0.903424
vt 0.042918 0.899096
vt 0.037473 0.894971
vt 0.032189 0.890830
vt 0.026830 0.886838
vt 0.017251 0.862033
vt 0.014775 0.843037
vt 0.016133 0.844807
vt 0.017337 0.846334
vt 0.018414 0.847720
vt 0.019417 0.848987
vt 0.020358 0.850170
vt 0.021273 0.851316
vt 0.044732 0.908981
vt 0.038616 0.905704
vt 0.032516 0.902765
vt 0.026550 0.899707
vt 0.020676 0.896936
vt 0.015116 0.866897
vt 0.016766 0.841809
vt 0.017739 0.843774
vt 0.018628 0.845520
vt 0.019411 0.847079
vt 0.020142 0.848513
vt 0.020838 0.849861
vt 0.021511 0.851161
vt 0.042214 0.915024
vt 0.035854 0.913164
vt 0.029460 0.911391
vt 0.022862 0.909613
vt 0.016530 0.907880
vt 0.014217 0.872455
vt 0.018930 0.840978
vt 0.019520 0.843099
vt 0.020045 0.844983
vt 0.020509 0.846645
vt 0.020947 0.848191
vt 0.021367 0.849648
vt 0.021774 0.851055
vt 0.041240 0.921575
vt 0.034395 0.920993
vt 0.027740 0.920329
vt 0.021155 0.919908
vt 0.014498 0.919393
vt 0.014575 0.878513
vt 0.021205 0.840562
vt 0.021381 0.842790
vt 0.021526 0.844711
vt 0.021669 0.846427
vt 0.021799 0.848031
vt 0.021928 0.849542
vt 0.022053 0.851004
vt 0.041125 0.928158
vt 0.034557 0.928894
vt 0.027802 0.929537
vt 0.021185 0.930314
vt 0.014676 0.931069
vt 0.015970 0.884858
vt 0.023510 0.840625
vt 0.023259 0.842808
vt 0.023034 0.844726
vt 0.022848 0.846449
vt 0.022667 0.848040
vt 0.022499 0.849552
vt 0.022337 0.851007
vt 0.042583 0.934489
vt 0.036012 0.936678
vt 0.029533 0.938533
vt 0.023194 0.940613
vt 0.016991 0.942492
vt 0.018559 0.891403
vt 0.025760 0.841108
vt 0.025111 0.843185
vt 0.024516 0.845035
vt 0.023999 0.846696
vt 0.023515 0.848225
vt 0.023056 0.849672
vt 0.022614 0.851066
vt 0.045025 0.940497
vt 0.039148 0.943843
vt 0.033117 0.947005
vt 0.027275 0.950255
vt 0.021387 0.953362
vt 0.022265 0.897941
vt 0.027898 0.841999
vt 0.026848 0.843943
vt 0.025914 0.845628
vt 0.025083 0.847162
vt 0.024308 0.848571
vt 0.023580 0.849894
vt 0.022875 0.851177

vn 0.756476 -0.392388 -0.523235
vn 0.612804 -0.209102 -0.762068
vn 0.484161 -0.247407 -0.839272
vn 0.659589 -0.380664 -0.648103
vn -0.382540 0.671290 -0.634848
vn -0.969512 0.080102 -0.231580
vn -0.298570 -0.602462 -0.740199
vn -0.146369 0.496646 -0.855522
vn -0.294071 -0.953625 0.064200
vn -0.207260 -0.977385 0.041980
vn -0.107582 -0.923222 0.368899
vn -0.573836 -0.780679 0.247493
vn -0.866883 -0.151724 -0.474861
vn -0.824518 -0.460372 0.328981
vn -0.993870 -0.006493 -0.110367
vn -0.922585 0.051101 -0.382396
vn 0.292491 0.468426 0.833682
vn 0.418740 0.538435 0.731262
vn 0.437393 0.641189 0.630527
vn 0.640756 0.376835 -0.668900
vn -0.305180 -0.149537 -0.940481
vn -0.018484 -0.572685 -0.819567
vn 0.206926 0.130052 -0.969674
vn -0.789066 -0.247437 -0.562272
vn -0.517128 -0.029556 -0.855398
vn -0.596708 0.095676 -0.796734
vn -0.853202 -0.011994 -0.521442
vn 0.017631 0.381365 0.924256
vn 0.948261 -0.011009 0.317302
vn 0.876961 -0.422349 0.229260
vn 0.738070 -0.609066 -0.290328
vn 0.913765 0.074737 0.399310
vn -0.867096 -0.072037 -0.492905
vn 0.133602 0.935594 -0.326824
vn -0.267390 0.257487 0.928549
vn -0.950995 0.126420 0.282183
vn -0.286766 0.302900 -0.908855
vn -0.807858 0.092939 -0.582003
vn -0.794737 -0.029413 -0.606241
vn -0.293901 0.287662 -0.911522
vn 0.980608 0.195821 -0.007836
vn -0.385266 0.226693 0.894528
vn 0.098895 0.189898 0.976810
vn -0.235266 0.962192 -0.137247
vn -0.513352 0.085422 -0.853916
vn -0.118120 -0.150449 -0.981536
vn 0.174383 0.115826 -0.977842
vn 0.256458 -0.099067 -0.961465
vn 0.774936 -0.601766 0.193269
vn 0.618301 -0.783906 -0.056529
vn 0.756644 -0.644578 -0.109584
vn 0.979077 -0.180528 -0.093902
vn 0.766650 -0.630747 -0.120027
vn 0.890347 -0.436525 -0.129335
vn 0.718296 -0.668462 -0.192898
vn 0.825272 -0.559933 -0.073493
vn 0.932795 0.234218 -0.273924
vn 0.914141 -0.208900 -0.347430
vn 0.983446 0.031792 -0.178394
vn 0.666717 -0.148002 -0.730468
vn 0.916033 -0.359702 -0.177479
vn 0.936112 -0.330514 0.120231
vn 0.645934 -0.420451 0.637174
vn 0.311792 -0.886625 0.341587
vn 0.404101 -0.911679 0.074450
vn 0.782900 -0.620230 0.048808
vn -0.775501 0.193439 0.600982
vn -0.320678 -0.681981 0.657318
vn 0.935714 -0.074168 -0.344873
vn 0.853383 -0.061311 0.517667
vn -0.288620 0.930493 0.225571
vn 0.863597 0.194770 -0.465042
vn -0.057661 -0.162617 0.985003
vn 0.772398 -0.463894 -0.433825
vn 0.555421 -0.375804 -0.741808
vn 0.838645 -0.544118 -0.024695
vn -0.342998 -0.080133 -0.935912
vn -0.709201 0.643047 -0.289007
vn -0.110560 -0.843502 0.525625
vn 0.661000 -0.684149 0.308252
vn 0.996074 0.074304 0.048127
vn 0.970306 0.197633 -0.139452
vn 0.979165 0.189084 0.074051
vn 0.984347 0.097587 0.146756
vn -0.102467 -0.850912 0.515218
vn -0.497645 0.071856 0.864399
vn 0.980193 -0.004100 -0.198003
vn 0.578535 -0.688906 0.436700
vn 0.530291 -0.596053 0.602920
vn 0.204309 0.399428 0.893709
vn -0.433053 -0.804742 -0.406024
vn 0.725648 -0.655877 0.207989
vn 0.963928 -0.222694 0.145774
vn 0.908380 -0.377635 -0.179547
vn 0.810487 -0.552938 -0.193312
vn 0.871123 -0.490966 -0.009801
vn 0.546813 -0.129880 -0.827120
vn 0.613626 -0.323458 -0.720304
vn 0.938463 -0.148801 0.311681
vn 0.152149 -0.214621 -0.964774
vn 0.063622 -0.740985 0.668501
vn 0.133359 0.306001 0.942645
vn -0.340141 -0.345451 0.874624
vn 0.270612 -0.721533 0.637306
vn 0.261576 -0.168314 -0.950394
vn 0.579007 -0.268278 -0.769921
vn -0.814896 0.190400 -0.547442
vn 0.199807 -0.199597 -0.959291
vn 0.860813 -0.344330 -0.374750
vn 0.232304 -0.971322 0.050686
vn 0.155649 -0.987812 0.000161
vn 0.175238 -0.931765 0.317970
vn 0.534851 -0.823394 0.189621
vn 0.976800 -0.111316 -0.182951
vn -0.942682 -0.018806 -0.333162
vn 0.138588 0.047894 -0.989191
vn -0.939215 -0.305478 -0.156713
vn -0.998485 -0.006275 -0.054667
vn -0.972944 -0.212074 -0.091672
vn 0.801156 0.597974 -0.023999
vn 0.867747 0.496801 0.014277
vn 0.996015 0.087610 -0.016718
vn 0.959314 0.282338 -0.001531
vn 0.698021 -0.524896 -0.487083
vn 0.825920 -0.534672 -0.178834
vn 0.581157 -0.648896 -0.491112
vn 0.742803 -0.416213 -0.524414
vn 0.839150 -0.323688 -0.437097
vn 0.528406 -0.346315 -0.775147
vn 0.243475 -0.768648 -0.591524
vn 0.878193 -0.474352 -0.061374
vn 0.961721 0.228844 0.150741
vn 0.795787 0.536823 -0.280258
vn 0.160820 0.785501 0.597600
vn -0.828144 0.302220 0.472060
vn -0.829840 0.358649 0.427478
vn -0.821481 0.222393 0.525081
vn -0.777107 0.190735 0.599770
vn 0.805875 -0.562488 0.184859
vn 0.466748 -0.011917 -0.884310
vn 0.419921 -0.110243 -0.900840
vn 0.579385 -0.813266 0.053963
vn 0.746599 -0.633753 -0.202354
vn 0.609861 -0.653799 -0.447903
vn 0.968188 -0.035356 0.247712
vn 0.976534 0.191014 0.099476
vn 0.491839 0.832351 -0.255511
vn 0.562718 0.677629 -0.473463
vn 0.906085 0.301477 -0.296853
vn 0.863391 0.195461 -0.465135
vn 0.729137 0.196372 -0.655590
vn 0.946100 0.113162 -0.303463
vn 0.971688 0.096175 0.215809
vn 0.945571 -0.036992 0.323307
vn 0.748877 -0.053538 0.660543
vn 0.897626 -0.170907 0.406273
vn 0.669607 -0.739624 0.067696
vn 0.841999 0.114027 -0.527290
vn 0.662375 -0.748590 0.029545
vn -0.813022 -0.444056 0.376576
vn -0.936801 0.031614 0.348432
vn -0.956694 0.166942 -0.238467
vn -0.803389 0.339453 -0.489221
vn -0.142076 0.029137 -0.989427
vn 0.787939 0.594854 -0.159061
vn 0.038812 0.981013 0.190020
vn 0.435427 0.889112 0.141009
vn -0.936669 0.301000 0.179026
vn -0.835964 0.355748 0.417860
vn -0.921302 0.287902 0.261373
vn -0.869542 0.245020 0.428791
vn 0.480643 -0.447125 -0.754362
vn 0.536842 -0.574369 -0.617981
vn 0.566242 -0.702703 -0.430788
vn 0.798832 -0.581913 0.152459
vn 0.721673 -0.636921 0.271143
vn 0.969088 0.245877 0.020309
vn 0.995930 0.058002 -0.068990
vn 0.858107 0.408993 -0.310447
vn 0.914264 0.226547 -0.335854
vn 0.894587 0.117808 0.431087
vn 0.935205 -0.068265 0.347463
vn 0.655250 -0.058516 -0.753142
vn -0.243352 0.493488 -0.835014
vn 0.952282 -0.292794 -0.086201
vn 0.906564 -0.166631 0.387782
vn 0.726717 0.283847 -0.625551
vn 0.830540 -0.163765 -0.532339
vn 0.909434 0.166411 0.381101
vn -0.015173 0.365148 0.930826
vn 0.705489 0.665253 0.244384
vn 0.337303 0.750826 -0.567879
vn 0.947804 0.049376 0.315008
vn -0.121225 -0.984888 -0.123691
vn -0.287165 -0.952031 0.105704
vn 0.069200 -0.983754 -0.165646
vn 0.091971 -0.985424 -0.143114
vn 0.081670 -0.474407 0.876509
vn -0.251669 -0.452314 0.855613
vn 0.570064 0.386090 -0.725232
vn -0.550867 0.825898 0.120159
vn -0.648803 -0.345058 0.678225
vn -0.654184 -0.067200 -0.753344
vn 0.932368 -0.231804 0.277412
vn 0.928767 -0.208861 0.306218
vn 0.712094 -0.365473 0.599459
vn 0.730033 -0.103568 0.675518
vn 0.581791 -0.204404 0.787234
vn 0.124396 -0.509557 0.851397
vn 0.482551 0.761470 -0.432791
vn 0.317277 0.665707 -0.675404
vn 0.053664 0.692753 -0.719176
vn 0.312724 0.834651 -0.453389
vn -0.331662 0.188284 0.924419
vn 0.102393 0.902169 0.419054
vn 0.165081 -0.980115 -0.110107
vn 0.721094 0.266906 -0.639362
vn 0.674142 0.364518 -0.642385
vn 0.568370 0.380781 -0.729357
vn 0.952858 -0.262406 -0.152328
vn 0.883698 -0.349003 0.311888
vn 0.984071 -0.136492 0.113908
vn 0.958087 -0.131959 -0.254274
vn 0.303195 -0.810688 0.500857
vn 0.550736 -0.834573 -0.013364
vn 0.317894 -0.880495 0.351670
vn 0.880722 -0.436890 -0.182907
vn -0.479609 -0.657277 0.581345
vn -0.504278 -0.862337 0.045595
vn -0.661774 0.021623 0.749391
vn 0.285270 0.861777 0.419478
vn 0.153040 -0.988196 0.006832
vn -0.678259 -0.733191 0.048949
vn -0.365093 0.804830 -0.467927
vn -0.815588 0.022314 0.578203
vn -0.337797 -0.831060 -0.441852
vn 0.280947 0.909650 -0.305950
vn -0.172653 -0.123551 0.977203
vn -0.523948 -0.414950 0.743838
vn -0.681709 -0.273189 0.678705
vn -0.650259 -0.204390 0.731702
vn -0.751276 0.007177 -0.659949
vn -0.675289 -0.150136 -0.722111
vn 0.692105 -0.287059 -0.662260
vn 0.450403 0.018711 -0.892629
vn -0.077158 -0.007292 -0.996992
vn 0.525236 0.009660 0.850902
vn -0.826564 -0.320887 -0.462411
vn 0.409033 -0.869542 0.276746
vn 0.631983 -0.156808 -0.758953
vn 0.728277 -0.479394 -0.489687
vn 0.141053 -0.573127 -0.807236
vn 0.351411 0.335578 -0.874012
vn 0.983270 0.017513 -0.181310
vn 0.966573 -0.013483 -0.256037
vn 0.920322 0.375814 0.108495
vn 0.647877 -0.685581 0.332016
vn 0.902519 0.258730 -0.344265
vn -0.716278 -0.289201 0.635067
vn -0.637283 -0.531856 0.557673
vn -0.832997 0.335689 0.439805
vn -0.584296 0.089874 0.806549
vn 0.887589 -0.173523 -0.426704
vn 0.665831 -0.543286 0.511379
vn 0.754407 0.009556 0.656337
vn 0.840439 -0.066258 0.537840
vn 0.800230 0.030003 0.598942
vn 0.889148 -0.005387 0.457588
vn 0.986575 -0.145406 0.074343
vn 0.936188 -0.340748 -0.086266
vn 0.982154 -0.160216 0.098507
vn 0.992835 -0.119249 -0.007676
vn 0.996080 0.073609 -0.049052
vn 0.621862 -0.504910 -0.598627
vn 0.891935 -0.451355 -0.027017
vn 0.628566 -0.673584 0.388832
vn 0.737917 -0.509554 0.442530
vn -0.100665 -0.980950 -0.166143
vn 0.383447 -0.798766 -0.463617
vn 0.674661 -0.730061 -0.108828
vn -0.663696 0.274152 0.695951
vn 0.472771 -0.770492 0.427586
vn 0.148800 -0.858357 0.491002
vn -0.284068 -0.845815 0.451555
vn 0.536815 -0.758499 -0.369469
vn -0.201174 -0.175614 0.963685
vn -0.090395 0.382719 0.919432
vn 0.113690 0.535542 -0.836821
vn 0.745071 -0.468165 0.475069
vn 0.939378 -0.292720 0.178560
vn 0.450751 0.428842 -0.782891
vn 0.144946 0.465317 -0.873196
vn 0.275934 0.582653 -0.764445
vn 0.534904 0.435699 -0.723909
vn 0.873349 0.309604 -0.376043
vn 0.891194 -0.232408 -0.389564
vn 0.500147 -0.424796 -0.754586
vn 0.900430 0.275771 -0.336415
vn 0.931622 0.000628 -0.363429
vn 0.846459 0.249316 0.470477
vn -0.133837 -0.514840 0.846775
vn -0.553128 -0.510850 0.658089
vn 0.971037 0.066732 0.229421
vn 0.846798 0.504053 -0.169892
vn 0.709990 0.703946 -0.019345
vn 0.986283 0.123412 0.109616
vn 0.517398 -0.247113 -0.819289
vn 0.742657 -0.174601 -0.646509
vn 0.709574 -0.594282 -0.378595
vn 0.529656 -0.472692 -0.704292
vn -0.951151 -0.040549 0.306053
vn -0.826477 0.013784 0.562802
vn 0.043902 -0.044996 -0.998022
vn 0.877599 -0.246839 -0.410963
vn 0.618186 -0.141748 -0.773145
vn -0.884433 -0.430480 -0.180180
vn -0.517910 -0.386284 0.763252
vn -0.779151 -0.622185 0.076217
vn 0.909627 0.255598 -0.327488
vn 0.605997 0.367858 -0.705300
vn 0.602755 0.537605 -0.589634
vn 0.863149 0.404246 -0.302588
vn 0.946924 -0.107130 0.303081
vn -0.626093 -0.649962 0.430763
vn -0.617420 -0.723040 0.309848
vn -0.555242 -0.757593 0.343160
vn 0.286893 0.748338 -0.598066
vn 0.462390 0.733538 -0.498114
vn 0.891219 0.010537 -0.453452
vn 0.541155 -0.728576 0.419914
vn 0.271554 0.726776 0.630916
vn 0.603862 0.348629 0.716804
vn 0.977096 -0.167326 0.131476
vn -0.304699 -0.952344 -0.014139
vn -0.264065 -0.939449 0.218416
vn -0.523362 0.341573 0.780654
vn -0.680728 0.398732 0.614509
vn -0.622580 0.354896 0.697455
vn -0.349938 0.007493 0.936743
vn -0.807653 0.539372 0.238274
vn -0.807668 0.586424 -0.061473
vn -0.341219 0.929507 -0.139953
vn -0.738568 0.596513 0.314150
vn 0.950070 0.060928 -0.306030
vn -0.984998 -0.158295 -0.068719
vn -0.152954 -0.842076 0.517216
vn -0.346437 -0.645491 0.680678
vn 0.828520 -0.555812 -0.068027
vn 0.814667 -0.538220 -0.215956
vn 0.424027 -0.783840 0.453647
vn 0.277845 -0.798151 0.534562
vn 0.076535 0.691080 0.718715
vn -0.397791 0.866785 0.300743
vn 0.980923 0.016888 0.193661
vn 0.447534 0.848057 0.283747
vn 0.856316 -0.491847 0.157512
vn 0.811950 -0.578469 0.078172
vn 0.544154 -0.569609 0.615988
vn 0.724342 -0.156100 0.671536
vn 0.319080 -0.396415 -0.860839
vn 0.717258 0.210013 -0.664406
vn -0.745531 0.607630 0.273804
vn -0.433244 -0.639070 -0.635522
vn -0.271958 -0.473466 -0.837776
vn -0.987294 -0.013605 -0.158322
vn 0.995598 -0.092411 0.015649
vn 0.935211 -0.351399 -0.043581
vn 0.867779 -0.461207 -0.185063
vn 0.765237 0.501330 0.403834
vn 0.937524 0.110747 0.329823
vn 0.623582 -0.476340 0.619875
vn 0.738806 -0.225200 0.635177
vn -0.807483 -0.426618 -0.407391
vn -0.756768 -0.448557 -0.475498
vn -0.930600 -0.174399 -0.321820
vn -0.925490 -0.193308 -0.325730
vn 0.649188 0.536836 -0.538854
vn -0.556272 0.283333 0.781207
vn 0.908831 0.215870 -0.356969
vn 0.990752 0.125579 0.051388
vn 0.800426 0.598921 0.024732
vn 0.498738 -0.090156 -0.862051
vn 0.695715 -0.187747 -0.693348
vn -0.259186 0.042012 0.964913
vn -0.355172 -0.883414 0.305666
vn 0.142618 -0.936644 -0.319933
vn 0.890574 -0.095878 -0.444619
vn 0.935130 0.106039 -0.338065
vn 0.969608 -0.070298 -0.234348
vn 0.767955 0.473653 0.431159
vn 0.021263 -0.476516 0.878908
vn -0.841738 0.342806 0.417088
vn -0.628866 0.747886 0.212587
vn -0.802549 0.595727 0.032017
vn -0.696466 0.652444 0.298752
vn -0.850518 0.295911 0.434805
vn -0.776731 0.259858 0.573727
vn -0.846462 0.520688 0.111291
vn -0.827186 0.396246 0.398436
vn 0.797412 0.423965 -0.429404
vn 0.465590 0.740046 -0.485343
vn -0.352216 -0.799513 0.486542
vn -0.735159 -0.387864 0.555970
vn -0.698214 0.145149 0.701020
vn 0.566715 -0.064359 -0.821396
vn 0.482435 -0.038632 -0.875079
vn 0.508754 -0.182247 -0.841401
vn 0.585025 -0.306820 -0.750738
vn -0.678149 -0.182826 0.711820
vn 0.021992 -0.639921 -0.768126
vn 0.626953 0.483097 -0.611185
vn 0.967951 0.147538 0.203232
vn 0.985963 0.166885 0.005086
vn 0.869274 0.455989 0.190883
vn -0.555067 -0.404761 0.726684
vn 0.535225 -0.754495 -0.379831
vn 0.450134 -0.468952 -0.759910
vn -0.987899 0.034047 -0.151318
vn 0.832679 -0.496651 -0.244916
vn 0.216390 0.693338 -0.687356
vn 0.789420 -0.034926 0.612859
vn 0.785339 -0.250389 0.566169
vn 0.446028 0.510053 -0.735462
vn 0.336572 0.612298 -0.715410
vn 0.490059 -0.042440 0.870656
vn 0.959458 -0.102006 -0.262745
vn 0.471097 0.839648 -0.270293
vn 0.767912 -0.461604 -0.444109
vn 0.393972 0.916096 0.074535
vn 0.823489 -0.164186 -0.543055
vn 0.532535 -0.038386 -0.845537
vn 0.492819 -0.361479 -0.791493
vn 0.915449 0.402430 -0.001845
vn -0.545014 -0.736523 0.400616
vn 0.646493 -0.304922 -0.699334
vn 0.578532 -0.441286 -0.685980
vn 0.853341 -0.412741 -0.318520
vn -0.845963 0.450057 0.285999
vn -0.734977 0.627151 0.257857
vn -0.762749 0.611309 0.210985
vn -0.823775 0.542834 0.163483
vn 0.799917 -0.474848 0.366950
vn 0.925335 -0.376314 0.046290
vn 0.715389 -0.000779 -0.698726
vn 0.975446 -0.220158 -0.005957
vn 0.983769 0.163806 -0.073259
vn 0.956165 -0.011468 0.292605
vn 0.977110 0.202460 0.065316
vn 0.754294 -0.189547 -0.628580
vn 0.910329 -0.130636 -0.392729
vn 0.907718 -0.286910 -0.306155
vn 0.909203 0.387698 -0.151788
vn 0.452194 0.864386 -0.219901
vn -0.537980 0.842956 -0.001243
vn 0.894659 0.043129 0.444662
vn 0.968316 -0.040908 -0.246353
vn 0.987547 0.101622 -0.120097
vn 0.850968 -0.519020 -0.080451
vn -0.781990 0.238283 0.575946
vn -0.518359 -0.084524 0.850975
vn 0.807675 -0.473939 0.350775
vn -0.543728 -0.733774 0.407353
vn -0.886467 -0.365720 -0.283595
vn -0.996647 -0.028536 0.076688
vn -0.565412 -0.723939 -0.395248
vn -0.860112 -0.502568 -0.087368
vn -0.562351 -0.614422 -0.553396
vn -0.144123 -0.822393 -0.550362
vn 0.373307 -0.128173 0.918811
vn 0.711257 0.232869 0.663239
vn -0.061100 0.198882 0.978117
vn -0.182097 -0.102686 0.977904
vn -0.489601 -0.108673 -0.865148
vn 0.675423 -0.737352 0.010773
vn -0.032487 -0.867283 -0.496754
vn 0.021430 -0.851537 -0.523857
vn 0.853483 -0.077345 0.515348
vn -0.527464 -0.463767 0.711830
vn -0.812997 0.152251 0.562011
vn -0.921282 -0.311036 0.233444
vn -0.408707 -0.736854 0.538520
vn 0.868684 -0.251646 -0.426689
vn 0.509549 -0.633784 -0.581960
vn 0.915139 -0.401523 -0.036062
vn 0.961852 -0.253537 0.102761
vn -0.166494 -0.893975 -0.416040
vn 0.216692 -0.975523 -0.037399
vn -0.002385 -0.972853 0.231412
vn -0.380431 -0.900213 -0.211868
vn 0.852346 0.067943 0.518545
vn 0.690941 -0.197298 0.695466
vn 0.876388 -0.472942 -0.090943
vn -0.972812 -0.226576 0.047963
vn -0.746172 0.081874 0.660700
vn 0.094537 -0.973020 0.210464
vn -0.642481 -0.481656 -0.596008
vn -0.545296 -0.672504 -0.500391
vn -0.484577 -0.663769 -0.569734
vn -0.399448 -0.088486 0.912475
vn -0.443706 0.143914 0.884542
vn -0.414899 0.169721 0.893898
vn -0.474554 -0.162618 0.865075
vn 0.895788 -0.223819 0.384016
vn 0.754508 -0.197782 0.625780
vn 0.962182 -0.083382 -0.259333
vn -0.063450 0.445841 -0.892860
vn -0.066287 0.474724 -0.877635
vn -0.333439 0.740954 -0.582929
vn 0.388671 0.639710 -0.663104
vn -0.177690 0.544714 -0.819581
vn 0.631904 0.273527 0.725176
vn 0.882970 -0.454842 -0.116111
vn -0.152300 -0.475705 0.866319
vn -0.202195 0.854992 -0.477605
vn 0.761834 0.647757 -0.004443
vn -0.977096 -0.052479 -0.206226
vn 0.674221 0.460971 0.577003
vn 0.950207 0.290467 0.112849
vn 0.785960 -0.010513 -0.618188
vn -0.969755 -0.000933 0.244079
vn -0.226012 0.514051 0.827448
vn -0.962093 0.022564 0.271788
vn -0.985659 -0.058744 -0.158197
vn -0.911689 -0.131554 -0.389251
vn -0.633815 -0.037112 -0.772594
vn 0.002710 -0.992065 0.125699
vn 0.946500 0.245494 -0.209451
vn 0.408238 0.324086 0.853411
vn 0.699768 -0.111896 0.705553
vn 0.966639 -0.038936 -0.253166
vn -0.877256 0.386534 0.284628
vn 0.914843 0.400753 0.049591
vn 0.785679 -0.551212 0.280847
vn -0.657749 -0.122894 0.743144
vn -0.250034 -0.121523 0.960581
vn 0.423959 0.097530 0.900415
vn 0.582747 0.089590 0.807700
vn -0.517386 -0.024876 0.855390
vn -0.530589 -0.122301 0.838760
vn -0.151270 -0.986526 -0.062322
vn -0.290652 -0.951670 0.099225
vn 0.985141 -0.050373 0.164193
vn 0.894785 0.445623 0.027940
vn 0.307105 0.885319 -0.349137
vn -0.881482 0.441015 0.168805
vn 0.820461 -0.571466 0.016452
vn -0.603544 -0.635555 0.481461
vn 0.786685 -0.616320 -0.035722
vn 0.819047 -0.559203 -0.128273
vn 0.300448 -0.800785 0.518145
vn 0.658743 -0.485595 0.574678
vn 0.648758 -0.555159 0.520492
vn -0.560697 -0.623189 -0.545210
vn -0.667281 -0.497322 -0.554443
vn -0.697284 0.477817 0.534309
vn -0.426961 0.339304 0.838199
vn -0.539919 0.215503 0.813662
vn 0.622124 0.745156 0.240217
vn -0.741509 -0.285659 -0.607094
vn -0.769071 -0.412035 -0.488628
vn 0.861095 -0.135236 0.490130
vn 0.983774 -0.045753 -0.173482
vn 0.827088 0.183596 -0.531243
vn -0.475468 -0.744505 -0.468661
vn -0.929671 -0.360534 -0.075678
vn 0.594902 -0.371709 0.712688
vn 0.976387 -0.097004 0.193026
vn 0.971567 -0.213700 0.101932
vn 0.796663 -0.162574 0.582149
vn 0.768063 0.628541 -0.122537
vn 0.828963 0.555498 -0.065132
vn 0.845326 0.467469 -0.258642
vn 0.807514 0.541096 -0.234811
vn 0.133097 0.079072 0.987944
vn -0.121531 -0.179762 0.976174
vn 0.082618 0.309891 0.947176
vn 0.301376 0.505744 0.808329
vn -0.124805 -0.988331 -0.087321
vn 0.308300 -0.750752 -0.584229
vn -0.036134 -0.903699 -0.426642
vn -0.199832 -0.972374 0.120648
vn 0.352799 0.921137 0.164438
vn 0.265417 0.941915 0.205790
vn 0.275445 0.951196 0.139125
vn 0.704028 -0.051741 -0.708284
vn 0.354408 -0.189457 -0.915697
vn 0.321745 0.169753 -0.931485
vn 0.711209 0.131798 -0.690516
vn 0.356784 0.926407 0.120314
vn 0.385500 0.438538 0.811834
vn 0.503396 0.320916 0.802250
vn 0.317434 0.273398 0.908014
vn 0.360698 0.378959 0.852225
vn -0.491830 0.361724 0.791997
vn -0.316646 0.709296 -0.629789
vn -0.766339 -0.087352 0.636471
vn 0.000067 0.284495 0.958677
vn -0.681823 -0.557698 0.473382
vn -0.705786 -0.698177 0.120064
vn -0.582827 -0.783495 -0.215517
vn -0.680911 -0.498390 -0.536627
vn -0.301722 -0.511025 -0.804871
vn -0.352238 -0.661786 -0.661792
vn 0.268587 0.959875 0.080633
vn 0.342157 0.936144 0.081020
vn -0.057956 0.314364 0.947532
vn -0.734851 0.543992 0.405051
vn -0.334604 0.546258 0.767881
vn -0.447128 0.492190 0.746877
vn -0.754568 0.365405 0.545074
vn -0.795166 -0.438126 -0.419233
vn -0.821285 -0.315545 -0.475312
vn -0.874329 -0.257492 0.411396
vn -0.638328 -0.754807 0.151011
vn -0.497896 -0.680548 0.537544
vn -0.422544 -0.541431 0.726848
vn -0.920155 -0.281671 -0.271986
vn -0.483225 -0.214126 -0.848907
vn -0.820234 -0.565850 0.083843
vn -0.491668 -0.459651 0.739583
vn -0.455966 -0.246251 0.855252
vn -0.890637 -0.434409 -0.134370
vn 0.138202 0.602038 0.786416
vn -0.226337 0.222815 0.948222
vn -0.123180 0.217855 0.968177
vn -0.495711 -0.090020 0.863810
vn -0.330708 -0.089214 0.939507
vn -0.151625 0.009781 0.988390
vn -0.223619 0.066416 0.972411
vn -0.411520 0.005306 0.911385
vn -0.306722 0.209002 0.928569
vn 0.195355 0.897521 0.395338
vn 0.312638 0.902626 0.295845
vn 0.308668 0.926624 -0.214692
vn -0.241848 -0.203578 0.948718
vn -0.410543 -0.055162 0.910171
vn -0.201076 0.068062 0.977208
vn -0.342412 -0.141253 0.928871
vn 0.294653 0.947574 -0.123623
vn 0.188731 0.974295 -0.123000
vn 0.428587 -0.601783 -0.673922
vn 0.666062 -0.043815 -0.744608
vn 0.876374 -0.234705 0.420573
vn 0.695460 -0.624683 0.355114
vn 0.207991 0.946533 -0.246606
vn 0.830705 -0.434773 -0.347710
vn 0.902155 -0.406975 -0.143133
vn 0.986542 -0.076167 -0.144686
vn 0.938539 -0.072945 -0.337378
vn -0.428941 -0.782011 -0.452182
vn -0.842468 -0.492256 -0.218933
vn -0.924227 0.122361 -0.361708
vn -0.912971 -0.001144 -0.408022
vn -0.945681 0.044657 -0.322013
vn -0.894518 0.263335 -0.361236
vn 0.777567 -0.382083 0.499402
vn 0.760828 -0.217700 0.611349
vn -0.647657 0.361229 0.670861
vn -0.999815 -0.015194 0.011789
vn -0.765766 0.042960 0.641683
vn -0.663470 0.357021 0.657529
vn -0.740946 0.358183 0.568070
vn -0.667137 -0.699299 -0.256726
vn -0.088956 -0.494824 -0.864428
vn -0.198291 -0.254082 -0.946638
vn -0.244153 -0.230821 -0.941866
vn -0.218905 -0.300086 -0.928455
vn 0.883668 0.306208 0.354073
vn 0.910248 0.073860 0.407423
vn 0.931556 0.198899 0.304371
vn 0.908105 0.403758 0.111017
vn -0.566047 -0.035434 0.823611
vn -0.354438 -0.125160 0.926665
vn -0.373225 -0.341104 0.862758
vn -0.428942 -0.100243 0.897753
vn -0.075093 0.273120 -0.959044
vn -0.981653 0.109069 -0.156401
vn -0.927006 0.262871 0.267505
vn -0.469601 0.374678 -0.799432
vn 0.996282 0.067562 -0.053457
vn 0.949087 0.288994 -0.125367
vn 0.936633 0.200433 0.287308
vn 0.742756 -0.040916 0.668311
vn 0.393068 0.354437 0.848452
vn -0.034933 -0.993402 0.109236
vn 0.300317 -0.686209 0.662516
vn 0.019128 -0.556196 0.830831
vn -0.572739 -0.470251 0.671442
vn 0.691772 0.311999 0.651236
vn -0.777016 0.103103 0.620980
vn -0.611913 0.278912 0.740115
vn -0.028195 0.111382 0.993378
vn -0.217770 0.015746 0.975873
vn 0.908411 0.397137 0.130657
vn 0.868462 0.493305 -0.049232
vn 0.217683 0.435890 0.873278
vn 0.131817 0.624084 0.770158
vn 0.726347 0.555751 0.404427
vn -0.698850 -0.159113 0.697347
vn -0.915885 -0.246856 0.316570
vn -0.819196 -0.466312 0.333873
vn -0.569729 -0.361299 0.738154
vn 0.494946 0.580327 0.646721
vn 0.670496 0.368241 0.644075
vn 0.959879 0.076366 0.269815
vn 0.358600 0.021335 0.933248
vn 0.448231 0.033402 0.893293
vn 0.655166 0.073080 0.751942
vn 0.542376 0.094152 0.834843
vn 0.338260 0.916613 0.213075
vn -0.521566 0.092401 0.848193
vn -0.812324 0.033704 0.582231
vn 0.238587 0.929803 0.280256
vn -0.085850 -0.566832 0.819348
vn 0.310878 -0.782439 0.539578
vn 0.707104 -0.657510 0.260164
vn 0.928206 -0.329868 -0.172107
vn 0.988539 -0.088065 0.122616
vn 0.810310 -0.367782 -0.456217
vn -0.862728 0.397711 0.312292
vn -0.960132 0.085890 0.266024
vn -0.980570 -0.157457 0.117003
vn -0.987782 -0.083724 0.131442
vn 0.081690 -0.667620 0.740007
vn -0.338158 0.216346 0.915884
vn -0.438357 -0.106416 0.892479
vn -0.903979 0.164616 0.394618
vn -0.011704 -0.051433 -0.998608
vn 0.652655 0.499637 0.569565
vn 0.816899 0.083531 0.570700
vn 0.910020 0.414562 0.001614
vn 0.980231 0.189624 0.056474
vn 0.927527 0.026289 0.372831
vn 0.944737 0.173640 0.278068
vn 0.921432 0.202357 0.331685
vn 0.765920 0.257197 0.589251
vn -0.817926 -0.255537 -0.515458
vn -0.822436 -0.404710 -0.399761
vn 0.789522 0.595183 0.149708
vn 0.662121 0.458497 0.592770
vn 0.248435 -0.138621 -0.958679
vn -0.299500 -0.316087 0.900216
vn -0.089602 -0.047294 0.994854
vn -0.729291 -0.682003 0.054831
vn -0.170661 -0.394456 0.902928
vn 0.218200 -0.310369 -0.925235
vn 0.541250 -0.157120 -0.826052
vn 0.543334 -0.045291 -0.838294
vn 0.450805 -0.862021 -0.231722
vn -0.054636 -0.023464 -0.998231
vn 0.164862 -0.024141 -0.986021
vn -0.002696 -0.233809 -0.972279
vn -0.272888 -0.291465 -0.916832
vn 0.639653 -0.762179 -0.099632
vn -0.853772 -0.482249 -0.196236
vn 0.429783 -0.127650 -0.893864
vn 0.254269 0.027093 0.966754
vn 0.321111 0.928357 -0.187194
vn -0.691591 -0.721796 0.026701
vn -0.021457 -0.916410 0.399665
vn 0.166025 0.135568 0.976758
vn 0.527933 0.025160 0.848913
vn 0.303185 0.128128 0.944279
vn -0.375395 -0.188755 -0.907441
vn 0.351194 -0.935732 -0.032695
vn 0.188230 -0.980519 0.056146
vn 0.440833 -0.882252 -0.165221
vn 0.587497 -0.771826 -0.243171
vn -0.112916 0.957374 0.265867
vn 0.731540 -0.011329 0.681705
vn 0.413313 -0.720855 -0.556363
vn -0.320891 -0.829369 -0.457358
vn 0.106752 -0.862372 -0.494892
vn -0.295105 -0.792099 -0.534315
vn 0.194780 -0.814443 0.546574
vn -0.633038 -0.672341 -0.383693
vn -0.310658 0.290914 0.904909
vn -0.071445 0.497555 0.864485
vn 0.510816 0.155601 0.845491
vn 0.243959 -0.036736 0.969089
vn 0.314819 0.702918 -0.637805
vn -0.934711 -0.354353 0.027387
vn 0.136099 -0.224253 0.964981
vn -0.849640 0.341960 0.401466
vn -0.356603 -0.708783 -0.608655
vn -0.324307 -0.741685 -0.587135
vn -0.341200 -0.913475 -0.221689
vn -0.646112 -0.475461 0.597056
vn -0.301949 -0.473765 -0.827269
vn -0.160633 -0.338201 -0.927263
vn -0.561738 -0.678745 0.473028
vn -0.533489 -0.760694 0.369776
vn -0.167522 -0.517982 0.838827
vn -0.921406 0.172394 0.348270
vn -0.953884 0.286848 0.088445
vn -0.400469 -0.784086 -0.474167
vn -0.666151 -0.474294 0.575576
vn 0.902533 0.141937 0.406555
vn 0.911297 0.166958 0.376382
vn 0.923115 0.212554 0.320436
vn -0.743158 0.176381 0.645450
vn -0.709966 0.247367 0.659361
vn 0.890924 0.219537 0.397565
vn 0.906904 0.377117 0.187904
vn 0.938999 0.301922 0.164695
vn 0.957713 0.232448 0.169567
vn 0.966008 -0.006913 0.258419
vn -0.241910 -0.032459 -0.969756
vn -0.100691 -0.983640 -0.149378
vn 0.047411 -0.994653 0.091744
vn 0.435762 -0.790186 -0.430951
vn 0.463083 -0.354237 -0.812447
vn 0.662651 -0.403630 -0.630854
vn 0.992616 -0.076775 -0.093914
vn 0.371052 0.011885 0.928536
vn 0.054485 0.495047 -0.867156
vn -0.184913 0.831855 -0.523282
vn 0.486492 0.147812 0.861091
vn 0.280769 0.026852 0.959400
vn 0.348964 -0.116565 0.929858
vn 0.439609 0.188764 0.878130
vn -0.290326 0.845552 -0.448055
vn -0.258071 -0.113594 -0.959425
vn -0.123541 -0.981308 -0.147557
vn 0.118792 -0.563343 -0.817639
vn 0.446055 0.381581 -0.809587
vn 0.394484 0.272350 -0.877615
vn 0.167701 -0.652736 -0.738791
vn -0.035761 -0.848275 -0.528347
vn -0.167927 -0.973460 -0.155485
vn 0.584188 0.613653 0.531182
vn 0.891109 -0.445415 -0.086778
vn 0.631039 0.323529 0.705066
vn 0.567082 0.526874 -0.633105
vn 0.991717 0.128237 -0.007212
vn 0.220542 -0.426221 -0.877323
vn -0.806883 0.156787 -0.569524
vn 0.004946 0.876413 0.481536
vn 0.136963 0.707268 0.693551
vn -0.732734 0.042752 -0.679171
vn -0.074650 0.906635 0.415259
vn -0.190096 0.216038 0.957701
vn -0.459736 -0.002226 0.888053
vn -0.225740 -0.112317 -0.967691
vn 0.024771 -0.807550 -0.589279
vn -0.646709 0.710566 0.277241
vn 0.185687 -0.563229 0.805166
vn 0.291751 0.388020 0.874255
vn 0.558989 0.829163 -0.004438
vn -0.425463 -0.491411 -0.759932
vn 0.230068 -0.344830 -0.910033
vn -0.677676 -0.530083 -0.509673
vn -0.541918 -0.217224 -0.811873
vn 0.207046 0.141466 -0.968049
vn 0.419196 -0.869262 0.262028
vn -0.749354 -0.505725 0.427447
vn 0.178103 0.118277 0.976878
vn 0.339193 0.143467 0.929712
vn 0.684311 -0.234092 0.690593
vn 0.579959 0.060235 0.812415
vn -0.980471 -0.144076 -0.133858
vn -0.742700 0.011866 -0.669519
vn -0.764562 0.117918 -0.633672
vn -0.828716 -0.093211 -0.551852
vn 0.279392 0.930580 0.236559
vn 0.646894 0.676181 0.352573
vn -0.792197 -0.170408 -0.585990
vn 0.292253 0.376390 -0.879158
vn -0.772492 -0.337096 -0.538166
vn -0.964267 0.117159 0.237618
vn -0.784596 0.221797 -0.578977
vn -0.868817 -0.203268 -0.451486
vn -0.977598 0.145551 0.152047
vn -0.962503 0.270727 -0.017165
vn -0.395541 0.464036 -0.792602
vn -0.676751 0.519636 -0.521523
vn -0.961224 0.274699 0.024270
vn -0.389158 0.065054 0.918871
vn -0.016669 -0.224988 0.974219
vn 0.049845 0.808483 0.586405
vn -0.083948 0.291479 0.952887
vn -0.222228 -0.789935 0.571504
vn -0.108201 -0.994060 -0.011755
vn -0.023259 -0.996152 0.084500
vn 0.031916 -0.157351 0.987027
vn 0.039973 0.890187 0.453839
vn -0.019054 -0.994194 -0.105906
vn 0.132176 -0.987728 0.083203
vn -0.156602 -0.982025 -0.105373
vn -0.130806 -0.988466 -0.076318
vn -0.118694 -0.281541 0.952180
vn -0.029685 -0.189312 0.981468
vn 0.951258 0.230262 -0.205152
vn 0.687603 0.081897 -0.721454
vn 0.906500 0.398980 -0.138104
vn 0.880410 0.418316 -0.223359
vn -0.341080 0.011168 0.939968
vn 0.459520 0.839480 -0.290027
vn 0.064983 0.949779 0.306099
vn 0.031933 0.963360 0.266304
vn -0.803756 -0.009452 -0.594884
vn -0.376318 0.045789 -0.925358
vn 0.018079 0.800698 0.598796
vn -0.338729 0.039440 0.940057
vn -0.421033 0.175517 0.889902
vn 0.153316 0.863290 0.480858
vn 0.010762 0.891486 0.452921
vn -0.051137 0.607066 0.793005
vn -0.245449 0.352829 0.902921
vn -0.024530 0.867435 0.496946
vn -0.149802 -0.727448 -0.669611
vn 0.236704 0.638304 0.732488
vn -0.335079 -0.873535 0.353072
vn -0.193518 -0.416116 -0.888481
vn -0.931665 0.023261 -0.362572
vn -0.822723 0.563156 -0.077347
vn 0.201847 0.126427 -0.971223
vn 0.116368 0.092997 -0.988843
vn 0.093811 0.907398 0.409669
vn 0.059854 0.863498 0.500788
vn 0.469975 0.588156 0.658177
vn 0.293822 0.619808 0.727672
vn -0.111977 0.910872 0.397206
vn -0.072924 0.697204 0.713154
vn -0.186586 0.447835 0.874431
vn 0.086364 -0.497688 -0.863046
vn -0.063939 0.022895 0.997691
vn -0.175087 0.202615 0.963479
vn -0.268762 -0.650970 0.709933
vn -0.238967 -0.685811 0.687428
vn 0.094505 0.176762 0.979706
vn 0.241623 0.307892 0.920228
vn 0.971380 0.173108 0.162648
vn -0.687507 -0.705951 0.170199
vn -0.002748 -0.172176 0.985062
vn -0.619101 -0.620323 -0.481574
vn -0.994792 -0.001429 -0.101911
vn -0.884684 0.190656 -0.425423
vn -0.765190 0.191176 0.614765
vn -0.143766 -0.058648 0.987872
vn 0.585573 0.049000 0.809137
vn 0.383823 0.067600 0.920929
vn 0.496190 0.190066 0.847154
vn 0.048623 0.179445 0.982566
vn -0.156237 -0.346509 0.924944
vn -0.076569 -0.581217 0.810138
vn 0.250276 -0.567474 0.784433
vn -0.256374 -0.655495 -0.710351
vn 0.130298 0.978641 0.159013
vn -0.023856 0.614129 0.788845
vn 0.160316 0.497191 0.852701
vn 0.037625 -0.915804 0.399859
vn 0.169242 0.117652 0.978527
vn 0.314115 0.428067 0.847402
vn 0.195143 -0.782796 0.590889
vn 0.048066 -0.426957 0.902993
vn -0.319394 -0.941076 0.111188
vn 0.414616 -0.871891 -0.260576
vn -0.025958 -0.999663 -0.000012
vn 0.103050 0.815880 0.568965
vn 0.113105 0.949545 0.292527
vn 0.046728 0.968438 0.244836
vn 0.099739 0.951446 0.291209
vn 0.007410 0.894250 0.447507
vn 0.038991 0.780903 0.623435
vn -0.037012 0.515191 0.856276
vn -0.168160 0.078369 0.982640
vn 0.082401 0.777027 0.624051
vn 0.091247 0.777155 0.622660
vn 0.118873 0.876263 0.466940
vn 0.053650 0.902400 0.427546
vn -0.031978 0.318145 0.947503
vn -0.153428 0.332112 0.930678
vn 0.408395 0.184567 -0.893951
vn 0.657486 -0.064077 -0.750737
vn 0.247469 0.129138 -0.960251
vn 0.318483 0.288121 -0.903081
vn 0.094033 0.936953 0.336566
vn 0.103059 0.903044 0.417001
vn 0.175231 0.875314 0.450688
vn 0.132722 0.932734 0.335249
vn -0.159744 0.027154 0.986785
vn 0.487796 0.341522 0.803379
vn -0.551706 -0.230316 0.801607
vn 0.309014 -0.213213 0.926850
vn 0.048092 0.958317 0.281631
vn 0.106948 0.885795 0.451586
vn 0.768825 0.039276 0.638252
vn 0.960265 -0.203213 0.191299
vn 0.592597 -0.123002 -0.796052
vn 0.723463 0.193117 -0.662803
vn 0.082874 -0.899990 -0.427960
vn 0.298310 -0.350941 -0.887610
vn -0.110831 -0.588820 -0.800630
vn 0.005521 -0.999709 -0.023482
vn -0.455411 -0.030492 0.889759
vn 0.840780 0.188710 -0.507423
vn -0.734934 0.677856 -0.019586
vn -0.097846 -0.120966 -0.987823
vn -0.332106 0.753026 -0.568029
vn -0.126531 0.810923 -0.571309
vn 0.011084 0.920589 0.390376
vn 0.110479 0.911419 0.396371
vn -0.302198 0.827538 -0.473136
vn -0.950682 0.202693 0.234775
vn -0.654713 0.590157 -0.472298
vn 0.059720 0.843312 -0.534096
vn -0.078817 0.915643 0.394189
vn 0.196626 0.895067 -0.400242
vn 0.397840 0.172838 0.901028
vn -0.140198 0.906994 0.397123
vn 0.457399 0.785113 -0.417592
vn -0.944967 0.112176 0.307334
vn -0.283346 -0.951228 0.121986
vn -0.460905 -0.871362 0.168212
vn 0.635572 -0.356248 -0.684934
vn 0.621987 -0.517182 -0.587924
vn 0.714612 -0.242513 -0.656138
vn 0.497381 -0.376314 -0.781665
vn 0.159322 0.430881 0.888233
vn 0.528925 0.830943 -0.172544
vn 0.549914 0.680246 0.484623
vn -0.164746 -0.272498 0.947947
vn -0.125589 -0.206013 0.970457
vn -0.909441 -0.393519 0.134389
vn 0.950194 -0.218210 0.222519
vn -0.511012 0.452703 0.730703
vn -0.729538 0.284644 0.621894
vn -0.679479 0.584080 0.444025
vn -0.262354 -0.096102 0.960174
vn -0.595211 0.714123 -0.368447
vn -0.254445 -0.723718 0.641475
vn -0.359611 0.355297 0.862812
vn -0.214247 -0.500528 0.838791
vn -0.093623 -0.020467 0.995397
vn 0.263652 -0.050403 0.963300
vn 0.026247 -0.114422 0.993085
vn -0.604157 -0.305871 0.735824
vn -0.600925 -0.212284 0.770600
vn -0.982868 0.181661 0.031143
vn -0.978155 0.128754 -0.163203
vn -0.791686 0.346624 0.503076
vn -0.956366 0.066126 0.284592
vn 0.256408 0.773668 0.579390
vn 0.408714 0.900249 -0.150016
vn -0.102790 -0.986272 -0.129233
vn -0.349188 -0.930770 0.108331
vn -0.637665 -0.339540 -0.691445
vn -0.816616 -0.511688 -0.267048
vn 0.324525 0.190888 0.926415
vn 0.996610 -0.071939 -0.039917
vn -0.947655 0.318773 -0.018250
vn -0.657771 0.220266 -0.720291
vn -0.395566 -0.163097 -0.903840
vn 0.055017 -0.108467 -0.992576
vn -0.079502 0.000394 -0.996835
vn 0.024617 -0.298197 -0.954187
vn -0.055198 -0.247455 -0.967326
vn 0.123917 0.006573 -0.992271
vn -0.063780 -0.897581 -0.436212
vn -0.232849 -0.482226 -0.844535
vn -0.397087 -0.731253 0.554608
vn -0.652862 -0.713038 -0.255632
vn -0.214683 -0.692207 0.689028
vn -0.211999 -0.718934 0.661959
vn -0.295762 -0.632354 0.715998
vn -0.438257 -0.398197 0.805835
vn -0.678527 -0.283616 0.677615
vn -0.344587 -0.325213 0.880623
vn -0.596419 0.338407 0.727850
vn -0.271461 0.420500 0.865730
vn 0.676383 0.589566 0.441496
vn 0.016801 0.025713 0.999528
vn -0.370050 -0.037709 0.928246
vn 0.383006 -0.243963 -0.890948
vn -0.378269 -0.125215 0.917188
vn 0.085951 0.327755 0.940845
vn 0.011058 0.079681 0.996759
vn 0.752692 -0.505897 0.421334
vn 0.511775 -0.372196 -0.774311
vn 0.399298 -0.382111 -0.833398
vn 0.914489 -0.187922 0.358322
vn -0.194763 0.668774 0.717501
vn 0.664590 0.138770 0.734209
vn 0.464542 0.094257 -0.880521
vn -0.399279 -0.115876 0.909477
vn -0.378901 0.133789 0.915715
vn 0.911090 0.089597 0.402352
vn 0.833079 0.229280 0.503399
vn -0.751126 0.394731 -0.529148
vn -0.792669 0.414237 0.447307
vn -0.754020 0.418625 0.506169
vn 0.986494 0.045608 0.157317
vn -0.312392 0.156459 -0.936980
vn -0.632575 -0.301412 0.713443
vn -0.521766 -0.003063 0.853083
vn -0.438031 0.843937 0.309676
vn -0.919008 0.041601 0.392037
vn -0.986803 0.155283 0.045903
vn -0.971096 0.156216 0.180470
vn -0.935887 -0.165689 0.310905
vn -0.724670 0.679622 0.113879
vn 0.363417 0.184841 -0.913106
vn 0.290929 0.308329 -0.905701
vn 0.180089 0.114551 -0.976958
vn 0.145772 -0.027405 -0.988939
vn 0.163456 -0.329485 -0.929904
vn -0.304943 -0.306649 -0.901652
vn -0.659964 0.738907 0.135883
vn 0.876930 0.124103 0.464318
vn -0.428871 -0.200310 0.880877
vn -0.306399 -0.175876 -0.935514
vn 0.776972 0.330661 -0.535703
vn -0.036721 -0.413409 -0.909805
vn 0.176358 -0.390997 0.903338
vn 0.103159 0.978757 -0.177182
vn -0.030318 0.774491 0.631858
vn -0.304324 0.358391 0.882577
vn -0.703202 0.159122 -0.692956
vn -0.916277 0.032606 -0.399216
vn -0.977022 -0.207621 -0.048173
vn -0.975105 -0.006587 -0.221646
vn -0.903087 -0.271327 0.332889
vn -0.984145 0.010501 0.177057
vn -0.994794 -0.032203 -0.096681
vn -0.246016 0.603680 0.758319
vn 0.093002 0.894824 -0.436624
vn 0.122841 0.883681 0.451683
vn -0.335506 0.389565 0.857715
vn -0.266099 0.513446 0.815821
vn -0.126391 0.329811 0.935548
vn -0.000640 0.373300 0.927710
vn -0.210346 0.162433 0.964038
vn -0.215613 0.476376 0.852395
vn -0.128541 0.456766 0.880251
vn -0.590083 -0.580479 0.561112
vn 0.283558 -0.208534 -0.936006
vn -0.728821 -0.460508 -0.506707
vn 0.734483 -0.039496 -0.677476
vn -0.887571 -0.443135 -0.125891
vn -0.411868 -0.073544 -0.908271
vn 0.752887 -0.071786 -0.654223
vn -0.457681 0.088166 0.884734
vn -0.545066 -0.060244 0.836226
vn -0.159620 -0.934851 0.317135
vn 0.187211 -0.464815 -0.865389
vn -0.454409 -0.107293 0.884308
vn -0.273274 0.132338 0.952790
vn 0.239118 -0.969439 -0.054864
vn 0.239809 -0.960732 0.139590
vn -0.572359 -0.267421 0.775172
vn -0.763756 -0.202615 0.612882
vn -0.253449 0.161102 0.953839
vn -0.086020 -0.581561 0.808942
vn -0.205075 -0.635312 0.744529
vn -0.280976 -0.219765 0.934214
vn 0.981523 -0.079632 -0.173986
vn 0.303035 -0.863284 0.403623
vn 0.608103 0.473908 -0.636885
vn 0.665552 -0.736111 -0.123210
vn -0.816167 0.465233 0.342681
vn -0.351210 -0.535948 0.767731
vn -0.240329 -0.286669 0.927396
vn -0.339822 -0.679791 0.649927
vn -0.354276 -0.589630 0.725827
vn 0.691138 -0.486633 -0.534337
vn -0.723130 0.532601 -0.439795
vn -0.652311 0.406921 0.639457
vn -0.383260 -0.647644 0.658535
vn -0.319144 -0.463286 0.826749
vn 0.172937 -0.678815 0.713654
vn 0.667706 0.621133 0.410320
vn 0.205769 0.953501 -0.220216
vn -0.171395 0.609628 0.773937
vn 0.009873 0.684477 0.728968
vn -0.108557 -0.449076 0.886874
vn -0.209050 -0.818114 0.535712
vn 0.324689 -0.935024 0.142503
vn 0.715199 -0.460857 0.525454
vn -0.461378 -0.035271 0.886502
vn -0.223594 -0.339215 0.913750
vn -0.294701 -0.818810 0.492647
vn -0.188935 -0.820633 0.539319
vn -0.294420 -0.797382 0.526782
vn -0.230587 -0.725481 0.648465
vn 0.512007 -0.267388 0.816304
vn 0.723107 0.160019 0.671946
vn 0.255254 -0.630980 0.732605
vn -0.235997 -0.687279 0.686989
vn -0.292091 -0.675447 0.677093
vn -0.246104 -0.513735 0.821894
vn 0.168063 0.903785 0.393609
vn -0.634445 -0.150130 -0.758248
vn 0.882311 0.199062 0.426499
vn -0.314942 -0.717776 0.620974
vn -0.354048 -0.501203 0.789586
vn 0.955202 -0.196153 0.221615
vn 0.459441 -0.225142 -0.859200
vn 0.107027 -0.649345 -0.752925
vn 0.645486 -0.484940 -0.590068
vn -0.676987 -0.538597 0.501599
vn -0.543867 -0.808015 0.226541
vn -0.255971 -0.818317 0.514622
vn 0.184716 0.314161 0.931226
vn 0.311203 0.350252 0.883446
vn 0.413934 0.507952 0.755409
vn -0.273342 0.625165 0.731062
vn -0.999847 0.006869 -0.016112
vn -0.958382 0.101859 0.266699
vn -0.971869 0.096278 -0.214945
vn 0.824563 -0.430039 -0.367644
vn 0.504750 -0.370990 -0.779483
vn 0.718872 -0.346156 -0.602826
vn 0.975824 -0.205169 -0.075325
vn -0.494746 0.218463 -0.841130
vn 0.610421 0.091045 -0.786828
vn -0.193172 -0.504840 0.841321
vn -0.262434 -0.937375 -0.229033
vn -0.237590 -0.337594 0.910813
vn 0.293203 -0.386342 -0.874512
vn 0.088292 -0.681829 0.726164
vn 0.027829 0.913774 0.405268
vn -0.114336 -0.544296 -0.831065
vn 0.564532 -0.249680 -0.786742
vn -0.545024 -0.761854 -0.350039
vn -0.414388 -0.836436 0.358687
vn -0.444266 -0.704817 0.553047
vn -0.183596 -0.836847 -0.515733
vn -0.120394 -0.833976 0.538507
vn 0.039584 -0.866361 0.497847
vn 0.001595 -0.692718 -0.721207
vn 0.443671 -0.705963 0.552062
vn -0.240601 -0.562841 0.790772
vn -0.629780 -0.145265 0.763069
vn 0.201819 -0.113946 0.972772
vn 0.263160 0.724040 0.637583
vn -0.379429 -0.160169 0.911252
vn 0.482404 0.103071 0.869864
vn 0.296530 0.317609 0.900663
vn 0.234828 0.420109 0.876564
vn 0.066359 -0.281134 0.957371
vn -0.094896 -0.815681 0.570665
vn 0.049116 -0.761668 0.646103
vn -0.540398 -0.483393 0.688695
vn -0.164327 -0.951097 -0.261554
vn -0.374666 -0.101355 0.921603
vn -0.306377 -0.949182 -0.072021
vn -0.559754 -0.413510 -0.718112
vn 0.149852 -0.898477 0.412654
vn -0.787879 0.197956 0.583147
vn -0.920643 -0.220135 0.322424
vn -0.027430 -0.674777 -0.737512
vn 0.541214 -0.568314 -0.619763
vn 0.397741 -0.435948 -0.807311
vn 0.872980 0.438403 0.213796
vn -0.827854 0.537764 -0.159587
vn -0.415117 0.598923 0.684813
vn -0.803575 -0.496034 0.328965
vn -0.101564 0.089381 -0.990806
vn 0.514323 0.241659 -0.822845
vn 0.379021 0.253453 -0.890003
vn 0.164569 0.848401 -0.503123
vn 0.309091 0.034447 0.950408
vn 0.294791 0.295563 -0.908703
vn -0.904305 0.076921 0.419899
vn -0.979788 -0.084168 0.181469
vn -0.960383 -0.239102 0.143160
vn -0.931030 0.194669 0.308686
vn 0.024985 -0.349058 0.936768
vn -0.604891 0.469201 -0.643395
vn -0.439056 0.733932 0.518242
vn 0.356470 0.080757 0.930810
vn -0.582726 -0.727548 0.362084
vn 0.003615 -0.110700 -0.993847
vn -0.993852 -0.069249 -0.086387
vn 0.120889 0.285140 -0.950832
vn -0.143743 -0.104008 -0.984134
vn 0.438582 -0.236677 -0.866966
vn 0.683489 0.676741 0.273613
vn 0.000238 0.739582 -0.673067
vn 0.351878 0.039423 -0.935216
vn 0.253529 0.851146 -0.459645
vn -0.804706 0.263104 0.532189
vn -0.093120 -0.361348 0.927769
vn -0.080958 -0.820396 0.566035
vn 0.540350 0.360466 -0.760320
vn 0.289585 0.339783 -0.894812
vn -0.171868 -0.809577 0.561290
vn -0.660165 -0.725215 0.195561
vn -0.371328 -0.119081 0.920834
vn -0.361246 0.266920 0.893451
vn 0.062039 0.326496 0.943160
vn 0.521858 0.837879 0.160070
vn -0.330427 0.890779 -0.311979
vn 0.625902 -0.671992 -0.395821
vn 0.320952 -0.109323 -0.940765
vn 0.477883 0.038616 -0.877575
vn 0.972168 -0.177284 -0.153166
vn 0.265206 0.294473 -0.918124
vn 0.268572 0.072523 -0.960526
vn 0.938155 -0.072164 0.338611
vn -0.738930 0.589383 -0.326512
vn 0.103366 0.430633 -0.896589
vn 0.829692 0.323817 0.454701
vn 0.436279 0.471114 -0.766624
vn 0.647834 0.451905 -0.613264
vn -0.351069 -0.075525 -0.933299
vn -0.268175 0.058165 -0.961613
vn 0.534056 0.105658 -0.838821
vn 0.497083 0.291080 -0.817423
vn -0.991024 -0.042599 -0.126717
vn -0.933601 -0.054807 0.354098
vn -0.992416 0.105417 0.063224
vn -0.915205 -0.158416 -0.370545
vn -0.962307 -0.167905 -0.213946
vn -0.864156 -0.323525 -0.385442
vn -0.989001 -0.078159 0.125574
vn -0.997041 0.046335 0.061344
vn -0.754266 0.227568 0.615870
vn -0.606048 0.237867 -0.759029
vn -0.281825 -0.923828 -0.259069
vn -0.231365 -0.750835 0.618642
vn 0.653971 0.293584 -0.697230
vn 0.608967 0.431557 -0.665521
vn 0.467150 0.457452 -0.756643
vn -0.662363 -0.660571 0.353443
vn -0.583356 -0.438277 0.683819
vn 0.736573 0.179929 0.651986
vn -0.007777 -0.016259 0.999838
vn -0.595689 -0.016334 0.803049
vn -0.230848 -0.082587 -0.969478
vn 0.527671 0.154967 0.835194
vn 0.385637 -0.072258 0.919817
vn -0.430759 -0.204966 0.878883
vn -0.107722 0.048713 0.992987
vn 0.274385 -0.130062 0.952784
vn -0.590902 -0.112305 0.798888
vn -0.771843 0.492737 0.401831
vn -0.541123 0.809618 0.227385
vn -0.483759 0.837395 0.254455
vn -0.134170 0.914804 -0.380961
vn -0.543673 0.748942 0.378823
vn -0.361611 0.661802 0.656701
vn -0.065307 0.939122 -0.337319
vn -0.238341 -0.473918 0.847700
vn -0.190528 0.352066 0.916378
vn -0.389013 0.865945 0.314336
vn -0.543010 0.745254 0.386958
vn -0.559175 0.382194 0.735698
vn -0.614703 0.211360 0.759912
vn 0.140242 0.989060 0.045733
vn 0.008146 0.936586 0.350342
vn -0.497031 -0.599619 0.627230
vn -0.746739 -0.410225 0.523541
vn 0.165871 -0.717124 -0.676920
vn 0.562798 -0.514858 -0.646668
vn 0.526091 0.294376 -0.797854
vn -0.051025 0.498197 0.865561
vn -0.668271 0.585132 0.459384
vn 0.915115 -0.367823 -0.165137
vn 0.977719 -0.137848 0.158314
vn 0.382115 0.804006 -0.455591
vn -0.529802 0.769437 0.356759
vn -0.502199 0.745948 0.437445
vn -0.481248 0.430007 0.763868
vn -0.388122 0.765169 0.513690
vn -0.579819 0.182357 0.794076
vn -0.549166 0.712791 0.436286
vn -0.485480 0.740828 0.464201
vn -0.611828 0.400234 0.682260
vn -0.488350 0.695726 0.526763
vn -0.598269 0.450537 0.662639
vn -0.129121 0.668308 0.732593
vn -0.374431 0.366569 0.851721
vn -0.469128 0.212206 0.857256
vn -0.574604 0.065841 0.815779
vn -0.153796 0.443997 0.882731
vn -0.020817 0.713523 0.700322
vn -0.199668 0.518732 0.831294
vn 0.272081 -0.864465 -0.422696
vn 0.551567 -0.769576 -0.321756
vn -0.024174 -0.796296 -0.604424
vn -0.111754 -0.862458 -0.493637
vn -0.088701 0.618384 0.780854
vn -0.379326 0.294822 0.877036
vn -0.351949 0.179462 0.918654
vn -0.970739 -0.238926 -0.024076
vn 0.092089 0.777202 0.622477
vn 0.083109 0.646290 0.758552
vn 0.237178 0.777007 0.583102
vn 0.179971 0.864414 0.469467
vn 0.124587 0.898698 0.420501
vn -0.750224 -0.034905 0.660262
vn -0.729071 0.647408 0.222077
vn 0.077329 0.667393 0.740680
vn 0.349108 0.813241 0.465578
vn 0.242911 0.837156 0.490065
vn 0.127724 0.847578 0.515072
vn 0.140692 0.894822 0.423673
vn 0.108693 0.852732 0.510914
vn 0.023192 0.760250 0.649216
vn -0.356549 -0.775133 0.521576
vn -0.110108 0.111317 0.987666
vn 0.006134 -0.646258 0.763094
vn 0.502735 0.285642 0.815884
vn -0.346624 0.141113 0.927329
vn 0.407397 -0.432513 -0.804338
vn -0.888111 -0.452921 -0.078237
vn -0.327030 -0.842479 -0.428112
vn -0.263929 -0.858801 -0.439092
vn -0.341402 0.575618 0.743040
vn -0.138657 -0.195214 0.970910
vn -0.136058 0.451113 0.882035
vn -0.305491 -0.557498 0.771927
vn -0.370776 -0.457336 0.808313
vn -0.475596 0.673368 0.566025
vn -0.544445 0.470585 0.694355
vn -0.235688 0.718387 0.654501
vn -0.425997 0.610776 0.667443
vn -0.511508 0.162599 0.843754
vn -0.489920 0.230598 0.840716
vn -0.523147 0.252834 0.813875
vn -0.437968 0.396241 0.806956
vn 0.196186 -0.948859 -0.247340
vn 0.731735 -0.063788 -0.678597
vn 0.515688 0.440462 0.734887
vn 0.223954 0.143812 0.963931
vn -0.147519 -0.280495 0.948452
vn 0.277859 0.230497 0.932559
vn 0.564176 0.601795 0.565286
vn 0.674308 0.534456 0.509574
vn 0.578112 0.478476 0.660945
vn 0.334057 0.249948 0.908808
vn 0.223509 0.665005 0.712610
vn -0.107080 0.142574 0.983975
vn 0.240178 0.390743 0.888614
vn 0.257643 0.604821 0.753533
vn 0.388537 0.783149 0.485507
vn 0.439064 0.749440 0.495542
vn 0.529173 0.534834 0.658733
vn 0.417117 0.290781 0.861081
vn 0.619565 0.623551 0.476783
vn -0.440356 -0.640956 0.628699
vn -0.308880 -0.778836 0.545900
vn -0.348648 -0.618601 0.704115
vn -0.243409 -0.760496 0.601995
vn -0.492455 -0.509372 0.705711
vn -0.402476 -0.597115 0.693878
vn -0.284969 -0.187810 0.939958
vn -0.431733 -0.562984 0.704738
vn -0.487967 -0.064445 0.870480
vn -0.532064 -0.077203 0.843177
vn -0.409849 -0.502156 0.761488
vn -0.511242 -0.315331 0.799499
vn 0.659152 0.576764 -0.482558
vn 0.669552 0.653377 -0.353269
vn 0.480412 0.767199 -0.424983
vn 0.479991 0.668545 -0.568029
vn -0.098797 -0.453758 -0.885631
vn -0.516465 -0.829379 0.213060
vn -0.448958 -0.828694 0.334220
vn -0.109892 -0.455023 -0.883673
vn -0.149371 -0.544597 -0.825289
vn -0.308514 -0.769005 0.559866
vn -0.223599 -0.715396 0.661976
vn -0.366302 -0.809122 0.459505
vn -0.251796 -0.901417 0.352201
vn -0.249224 -0.746029 0.617517
vn -0.434204 -0.599197 0.672629
vn -0.362682 -0.730471 0.578683
vn 0.699990 0.139557 -0.700384
vn 0.792491 0.147818 0.591698
vn 0.907907 0.140093 0.395069
vn 0.841190 0.070977 0.536062
vn -0.254506 -0.463630 0.848689
vn -0.054704 -0.360144 0.931291
vn 0.061878 -0.213654 0.974948
vn 0.149772 -0.159353 0.975794
vn -0.075163 -0.384691 0.919980
vn 0.893263 -0.044244 -0.447352
vn 0.897041 -0.143484 -0.418008
vn 0.990213 -0.042928 0.132799
vn 0.997020 0.052296 -0.056717
vn 0.981478 0.186194 -0.045087
vn 0.823739 -0.471690 0.314582
vn 0.905028 -0.367237 -0.214621
vn 0.073106 -0.403220 0.912178
vn -0.215913 -0.185376 0.958654
vn -0.777665 0.182793 0.601518
vn 0.751730 -0.262226 -0.605095
vn -0.447456 -0.353078 -0.821656
vn -0.951444 -0.271282 -0.145465
vn -0.379527 0.555065 0.740177
vn -0.267001 -0.961293 -0.068020
vn -0.254806 -0.966187 0.039448
vn -0.973124 -0.221632 -0.062526
vn 0.936459 -0.082091 0.341036
vn 0.987957 -0.021865 0.153173
vn 0.985592 0.041961 0.163852
vn 0.777227 -0.098120 0.621522
vn 0.956711 -0.061749 0.284415
vn 0.800021 -0.275458 0.533000
vn 0.900580 -0.324953 0.288725
vn -0.291744 0.197696 -0.935843
vn -0.546728 0.102703 -0.830987
vn 0.606456 0.178153 -0.774902
vn 0.764861 0.532852 0.362017
vn 0.745273 0.608149 0.273356
vn 0.954234 -0.229069 0.192262
vn 0.825431 -0.449793 0.341100
vn -0.328437 0.514636 -0.792010
vn 0.696417 0.487366 -0.526761
vn 0.607553 -0.002700 -0.794275
vn 0.711953 0.090137 -0.696418
vn 0.646902 -0.022960 -0.762228
vn 0.939993 -0.237917 -0.244556
vn 0.572812 -0.514270 -0.638289
vn 0.825823 -0.563625 -0.018529
vn 0.816468 -0.427544 -0.388055
vn 0.624210 0.722627 -0.296937
vn -0.196707 0.554395 -0.808673
vn -0.039088 0.629835 -0.775745
vn -0.053621 0.358212 -0.932099
vn -0.696883 0.693335 -0.183416
vn 0.134885 -0.688220 -0.712852
vn 0.938582 -0.103199 -0.329262
vn 0.763947 0.049910 0.643345
vn 0.773145 -0.554124 0.308536
vn -0.886651 0.442532 -0.134223
vn -0.455136 0.835717 -0.307293
vn -0.043333 -0.352364 0.934859
vn 0.843450 -0.451494 0.291110
vn -0.853857 0.225990 0.468889
vn 0.638513 0.636253 -0.432993
vn 0.821923 0.569503 -0.010401
vn -0.916941 -0.388210 0.092261
vn -0.849616 0.152095 0.504994
vn -0.843959 0.462576 0.271583
vn -0.308448 -0.169510 0.936016
vn 0.559868 0.167421 0.811491
vn 0.253678 -0.346437 0.903122
vn 0.057925 0.516411 0.854380
vn 0.693233 0.182648 0.697186
vn -0.393191 -0.078128 0.916131
vn 0.895084 0.422265 -0.143235
vn 0.883488 0.443162 -0.151843
vn 0.959504 0.278147 0.044573
vn 0.978589 0.181180 0.097662
vn 0.422088 -0.415286 -0.805841
vn 0.920355 -0.363963 0.143099
vn -0.127908 0.396963 0.908878
vn 0.586815 0.773523 0.239394
vn -0.801333 0.598179 -0.006890
vn -0.837755 0.530759 -0.128300
vn -0.627766 0.778103 -0.021579
vn -0.626513 0.778426 0.039170
vn 0.539028 -0.020879 -0.842029
vn -0.759284 0.439765 0.479682
vn 0.479623 -0.312359 -0.819996
vn 0.464633 -0.003692 -0.885496
vn 0.480691 -0.077238 -0.873482
vn 0.520004 -0.355555 -0.776645
vn -0.855836 0.441743 0.269087
vn -0.841534 0.490984 0.225290
vn -0.908979 0.325825 -0.259991
vn -0.827790 0.512198 0.228948
vn 0.859526 -0.504760 -0.080199
vn 0.961983 0.236131 0.137227
vn 0.913092 0.404863 -0.048456
vn 0.969282 0.046139 0.241584
vn 0.998753 0.030397 0.039613
vn 0.963186 0.245338 -0.109921
vn -0.870656 -0.071191 -0.486713
vn -0.763280 0.111236 -0.636419
vn 0.639844 0.100879 0.761855
vn 0.481328 0.209346 0.851174
vn 0.435228 -0.135586 0.890052
vn 0.660631 -0.276124 0.698085
vn 0.536262 -0.831070 -0.147466
vn 0.651922 -0.530442 0.541876
vn -0.676791 0.360794 -0.641702
vn -0.869123 0.451357 -0.202244
vn -0.747712 0.152279 -0.646326
vn -0.443261 -0.313083 -0.839940
vn -0.376133 -0.073769 0.923625
vn -0.491195 -0.621938 0.609853
vn -0.576103 -0.460784 0.675117
vn -0.556875 -0.029904 0.830058
vn -0.942980 -0.071702 -0.325035
vn -0.971695 0.167965 -0.166121
vn -0.864815 0.466816 0.184873
vn -0.926740 0.356781 0.117726
vn -0.930213 -0.100849 -0.352893
vn -0.998255 0.038700 -0.044600
vn -0.877077 -0.145307 -0.457845
vn -0.888678 -0.014411 -0.458305
vn -0.393077 0.782935 0.482186
vn -0.360594 0.758201 0.543234
vn -0.518525 0.328255 0.789545
vn -0.529515 0.570476 0.627830
vn -0.656786 -0.434050 0.616630
vn -0.545819 -0.570698 0.613502
vn -0.408489 -0.414628 0.813154
vn -0.485837 -0.296050 0.822385
vn -0.348894 -0.334225 0.875538
vn -0.676158 -0.380261 0.631041
vn 0.149025 0.459472 0.875601
vn 0.958205 0.003483 -0.286061
vn 0.504963 -0.657909 0.558720
vn 0.916927 0.074607 0.392018
vn 0.177426 -0.816698 0.549112
vn 0.705230 -0.125984 -0.697695
vn -0.152557 -0.816629 0.556636
vn 0.508797 -0.562818 0.651431
vn 0.933151 0.096506 0.346289
vn 0.828875 -0.545000 0.126263
vn -0.068200 -0.897323 0.436073
vn -0.270369 -0.612226 0.743021
vn 0.217617 -0.834875 0.505595
vn -0.872411 -0.469036 -0.137494
vn -0.726001 -0.592147 -0.349690
vn -0.994704 -0.079453 -0.065195
vn -0.704100 -0.708910 0.041099
vn 0.038637 -0.236430 0.970880
vn -0.073050 -0.166208 0.983381
vn -0.276790 -0.468367 0.839059
vn -0.309441 -0.618778 0.722053
vn -0.249496 -0.942104 -0.224035
vn -0.562461 -0.824826 0.057452
vn -0.239403 -0.927375 0.287511
vn 0.087343 -0.995887 -0.024068
vn -0.830196 0.365797 0.420674
vn -0.836359 0.216133 0.503776
vn -0.997745 -0.060031 -0.030013
vn 0.896091 -0.443670 -0.013362
vn 0.802849 -0.092576 0.588951
vn 0.430994 -0.181226 0.883969
vn 0.802046 -0.540771 0.253553
vn -0.183158 -0.759977 0.623609
vn 0.686352 -0.688907 -0.233083
vn 0.723919 -0.487982 -0.487663
vn 0.877335 0.403220 0.260188
vn 0.199532 0.300517 0.932672
vn 0.845531 0.458278 0.273968
vn 0.570160 0.523946 0.632770
vn 0.357441 -0.757120 0.546814
vn 0.394851 -0.471266 0.788671
vn 0.714277 -0.550454 0.432214
vn 0.858824 0.147883 0.490462
vn 0.279585 -0.331629 0.901030
vn 0.702491 -0.305628 0.642727
vn 0.110439 0.230869 0.966697
vn 0.889919 -0.450313 0.072542
vn 0.249585 0.593246 -0.765353
vn 0.255330 0.701820 -0.665023
vn 0.261980 0.871196 -0.415191
vn 0.256104 0.901738 -0.348252
vn -0.198889 0.675748 0.709794
vn -0.412386 -0.058249 0.909145
vn 0.146142 -0.742149 -0.654108
vn 0.038821 -0.772083 -0.634335
vn 0.051107 -0.839467 -0.541002
vn 0.106656 -0.837555 -0.535841
vn 0.061346 -0.799890 -0.597004
vn 0.153883 -0.686870 -0.710302
vn 0.169779 -0.726516 -0.665845
vn 0.070833 -0.771431 -0.632358
vn 0.334930 -0.875550 0.348187
vn 0.195826 -0.927993 0.316987
vn 0.147237 -0.018045 0.988937
vn 0.366384 -0.047546 0.929248
vn 0.175042 0.494746 0.851227
vn 0.199005 0.591385 0.781447
vn 0.290231 0.737472 0.609838
vn 0.434206 0.782396 0.446455
vn 0.379259 0.426842 0.820956
vn 0.271854 0.115823 0.955343
vn 0.114416 0.319336 0.940709
vn -0.037573 -0.237931 0.970555
vn -0.230608 -0.318911 0.919302
vn -0.085435 -0.776223 0.624643
vn -0.152819 -0.873027 0.463108
vn 0.066760 -0.561889 0.824514
vn 0.080926 -0.180304 0.980276
vn 0.334000 0.730990 0.595061
vn 0.493881 0.709912 0.502102
vn -0.280782 -0.488141 0.826366
vn -0.262798 -0.664369 0.699679
vn -0.195784 -0.263233 0.944657
vn 0.035912 -0.210168 0.977005
vn 0.008487 -0.052238 0.998599
vn -0.335698 -0.341451 0.877905
vn -0.072200 0.461791 0.884045
vn -0.269307 0.188422 0.944442
vn -0.030807 0.568981 0.821774
vn -0.184237 0.060761 0.981002
vn 0.085863 0.238973 0.967222
vn -0.326515 -0.404173 0.854419
vn 0.271790 0.307461 0.911920
vn 0.107414 0.320380 0.941180
vn -0.373272 -0.291261 0.880815
vn -0.453425 -0.054993 0.889597
vn 0.145366 -0.246664 0.958136
vn -0.018460 -0.031847 0.999322
vn -0.325600 0.136581 0.935591
vn -0.424554 0.092438 0.900672
vn -0.526653 0.252483 0.811720
vn -0.537608 0.123206 0.834145
vn -0.272755 0.263104 0.925409
vn -0.437850 0.082496 0.895255
vn -0.189334 0.389355 0.901418
vn 0.372186 0.508332 0.776580
vn -0.493866 0.362651 0.790304
vn -0.605596 0.486529 0.629716
vn -0.500545 0.229657 0.834693
vn -0.611004 0.235039 0.755930
vn -0.308439 -0.096721 0.946314
vn -0.343202 -0.063599 0.937106
vn -0.046335 -0.942366 -0.331359
vn 0.112823 -0.954695 -0.275369
vn -0.099244 -0.774731 0.624453
vn -0.345038 -0.926975 0.147195
vn -0.917153 -0.322115 -0.234676
vn -0.535812 -0.792545 -0.291166
vn -0.546388 0.729514 0.411423
vn 0.893989 -0.299717 -0.333097
vn 0.451620 -0.705485 -0.546196
vn 0.287162 -0.510518 -0.810499
vn -0.936141 0.348924 0.043494
vn -0.937220 0.033236 -0.347151
vn -0.053041 -0.922463 -0.382426
vn -0.963001 -0.227103 0.145097
vn -0.738364 0.071604 0.670590
vn -0.111180 -0.044676 0.992796
vn 0.299300 0.156672 0.941208
vn 0.035920 -0.175376 0.983846
vn 0.267842 -0.134726 0.953997
vn 0.385508 -0.164593 0.907906
vn 0.358105 -0.243057 0.901490
vn 0.113831 -0.723903 -0.680446
vn 0.290294 -0.901931 0.319766
vn -0.249728 -0.688632 -0.680751
vn -0.406779 -0.765007 -0.499294
vn -0.117741 -0.730507 -0.672678
vn -0.888796 0.437592 0.136214
vn -0.945547 -0.104330 -0.308312
vn -0.934303 0.155003 -0.321019
vn -0.918441 -0.247210 -0.308792
vn 0.006182 -0.993406 0.114484
vn -0.185051 -0.256683 0.948615
vn 0.165617 0.404848 0.899260
vn -0.083844 0.599907 0.795664
vn 0.183604 0.294669 0.937795
vn -0.074189 0.719030 0.691008
vn -0.100722 0.821758 0.560865
vn 0.082737 0.475093 0.876037
vn 0.317931 0.353034 0.879936
vn 0.270747 0.463885 0.843509
vn -0.055187 -0.868348 -0.492875
vn -0.970860 -0.028219 0.237980
vn 0.322038 -0.043566 0.945724
vn 0.401510 -0.032762 0.915269
vn -0.986021 -0.149980 -0.072583
vn 0.510814 0.157304 0.845177
vn -0.864975 0.051742 -0.499140
vn -0.931526 0.144507 -0.333731
vn -0.224213 0.892066 0.392361
vn 0.122231 0.951441 0.282524
vn 0.291764 0.926894 0.236095
vn -0.087918 0.921263 0.378874
vn 0.347409 0.901853 0.256845
vn 0.597173 0.447838 0.665451
vn 0.244816 -0.214052 -0.945646
vn 0.771070 0.093892 0.629790
vn 0.544751 0.689887 0.476761
vn 0.572667 0.356131 0.738392
vn 0.653664 -0.179557 0.735175
vn -0.453355 -0.107656 -0.884805
vn 0.072789 0.593199 -0.801759
vn 0.003083 0.578176 -0.815906
vn -0.340502 0.562507 -0.753422
vn -0.696870 0.409935 -0.588494
vn -0.625665 0.175795 -0.760026
vn -0.324024 0.314791 -0.892141
vn -0.979881 0.052984 -0.192423
vn -0.866126 -0.250811 0.432341
vn -0.785783 -0.264844 0.558931
vn 0.066428 -0.816268 0.573842
vn -0.260789 -0.896791 0.357427
vn -0.061764 -0.855356 0.514345
vn -0.975471 -0.146681 0.164140
vn 0.584681 -0.293792 0.756197
vn 0.568025 -0.032072 0.822386
vn 0.657560 0.050669 0.751697
vn 0.701566 0.456554 0.547142
vn 0.596667 0.752634 0.278443
vn 0.379234 0.912317 0.154467
vn 0.402330 0.893872 0.197797
vn 0.359801 0.886947 0.289599
vn 0.432872 0.867913 0.243616
vn 0.463601 0.810804 0.357311
vn 0.132479 0.969965 0.204001
vn 0.511242 0.813410 0.277481
vn 0.757960 0.458220 0.464253
vn 0.731975 0.083601 0.676183
vn -0.172334 0.652645 0.737804
vn 0.258869 -0.889736 0.375975
vn 0.775605 -0.614087 0.146062
vn 0.322597 -0.912603 -0.251173
vn 0.805297 -0.587691 0.078203
vn 0.737786 -0.606793 0.295760
vn 0.556369 -0.820948 0.128444
vn 0.914813 -0.351176 0.199481
vn 0.956801 -0.166089 0.238635
vn 0.517745 -0.855535 0.000249
vn 0.812792 -0.459932 0.357535
vn 0.105572 -0.981351 0.160636
vn 0.243785 -0.632417 0.735267
vn 0.372946 0.281972 0.883970
vn 0.421047 -0.153965 0.893876
vn 0.943666 -0.221155 0.246141
vn 0.987951 0.045802 0.147833
vn -0.471588 0.453781 0.756100
vn 0.963296 0.100271 0.249012
vn 0.777884 0.065330 0.625003
vn 0.222550 0.974648 -0.023070
vn 0.576849 0.770305 0.271800
vn 0.261995 0.782206 -0.565255
vn -0.010588 -0.335440 0.942002
vn 0.197967 0.291394 0.935895
vn -0.102875 0.321829 -0.941192
vn -0.055409 0.449333 -0.891644
vn 0.173225 0.401203 -0.899461
vn -0.912998 -0.407960 -0.002044
vn -0.725849 0.603030 -0.330905
vn 0.231800 0.199362 -0.952115
vn 0.172990 0.857244 -0.484982
vn 0.935462 0.276358 0.220312
vn -0.495023 0.571647 0.654348
vn 0.963468 -0.070964 0.258249
vn -0.993244 0.084960 -0.079046
vn 0.927372 0.040674 0.371922
vn 0.553545 0.158140 0.817667
vn 0.677482 0.320318 0.662129
vn 0.723229 0.572075 0.386873
vn -0.951177 0.284624 -0.119378
vn 0.062714 0.578639 -0.813169
vn 0.178839 0.547663 -0.817363
vn 0.250220 0.847987 0.467234
vn 0.412424 0.422476 0.807106
vn 0.578005 0.568248 0.585666
vn 0.194236 0.462583 -0.865037
vn 0.389407 0.218125 -0.894865
vn -0.814847 -0.386097 0.432381
vn -0.654089 0.305558 -0.691955
vn 0.233844 -0.094280 0.967692
vn 0.044974 -0.111603 0.992735
vn 0.073190 -0.994671 -0.072610
vn 0.159172 -0.986898 0.026394
vn -0.260120 0.193260 -0.946038
vn -0.565545 0.318412 -0.760771
vn -0.361897 0.468901 -0.805706
vn -0.373462 0.362829 -0.853745
vn 0.435026 0.757724 0.486423
vn 0.317887 0.899679 0.299208
vn 0.485715 0.783084 0.388407
vn 0.254278 0.935491 0.245356
vn 0.252761 0.807043 -0.533661
vn 0.912363 0.213162 0.349509
vn 0.930968 0.043073 0.362551
vn -0.408274 0.872466 -0.268544
vn 0.934687 0.156232 0.319298
vn 0.900427 0.334706 0.277855
vn 0.871984 0.455686 0.178869
vn 0.802215 0.578650 0.147020
vn 0.451499 0.877173 -0.163448
vn 0.483988 0.874266 -0.037613
vn 0.303836 0.952605 -0.015060
vn 0.396862 0.874883 -0.277635
vn 0.505050 0.809608 -0.299096
vn 0.562174 0.810886 -0.162555
vn 0.591729 0.805048 -0.041891
vn 0.298208 0.020556 0.954279
vn 0.212221 0.143069 0.966692
vn -0.100364 0.108685 0.988997
vn 0.017747 0.494906 0.868765
vn -0.594674 -0.417259 0.687210
vn 0.720868 0.012525 -0.692959
vn 0.585576 0.809519 0.042180
vn 0.492894 0.868824 0.046897
vn 0.515894 0.851432 0.094429
vn 0.586130 0.805453 0.087733
vn 0.320366 0.946276 0.043898
vn 0.252435 0.967107 0.031314
vn 0.131837 -0.576841 -0.806147
vn 0.582002 0.532753 0.614368
vn -0.446110 -0.876023 0.183222
vn -0.680768 -0.726059 0.096919
vn -0.927818 -0.132510 -0.348703
vn -0.490735 -0.858964 -0.146147
vn 0.863734 -0.460514 -0.204670
vn -0.498835 -0.745721 -0.441660
vn -0.440585 -0.873430 -0.207375
vn -0.386723 -0.918862 -0.078343
vn 0.860801 -0.507879 0.032869
vn 0.881146 -0.468175 0.066286
vn 0.896698 -0.436607 0.072852
vn 0.950920 -0.300863 0.072339
vn 0.994159 -0.075830 0.076791
vn 0.791565 -0.500924 0.350001
vn 0.464269 0.857579 -0.221387
vn -0.180755 0.933971 -0.308262
vn -0.343547 -0.322101 -0.882172
vn -0.357019 -0.202649 -0.911850
vn 0.806817 -0.589926 0.032141
vn 0.211945 -0.950654 -0.226574
vn 0.148704 -0.713830 0.684350
vn -0.586195 -0.713273 0.384210
vn 0.026199 0.759426 0.650066
vn 0.702895 -0.704308 -0.099446
vn 0.163177 0.935470 -0.313479
vn 0.989405 0.021937 0.143513
vn -0.913085 -0.341961 -0.222124
vn 0.085623 -0.995811 0.032070
vn -0.874693 -0.315695 -0.367762
vn -0.915881 -0.137538 -0.377154
vn -0.899242 0.361667 -0.246091
vn -0.774527 0.029055 0.631874
vn 0.511920 -0.479393 -0.712826
vn 0.525971 0.386089 -0.757819
vn 0.409631 0.315133 -0.856092
vn 0.259988 -0.591289 -0.763403
vn 0.591067 -0.591280 -0.548660
vn 0.613061 -0.416239 -0.671492
vn 0.376840 -0.407450 -0.831851
vn -0.620450 -0.521167 -0.586026
vn 0.989479 0.142953 -0.022253
vn 0.800277 0.192503 0.567890
vn 0.688083 -0.532223 0.493235
vn 0.772359 -0.467147 0.430389
vn 0.530467 -0.802248 -0.273867
vn 0.916605 -0.389543 0.089951
vn 0.608380 0.678634 -0.411496
vn 0.876777 0.472246 -0.090810
vn 0.839003 0.471771 -0.271119
vn 0.723850 0.524782 -0.447934
vn 0.435232 -0.850231 -0.296109
vn 0.748619 -0.480247 -0.457091
vn 0.027126 -0.459173 0.887933
vn -0.257102 -0.632016 0.731064
vn 0.957003 0.105057 -0.270384
vn 0.684140 0.447207 -0.576158
vn 0.687607 0.302902 -0.659884
vn 0.969454 -0.200245 0.141634
vn 0.776261 0.629107 -0.040528
vn 0.606037 0.762287 -0.227239
vn 0.703230 0.262055 -0.660904
vn 0.907216 0.337920 -0.250538
vn 0.876746 0.480796 0.012319
vn 0.922632 0.384714 -0.027309
vn -0.935691 -0.350228 -0.042691
vn -0.993568 0.076946 0.083073
vn -0.929294 -0.046632 0.366386
vn -0.924298 -0.365890 0.108614
vn 0.805597 0.585945 -0.087647
vn 0.964378 0.264519 -0.002237
vn 0.965019 0.214601 -0.150614
vn 0.915623 0.395745 -0.070855
vn 0.916097 0.338268 -0.215269
vn 0.884037 0.264511 -0.385374
vn 0.931184 0.138585 -0.337180
vn 0.821421 0.569992 -0.019409
vn -0.003380 0.847389 -0.530963
vn 0.828369 0.534481 0.167732
vn 0.887671 0.428658 0.168204
vn 0.745536 0.649417 0.149782
vn 0.689654 0.712958 0.126762
vn 0.768418 0.628022 0.122975
vn 0.863399 0.494761 0.098756
vn 0.963745 0.218702 0.152857
vn 0.947574 0.301459 0.105950
vn 0.937097 0.316467 0.147305
vn -0.811878 0.534669 0.234484
vn -0.868143 0.466020 0.170743
vn -0.953607 0.280814 -0.108523
vn -0.892533 0.425859 0.148422
vn 0.892968 0.448753 0.035053
vn 0.752494 0.658542 0.008697
vn 0.787808 0.614365 -0.043758
vn 0.668381 0.743231 -0.029581
vn 0.680445 0.725243 -0.104967
vn 0.668367 0.706216 -0.233548
vn 0.805428 0.571965 -0.155378
vn 0.700601 0.710954 0.060841
vn 0.637218 0.765488 0.089337
vn 0.643044 0.765229 0.030323
vn 0.618414 0.782791 0.069301
vn 0.919557 0.360089 0.157324
vn -0.527000 -0.849676 -0.017915
vn -0.980829 0.082715 0.176444
vn -0.223693 -0.231679 0.946724
vn -0.147481 -0.259331 0.954461
vn -0.234474 0.180406 0.955236
vn -0.328822 0.211574 0.920387
vn 0.796370 -0.517280 0.313394
vn 0.055431 -0.994921 -0.084017
vn -0.308141 -0.834425 -0.456928
vn -0.054859 -0.917292 -0.394418
vn 0.159200 -0.985943 0.050709
vn 0.997672 0.018568 -0.065615
vn 0.901543 0.431688 0.029436
vn 0.966294 0.135068 0.219164
vn 0.956594 -0.287653 -0.046726
vn -0.330194 0.913371 0.238172
vn -0.240733 0.934814 0.261095
vn -0.232898 0.956205 0.177284
vn -0.323017 0.931135 0.169257
vn -0.130330 0.561420 0.817203
vn -0.044606 0.401395 0.914818
vn 0.024043 0.398887 0.916685
vn -0.093501 0.473896 0.875603
vn 0.914600 0.357756 0.188463
vn 0.878181 0.439955 0.187718
vn 0.953965 0.178147 0.241278
vn 0.845851 0.369224 0.384981
vn 0.806744 0.197234 -0.557012
vn 0.833625 0.067947 -0.548135
vn -0.276189 0.328497 0.903222
vn -0.642302 0.312496 0.699853
vn 0.854891 0.004391 -0.518788
vn 0.765872 0.137490 0.628122
vn -0.216392 0.970587 0.105526
vn -0.303650 0.946326 0.110742
vn 0.255729 0.473592 -0.842801
vn 0.877688 0.314536 0.361569
vn 0.646094 0.491956 -0.583559
vn 0.131091 -0.817277 0.561136
vn 0.462916 0.575578 -0.674105
vn 0.811520 0.511835 -0.281885
vn 0.795271 0.432997 -0.424332
vn 0.742726 0.345422 -0.573621
vn 0.846460 -0.143624 -0.512717
vn 0.590799 0.799553 0.108040
vn 0.524056 0.795195 0.305007
vn 0.841272 0.073897 0.535538
vn 0.575512 0.767928 0.281197
vn 0.104155 -0.711662 0.694758
vn -0.163260 0.117001 0.979621
vn 0.225307 0.486500 0.844130
vn 0.232637 0.507305 0.829772
vn -0.073935 0.372021 0.925275
vn -0.147197 0.345605 0.926763
vn 0.745661 0.458854 0.483159
vn 0.557498 0.534753 0.635008
vn 0.323797 0.195074 0.925798
vn 0.624093 0.184627 0.759224
vn 0.955374 0.196295 0.220747
vn -0.766244 -0.420398 -0.485937
vn -0.670163 -0.351736 0.653578
vn 0.394615 0.017511 0.918680
vn -0.457807 0.322771 0.828391
vn -0.593662 -0.062633 0.802273
vn -0.258613 -0.129509 0.957260
vn -0.402756 0.345769 0.847486
vn 0.813416 0.538427 0.220117
vn 0.708046 0.169380 0.685552
vn 0.922532 0.259688 0.285476
vn 0.979031 0.086008 0.184662
vn 0.966714 0.250465 0.052260
vn -0.347717 0.106828 0.931494
vn -0.373270 0.282634 0.883622
vn -0.633380 0.014311 0.773709
vn -0.563873 0.003511 0.825854
vn -0.448365 0.387502 0.805488
vn -0.322226 0.447997 0.833948
vn -0.345786 0.534331 0.771312
vn -0.273641 0.563825 0.779244
vn -0.439416 -0.133878 0.888251
vn -0.284340 -0.304741 0.909002
vn -0.243179 -0.441092 0.863887
vn 0.107945 0.348614 0.931029
vn 0.412275 0.129563 0.901799
vn 0.175624 0.507671 0.843461
vn 0.526513 0.410644 0.744417
vn -0.735576 0.482298 0.475727
vn -0.754509 0.603885 0.256980
vn -0.568730 0.616106 0.544940
vn -0.537495 0.508634 0.672600
vn 0.003726 -0.140287 0.990104
vn -0.085765 -0.220556 0.971596
vn -0.185910 -0.173724 0.967087
vn -0.128904 -0.061282 0.989762
vn -0.137988 0.444671 0.885001
vn -0.070899 0.513593 0.855100
vn -0.344567 0.471014 0.812047
vn -0.282058 0.503634 0.816576
vn 0.020194 0.185605 0.982417
vn 0.084313 0.364463 0.927393
vn -0.178033 0.400782 0.898709
vn -0.284760 0.193523 0.938861
vn 0.312600 0.294805 0.902979
vn 0.191862 0.277159 0.941473
vn 0.296569 0.247161 0.922474
vn -0.335481 0.221951 0.915527
vn -0.485544 -0.003710 0.874204
vn -0.189577 0.429987 0.882707
vn 0.054166 0.121733 0.991084
vn -0.248695 0.012066 0.968507
vn 0.216083 0.523286 0.824306
vn 0.335622 0.666908 0.665275
vn 0.169392 0.643475 0.746489
vn -0.026131 0.582996 0.812055
vn 0.336851 0.690172 0.640463
vn -0.464754 0.148649 0.872873
vn -0.430462 0.335499 0.837940
vn -0.648187 -0.665675 -0.369771
vn 0.867905 0.495598 -0.033521
vn 0.840095 0.529245 0.118913
vn -0.343438 -0.654839 0.673228
vn -0.126336 -0.305497 0.943775
vn 0.984926 -0.127685 0.116692
vn -0.321865 -0.671979 0.666969
vn -0.294921 0.606901 0.738033
vn -0.367699 0.616149 0.696532
vn -0.270193 0.569639 0.776213
vn 0.145734 0.815324 0.560364
vn 0.498632 0.418256 0.759228
vn 0.269745 0.025374 0.962597
vn -0.238636 0.843004 0.482076
vn -0.324997 0.844302 0.426064
vn -0.287153 0.925128 -0.248359
vn -0.271176 0.949928 -0.155240
vn -0.142592 0.978743 -0.147408
vn -0.185338 0.946127 -0.265506
vn 0.189541 0.285772 0.939366
vn -0.248429 -0.113167 0.962017
vn 0.945310 0.075439 0.317329
vn 0.954591 0.098388 0.281203
vn 0.628950 0.607977 0.484547
vn 0.746517 0.593027 0.301714
vn 0.727643 0.608413 0.316812
vn 0.880443 0.354750 0.314600
vn 0.878504 0.467094 0.100276
vn 0.890096 0.430918 -0.148451
vn -0.694866 -0.684014 -0.222003
vn -0.838510 -0.544070 0.029818
vn -0.897763 -0.440021 -0.020086
vn -0.871070 -0.409784 -0.270766
vn 0.702886 0.702802 0.109634
vn 0.479023 -0.828636 -0.289653
vn 0.896946 -0.434958 0.079370
vn 0.360604 -0.386946 0.848668
vn 0.655831 0.745322 0.119919
vn 0.812203 0.544180 0.210225
vn 0.535051 0.837644 0.109881
vn 0.553170 0.826101 0.107514
vn 0.614981 0.779872 0.116611
vn 0.574793 0.810626 0.111799
vn 0.591079 0.797628 0.120067
vn 0.656589 0.703266 0.272593
vn 0.704245 0.409294 0.580101
vn 0.564766 0.159974 0.809598
vn -0.842377 -0.496173 0.210271
vn -0.036955 -0.658593 -0.751591
vn -0.119189 -0.721752 -0.681812
vn -0.893328 0.037419 0.447845
vn -0.803878 -0.336727 0.490301
vn -0.880615 0.001761 0.473829
vn -0.948006 0.266047 0.174653
vn 0.195957 0.342318 -0.918923
vn 0.134133 0.326667 -0.935573
vn 0.293439 0.588007 0.753752
vn 0.701622 -0.006038 0.712524
vn 0.620088 0.097278 0.778478
vn 0.488022 0.105163 0.866473
vn 0.471394 0.806869 -0.356019
vn 0.045604 0.063890 0.996914
vn 0.039353 0.004828 0.999214
vn 0.074487 -0.501186 0.862128
vn -0.074606 -0.408268 0.909808
vn -0.883551 0.215547 0.415784
vn -0.927284 0.308742 0.211712
vn -0.644026 0.456249 0.614059
vn -0.298862 0.558858 0.773537
vn -0.169912 0.599272 0.782306
vn -0.365235 0.465005 0.806458
vn -0.240628 -0.043901 0.969624
vn -0.137819 -0.051022 0.989142
vn -0.945758 0.248556 0.209195
vn -0.928877 0.315786 0.193565
vn -0.926590 0.338886 0.163058
vn -0.887885 0.437838 0.141276
vn -0.871536 0.463106 0.161112
vn -0.584626 0.583764 0.563411
vn -0.675950 0.550798 0.489606
vn -0.843933 0.431123 0.319233
vn -0.457765 -0.248510 0.853635
vn -0.513142 -0.236570 0.825057
vn -0.653880 -0.290875 0.698450
vn -0.635879 -0.254308 0.728687
vn -0.331388 0.889237 0.315341
vn -0.241100 0.903993 0.353082
vn -0.792578 -0.353294 0.496995
vn -0.489312 -0.742987 0.456665
vn -0.898328 -0.256333 0.356792
vn -0.867340 -0.201743 0.454995
vn -0.163912 0.792698 0.587165
vn -0.091585 0.554469 0.827150
vn 0.970552 0.026868 0.239388
vn 0.717695 0.229343 -0.657507
vn -0.733590 0.405541 0.545327
vn -0.964142 -0.136299 -0.227713
vn -0.832449 0.373011 0.409746
vn -0.838338 0.360996 0.408500
vn -0.588085 0.100219 0.802566
vn -0.685620 0.054180 0.725940
vn -0.683469 -0.044549 0.728619
vn -0.465386 0.300324 0.832599
vn 0.825206 -0.363139 -0.432625
vn 0.865453 -0.457885 -0.203304
vn -0.480509 0.498976 0.721203
vn -0.459719 0.572347 0.679026
vn -0.330117 -0.245292 -0.911512
vn -0.306487 -0.414606 -0.856836
vn -0.566998 -0.370037 -0.735925
vn -0.571584 -0.245363 -0.783000
vn -0.335569 -0.934503 -0.118734
vn -0.579848 -0.808855 0.097624
vn 0.643043 -0.704734 -0.299743
vn 0.188891 -0.955082 0.228340
vn -0.419267 0.158491 0.893922
vn -0.525697 -0.339016 0.780199
vn 0.379384 -0.923582 0.055358
vn -0.317495 -0.859944 0.399616
vn -0.137878 0.030751 0.989972
vn -0.742662 0.228036 0.629645
vn -0.534018 0.296491 0.791781
vn 0.422875 -0.818674 -0.388522
vn 0.026388 -0.991389 0.128267
vn -0.198486 -0.951214 0.236209
vn -0.616407 -0.756234 0.219438
vn -0.516524 -0.847097 0.125017
vn 0.445306 0.856217 0.261905
vn -0.769047 0.266090 0.581173
vn -0.669255 -0.592608 -0.448233
vn -0.017750 -0.910553 -0.413010
vn -0.357028 -0.830904 -0.426767
vn 0.124405 -0.918716 -0.374813
vn -0.662919 -0.613623 0.428959
vn 0.469877 -0.826671 -0.309566
vn 0.904084 -0.422873 -0.061730
vn 0.183011 -0.608801 -0.771925
vn 0.191684 -0.519411 -0.832748
vn 0.203251 -0.731699 -0.650619
vn 0.150738 -0.588460 -0.794351
vn 0.391077 0.417116 0.820410
vn -0.794003 -0.250310 0.553989
vn -0.823435 -0.187391 0.535574
vn -0.787935 -0.154002 0.596189
vn -0.695788 -0.055893 0.716069
vn -0.935892 0.141763 0.322505
vn -0.942018 0.023863 0.334712
vn -0.924787 0.127911 0.358340
vn -0.908179 -0.074287 0.411937
vn 0.482983 0.649096 -0.587709
vn 0.274391 0.828229 -0.488618
vn 0.278080 0.361953 -0.889753
vn 0.334985 0.456516 -0.824244
vn 0.248324 0.945243 -0.211778
vn 0.268240 0.876997 -0.398652
vn 0.247511 0.967707 0.047773
vn 0.209740 0.815382 -0.539594
vn 0.390214 -0.557249 -0.732944
vn 0.276298 -0.834656 0.476455
vn -0.201142 0.492988 -0.846466
vn 0.083807 0.982039 -0.169041
vn 0.472736 0.606894 0.638906
vn 0.253118 0.709133 0.658075
vn 0.300966 -0.022832 0.953361
vn -0.106470 0.886389 0.450531
vn -0.201187 0.801058 0.563764
vn -0.075313 0.902256 0.424572
vn 0.382133 0.725148 0.572831
vn -0.293668 -0.663335 -0.688292
vn 0.018591 -0.998251 -0.056123
vn -0.264689 0.678990 0.684772
vn 0.309411 0.662577 0.682097
vn -0.501902 0.743069 0.442654
vn -0.425432 0.115785 0.897553
vn -0.387506 -0.721554 -0.573759
vn 0.102547 0.399254 0.911087
vn 0.112365 0.470227 0.875363
vn 0.173320 0.302107 0.937386
vn 0.206985 0.176424 0.962306
vn 0.096744 -0.100120 0.990261
vn 0.123860 -0.825226 0.551055
vn 0.006170 0.358566 0.933484
vn 0.042741 0.595944 0.801888
vn 0.138674 0.541859 0.828950
vn 0.194596 0.708048 0.678823
vn -0.003266 0.504693 0.863293
vn 0.108878 0.560236 0.821146
vn 0.133368 0.594019 0.793319
vn 0.140119 0.585650 0.798361
vn 0.144562 0.684812 0.714237
vn 0.211425 0.652782 0.727444
vn 0.073791 0.625612 0.776636
vn 0.013996 0.706626 0.707449
vn 0.151204 0.596856 0.787972
vn 0.057677 0.809673 0.584040
vn 0.002182 0.521792 0.853070
vn 0.032356 0.593137 0.804451
vn -0.042201 0.972977 0.227013
vn 0.033356 0.923564 0.381990
vn -0.169030 0.814513 0.554976
vn -0.154485 0.796284 0.584864
vn -0.034746 0.671745 0.739967
vn 0.270894 0.372123 0.887773
vn 0.294545 0.333595 0.895521
vn 0.032407 0.641480 0.766455
vn -0.186458 0.558092 0.808559
vn -0.000513 0.645052 0.764138
vn 0.052172 0.580662 0.812471
vn 0.092174 0.958611 -0.269386
vn -0.580681 -0.262757 0.770564
vn 0.195367 0.758285 -0.621962
vn 0.167429 0.985832 0.010092
vn -0.206143 0.765831 0.609104
vn -0.498216 0.628842 0.596941
vn -0.293373 0.941796 0.164173
vn -0.597442 0.444875 0.667195
vn -0.311909 0.425885 0.849314
vn -0.126495 0.991912 -0.010432
vn -0.011430 -0.117255 0.993036
vn 0.161383 -0.890950 -0.424457
vn -0.096114 0.481605 0.871102
vn -0.308758 0.508861 0.803572
vn -0.107650 0.542815 0.832925
vn -0.477122 0.535618 0.696755
vn -0.291894 0.771100 0.565864
vn -0.182094 0.762688 0.620604
vn -0.205082 0.714107 0.669322
vn -0.118414 0.698739 0.705508
vn -0.251186 0.715439 0.651961
vn -0.272267 0.718278 0.640271
vn -0.261942 0.739171 0.620494
vn -0.252545 0.735106 0.629159
vn -0.212962 0.667199 0.713788
vn -0.114188 0.637718 0.761759
vn -0.330603 0.671806 0.662856
vn -0.219183 0.715284 0.663572
vn -0.321624 0.568178 0.757451
vn -0.310267 0.612290 0.727210
vn -0.025158 0.690162 0.723218
vn -0.109608 0.577670 0.808878
vn -0.033507 0.558822 0.828611
vn -0.052782 0.911220 -0.408523
vn 0.039935 0.972617 -0.228958
vn -0.019164 0.334561 -0.942179
vn -0.125196 0.630401 -0.766107
vn -0.176972 0.973943 -0.141830
vn 0.047501 0.998805 0.011530
vn 0.024740 0.849462 0.527070
vn 0.091550 0.806496 0.584109
vn -0.204533 0.978543 -0.024889
vn -0.065269 0.990798 -0.118575
vn -0.073067 0.874954 0.478661
vn -0.098102 0.985342 -0.139564
vn -0.096167 0.880100 0.464947
vn 0.041970 0.994128 0.099742
vn 0.275336 -0.359160 0.891736
vn 0.227020 -0.952001 0.205317
vn 0.467931 -0.872894 0.138187
vn 0.376619 -0.334222 0.863976
vn -0.577686 -0.683058 -0.446891
vn -0.691770 -0.456490 -0.559528
vn -0.516691 -0.533773 -0.669415
vn 0.087774 -0.402146 0.911358
vn 0.276655 -0.501101 0.819976
vn 0.404923 -0.728094 0.553097
vn 0.239941 -0.625432 0.742471
vn 0.130570 -0.614005 0.778427
vn 0.197767 -0.591324 0.781808
vn 0.064701 -0.412135 0.908822
vn -0.030849 0.024009 0.999236
vn -0.049405 0.592684 0.803918
vn 0.569676 -0.387938 0.724551
vn 0.526339 -0.581022 0.620790
vn 0.923895 -0.379347 -0.050135
vn 0.899922 -0.215911 0.378844
vn 0.665825 -0.221405 0.712500
vn 0.787779 -0.082517 0.610406
vn 0.403019 -0.076557 0.911984
vn 0.340566 -0.415877 0.843245
vn 0.228160 -0.621986 0.749050
vn 0.391398 0.311175 0.866012
vn 0.347627 0.342453 0.872858
vn 0.204836 0.596056 0.776376
vn 0.517745 -0.064970 0.853064
vn -0.607636 0.261670 0.749872
vn -0.489531 0.436929 0.754621
vn -0.849626 0.125940 0.512128
vn 0.338984 0.799953 -0.495141
vn 0.533520 0.833710 -0.142419
vn 0.780469 0.539795 0.315420
vn -0.001627 0.274955 0.961456
vn 0.267370 0.930619 0.249921
vn 0.403265 0.809782 0.426181
vn 0.233194 0.800493 0.552116
vn 0.423120 0.344031 0.838219
vn 0.456934 0.214904 0.863150
vn 0.255032 0.384574 0.887165
vn 0.005913 0.958126 0.286286
vn 0.194492 0.690212 0.696980
vn 0.493140 0.011426 0.869875
vn 0.459199 -0.699535 0.547528
vn 0.510021 -0.175347 0.842100
vn 0.122490 0.831779 0.541424
vn -0.525539 0.834794 0.164098
vn 0.074822 0.396617 0.914930
vn 0.437366 -0.029569 0.898797
vn 0.097067 0.971206 0.217569
vn 0.490162 -0.128576 0.862096
vn -0.422944 0.903514 0.069140
vn 0.518707 0.086444 0.850571
vn 0.636757 -0.420319 0.646431
vn 0.114416 0.770317 0.627312
vn 0.468500 0.481880 0.740473
vn 0.590089 0.077136 0.803645
vn 0.203102 0.557664 0.804836
vn 0.373430 0.309908 0.874361
vn 0.035686 0.548157 0.835614
vn 0.648840 -0.153149 0.745353
vn 0.663178 -0.388291 0.639863
vn 0.503521 0.032930 0.863355
vn 0.200812 0.401085 0.893759
vn 0.707611 0.482688 0.516041
vn 0.731566 0.157000 0.663447
vn 0.532322 -0.550033 0.643503
vn 0.680958 -0.472465 0.559529
vn 0.555556 -0.478948 0.679681
vn 0.404912 -0.722543 0.560338
vn 0.397852 -0.701408 0.591389
vn 0.527017 -0.610773 0.590940
vn 0.313771 -0.605916 0.731036
vn 0.455215 -0.655754 0.602301
vn 0.298729 -0.731752 0.612617
vn 0.626058 -0.468030 0.623698
vn 0.682847 -0.530072 0.502736
vn 0.822302 -0.563582 0.078713
vn 0.732853 -0.666130 0.138553
vn 0.617009 -0.763128 -0.192186
vn 0.670409 -0.658396 -0.342150
vn 0.369287 -0.908477 -0.195695
vn 0.158108 -0.803747 -0.573578
vn 0.307784 -0.921698 0.236098
vn 0.468103 -0.828345 0.307775
vn 0.051766 -0.908583 0.414485
vn -0.163919 -0.824285 0.541928
vn -0.271193 -0.828323 0.490241
vn -0.191417 -0.850933 0.489154
vn 0.785152 -0.559771 -0.264941
vn 0.779963 -0.268375 0.565360
vn -0.395783 -0.772604 0.496427
vn -0.299964 -0.896634 0.325684
vn -0.776236 -0.629915 0.025793
vn 0.818034 -0.104550 0.565587
vn 0.651521 -0.076794 0.754734
vn -0.274525 -0.809349 0.519221
vn -0.364321 -0.779076 0.510207
vn 0.356477 -0.402580 0.843121
vn 0.450180 0.054876 -0.891250
vn 0.493767 -0.399732 0.772275
vn -0.255855 -0.851270 -0.458124
vn -0.308954 0.209241 -0.927775
vn -0.326033 -0.018587 -0.945176
vn -0.559143 -0.054560 -0.827274
vn -0.527456 0.140709 -0.837849
vn 0.342419 -0.800152 0.492449
vn 0.057400 -0.767844 0.638060
vn -0.681777 0.097519 -0.725031
vn -0.634018 0.268800 -0.725099
vn -0.490970 0.335152 -0.804128
vn 0.627271 -0.728954 0.274148
vn 0.768911 -0.427046 0.475824
vn 0.358982 -0.421353 0.832823
vn 0.247508 -0.410448 0.877651
vn 0.013003 -0.441413 0.897210
vn 0.354947 0.277509 0.892749
vn 0.611924 0.429055 0.664425
vn 0.650281 0.311137 0.693057
vn 0.043959 -0.690668 0.721834
vn 0.544446 -0.064137 0.836340
vn 0.445720 -0.015033 0.895046
vn -0.036637 -0.877701 0.477806
vn 0.072232 -0.995821 -0.055878
vn 0.186405 -0.215932 0.958450
vn 0.510481 0.384637 0.769067
vn 0.673940 0.252285 0.694376
vn 0.515682 0.405257 0.754877
vn 0.584165 0.017714 0.811441
vn 0.153677 0.818168 0.554061
vn 0.177134 0.498469 0.848618
vn 0.098143 0.771619 0.628468
vn -0.140064 0.883296 0.447403
vn -0.732232 0.604494 -0.313726
vn -0.251083 0.964749 0.078846
vn -0.616574 0.552659 -0.560717
vn -0.401037 0.862900 0.307527
vn 0.013374 0.863619 0.503968
vn -0.055718 0.937627 0.343150
vn 0.566995 0.523166 0.636250
vn 0.427542 0.626887 0.651322
vn 0.358758 0.206889 0.910214
vn 0.214699 0.676255 0.704687
vn 0.499456 -0.216151 0.838941
vn 0.664261 0.290125 0.688901
vn 0.305088 0.741773 0.597239
vn 0.125036 0.749985 0.649530
vn 0.159952 0.748387 0.643687
vn 0.384213 0.588370 0.711478
vn 0.066429 0.697783 0.713223
vn 0.048989 0.748166 0.661700
vn -0.000776 0.768009 0.640438
vn -0.002854 0.773836 0.633380
vn 0.021747 0.618607 0.785399
vn -0.019626 0.616721 0.786937
vn 0.140832 0.362450 0.921301
vn 0.004946 0.636391 0.771351
vn 0.206525 0.277767 0.938186
vn 0.197632 0.389225 0.899692
vn 0.958081 -0.219704 0.183877
vn -0.258061 0.777674 0.573261
vn -0.236369 0.781650 0.577193
vn -0.227264 0.800820 0.554110
vn -0.269793 0.778042 0.567329
vn -0.180136 0.759276 0.625341
vn -0.175380 0.759487 0.626435
vn -0.093633 0.768207 0.633317
vn -0.181952 0.706170 0.684264
vn -0.099733 0.587590 0.802989
vn -0.025210 0.693682 0.719840
vn 0.523580 -0.047194 0.850668
vn 0.344045 -0.377664 0.859653
vn 0.287037 -0.307611 0.907185
vn -0.172726 -0.195504 0.965372
vn -0.235654 -0.100142 0.966664
vn -0.298809 0.589024 0.750842
vn -0.715244 -0.276410 0.641891
vn -0.728393 0.453852 0.513286
vn -0.253224 -0.818467 0.515741
vn 0.055534 -0.691396 0.720338
vn -0.071556 0.804030 0.590268
vn 0.226940 0.678991 0.698191
vn -0.329948 0.778306 0.534204
vn -0.187338 0.804245 0.563999
vn 0.104205 0.619276 0.778228
vn 0.162948 0.502809 0.848900
vn 0.287925 0.482582 0.827172
vn 0.250705 0.546515 0.799042
vn -0.196476 -0.969495 -0.146550
vn -0.707685 -0.352655 -0.612222
vn -0.622711 0.179579 0.761566
vn -0.229549 -0.199210 0.952692
vn 0.157147 -0.480456 0.862825
vn -0.373053 -0.059933 0.925872
vn -0.783685 0.338547 0.520791
vn -0.867787 0.256416 0.425671
vn -0.753764 0.256620 0.604967
vn -0.409764 -0.121988 0.903998
vn -0.328245 -0.356188 0.874863
vn 0.284554 -0.583984 0.760258
vn -0.364864 -0.483623 0.795602
vn -0.653219 0.067291 0.754173
vn -0.566503 0.113798 0.816164
vn -0.734186 0.356702 0.577698
vn -0.779452 0.277936 0.561432
vn -0.273588 -0.237392 0.932091
vn -0.797408 0.380912 0.468025
vn 0.166653 -0.893710 0.416544
vn 0.080667 -0.858504 0.506422
vn 0.196886 -0.753233 0.627595
vn -0.055223 -0.893377 0.445901
vn 0.201906 -0.850809 0.485137
vn 0.093223 -0.808781 0.580674
vn 0.187762 -0.591929 0.783815
vn 0.357439 -0.801838 0.478846
vn 0.487749 -0.100324 0.867200
vn 0.460856 -0.011671 0.887398
vn 0.145667 -0.728454 0.669430
vn 0.366721 -0.500276 0.784372
vn -0.693270 0.487826 -0.530474
vn -0.704085 0.586054 -0.401006
vn -0.496816 0.726650 -0.474503
vn -0.491177 0.615591 -0.616273
vn 0.547102 -0.725554 0.417434
vn 0.597328 -0.777051 0.198472
vn 0.600096 -0.774560 0.199854
vn 0.563425 -0.789171 0.244461
vn 0.609666 -0.742646 0.277099
vn 0.623238 -0.736430 0.263145
vn 0.686005 -0.678617 0.262444
vn 0.678723 -0.667928 0.305298
vn 0.796965 -0.436996 0.416990
vn 0.720129 -0.582540 0.376909
vn 0.317163 -0.684897 0.655990
vn 0.188349 -0.723045 0.664628
vn -0.711790 -0.052946 -0.700394
vn -0.711073 -0.210288 0.670935
vn -0.799649 -0.277614 0.532440
vn -0.732600 -0.345520 0.586440
vn 0.430784 -0.704170 0.564420
vn 0.275771 -0.683308 0.676047
vn 0.453681 -0.647796 0.611992
vn 0.406458 -0.716704 0.566681
vn 0.494300 -0.766853 0.409395
vn 0.301033 0.400299 0.865528
vn 0.421770 0.362708 0.830995
vn -0.839710 -0.187859 -0.509505
vn -0.796840 0.272637 -0.539180
vn -0.816676 -0.057352 -0.574240
vn 0.327961 -0.264554 -0.906892
vn 0.683870 0.723369 -0.095184
vn 0.023590 0.028475 0.999316
vn -0.047756 -0.036477 0.998193
vn -0.176883 -0.132220 0.975310
vn 0.494883 -0.635216 -0.592952
vn 0.749138 -0.524881 -0.404094
vn 0.932253 0.033690 0.360236
vn 0.118061 -0.991108 -0.061375
vn 0.119590 -0.992779 0.009401
vn 0.813482 -0.489547 -0.313990
vn 0.252417 0.213675 0.943731
vn -0.995850 -0.091012 0.000690
vn -0.980304 -0.060921 0.187866
vn -0.971643 -0.205274 -0.117354
vn -0.697806 -0.186676 -0.691534
vn 0.543916 0.084372 -0.834888
vn -0.365353 -0.164759 -0.916172
vn 0.124674 0.096676 0.987477
vn 0.963439 0.219643 0.153435
vn 0.751248 0.546885 -0.369518
vn 0.803670 0.100295 -0.586563
vn 0.259699 0.079666 0.962398
vn 0.268620 0.236209 0.933836
vn -0.400879 -0.420040 -0.814164
vn 0.438454 -0.105120 -0.892585
vn 0.691339 -0.265085 -0.672146
vn 0.851300 -0.255913 -0.458036
vn 0.838222 -0.428371 -0.337465
vn 0.347376 -0.015993 -0.937589
vn 0.914859 -0.121417 -0.385087
vn 0.915076 0.339321 0.217938
vn -0.035739 -0.678330 0.733888
vn 0.452060 -0.391996 0.801237
vn -0.712691 0.591471 -0.377138
vn 0.342544 -0.084171 -0.935724
vn 0.482069 -0.304028 -0.821692
vn 0.587499 -0.093553 -0.803798
vn -0.377357 -0.893795 0.242347
vn 0.456748 0.186282 -0.869874
vn 0.306539 -0.023333 -0.951572
vn 0.359998 -0.287524 -0.887542
vn -0.185225 -0.243356 -0.952087
vn -0.255019 0.096776 0.962081
vn -0.601609 -0.576801 -0.552600
vn -0.160050 -0.165973 -0.973055
vn 0.995968 -0.059153 0.067443
vn 0.280561 -0.032644 0.959281
vn -0.795804 0.389765 0.463443
vn -0.981750 -0.127870 0.140769
vn 0.704684 0.264286 0.658463
vn 0.482166 0.207493 0.851154
vn 0.897629 0.140935 0.417612
vn 0.057365 0.125715 0.990407
vn -0.303537 -0.170509 0.937439
vn -0.936889 0.090697 0.337659
vn -0.200882 0.482880 0.852334
vn -0.533471 0.290289 0.794444
vn 0.421614 0.402108 0.812743
vn -0.995599 0.086643 0.035713
vn -0.962651 0.160227 0.218243
vn -0.912874 0.017368 0.407871
vn -0.829626 -0.008318 0.558258
vn 0.788218 0.449119 -0.420719
vn 0.359391 -0.271820 0.892722
vn -0.961805 -0.228879 -0.150152
vn 0.657857 -0.732192 0.176404
vn -0.656482 -0.382240 -0.650326
vn -0.577495 -0.144749 -0.803459
vn -0.450088 -0.411165 -0.792694
vn -0.313461 -0.710720 -0.629778
vn 0.380861 -0.164067 -0.909960
vn 0.843611 0.531832 -0.073987
vn 0.470993 -0.110875 -0.875141
vn 0.935766 -0.007193 -0.352549
vn 0.871545 0.082183 -0.483380
vn 0.856281 0.150371 -0.494137
vn 0.714216 0.341059 0.611207
vn 0.958012 0.281687 0.053528
vn 0.279248 -0.027795 0.959817
vn 0.875533 0.122210 -0.467447
vn -0.690486 -0.699383 0.184643
vn -0.879963 -0.199744 0.431009
vn -0.949535 -0.123189 0.288458
vn -0.732513 -0.063571 0.677778
vn -0.937875 0.117654 0.326417
vn -0.959938 0.267598 0.083133
vn 0.850645 0.009518 -0.525654
vn 0.652838 0.110367 -0.749414
vn -0.197396 0.355595 0.913557
vn -0.324467 0.524231 0.787339
vn -0.794604 -0.604303 0.058501
vn -0.873612 -0.485160 0.037703
vn -0.596548 -0.744269 -0.300324
vn -0.666035 -0.743915 -0.054650
vn 0.427255 -0.576230 -0.696715
vn 0.689827 0.504009 -0.519725
vn 0.552535 -0.383609 -0.739965
vn -0.236482 -0.912445 -0.333945
vn 0.195792 0.399825 0.895436
vn 0.615856 -0.226293 0.754661
vn 0.603573 0.064285 0.794712
vn 0.494179 0.266030 0.827656
vn 0.966935 0.063826 -0.246909
vn 0.963618 -0.010948 -0.267059
vn 0.927087 -0.279541 -0.249733
vn 0.983463 0.164529 0.075698
vn 0.927031 0.039375 -0.372913
vn 0.959793 0.240980 -0.143962
vn 0.923854 -0.030647 -0.381517
vn 0.932405 0.068812 -0.354805
vn 0.376791 0.801416 0.464501
vn 0.046755 0.791790 0.609001
vn 0.445932 0.151486 0.882155
vn 0.544793 0.580542 0.605120
vn 0.673671 -0.200437 0.711331
vn 0.648201 -0.331216 0.685661
vn 0.171414 0.331461 0.927766
vn -0.181977 0.208342 0.960978
vn -0.343153 -0.411943 0.844126
vn 0.413972 -0.275171 0.867703
vn -0.920037 0.384201 -0.076952
vn -0.952923 -0.298171 0.055070
vn -0.358123 -0.683209 0.636376
vn -0.806227 -0.106348 0.581969
vn -0.029998 -0.706408 0.707169
vn -0.782314 -0.608181 0.134534
vn -0.053603 -0.715645 0.696404
vn 0.117541 -0.390864 0.912913
vn -0.257391 -0.799805 0.542275
vn -0.517054 -0.441491 0.733308
vn -0.166038 -0.172668 0.970885
vn 0.663312 0.008532 -0.748294
vn -0.236853 -0.930399 0.279746
vn -0.356353 -0.806158 0.472357
vn -0.598587 -0.799523 -0.049553
vn -0.629388 -0.774110 -0.068004
vn -0.918006 0.371850 0.137811
vn -0.806953 0.505895 0.304790
vn -0.865091 0.449664 0.222304
vn -0.797248 0.572216 0.192262
vn -0.747186 -0.539083 0.388719
vn -0.480622 -0.554615 0.679267
vn -0.685114 -0.646004 0.336597
vn -0.891043 -0.216727 0.398838
vn -0.803862 0.130939 0.580224
vn -0.848711 -0.486423 0.207561
vn -0.782715 -0.484137 0.391112
vn -0.701649 -0.689648 0.179091
vn -0.270406 0.543246 -0.794836
vn -0.265036 0.669863 -0.693570
vn -0.261420 0.853043 -0.451638
vn -0.248999 0.892808 -0.375357
vn 0.108144 0.782865 0.612721
vn 0.012551 0.231603 0.972730
vn -0.101629 -0.763276 -0.638029
vn -0.155460 -0.762222 -0.628371
vn -0.218182 -0.860866 -0.459682
vn -0.159829 -0.862827 -0.479567
vn 0.056118 -0.789323 -0.611408
vn -0.019721 -0.717224 -0.696564
vn -0.110894 -0.766965 -0.632034
vn -0.163051 -0.742614 -0.649568
vn -0.495201 -0.727300 0.475197
vn -0.413041 -0.801010 0.433336
vn -0.204716 0.077061 0.975783
vn -0.375701 0.141562 0.915865
vn -0.772222 0.442905 0.455531
vn -0.381688 0.556376 0.738078
vn -0.312067 0.679848 0.663641
vn -0.193474 0.659588 0.726300
vn -0.597008 0.016000 0.802075
vn -0.462277 -0.145317 0.874747
vn -0.694816 -0.406872 0.593031
vn -0.365440 -0.499889 0.785216
vn -0.263794 -0.561416 0.784363
vn -0.232762 -0.950048 0.207921
vn -0.075442 -0.970445 0.229225
vn -0.397062 -0.536368 0.744749
vn -0.641272 -0.587236 0.493886
vn -0.274632 0.726019 0.630455
vn -0.368277 0.717108 0.591716
vn 0.111205 -0.222582 0.968551
vn -0.137515 -0.543551 0.828035
vn -0.331744 -0.153297 0.930831
vn -0.102458 -0.152830 0.982927
vn -0.198521 -0.050906 0.978774
vn 0.089857 -0.005025 0.995942
vn -0.812813 -0.280382 0.510608
vn 0.185628 0.515445 0.836576
vn 0.010707 0.712649 0.701439
vn -0.067531 0.436517 0.897158
vn -0.296497 0.464474 0.834478
vn -0.232708 -0.094385 0.967956
vn -0.460161 -0.015100 0.887707
vn -0.350804 -0.027966 0.936031
vn -0.540505 -0.332574 0.772819
vn 0.386578 -0.154058 0.909299
vn -0.716405 -0.605061 0.347368
vn -0.749295 -0.550022 0.368828
vn -0.621333 -0.490982 0.610641
vn 0.412168 -0.113147 0.904055
vn 0.582740 0.243759 0.775239
vn 0.553970 0.091034 0.827545
vn 0.226751 -0.154688 0.961590
vn -0.534711 -0.465238 0.705434
vn -0.868138 -0.494852 -0.038183
vn -0.680267 -0.718009 -0.147311
vn -0.933687 -0.237604 0.267904
vn -0.979570 -0.200123 -0.019830
vn -0.835587 -0.251462 0.488426
vn -0.845515 0.249528 0.472060
vn -0.728790 0.141770 0.669900
vn -0.651803 -0.313964 0.690347
vn -0.035255 -0.759049 -0.650078
vn -0.124933 -0.602202 -0.788508
vn -0.175924 0.961082 -0.213009
vn 0.898098 0.362684 -0.248756
vn 0.355866 -0.636324 -0.684435
vn 0.057077 -0.765966 -0.640343
vn 0.507684 -0.714967 -0.480708
vn 0.154427 -0.748919 -0.644416
vn 0.869552 -0.050374 -0.491266
vn 0.562670 0.014302 -0.826558
vn -0.117238 -0.865777 -0.486504
vn 0.007026 -0.945942 -0.324259
vn -0.504429 0.661539 0.554903
vn -0.624927 0.458430 0.631909
vn -0.440527 0.387623 0.809743
vn -0.570529 0.095090 0.815754
vn -0.649710 0.287368 0.703773
vn -0.554048 0.009498 0.832430
vn -0.614666 -0.162274 0.771915
vn 0.044754 -0.739723 -0.671421
vn -0.320831 -0.915201 0.243877
vn 0.272419 -0.655637 -0.704222
vn 0.471493 -0.646661 -0.599604
vn 0.179156 -0.677401 -0.713464
vn 0.894571 -0.136426 -0.425595
vn 0.680943 -0.418525 -0.600960
vn 0.913291 0.026341 -0.406456
vn 0.821705 -0.140167 -0.552407
vn 0.275479 -0.948350 -0.157302
vn -0.402272 0.030340 0.915017
vn -0.212065 0.548132 0.809061
vn 0.013635 0.657744 0.753118
vn -0.290082 0.243079 0.925616
vn -0.282251 0.466011 0.838551
vn -0.218031 -0.865507 -0.450955
vn 0.936097 -0.078217 0.342936
vn -0.960022 -0.233144 0.154926
vn 0.797973 0.105710 -0.593350
vn 0.827607 0.270001 -0.492103
vn 0.128547 0.928723 0.347779
vn -0.327220 0.928401 0.176064
vn -0.585482 0.801175 0.123807
vn -0.325634 0.891302 0.315506
vn -0.565564 0.799543 0.202158
vn -0.940202 0.221049 0.259146
vn -0.979679 -0.067181 0.188988
vn -0.458061 0.844430 0.277702
vn -0.333247 0.797978 0.502173
vn -0.854766 -0.444671 0.267662
vn 0.580447 -0.280085 -0.764614
vn 0.566610 0.025610 -0.823588
vn 0.268006 0.657101 -0.704550
vn 0.463891 0.570190 -0.678004
vn 0.672662 0.390052 -0.628797
vn 0.738687 -0.338957 -0.582623
vn -0.455973 -0.813851 0.360188
vn -0.196183 -0.976980 0.083798
vn -0.104130 -0.928956 0.355244
vn 0.951552 -0.215066 0.219760
vn -0.678192 -0.613093 0.405182
vn -0.675198 -0.009619 0.737574
vn -0.695907 -0.084621 0.713129
vn -0.612421 0.610822 0.501833
vn -0.264815 0.936149 0.231295
vn -0.297342 0.931598 0.209076
vn -0.456125 0.875630 0.158814
vn -0.416228 0.881995 0.220995
vn -0.309733 0.918203 0.246917
vn -0.317151 0.894969 0.313762
vn -0.201172 0.948408 0.245055
vn -0.290170 0.908973 0.299281
vn -0.738470 0.458003 0.494868
vn -0.732244 -0.038896 0.679931
vn -0.526389 0.399870 0.750346
vn -0.218848 -0.956515 0.192834
vn -0.409248 -0.911723 0.035751
vn -0.717618 -0.694981 0.045017
vn -0.128146 -0.987995 0.086280
vn -0.708486 -0.671037 0.218533
vn -0.639907 -0.734911 0.224555
vn -0.812414 -0.470476 0.344435
vn -0.862873 -0.366090 0.348466
vn -0.701410 -0.652948 0.285800
vn -0.690556 -0.502681 0.520043
vn -0.289614 -0.879999 0.376464
vn -0.475885 -0.386464 0.790050
vn -0.381049 0.208311 0.900782
vn -0.498678 0.088453 0.862262
vn -0.770403 -0.181067 0.611305
vn -0.860661 -0.027012 0.508461
vn -0.892788 0.056154 0.446963
vn -0.852174 -0.029511 0.522425
vn -0.160975 0.986620 -0.025837
vn -0.120810 -0.929600 -0.348208
vn 0.169988 0.534413 -0.827954
vn 0.216794 0.249551 -0.943782
vn 0.226347 0.433451 -0.872288
vn 0.270758 0.492499 -0.827124
vn 0.064987 0.292585 -0.954029
vn -0.454270 0.807770 -0.375694
vn 0.230713 0.670032 -0.705570
vn 0.266818 0.682969 -0.679972
vn -0.708138 0.493614 0.504862
vn -0.727111 0.209718 0.653704
vn -0.808446 0.365147 0.461608
vn 0.309738 0.563116 -0.766135
vn 0.141432 0.417737 -0.897493
vn 0.593719 0.237531 -0.768816
vn 0.550340 0.206878 -0.808905
vn 0.436991 0.366267 -0.821515
vn 0.436380 0.227965 -0.870405
vn -0.311086 0.849590 0.425936
vn -0.406644 0.867108 0.287687
vn -0.708196 0.612757 0.350694
vn -0.456828 0.859145 0.230604
vn -0.256946 0.780846 -0.569436
vn -0.857631 -0.132313 0.496953
vn -0.738601 -0.392059 0.548413
vn -0.789847 -0.334017 0.514368
vn -0.895486 0.008842 0.445001
vn -0.923639 0.252880 0.287997
vn -0.875650 0.411615 0.252606
vn -0.466299 0.860581 -0.204855
vn -0.496702 0.865553 -0.064077
vn -0.282389 0.958993 -0.024281
vn -0.407432 0.855384 -0.319871
vn -0.525523 0.775950 -0.348894
vn -0.591964 0.778613 -0.208185
vn -0.628081 0.774349 -0.076798
vn 0.844666 -0.297444 0.445047
vn -0.712752 -0.232101 -0.661902
vn -0.616775 0.786666 0.027309
vn -0.497664 0.866397 0.041069
vn -0.518118 0.846865 0.119886
vn -0.615193 0.781024 0.107423
vn -0.286206 0.956294 0.059902
vn -0.194528 0.979657 0.049303
vn -0.232114 -0.642469 -0.730313
vn -0.410625 0.677738 0.609967
vn 0.358010 -0.919093 0.164611
vn 0.579923 -0.814454 0.018797
vn 0.402947 -0.370806 -0.836742
vn 0.023920 -0.005031 -0.999701
vn -0.051822 -0.225352 -0.972898
vn 0.287616 -0.736085 -0.612745
vn 0.285074 -0.867517 -0.407611
vn 0.267768 -0.961041 -0.068563
vn -0.496239 -0.230705 -0.836972
vn -0.631733 -0.520764 -0.574210
vn -0.493736 -0.134197 -0.859195
vn -0.503394 -0.326901 -0.799831
vn -0.737601 -0.380526 -0.557804
vn -0.298461 -0.003491 -0.954415
vn -0.932469 -0.038920 0.359148
vn -0.634834 -0.628362 0.449608
vn 0.029429 -0.259964 -0.965170
vn -0.203742 -0.426404 -0.881288
vn -0.264750 -0.644465 -0.717337
vn 0.471340 -0.495986 -0.729271
vn 0.538476 -0.041466 -0.841620
vn -0.241946 -0.512239 -0.824059
vn -0.907746 -0.089247 0.409918
vn 0.394021 -0.338918 -0.854331
vn -0.131923 -0.367384 -0.920666
vn -0.263196 -0.107131 -0.958776
vn -0.354979 -0.270404 -0.894914
vn 0.470518 -0.410102 -0.781300
vn 0.399346 -0.689567 -0.604169
vn 0.500904 0.045745 -0.864293
vn 0.531760 0.321550 -0.783478
vn 0.410274 0.296220 -0.862513
vn -0.811958 0.120413 -0.571161
vn -0.871729 0.118654 -0.475404
vn -0.888485 0.147988 -0.434388
vn -0.946094 0.055878 -0.319035
vn -0.321150 -0.937999 -0.130460
vn -0.649301 -0.701622 -0.293489
vn 0.595309 -0.397871 0.698073
vn 0.567878 -0.589123 0.574847
vn -0.935464 -0.224608 -0.272869
vn -0.878417 -0.176567 -0.444081
vn -0.994227 0.013254 -0.106477
vn -0.810098 -0.495625 -0.313204
vn -0.960712 0.166798 0.221833
vn -0.886849 0.458802 0.054771
vn -0.991496 0.124971 -0.036316
vn -0.934151 0.200630 0.295143
vn -0.909095 0.344527 0.234194
vn -0.934289 0.352503 0.053345
vn -0.940697 -0.332849 0.065586
vn -0.990578 0.136909 0.003426
vn -0.983604 0.028042 -0.178147
vn -0.965097 0.249853 -0.078490
vn -0.957674 0.164859 -0.235970
vn -0.913325 0.042611 -0.404995
vn -0.934488 -0.107473 -0.339385
vn -0.899684 0.186156 0.394860
vn -0.577217 -0.593398 0.560981
vn -0.887937 0.375922 0.265048
vn -0.932735 0.270341 0.238581
vn -0.826028 0.504809 0.250690
vn -0.768289 0.607049 0.203037
vn -0.844884 0.505096 0.176208
vn -0.924839 0.357390 0.130173
vn -0.956255 0.170769 0.237519
vn -0.973134 0.170590 0.154628
vn -0.965756 0.132603 0.223004
vn -0.951177 0.304526 0.050265
vn -0.823584 0.566970 0.015936
vn -0.852429 0.519175 -0.061821
vn -0.717570 0.694095 -0.057661
vn -0.719414 0.679384 -0.144500
vn -0.703193 0.653359 -0.280429
vn -0.863943 0.467512 -0.187178
vn -0.779203 0.621460 0.081422
vn -0.707182 0.694373 0.133194
vn -0.698436 0.715426 0.018751
vn -0.670076 0.737939 0.080277
vn -0.962347 0.102052 0.251939
vn 0.577540 -0.814523 -0.054767
vn 0.986729 0.008825 -0.162137
vn -0.745257 -0.511080 -0.428240
vn -0.980317 0.106182 0.166443
vn -0.878524 0.402743 0.256893
vn -0.817652 0.271899 0.507460
vn -0.940067 0.017836 0.340524
vn -0.878545 0.358208 0.315985
vn -0.733735 0.481538 0.479327
vn -0.834960 0.268302 0.480475
vn -0.802445 0.240999 0.545895
vn -0.825583 -0.007216 -0.564235
vn -0.831208 -0.160848 -0.532185
vn -0.830511 -0.295722 -0.472016
vn -0.754085 -0.233190 0.613985
vn -0.284201 0.403693 -0.869633
vn -0.740444 -0.256269 0.621345
vn -0.678971 0.352804 -0.643838
vn -0.481393 0.492054 -0.725357
vn -0.866744 0.385457 -0.316509
vn -0.850604 0.257200 -0.458607
vn -0.782636 0.126365 -0.609519
vn -0.793951 -0.435496 -0.424246
vn -0.632980 0.757043 0.161932
vn -0.577407 0.375643 0.724910
vn -0.277995 0.073318 0.957780
vn -0.743488 0.498010 0.446330
vn 0.070669 0.289089 0.954690
vn -0.657816 0.602209 0.452353
vn -0.727001 0.598956 0.335740
vn -0.763259 0.552037 0.335696
vn -0.464155 0.592930 0.658023
vn -0.522057 0.408509 0.748717
vn -0.865281 0.500042 -0.035314
vn -0.796452 0.600708 0.069385
vn -0.913655 0.275588 0.298806
vn -0.936972 0.137513 0.321205
vn -0.960248 0.115068 0.254327
vn -0.599232 -0.739184 0.307453
vn -0.381660 -0.192301 0.904077
vn -0.775876 0.320535 0.543390
vn 0.289210 0.278361 0.915900
vn 0.257611 -0.071788 0.963578
vn -0.529852 0.035142 0.847362
vn 0.205660 0.480836 0.852350
vn -0.868199 0.392816 0.303192
vn -0.689982 -0.062638 0.721111
vn -0.891333 0.053233 0.450212
vn -0.881091 -0.003806 0.472931
vn -0.879270 0.273197 0.390189
vn -0.276156 0.538376 0.796172
vn 0.159039 0.617653 0.770202
vn 0.653574 0.067276 0.753867
vn 0.585679 0.057235 0.808520
vn 0.404588 0.325081 0.854770
vn 0.158300 0.430455 0.888622
vn 0.084527 0.661694 0.744994
vn -0.268865 0.642554 0.717521
vn 0.546399 -0.039471 0.836594
vn 0.473274 -0.229918 0.850382
vn 0.512000 -0.238911 0.825092
vn 0.033501 0.427524 0.903383
vn -0.151122 0.187650 0.970541
vn -0.258608 0.707660 0.657525
vn -0.465840 0.602733 0.647847
vn 0.086270 0.508460 0.856753
vn -0.312503 0.680982 0.662274
vn -0.351500 0.768140 0.535171
vn -0.160407 0.875896 0.455055
vn 0.190136 0.464528 0.864906
vn -0.092736 0.639756 0.762963
vn -0.295668 0.666443 0.684423
vn 0.026863 0.553396 0.832485
vn -0.194558 0.573660 0.795652
vn 0.102040 0.422660 0.900526
vn 0.109635 0.448374 0.887097
vn 0.252805 0.093376 0.963001
vn 0.187183 0.121874 0.974735
vn 0.209622 0.300952 0.930315
vn 0.223091 0.293314 0.929622
vn 0.260695 0.186867 0.947164
vn -0.273834 0.740434 0.613818
vn -0.285669 0.708354 0.645468
vn -0.066948 0.624802 0.777908
vn 0.101429 0.486753 0.867631
vn -0.178888 0.705175 0.686095
vn 0.124698 0.383827 0.914947
vn -0.209800 0.799151 0.563330
vn 0.562279 -0.741463 -0.366161
vn -0.707753 0.693611 0.134128
vn -0.753232 0.646025 0.123665
vn -0.143471 -0.831691 0.536382
vn -0.687737 -0.613230 0.388546
vn -0.905462 0.154546 0.395291
vn 0.085426 -0.911784 0.401686
vn -0.541055 0.816068 0.203204
vn -0.750485 0.638594 0.170209
vn -0.898538 0.418026 0.133731
vn -0.957464 -0.164747 0.236901
vn -0.546374 0.355936 0.758146
vn -0.223255 -0.289551 0.930762
vn -0.828376 -0.330242 0.452474
vn -0.845298 -0.219103 0.487304
vn -0.762882 0.363533 0.534654
vn -0.861586 0.335838 0.380634
vn -0.844532 0.398421 0.357807
vn -0.875058 0.189463 0.445395
vn -0.914875 0.362393 0.177976
vn -0.942112 0.334618 0.021348
vn -0.777841 0.586252 0.226435
vn -0.726215 0.650034 0.223759
vn -0.856166 0.165996 0.489310
vn -0.545469 0.821608 0.165602
vn -0.577150 0.793496 0.193035
vn -0.673673 0.712155 0.197483
vn -0.612540 0.757233 0.226698
vn -0.633399 0.728474 0.261020
vn -0.719499 0.259251 0.644290
vn -0.591577 -0.231827 0.772200
vn -0.564237 -0.140586 0.813556
vn 0.829928 -0.527332 0.182044
vn -0.230674 -0.768664 -0.596611
vn -0.253782 -0.773423 -0.580871
vn -0.574324 -0.678331 0.458279
vn -0.605010 0.367347 -0.706413
vn -0.449362 0.533906 0.716253
vn -0.733994 0.381368 0.561971
vn -0.783383 0.422622 0.455743
vn -0.456912 0.313172 0.832559
vn -0.649760 0.163390 -0.742372
vn 0.614186 -0.256650 -0.746261
vn 0.829451 -0.207393 -0.518651
vn -0.818734 -0.054050 -0.571624
vn -0.868493 -0.039884 -0.494095
vn -0.962615 -0.145978 0.228172
vn -0.991444 -0.128806 -0.021151
vn -0.993972 0.034649 -0.104011
vn -0.946297 -0.082693 0.312545
vn -0.833624 0.436008 -0.339069
vn -0.838288 0.138010 -0.527471
vn -0.892193 0.269710 -0.362282
vn -0.911165 0.384949 -0.146946
vn -0.983774 0.166175 -0.067630
vn -0.953747 0.091730 0.286273
vn -0.735402 -0.217522 0.641769
vn -0.929808 -0.132992 0.343176
vn -0.494840 -0.397436 0.772773
vn -0.639514 -0.177974 0.747895
vn -0.966424 0.000153 -0.256951
vn -0.947469 -0.034915 -0.317938
vn -0.983570 0.102237 -0.148790
vn -0.969637 0.164012 -0.181396
vn -0.977013 -0.007199 -0.213057
vn -0.945329 0.209970 -0.249529
vn 0.142224 -0.521333 0.841418
vn 0.337366 -0.470940 0.815107
vn -0.852385 -0.089225 0.515247
vn -0.115942 -0.520062 0.846223
vn -0.527468 -0.122415 0.840709
vn -0.934727 -0.046324 0.352334
vn -0.627436 0.731298 -0.267445
vn -0.693895 0.718506 -0.047526
vn -0.488915 0.780376 0.389841
vn -0.364226 0.921385 0.135605
vn -0.319233 0.632158 0.706022
vn 0.109288 0.531502 0.839977
vn -0.751479 0.587735 -0.299746
vn -0.528274 0.817524 0.229306
vn 0.358579 -0.559226 0.747454
vn 0.478827 -0.420839 0.770467
vn -0.255805 0.757176 0.601039
vn -0.144068 0.870871 0.469923
vn 0.208325 0.842749 0.496362
vn 0.434455 -0.838554 -0.328748
vn 0.427609 -0.645508 -0.632827
vn 0.190254 -0.793399 -0.578205
vn 0.372260 -0.907665 -0.193820
vn -0.906049 0.413692 0.089078
vn -0.887968 0.057838 0.456254
vn -0.816384 -0.105792 0.567737
vn -0.736001 0.567339 0.369363
vn -0.205852 -0.931249 0.300667
vn -0.405938 -0.482341 0.776248
vn -0.618544 -0.348763 0.704107
vn -0.451485 -0.667373 0.592263
vn -0.832629 0.541312 0.117095
vn -0.860786 0.508582 0.019796
vn -0.807055 0.590405 -0.009199
vn -0.771338 0.630262 -0.088367
vn -0.820411 0.551442 -0.151121
vn -0.893950 0.135770 0.427106
vn -0.730050 -0.088897 0.677588
vn -0.488764 -0.399510 0.775565
vn -0.082396 -0.539042 0.838239
vn -0.078270 -0.706525 -0.703346
vn -0.032520 -0.958696 -0.282567
vn -0.248199 -0.898828 0.361256
vn -0.067839 -0.625521 0.777253
vn -0.627690 0.649331 0.429389
vn -0.849515 0.482283 -0.213838
vn -0.956544 0.253833 -0.143498
vn -0.053405 0.868269 0.493211
vn -0.175615 0.762555 0.622631
vn -0.108940 0.838801 0.533427
vn -0.558534 0.610321 0.561736
vn -0.095122 -0.994166 -0.050852
vn -0.679401 -0.713988 0.169224
vn 0.419963 -0.838649 -0.346841
vn 0.391184 -0.903516 -0.175028
vn -0.889159 0.376638 -0.259885
vn -0.909881 0.370525 -0.186624
vn -0.975047 0.112650 0.191294
vn -0.923562 0.379855 0.052384
vn -0.840170 0.522977 -0.143559
vn -0.944485 0.213698 -0.249561
vn -0.966913 0.172114 -0.188298
vn -0.756148 -0.038046 0.653294
vn -0.708768 0.516659 0.480324
vn 0.040960 0.817902 0.573898
vn -0.365531 -0.575605 0.731482
vn -0.261379 -0.963682 -0.054747
vn -0.095347 -0.972783 0.211193
vn -0.106567 -0.232539 0.966731
vn -0.119161 -0.758805 0.640325
vn -0.064575 0.047326 0.996790
vn -0.536458 -0.102181 0.837718
vn -0.027848 -0.894956 0.445285
vn -0.077224 0.013408 0.996924
vn 0.460281 -0.454520 0.762596
vn -0.041977 -0.997326 0.059830
vn -0.738075 -0.650549 -0.178972
vn -0.315894 0.861091 0.398413
vn -0.897149 -0.046606 0.439262
vn -0.926434 -0.293317 0.235978
vn -0.455451 -0.771236 0.444701
vn -0.451387 0.775711 0.441047
vn 0.166962 -0.445365 0.879644
vn 0.929573 -0.140890 0.340653
vn 0.972245 -0.168466 0.162354
vn 0.998639 -0.030880 0.042032
vn 0.893441 -0.090166 0.440038
vn 0.761587 0.390207 -0.517420
vn 0.489705 0.013180 -0.871788
vn 0.900904 0.098946 -0.422589
vn 0.960419 0.242597 -0.136901
vn 0.999980 0.005200 0.003608
vn 0.966043 0.038122 0.255552
vn 0.846860 -0.128777 0.515989
vn 0.958214 -0.115290 0.261790
vn 0.851520 -0.205873 0.482214
vn 0.865605 -0.053596 0.497850
vn 0.985132 -0.083951 0.149888
vn 0.970301 -0.165626 -0.176308
vn 0.987589 0.121780 0.099188
vn 0.986801 0.061882 0.149644
vn 0.614309 -0.267439 -0.742362
vn 0.855890 0.244892 -0.455501
vn 0.563963 -0.424553 0.708308
vn 0.594239 -0.397289 0.699315
vn 0.457341 -0.356715 0.814613
vn -0.355122 -0.490209 0.795979
vn 0.263700 -0.176147 0.948385
vn 0.839691 -0.109351 0.531941
vn 0.752474 0.599813 -0.272042
vn 0.834613 0.549716 0.035115
vn 0.599942 0.667647 0.440815
vn 0.571221 0.795867 0.200756
vn 0.349043 0.539916 0.765937
vn -0.166521 0.518012 0.839008
vn 0.864039 0.465560 -0.191550
vn 0.714191 0.568781 0.407945
vn 0.300591 0.730945 0.612670
vn 0.238197 0.871119 0.429435
vn -0.239275 0.867193 0.436719
vn -0.594277 -0.781085 -0.191679
vn -0.639718 -0.568342 -0.517444
vn -0.432339 -0.821964 -0.370754
vn -0.408014 -0.909838 0.075622
vn 0.955718 0.206763 0.209410
vn 0.929566 0.095395 0.356098
vn 0.867692 0.054664 0.494088
vn 0.812153 0.456453 0.363399
vn -0.124540 -0.898606 0.420709
vn 0.592128 -0.429129 0.682079
vn 0.745388 -0.275833 0.606888
vn 0.560401 -0.663837 0.495248
vn 0.915606 0.384487 0.117621
vn 0.937240 0.345286 0.048560
vn 0.860379 0.501725 -0.089557
vn 0.817045 0.562483 -0.126692
vn 0.891049 0.438155 -0.118541
vn 0.934785 0.054510 0.351005
vn 0.829627 -0.059814 0.555105
vn 0.601891 -0.158312 0.782729
vn 0.034730 -0.529286 0.847733
vn 0.073736 -0.946789 -0.313294
vn 0.251291 -0.949823 0.186249
vn 0.676710 0.547874 0.491832
vn 0.861639 0.443599 -0.246573
vn 0.966281 0.257190 0.012432
vn 0.323429 0.676785 0.661328
vn 0.295199 0.684253 0.666825
vn 0.450123 0.528827 0.719536
vn 0.804769 0.282913 0.521831
vn 0.121862 -0.987882 0.096118
vn -0.544409 -0.613102 -0.572472
vn -0.676958 -0.642846 -0.358437
vn -0.485494 -0.870930 -0.076002
vn 0.910703 0.341522 -0.232341
vn 0.953716 0.286563 -0.091143
vn 0.960578 0.016845 0.277501
vn 0.962690 0.238299 0.128222
vn 0.887254 0.438731 -0.142463
vn 0.981246 0.180956 -0.066410
vn 0.976761 0.148450 -0.154598
vn 0.671093 -0.030239 0.740756
vn 0.836401 0.128560 0.532827
vn 0.027843 0.931371 0.363004
vn 0.148944 0.573505 0.805548
vn 0.574972 -0.794558 -0.195152
vn 0.522682 0.306432 0.795552
vn 0.197146 -0.774333 0.601284
vn 0.826597 -0.033762 0.561781
vn 0.547006 -0.836123 0.041036
vn 0.192519 -0.878982 0.436265
vn 0.033071 0.860934 0.507640
vn -0.882703 0.246114 0.400329
vn -0.973317 -0.009401 0.229274
vn -0.936767 -0.344700 -0.060412
vn -0.831353 -0.554114 -0.042536
vn -0.970789 -0.238527 0.025955
vn -0.367485 -0.826774 -0.425910
vn -0.791180 -0.460471 -0.402494
vn -0.114664 -0.838948 -0.531995
vn -0.496348 -0.576607 -0.648971
vn -0.127575 -0.952067 -0.278015
vn -0.852322 -0.480257 0.207124
vn 0.353617 0.935360 0.007461
vn 0.760002 -0.323934 -0.563440
vn 0.644380 0.623066 -0.443355
vn -0.140205 0.861264 0.488433
vn -0.393346 -0.919303 -0.012660
vn -0.489337 0.226216 0.842244
vn 0.863295 0.503562 0.033860
vn -0.164246 0.427867 0.888793
vn -0.096117 0.992365 0.077284
vn -0.010655 0.318845 0.947747
vn 0.032690 0.683301 0.729404
vn -0.140056 0.693816 0.706402
vn -0.127804 0.634458 0.762319
vn 0.060745 0.602894 0.795505
vn -0.292167 0.760383 0.580048
vn -0.383756 0.618389 0.685804
vn -0.356050 0.856488 0.373706
vn -0.397267 0.822216 0.407602
vn -0.231017 0.897023 0.376803
vn 0.036817 0.933036 0.357894
vn 0.097884 0.841512 0.531296
vn -0.036011 0.822131 0.568158
vn 0.147234 -0.539930 -0.828733
vn 0.003695 -0.240226 -0.970710
vn 0.207422 -0.662050 -0.720184
vn 0.212092 -0.712131 -0.669243
vn 0.189153 -0.821544 -0.537854
vn -0.372160 -0.623838 0.687258
vn 0.373573 -0.860774 -0.345706
vn 0.371525 -0.891036 -0.260814
vn 0.284573 -0.903647 -0.320063
vn 0.144262 -0.900356 -0.410546
vn -0.439391 -0.838368 -0.322606
vn -0.663424 -0.611374 -0.431382
vn -0.848851 -0.421418 -0.319153
vn -0.272279 0.860568 0.430449
vn -0.146077 0.829424 0.539182
vn -0.338462 0.903360 0.263410
vn -0.189778 0.947650 0.256794
vn 0.213143 0.886901 0.409849
vn 0.482369 0.687866 0.542365
vn 0.383639 0.786506 0.483973
vn 0.591269 0.203321 0.780424
vn 0.579017 0.434564 0.689851
vn 0.231434 0.112670 0.966304
vn 0.275873 0.396847 0.875447
vn 0.438083 0.522219 0.731690
vn 0.560650 0.093751 0.822728
vn -0.385588 0.439141 0.811466
vn 0.033334 0.412236 0.910467
vn -0.075739 -0.967610 -0.240819
vn 0.010699 -0.955952 -0.293328
vn -0.208048 -0.931269 -0.299089
vn -0.373989 -0.787600 -0.489712
vn -0.219361 -0.866157 -0.449057
vn 0.012772 -0.905626 -0.423885
vn 0.189855 -0.916332 -0.352548
vn 0.273097 -0.907666 -0.318685
vn 0.304861 -0.832355 -0.462865
vn 0.185160 -0.729577 -0.658356
vn 0.097598 -0.657694 -0.746936
vn 0.165051 -0.825755 -0.539340
vn -0.081851 -0.777474 -0.623566
vn -0.390434 -0.722908 -0.570056
vn -0.377357 -0.877146 -0.297014
vn -0.127034 -0.977745 -0.166966
vn 0.027249 -0.998268 -0.052137
vn 0.046468 -0.681905 -0.729964
vn -0.081337 -0.835732 -0.543080
vn 0.328897 -0.508758 -0.795608
vn -0.090137 -0.439757 -0.893582
vn 0.500469 -0.675954 -0.540941
vn -0.027337 -0.679058 -0.733576
vn 0.191727 0.761197 0.619532
vn -0.129165 0.666523 0.734210
vn 0.028835 0.634483 0.772399
vn -0.085674 0.500649 0.861400
vn -0.312700 0.500457 0.807317
vn 0.231846 0.739790 0.631631
vn -0.989084 -0.042672 0.141040
vn -0.769657 0.513973 0.378759
vn -0.312433 0.547005 0.776641
vn -0.913602 0.404605 0.040319
vn -0.794885 -0.186142 -0.577502
vn -0.707282 0.498991 0.500760
vn -0.898326 0.318184 0.302936
vn -0.965652 0.154886 -0.208632
vn -0.962737 -0.059466 -0.263822
vn -0.796718 0.109338 0.594378
vn -0.988638 0.123247 0.086051
vn -0.983157 0.061840 0.171983
vn -0.998092 0.059399 0.016864
vn -0.983988 -0.037803 0.174180
vn -0.969748 0.035314 0.241540
vn -0.917585 0.179767 0.354573
vn -0.995951 -0.086633 -0.024000
vn 0.028521 0.768091 0.639705
vn 0.431499 -0.872482 -0.229312
vn -0.653103 0.529964 0.540920
vn -0.603647 0.547026 0.579976
vn -0.264022 0.578521 0.771755
vn -0.199723 0.459412 0.865477
vn -0.373958 0.462733 0.803762
vn -0.021015 0.030297 0.999320
vn -0.439332 -0.085901 0.894208
vn 0.016385 -0.988837 -0.148095
vn 0.260770 0.461096 -0.848168
vn 0.032745 0.998776 0.037082
vn -0.063038 0.745558 0.663453
vn 0.134794 0.582997 -0.801215
vn -0.184989 0.392696 0.900871
vn -0.244373 0.879539 0.408281
vn -0.152331 0.916711 0.369372
vn -0.387399 0.563134 0.729933
vn -0.169533 -0.057492 0.983846
vn -0.346107 0.698423 0.626430
vn -0.634598 0.256496 0.729037
vn -0.184655 0.381241 0.905846
vn -0.302154 0.906752 0.294116
vn -0.031980 -0.977244 -0.209694
vn -0.011041 0.975039 0.221757
vn 0.109192 0.620035 -0.776939
vn -0.131836 0.832673 -0.537843
vn -0.076555 -0.830565 -0.551636
vn -0.582871 0.049729 0.811041
vn -0.269134 0.590859 0.760561
vn -0.054187 -0.952142 -0.300815
vn -0.208690 0.610709 0.763860
vn -0.043270 0.863619 0.502286
vn -0.137953 -0.224991 0.964546
vn -0.119080 0.655274 0.745946
vn -0.043765 0.025884 -0.998706
vn -0.031192 0.261673 -0.964652
vn -0.323014 -0.191696 0.926777
vn 0.009292 0.904980 -0.425353
vn -0.213753 0.364190 0.906463
vn 0.349448 -0.918045 0.187295
vn 0.019982 0.983853 0.177858
vn -0.069398 -0.411768 -0.908642
vn -0.002317 0.811407 -0.584477
vn -0.103071 0.142740 0.984379
vn 0.027945 0.994455 0.101385
vn -0.194083 -0.930191 0.311572
vn -0.039066 -0.965382 0.257899
vn -0.077531 -0.671542 -0.736899
vn -0.062338 -0.211451 -0.975399
vn -0.309458 -0.523596 0.793777
vn -0.429508 -0.415687 0.801702
vn 0.005183 0.875051 -0.484003
vn -0.318206 0.070729 0.945379
vn -0.222854 0.384862 0.895666
vn -0.710888 0.191201 0.676816
vn -0.104033 0.778013 0.619575
vn -0.063761 0.028865 0.997548
vn -0.014812 0.588097 -0.808655
vn -0.064869 0.673418 0.736410
vn -0.141659 -0.853251 -0.501892
vn -0.106224 0.717472 0.688441
vn -0.080410 -0.807670 -0.584126
vn -0.251454 -0.236973 0.938411
vn -0.359566 -0.597140 0.717033
vn 0.049729 -0.906168 0.419985
vn -0.140413 0.642393 0.753402
vn -0.112408 0.212550 0.970663
vn -0.750584 -0.298632 0.589442
vn -0.493728 -0.174287 0.851973
vn -0.019304 0.460202 -0.887604
vn 0.006792 0.963569 -0.267372
vn 0.020022 0.989793 -0.141102
vn -0.243964 0.621695 0.744297
vn -0.097477 0.673996 0.732276
vn 0.029666 -0.984227 0.174406
vn -0.167525 -0.606590 0.777164
vn -0.195506 -0.060374 0.978842
vn 0.006912 0.963784 0.266596
vn -0.000888 -0.978408 0.206679
vn 0.038580 0.998676 -0.034025
vn -0.012373 0.931638 0.363177
vn -0.029261 -0.995723 -0.087630
vn -0.002786 -0.973451 0.228877
vn 0.065231 -0.986605 0.149516
vn -0.793847 -0.250184 0.554270
vn 0.301654 -0.948873 0.092979
vn -0.007125 0.707623 -0.706555
vn 0.054207 -0.900432 0.431607
vn 0.184225 0.633382 0.751591
vn 0.992727 0.113040 0.041410
vn 0.892542 0.358272 0.273878
vn 0.575169 -0.800036 -0.170654
vn 0.983744 -0.141976 -0.109957
vn 0.285237 -0.850927 -0.441093
vn 0.839420 -0.322109 -0.437744
vn -0.026641 -0.883971 -0.466782
vn 0.618509 -0.513453 -0.594822
vn -0.422479 -0.877431 0.227215
vn -0.373430 -0.914318 0.156760
vn -0.055786 -0.879946 -0.471787
vn 0.743708 -0.575639 -0.339909
vn -0.178538 0.811357 0.556619
vn -0.098411 -0.993407 -0.058801
vn -0.472923 0.678773 0.561793
vn -0.557485 0.657089 0.507389
vn 0.072063 0.915380 0.396088
vn -0.940620 0.306684 -0.145528
vn 0.012257 -0.883845 -0.467619
vn 0.658025 0.510147 0.553853
vn -0.048236 -0.848530 0.526944
vn 0.547055 -0.832908 -0.083638
vn 0.468425 0.514390 0.718318
vn 0.251329 -0.936408 0.244895
vn 0.243922 0.398729 0.884035
vn -0.609639 0.638020 0.470394
vn -0.922281 0.385870 0.022410
vn 0.322389 0.664377 0.674291
vn 0.244311 0.700282 0.670758
vn -0.403724 0.804541 0.435569
vn 0.002069 -0.758365 0.651827
vn 0.032373 -0.700800 0.712623
vn -0.556182 -0.026505 0.830637
vn -0.526744 0.068631 0.847249
vn 0.363529 0.769247 0.525458
vn -0.631049 -0.700523 0.333233
vn -0.540835 -0.764828 0.350052
vn 0.220965 0.826785 0.517302
vn 0.265911 0.719295 0.641798
vn -0.159919 -0.487239 0.858501
vn -0.598097 -0.394987 0.697328
vn -0.387158 -0.701795 0.597990
vn 0.924490 -0.350767 -0.149266
vn 0.201610 0.797854 0.568140
vn -0.831594 -0.410645 0.373929
vn -0.872899 0.411326 0.262408
vn 0.276126 0.861074 0.426972
vn -0.091913 0.941351 0.324671
vn -0.006167 0.870746 0.491695
vn -0.090330 0.904022 0.417832
vn -0.573016 -0.628540 0.525918
vn -0.003552 0.748456 0.663175
vn 0.219604 0.702379 0.677081
vn -0.207176 -0.598086 -0.774191
vn 0.127513 0.750188 0.648813
vn -0.770157 0.239643 0.591125
vn -0.663640 0.292880 0.688334
vn -0.350674 -0.617748 -0.703858
vn -0.208400 -0.737919 -0.641908
vn -0.308177 -0.831750 -0.461756
vn 0.466604 -0.810886 0.353191
vn -0.719654 0.686139 -0.106355
vn -0.768266 -0.639989 -0.013471
vn -0.837949 -0.448803 0.310511
vn -0.702732 -0.652463 0.283655
vn -0.759955 -0.554202 0.339600
vn -0.295380 -0.880221 -0.371433
vn -0.295863 -0.858927 -0.417982
vn -0.862395 0.479241 0.163103
vn -0.363150 -0.876796 -0.315199
vn -0.730574 0.472364 0.493085
vn -0.632868 0.543972 0.550974
vn -0.203295 -0.896988 -0.392536
vn -0.139187 -0.902899 -0.406695
vn -0.250283 -0.968020 -0.017182
vn 0.435011 0.181012 -0.882043
vn 0.949234 0.310680 0.049328
vn 0.397593 0.811708 0.427843
vn 0.338386 0.765816 0.546828
vn 0.358071 0.862690 0.357143
vn -0.601444 0.166684 0.781333
vn 0.068591 0.928619 0.364640
vn -0.229173 0.852565 0.469695
vn -0.495877 0.626554 0.601279
vn -0.239510 -0.944141 0.226345
vn -0.369214 0.762618 0.531126
vn -0.627838 -0.168807 0.759818
vn -0.612698 0.306542 0.728446
vn 0.217346 -0.011393 0.976028
vn -0.066089 0.107158 0.992043
vn -0.440558 0.257927 0.859873
vn -0.157646 -0.840491 0.518384
vn -0.582217 -0.631572 0.511996
vn -0.369499 -0.301963 0.878800
vn 0.559749 0.298033 0.773213
vn 0.285655 0.287743 0.914114
vn 0.081809 -0.944944 -0.316841
vn 0.288554 -0.847417 0.445669
vn 0.246368 -0.917195 0.313138
vn 0.189566 -0.891184 -0.412136
vn 0.336797 -0.847724 -0.409794
vn 0.104228 -0.936982 -0.333467
vn -0.110645 -0.898306 -0.425211
vn -0.146185 -0.838808 -0.524434
vn -0.294729 -0.860319 -0.415917
vn 0.147369 -0.895767 0.419384
vn -0.429215 -0.601793 0.673513
vn -0.024362 -0.828357 0.559670
vn -0.414376 -0.809302 -0.416321
vn 0.329017 0.408976 0.851168
vn 0.208174 0.790080 -0.576573
vn 0.271334 -0.797252 0.539228
vn -0.291172 -0.956593 -0.012214
vn 0.292633 -0.153055 0.943896
vn -0.313265 -0.742914 -0.591560
vn 0.161332 -0.821486 0.546930
vn -0.376737 -0.691283 -0.616602
vn 0.266811 -0.436405 0.859280
vn -0.179039 -0.806528 -0.563434
vn 0.158294 -0.878533 0.450692
vn 0.048846 -0.835616 -0.547137
vn 0.430702 -0.745791 -0.508224
vn 0.282974 0.501029 0.817861
vn 0.291483 -0.136442 0.946795
vn 0.471376 -0.822151 -0.319174
vn -0.255359 -0.821274 0.510197
vn 0.271236 -0.948709 -0.162427
vn -0.661799 -0.191659 0.724768
vn -0.236258 0.138407 0.961782
vn -0.761411 0.254000 0.596437
vn -0.078638 -0.676945 -0.731821
vn -0.875166 0.249312 0.414641
vn -0.437043 -0.443594 -0.782444
vn -0.193726 0.585145 0.787449
vn -0.218547 0.675309 0.704411
vn 0.112735 -0.525207 0.843474
vn -0.511001 -0.654224 -0.557556
vn -0.026306 0.674259 0.738026
vn 0.244941 0.496084 0.833010
vn 0.067460 0.381020 0.922102
vn 0.559225 0.231172 0.796132
vn -0.300076 -0.197004 0.933351
vn -0.431816 0.887279 0.162084
vn -0.323771 -0.138223 0.935984
vn -0.568965 -0.065217 0.819772
vn 0.833622 0.122690 0.538537
vn -0.451128 0.867217 0.210757
vn -0.127776 0.637747 0.759573
vn 0.981500 -0.065761 -0.179814
vn 0.917360 0.282510 0.280427
vn 0.645197 0.399015 0.651543
vn 0.948632 0.280206 -0.146909
vn -0.737233 0.097572 0.668556
vn 0.890091 -0.065996 -0.450980
vn -0.048739 0.509617 0.859020
vn 0.037711 0.130501 0.990731
vn -0.541947 0.226721 0.809253
vn 0.887241 0.323043 0.329313
vn -0.035275 0.145051 0.988795
vn -0.342357 0.895320 -0.284947
vn 0.991595 0.122853 0.040583
vn 0.957913 0.125835 -0.258007
vn 0.933249 0.009460 -0.359106
vn 0.834053 -0.384262 0.395851
vn -0.108826 -0.910682 0.398516
vn 0.976021 -0.024683 -0.216272
vn 0.227882 0.106750 0.967819
vn 0.066831 0.257705 0.963910
vn 0.997037 -0.020607 -0.074112
vn -0.371829 0.910393 -0.181460
vn -0.036701 0.586972 0.808775
vn -0.380765 -0.218658 0.898447
vn -0.975080 -0.108479 0.193524
vn -0.635263 -0.651174 0.415227
vn -0.503210 0.270259 0.820817
vn 0.982604 -0.011999 -0.185327
vn 0.993109 -0.087864 -0.077549
vn 0.980347 -0.111929 -0.162453
vn -0.457469 0.818158 0.348339
vn 0.991248 0.065240 -0.114762
vn 0.987527 -0.004588 0.157384
vn -0.401982 0.908157 0.116883
vn -0.104268 0.460797 0.881359
vn -0.590267 -0.793823 0.146392
vn 0.261220 0.399378 0.878784
vn 0.458269 0.652333 0.603698
vn -0.884592 0.348133 0.310324
vn -0.773134 0.535815 0.339363
vn -0.387629 0.920580 -0.047708
vn 0.210665 0.126153 0.969384
vn -0.658332 0.499610 0.563018
vn -0.216644 0.914413 -0.341928
vn 0.245186 0.589407 0.769730
vn -0.065720 0.644967 0.761379
vn 0.311833 0.578534 0.753697
vn -0.144089 0.455213 0.878646
vn -0.508257 -0.057379 0.859292
vn 0.287862 0.024321 0.957363
vn -0.993239 0.105776 -0.047826
vn -0.495774 0.775982 0.389948
vn -0.717303 0.696718 0.007766
vn -0.460869 0.845565 0.269479
vn -0.833918 0.541966 -0.104181
vn -0.888615 0.442896 -0.119193
vn 0.124700 0.177353 0.976215
vn -0.374240 -0.059812 0.925401
vn -0.382646 0.922424 0.052115
vn -0.058767 0.493553 0.867728
vn 0.005123 0.916425 -0.400173
vn -0.314019 0.038884 0.948620
vn -0.848572 0.520252 -0.096249
vn 0.089586 -0.876137 0.473665
vn -0.398380 0.104164 0.911287
vn -0.125206 0.980340 0.152501
vn -0.144702 -0.402680 0.903831
vn -0.007476 -0.293218 0.956016
vn -0.582707 0.130643 0.802113
vn -0.113306 -0.343652 0.932236
vn -0.211622 -0.418880 0.883038
vn -0.289267 0.935318 0.203730
vn -0.133865 -0.482563 0.865571
vn -0.127377 0.966823 0.221422
vn -0.106819 -0.298130 0.948530
vn -0.338787 0.920814 0.193197
vn -0.331167 -0.674739 0.659587
vn -0.039765 -0.559873 0.827624
vn -0.249552 -0.621341 0.742738
vn 0.024904 -0.415541 0.909234
vn -0.768321 0.588082 0.252670
vn -0.572383 0.808532 0.136581
vn 0.342513 -0.939322 -0.018937
vn 0.337404 -0.937221 -0.088182
vn -0.392403 0.699135 0.597687
vn -0.249698 -0.750339 0.612080
vn 0.770181 0.578103 0.269477
vn -0.206243 0.676327 0.707138
vn -0.351975 -0.325933 0.877429
vn 0.886596 0.400202 0.231918
vn 0.358744 0.699475 0.618092
vn 0.750896 0.635395 0.180079
vn -0.113999 -0.697329 0.707628
vn -0.326064 -0.406181 0.853639
vn 0.807153 -0.179909 0.562260
vn 0.842579 0.128146 0.523106
vn 0.754267 -0.596298 0.274790
vn 0.316181 -0.947284 0.051793
vn -0.429308 0.769472 0.472872
vn 0.291978 -0.030867 0.955927
vn 0.670245 -0.511472 0.537744
vn 0.113823 -0.867729 0.483828
vn -0.055760 -0.307811 0.949812
vn -0.424115 0.789253 0.444079
vn 0.896948 0.234311 0.374943
vn 0.911283 0.367590 0.185582
vn 0.169948 -0.734502 0.656981
vn -0.710479 0.450111 0.540943
vn -0.711317 0.347400 0.611016
vn 0.847777 0.258468 0.463108
vn 0.002686 0.560216 0.828342
vn 0.639989 -0.738279 0.212975
vn 0.881236 -0.187242 0.434008
vn 0.851855 -0.413708 0.321231
vn 0.707576 -0.608838 0.358682
vn 0.207950 0.805430 0.555013
vn 0.879267 0.062804 -0.472172
vn 0.979423 0.197801 0.040064
vn 0.561657 -0.827364 -0.003092
vn 0.846141 0.191959 0.497190
vn 0.022555 -0.780164 0.625169
vn 0.505367 -0.762415 0.404139
vn -0.458934 -0.598446 0.656691
vn -0.456878 -0.683648 0.569112
vn -0.362827 -0.648074 0.669594
vn -0.221292 -0.273379 0.936105
vn -0.182089 -0.598179 0.780401
vn -0.190566 0.896211 0.400612
vn -0.604700 -0.766410 0.216690
vn -0.382167 -0.813068 0.439169
vn -0.806598 -0.546527 0.225184
vn -0.274990 0.485398 0.829921
vn -0.126638 -0.991789 0.017821
vn -0.733005 -0.583723 0.349243
vn -0.407347 -0.549910 0.729155
vn -0.151657 0.905771 0.395701
vn 0.110251 -0.387384 0.915302
vn 0.051072 -0.850200 0.523976
vn -0.044431 -0.032509 0.998483
vn 0.779484 0.498743 0.379026
vn 0.816676 0.549458 0.176454
vn 0.406901 0.481030 0.776558
vn 0.338534 0.461213 0.820169
vn -0.286583 -0.396630 0.872098
vn 0.154503 0.025137 0.987673
vn 0.449752 0.886724 0.106975
vn 0.113866 0.043968 0.992523
vn 0.411308 0.176736 0.894198
vn 0.457395 0.880255 0.126261
vn 0.642597 0.336292 0.688460
vn 0.364973 -0.436307 0.822454
vn -0.585774 -0.030914 0.809885
vn 0.965543 0.042813 0.256697
vn -0.300257 0.033073 0.953285
vn 0.347603 0.903970 -0.249018
vn -0.097994 -0.810029 0.578144
vn -0.121380 0.228381 0.965976
vn 0.145482 0.367034 0.918761
vn 0.375372 0.914938 -0.148272
vn 0.057108 -0.090039 0.994300
vn 0.406998 0.285844 0.867552
vn 0.684857 -0.296154 0.665780
vn 0.146916 -0.837375 0.526516
vn 0.478704 0.654809 0.584866
vn 0.444193 0.873449 0.199446
vn 0.424677 0.901086 0.087712
vn -0.460467 -0.041208 0.886720
vn 0.810187 0.581901 0.070631
vn 0.679130 0.729835 0.078249
vn 0.392561 0.919263 -0.029184
vn -0.441315 -0.156409 0.883616
vn 0.689307 0.721268 0.068035
vn 0.235656 0.916068 -0.324477
vn 0.247253 0.326126 0.912419
vn 0.279161 0.043120 0.959276
vn -0.301143 0.025368 0.953242
vn 0.815769 0.215379 0.536781
vn -0.461808 0.095196 0.881856
vn -0.059210 0.601515 0.796664
vn 0.454999 0.877181 0.153393
vn 0.272204 0.776445 0.568365
vn 0.674057 0.564168 0.476824
vn -0.479049 -0.167739 0.861612
vn 0.294906 0.184555 0.937534
vn 0.399072 0.915680 0.047667
vn 0.350033 0.410772 0.841869
vn 0.445854 0.768471 0.458983
vn -0.236682 -0.684044 0.689974
vn 0.103073 0.026426 0.994323
vn -0.360715 -0.099159 0.927390
vn -0.419294 -0.062236 0.905715
vn 0.003870 0.407326 0.913275
vn -0.158434 -0.235975 0.958757
vn -0.192388 -0.172293 0.966076
vn 0.323157 0.933490 0.155454
vn -0.251050 -0.083066 0.964403
vn 0.112023 0.973333 0.200186
vn -0.357564 0.000726 0.933888
vn 0.098483 0.976107 0.193690
vn -0.170936 -0.585310 0.792586
vn -0.217501 -0.633571 0.742483
vn -0.270053 -0.456832 0.847571
vn 0.148883 0.891688 0.427465
vn 0.328548 0.928928 0.170731
vn -0.113975 -0.024932 0.993171
vn -0.095756 -0.090207 0.991309
vn -0.203924 0.010411 0.978931
vn -0.384632 0.005500 0.923054
vn -0.558903 0.011400 0.829155
vn -0.601688 0.008455 0.798687
vn -0.201202 0.028846 0.979125
vn -0.380426 0.072129 0.921994
vn -0.550274 0.110548 0.827634
vn -0.588687 0.119047 0.799547
vn -0.188741 0.067977 0.979671
vn -0.359102 0.145186 0.921937
vn -0.519292 0.208166 0.828857
vn -0.558546 0.221175 0.799442
vn -0.168927 0.110591 0.979404
vn -0.320715 0.214170 0.922644
vn -0.466778 0.302595 0.830996
vn -0.503793 0.323426 0.800992
vn -0.148122 0.137733 0.979331
vn -0.277355 0.264360 0.923682
vn -0.398792 0.386114 0.831794
vn -0.427670 0.423822 0.798419
vn -0.130650 0.152425 0.979641
vn -0.224596 0.311707 0.923253
vn -0.311290 0.461159 0.830922
vn -0.335824 0.502704 0.796562
vn -0.087750 0.174596 0.980722
vn -0.152429 0.355170 0.922290
vn -0.215034 0.512999 0.831019
vn -0.233173 0.559901 0.795073
vn -0.022321 0.195095 0.980530
vn -0.068334 0.379104 0.922827
vn -0.105863 0.545477 0.831413
vn -0.116778 0.596134 0.794347
vn 0.006200 0.199758 0.979826
vn 0.007121 0.386376 0.922314
vn 0.006276 0.555921 0.831211
vn 0.004280 0.605383 0.795923
vn 0.030494 0.196072 0.980115
vn 0.075038 0.379564 0.922117
vn 0.108871 0.546304 0.830481
vn 0.120357 0.591583 0.797210
vn 0.078222 0.183494 0.979904
vn 0.147197 0.357638 0.922187
vn 0.212127 0.515201 0.830403
vn 0.231952 0.557826 0.796886
vn 0.119727 0.160048 0.979821
vn 0.219974 0.317314 0.922455
vn 0.314944 0.460084 0.830140
vn 0.338657 0.500383 0.796824
vn 0.141040 0.144082 0.979463
vn 0.280902 0.269573 0.921100
vn 0.400795 0.388874 0.829542
vn 0.431467 0.420895 0.797925
vn 0.165086 0.111490 0.979957
vn 0.326126 0.216022 0.920313
vn 0.468369 0.307124 0.828436
vn 0.505883 0.328525 0.797593
vn 0.196837 0.054070 0.978944
vn 0.364586 0.142399 0.920217
vn 0.519027 0.210305 0.828482
vn 0.559924 0.227564 0.796680
vn 0.206083 0.022288 0.978281
vn 0.383618 0.062499 0.921375
vn 0.551355 0.104304 0.827724
vn 0.592096 0.114084 0.797751
vn 0.208195 -0.012369 0.978009
vn 0.388189 -0.005581 0.921563
vn 0.561207 -0.004797 0.827662
vn 0.601176 -0.004564 0.799104
vn 0.202829 -0.046538 0.978108
vn 0.380435 -0.072582 0.921955
vn 0.551850 -0.109835 0.826679
vn 0.594859 -0.122165 0.794492
vn 0.189405 -0.082531 0.978424
vn 0.359960 -0.144470 0.921714
vn 0.520473 -0.213579 0.826735
vn 0.566432 -0.232384 0.790666
vn 0.174204 -0.110903 0.978444
vn 0.325397 -0.208078 0.922399
vn 0.470387 -0.308023 0.826957
vn 0.512127 -0.332718 0.791849
vn 0.164293 -0.122729 0.978747
vn 0.280531 -0.267047 0.921948
vn 0.403305 -0.390195 0.827703
vn 0.437343 -0.425586 0.792217
vn 0.133387 -0.150443 0.979579
vn 0.226170 -0.315343 0.921632
vn 0.319627 -0.459782 0.828516
vn 0.346963 -0.502261 0.792055
vn 0.100632 -0.172833 0.979797
vn 0.163875 -0.350724 0.922029
vn 0.227237 -0.510639 0.829223
vn 0.245138 -0.559215 0.791951
vn 0.062665 -0.185754 0.980596
vn 0.090302 -0.375682 0.922339
vn 0.118936 -0.545128 0.829874
vn 0.129915 -0.594775 0.793325
vn 0.013544 -0.192216 0.981259
vn 0.012780 -0.385096 0.922788
vn 0.011045 -0.556641 0.830680
vn 0.009071 -0.607053 0.794609
vn -0.034444 -0.187770 0.981609
vn -0.069205 -0.376477 0.923837
vn -0.100361 -0.547083 0.831040
vn -0.112816 -0.596997 0.794272
vn -0.078966 -0.173330 0.981693
vn -0.149411 -0.350561 0.924545
vn -0.212643 -0.512449 0.831973
vn -0.229214 -0.561971 0.794764
vn -0.127226 -0.143440 0.981447
vn -0.220119 -0.310604 0.924702
vn -0.311054 -0.458250 0.832618
vn -0.337993 -0.502860 0.795545
vn -0.162343 -0.112348 0.980318
vn -0.273178 -0.261629 0.925702
vn -0.394908 -0.388490 0.832540
vn -0.430938 -0.424417 0.796343
vn -0.172132 -0.098501 0.980137
vn -0.318953 -0.198026 0.926852
vn -0.466564 -0.301039 0.831681
vn -0.507052 -0.328585 0.796825
vn 0.002398 0.001774 0.999996
vn -0.185984 -0.073156 0.979826
vn -0.356907 -0.129160 0.925167
vn -0.518420 -0.199790 0.831459
vn -0.562535 -0.220658 0.796784
vn -0.199702 -0.025297 0.979530
vn -0.377003 -0.064317 0.923976
vn -0.548912 -0.094534 0.830517
vn -0.595206 -0.105184 0.796659
vn -0.593381 0.002569 0.804918
vn -0.700304 0.001243 0.713844
vn -0.832200 -0.000597 0.554475
vn -0.925620 0.003039 0.378443
vn -0.982163 0.003849 0.187991
vn -0.999983 0.004155 -0.004020
vn -0.980552 0.003262 -0.196231
vn -0.923603 0.002682 -0.383342
vn -0.831842 0.001914 -0.555009
vn -0.709034 0.001119 -0.705174
vn -0.560286 0.000284 -0.828299
vn -0.389654 -0.000559 -0.920961
vn -0.204435 -0.001372 -0.978879
vn -0.580881 0.116211 0.805650
vn -0.685009 0.132856 0.716318
vn -0.817819 0.158579 0.553195
vn -0.908975 0.181766 0.375135
vn -0.962686 0.193874 0.188807
vn -0.980483 0.196571 -0.003575
vn -0.961213 0.193243 -0.196792
vn -0.905687 0.181963 -0.382911
vn -0.816019 0.163493 -0.554421
vn -0.695911 0.138370 -0.704672
vn -0.549872 0.108493 -0.828173
vn -0.382559 0.074168 -0.920949
vn -0.200657 0.037448 -0.978946
vn -0.549624 0.219194 0.806143
vn -0.646239 0.264283 0.715912
vn -0.769280 0.322100 0.551779
vn -0.856398 0.356144 0.373824
vn -0.906516 0.377628 0.188749
vn -0.923288 0.384093 -0.003572
vn -0.905429 0.376246 -0.196563
vn -0.853544 0.353802 -0.382475
vn -0.769410 0.318118 -0.553903
vn -0.656446 0.270422 -0.704238
vn -0.518814 0.212501 -0.828055
vn -0.361071 0.146701 -0.920927
vn -0.189662 0.074351 -0.979030
vn -0.495617 0.329061 0.803793
vn -0.580327 0.394704 0.712340
vn -0.689355 0.469837 0.551401
vn -0.768727 0.517218 0.376225
vn -0.816096 0.546097 0.189117
vn -0.831574 0.555406 -0.002949
vn -0.815559 0.544443 -0.196077
vn -0.769135 0.512452 -0.381868
vn -0.693511 0.461007 -0.553638
vn -0.591955 0.392275 -0.704067
vn -0.467938 0.308426 -0.828196
vn -0.325760 0.213007 -0.921145
vn -0.171183 0.109169 -0.979172
vn -0.423343 0.427254 0.798896
vn -0.493215 0.501926 0.710500
vn -0.586068 0.592696 0.552482
vn -0.652508 0.656244 0.378915
vn -0.694058 0.694136 0.190938
vn -0.708134 0.706073 -0.002524
vn -0.694930 0.691915 -0.195771
vn -0.655511 0.651719 -0.381532
vn -0.591330 0.586573 -0.553409
vn -0.505013 0.499176 -0.704120
vn -0.399420 0.392831 -0.828340
vn -0.278384 0.271467 -0.921308
vn -0.146377 0.139570 -0.979334
vn -0.332448 0.500890 0.799117
vn -0.389806 0.587248 0.709360
vn -0.461649 0.693490 0.553129
vn -0.513282 0.769452 0.380113
vn -0.545980 0.815263 0.193008
vn -0.557721 0.830027 -0.001226
vn -0.547937 0.813391 -0.195344
vn -0.517012 0.766286 -0.381451
vn -0.466730 0.689817 -0.553458
vn -0.398768 0.587236 -0.704371
vn -0.315528 0.462178 -0.828754
vn -0.220288 0.319115 -0.921759
vn -0.116574 0.164178 -0.979518
vn -0.228005 0.557833 0.798020
vn -0.267631 0.651189 0.710160
vn -0.318820 0.769520 0.553347
vn -0.354285 0.853928 0.381168
vn -0.377664 0.905295 0.194448
vn -0.385837 0.922567 -0.000032
vn -0.379688 0.904361 -0.194855
vn -0.358681 0.851946 -0.381492
vn -0.324100 0.767114 -0.553620
vn -0.277043 0.652996 -0.704871
vn -0.219585 0.514016 -0.829199
vn -0.153927 0.355010 -0.922103
vn -0.081913 0.182639 -0.979762
vn -0.115174 0.592609 0.797213
vn -0.135479 0.690008 0.711009
vn -0.162669 0.816309 0.554237
vn -0.181665 0.905898 0.382551
vn -0.194345 0.961068 0.196412
vn -0.200343 0.979725 0.000875
vn -0.196507 0.961011 -0.194533
vn -0.186079 0.905447 -0.381497
vn -0.168517 0.815179 -0.554152
vn -0.144527 0.693800 -0.705517
vn -0.115326 0.545944 -0.829846
vn -0.081430 0.376984 -0.922633
vn -0.044423 0.193982 -0.979999
vn 0.000736 0.603610 0.797279
vn 0.000150 0.702539 0.711645
vn -0.001068 0.831651 0.555298
vn -0.002414 0.923511 0.383563
vn -0.003053 0.980064 0.198658
vn -0.003463 0.999992 0.001831
vn -0.004792 0.980715 -0.195383
vn -0.005274 0.924379 -0.381438
vn -0.005870 0.832089 -0.554610
vn -0.005980 0.708179 -0.706008
vn -0.006118 0.557197 -0.830358
vn -0.005921 0.384532 -0.923093
vn -0.005309 0.197843 -0.980219
vn 0.117472 0.589915 0.798874
vn 0.136206 0.688940 0.711905
vn 0.161001 0.815363 0.556113
vn 0.178437 0.905668 0.384611
vn 0.189399 0.961700 0.198145
vn 0.194211 0.980956 0.002578
vn 0.188258 0.962827 -0.193710
vn 0.176088 0.907387 -0.381631
vn 0.157491 0.816893 -0.554871
vn 0.132784 0.694927 -0.706714
vn 0.103238 0.546610 -0.830999
vn 0.069740 0.377111 -0.923539
vn 0.033569 0.193941 -0.980439
vn 0.231023 0.554315 0.799602
vn 0.268273 0.648584 0.712298
vn 0.317722 0.767964 0.556133
vn 0.353091 0.852687 0.385036
vn 0.374934 0.905661 0.197993
vn 0.381954 0.924176 0.003035
vn 0.374076 0.907191 -0.192539
vn 0.351521 0.854911 -0.381524
vn 0.315448 0.769817 -0.554864
vn 0.267104 0.654972 -0.706872
vn 0.208898 0.514966 -0.831367
vn 0.142878 0.354947 -0.923904
vn 0.071407 0.182481 -0.980613
vn 0.336070 0.497102 0.799967
vn 0.390909 0.582279 0.712840
vn 0.462157 0.690840 0.556014
vn 0.513574 0.767007 0.384634
vn 0.545658 0.814203 0.198321
vn 0.556113 0.831098 0.003810
vn 0.545368 0.815926 -0.191934
vn 0.512895 0.769314 -0.380914
vn 0.460766 0.692839 -0.554679
vn 0.391076 0.589201 -0.707038
vn 0.306590 0.462925 -0.831687
vn 0.209911 0.319152 -0.924164
vn 0.106392 0.163853 -0.980731
vn 0.427447 0.421702 0.799660
vn 0.496867 0.494246 0.713334
vn 0.588320 0.586835 0.556331
vn 0.653766 0.652020 0.384005
vn 0.694335 0.691876 0.198007
vn 0.708148 0.706052 0.004189
vn 0.695021 0.693091 -0.191237
vn 0.654471 0.653595 -0.380107
vn 0.588519 0.588422 -0.554441
vn 0.499803 0.500309 -0.707027
vn 0.392143 0.393085 -0.831690
vn 0.269288 0.270893 -0.924176
vn 0.136673 0.138846 -0.980838
vn 0.499929 0.327728 0.801664
vn 0.583588 0.386735 0.714045
vn 0.692126 0.460548 0.555749
vn 0.769658 0.510646 0.383232
vn 0.816697 0.542064 0.197921
vn 0.833076 0.553141 0.004353
vn 0.817609 0.543169 -0.191006
vn 0.770587 0.512009 -0.379529
vn 0.693237 0.460979 -0.554004
vn 0.588959 0.391923 -0.706770
vn 0.462190 0.307939 -0.831597
vn 0.317710 0.211870 -0.924214
vn 0.161787 0.108478 -0.980845
vn 0.554035 0.227237 0.800880
vn 0.648718 0.264165 0.713710
vn 0.769915 0.313780 0.555673
vn 0.855655 0.348881 0.382278
vn 0.907851 0.369798 0.197628
vn 0.925897 0.377745 0.004826
vn 0.908682 0.371695 -0.190105
vn 0.856414 0.350700 -0.378899
vn 0.770834 0.315604 -0.553361
vn 0.655159 0.268497 -0.706170
vn 0.514380 0.210655 -0.831287
vn 0.353843 0.144905 -0.924012
vn 0.180594 0.073691 -0.980793
vn 0.584448 0.119878 0.802527
vn 0.687812 0.141246 0.712014
vn 0.816436 0.162072 0.554225
vn 0.908086 0.175845 0.380076
vn 0.962696 0.184839 0.197616
vn 0.981654 0.190586 0.005767
vn 0.963991 0.186941 -0.189143
vn 0.908828 0.176273 -0.378101
vn 0.818220 0.158327 -0.552673
vn 0.695746 0.134209 -0.705639
vn 0.546539 0.104768 -0.830854
vn 0.376194 0.071489 -0.923779
vn 0.192168 0.035668 -0.980714
vn 0.592814 -0.005246 0.805323
vn 0.702602 -0.000664 0.711583
vn 0.834399 -0.004321 0.551144
vn 0.926517 -0.004812 0.376223
vn 0.980222 -0.005994 0.197809
vn 0.999962 -0.005159 0.007024
vn 0.982041 -0.005119 -0.188598
vn 0.925941 -0.004879 -0.377638
vn 0.833820 -0.004794 -0.552016
vn 0.709095 -0.004546 -0.705098
vn 0.557185 -0.004304 -0.830377
vn 0.383676 -0.003730 -0.923460
vn 0.195992 -0.003063 -0.980601
vn 0.582883 -0.131584 0.801831
vn 0.686340 -0.153548 0.710887
vn 0.815196 -0.175941 0.551816
vn 0.906600 -0.186866 0.378362
vn 0.960995 -0.194139 0.196975
vn 0.980039 -0.198701 0.006393
vn 0.962411 -0.196322 -0.187679
vn 0.907510 -0.185468 -0.376864
vn 0.817326 -0.167364 -0.551332
vn 0.695267 -0.142940 -0.704395
vn 0.546394 -0.113258 -0.829835
vn 0.376433 -0.078908 -0.923077
vn 0.192300 -0.041817 -0.980445
vn 0.558370 -0.231674 0.796586
vn 0.648402 -0.277886 0.708769
vn 0.766599 -0.324689 0.553988
vn 0.852200 -0.356059 0.383376
vn 0.905756 -0.374396 0.198582
vn 0.923941 -0.382507 0.004731
vn 0.906502 -0.377509 -0.189054
vn 0.854686 -0.357156 -0.376764
vn 0.769675 -0.322523 -0.550980
vn 0.654523 -0.275550 -0.704040
vn 0.514404 -0.217672 -0.829462
vn 0.354396 -0.151879 -0.922679
vn 0.180931 -0.079527 -0.980275
vn 0.507271 -0.329588 0.796272
vn 0.589678 -0.389597 0.707456
vn 0.694847 -0.458725 0.553858
vn 0.768902 -0.510879 0.384438
vn 0.815901 -0.543060 0.198473
vn 0.831932 -0.554862 0.004137
vn 0.816407 -0.545218 -0.190307
vn 0.769379 -0.515489 -0.377263
vn 0.692476 -0.465457 -0.551205
vn 0.588765 -0.397502 -0.703809
vn 0.462721 -0.313668 -0.829157
vn 0.318658 -0.217981 -0.922465
vn 0.162378 -0.114050 -0.980115
vn 0.433039 -0.423985 0.795434
vn 0.505285 -0.492045 0.708928
vn 0.594861 -0.582949 0.553454
vn 0.657797 -0.648725 0.382699
vn 0.696478 -0.690117 0.196615
vn 0.708651 -0.705553 0.002995
vn 0.695013 -0.693122 -0.191153
vn 0.654246 -0.654881 -0.378276
vn 0.588544 -0.590940 -0.551730
vn 0.500298 -0.504164 -0.703932
vn 0.392866 -0.398133 -0.828942
vn 0.270472 -0.276202 -0.922257
vn 0.137491 -0.143981 -0.979982
vn 0.342418 -0.497989 0.796717
vn 0.399478 -0.580063 0.709890
vn 0.469369 -0.688426 0.552958
vn 0.519545 -0.764185 0.382223
vn 0.549682 -0.812271 0.195104
vn 0.558892 -0.829239 0.001471
vn 0.547439 -0.814374 -0.192625
vn 0.514673 -0.768646 -0.379862
vn 0.462458 -0.693627 -0.552281
vn 0.392812 -0.591524 -0.704129
vn 0.308584 -0.466759 -0.828801
vn 0.211535 -0.324206 -0.922032
vn 0.107286 -0.168881 -0.979780
vn -0.004555 -0.002196 -0.999987
vn 0.241111 -0.553865 0.796931
vn 0.277415 -0.646979 0.710252
vn 0.326091 -0.766387 0.553459
vn 0.360394 -0.851187 0.381573
vn 0.380356 -0.904325 0.193717
vn 0.386293 -0.922376 0.000149
vn 0.377743 -0.905363 -0.193979
vn 0.355268 -0.853564 -0.381069
vn 0.318891 -0.769574 -0.553231
vn 0.270371 -0.656227 -0.704462
vn 0.212033 -0.517758 -0.828836
vn 0.144903 -0.359055 -0.921999
vn 0.072944 -0.187164 -0.979617
vn 0.129086 -0.589431 0.797438
vn 0.145977 -0.688584 0.710312
vn 0.170340 -0.815198 0.553568
vn 0.186839 -0.905721 0.380475
vn 0.196348 -0.961458 0.192472
vn 0.197763 -0.980249 -0.001157
vn 0.193953 -0.961518 -0.194588
vn 0.182300 -0.906129 -0.381702
vn 0.163264 -0.816205 -0.554214
vn 0.137718 -0.695777 -0.704931
vn 0.107288 -0.548895 -0.828977
vn 0.072456 -0.380659 -0.921873
vn 0.035072 -0.198364 -0.979501
vn 0.008222 -0.603039 0.797669
vn 0.006840 -0.703381 0.710780
vn 0.006730 -0.832733 0.553634
vn 0.005978 -0.925030 0.379847
vn 0.005217 -0.981654 0.190601
vn 0.004571 -0.999987 -0.002104
vn 0.003216 -0.980881 -0.194580
vn 0.001782 -0.923944 -0.382523
vn 0.000804 -0.831886 -0.554947
vn -0.000268 -0.708669 -0.705542
vn -0.001616 -0.558938 -0.829208
vn -0.002773 -0.387465 -0.921880
vn -0.003642 -0.202093 -0.979360
vn -0.112147 -0.591879 0.798187
vn -0.131865 -0.690405 0.711303
vn -0.157343 -0.817543 0.553955
vn -0.175761 -0.908157 0.379946
vn -0.186363 -0.963694 0.191211
vn -0.189492 -0.981878 -0.002982
vn -0.187555 -0.962359 -0.196693
vn -0.177998 -0.906150 -0.383679
vn -0.161528 -0.815593 -0.555623
vn -0.138351 -0.694461 -0.706104
vn -0.111111 -0.547546 -0.829366
vn -0.077925 -0.379933 -0.921726
vn -0.042853 -0.197899 -0.979285
vn -0.227932 -0.557339 0.798386
vn -0.265751 -0.650236 0.711737
vn -0.315165 -0.770350 0.554286
vn -0.350457 -0.855920 0.380238
vn -0.372199 -0.908138 0.191711
vn -0.379395 -0.925228 -0.003601
vn -0.372954 -0.906465 -0.198056
vn -0.351970 -0.853213 -0.384895
vn -0.317729 -0.767749 -0.556425
vn -0.271084 -0.653747 -0.706490
vn -0.214607 -0.515448 -0.829612
vn -0.150362 -0.357856 -0.921591
vn -0.080108 -0.186386 -0.979205
vn -0.334019 -0.499949 0.799051
vn -0.389029 -0.584226 0.712275
vn -0.460850 -0.692640 0.554857
vn -0.512318 -0.769963 0.380378
vn -0.544101 -0.816863 0.191541
vn -0.554517 -0.832162 -0.004127
vn -0.543868 -0.815213 -0.199087
vn -0.512697 -0.767161 -0.385494
vn -0.461840 -0.690490 -0.556711
vn -0.394075 -0.587771 -0.706562
vn -0.311136 -0.463479 -0.829688
vn -0.217280 -0.321657 -0.921589
vn -0.114669 -0.167923 -0.979108
vn -0.425802 -0.423360 0.799662
vn -0.496378 -0.495640 0.712706
vn -0.588344 -0.588059 0.555012
vn -0.654331 -0.653585 0.380366
vn -0.694569 -0.693538 0.191254
vn -0.707818 -0.706382 -0.004232
vn -0.693720 -0.692104 -0.199361
vn -0.653290 -0.651405 -0.385854
vn -0.588377 -0.586259 -0.556879
vn -0.501604 -0.499128 -0.706587
vn -0.396045 -0.393668 -0.829563
vn -0.275990 -0.273345 -0.921473
vn -0.145237 -0.142723 -0.979049
vn -0.501214 -0.328317 0.800620
vn -0.584649 -0.386792 0.713146
vn -0.693098 -0.460325 0.554722
vn -0.770404 -0.511820 0.380155
vn -0.817502 -0.543289 0.191123
vn -0.832951 -0.553328 -0.004526
vn -0.816308 -0.542161 -0.199255
vn -0.768511 -0.510572 -0.385625
vn -0.692014 -0.459551 -0.556714
vn -0.589687 -0.391695 -0.706289
vn -0.465597 -0.308652 -0.829430
vn -0.324096 -0.214594 -0.921364
vn -0.170274 -0.112366 -0.978969
vn -0.556763 -0.221090 0.800708
vn -0.649070 -0.262981 0.713827
vn -0.770070 -0.314679 0.554949
vn -0.855922 -0.350685 0.380024
vn -0.908477 -0.371753 0.190968
vn -0.925605 -0.378465 -0.004506
vn -0.906997 -0.371239 -0.198844
vn -0.853851 -0.350089 -0.385195
vn -0.768729 -0.315519 -0.556330
vn -0.655074 -0.268896 -0.706097
vn -0.517291 -0.212168 -0.829093
vn -0.359844 -0.148250 -0.921159
vn -0.189094 -0.077404 -0.978903
vn -0.586415 -0.111037 0.802365
vn -0.686881 -0.133950 0.714319
vn -0.816297 -0.159406 0.555202
vn -0.908099 -0.177387 0.379327
vn -0.963920 -0.186670 0.189771
vn -0.981947 -0.189105 -0.004450
vn -0.962340 -0.186582 -0.197709
vn -0.906221 -0.176727 -0.384098
vn -0.815917 -0.159710 -0.555672
vn -0.695311 -0.136295 -0.705667
vn -0.549169 -0.108209 -0.828676
vn -0.381896 -0.075804 -0.921091
vn -0.200311 -0.040464 -0.978897
vn -0.205826 0.006777 0.978565
vn -0.394427 0.016742 0.918775
vn -0.563590 0.021132 0.825784
vn -0.611972 0.021040 0.790599
vn -0.202321 0.056929 0.977663
vn -0.388886 0.084549 0.917398
vn -0.554036 0.112799 0.824816
vn -0.601748 0.120067 0.789609
vn -0.192469 0.080233 0.978018
vn -0.368937 0.138953 0.919009
vn -0.525565 0.203756 0.825993
vn -0.567230 0.219341 0.793814
vn -0.174363 0.111187 0.978384
vn -0.329774 0.209082 0.920616
vn -0.472581 0.304021 0.827187
vn -0.509450 0.327867 0.795590
vn -0.144296 0.145087 0.978840
vn -0.277159 0.273172 0.921173
vn -0.401373 0.390256 0.828613
vn -0.433635 0.423501 0.795366
vn -0.113097 0.171698 0.978636
vn -0.217189 0.320973 0.921849
vn -0.314577 0.460524 0.830036
vn -0.342369 0.500805 0.794971
vn -0.083465 0.186619 0.978881
vn -0.154211 0.354184 0.922373
vn -0.217650 0.512001 0.830953
vn -0.237142 0.556929 0.795986
vn -0.024236 0.200423 0.979410
vn -0.071252 0.376787 0.923555
vn -0.111326 0.544560 0.831301
vn -0.121655 0.591774 0.796871
vn 0.022693 0.206052 0.978278
vn 0.005200 0.382033 0.924134
vn -0.003547 0.553401 0.832907
vn -0.002907 0.603292 0.797515
vn 0.029786 0.206670 0.977957
vn 0.075031 0.371531 0.925384
vn 0.108686 0.541163 0.833865
vn 0.119940 0.592255 0.796774
vn 0.056733 0.200349 0.978081
vn 0.145830 0.353828 0.923872
vn 0.216263 0.509713 0.832720
vn 0.235288 0.555330 0.797652
vn 0.114265 0.168594 0.979040
vn 0.213299 0.319922 0.923122
vn 0.311937 0.459559 0.831565
vn 0.336464 0.499209 0.798487
vn 0.146439 0.144671 0.978584
vn 0.276050 0.271285 0.922063
vn 0.395453 0.390329 0.831421
vn 0.427836 0.423346 0.798583
vn 0.160316 0.129396 0.978548
vn 0.319025 0.219726 0.921924
vn 0.461167 0.311383 0.830883
vn 0.503190 0.333162 0.797372
vn 0.179307 0.099727 0.978725
vn 0.352049 0.162739 0.921725
vn 0.511996 0.221164 0.830028
vn 0.559572 0.236062 0.794452
vn 0.192211 0.060565 0.979483
vn 0.376784 0.089258 0.921991
vn 0.546577 0.115951 0.829343
vn 0.594424 0.126623 0.794120
vn 0.197084 0.008214 0.980352
vn 0.387660 0.003908 0.921794
vn 0.558087 0.002806 0.829778
vn 0.607487 0.003269 0.794323
vn 0.194695 -0.041123 0.980002
vn 0.379726 -0.080547 0.921586
vn 0.545774 -0.113152 0.830258
vn 0.597291 -0.121225 0.792810
vn 0.184286 -0.076498 0.979891
vn 0.360733 -0.148130 0.920831
vn 0.515509 -0.214280 0.829659
vn 0.561705 -0.232520 0.793992
vn 0.173376 -0.099620 0.979804
vn 0.327464 -0.206385 0.922048
vn 0.470473 -0.301907 0.829161
vn 0.508671 -0.334557 0.793301
vn 0.150818 -0.126705 0.980408
vn 0.281989 -0.264655 0.922193
vn 0.401391 -0.389764 0.828836
vn 0.435344 -0.427528 0.792272
vn 0.111010 -0.158674 0.981071
vn 0.220617 -0.315066 0.923072
vn 0.317384 -0.460872 0.828773
vn 0.345394 -0.503321 0.792068
vn 0.077772 -0.176648 0.981197
vn 0.153337 -0.352181 0.923286
vn 0.221412 -0.512105 0.829895
vn 0.241933 -0.559884 0.792463
vn 0.040665 -0.186439 0.981625
vn 0.080207 -0.373173 0.924288
vn 0.115009 -0.544008 0.831161
vn 0.126102 -0.595423 0.793454
vn 0.007652 -0.190583 0.981641
vn 0.002857 -0.381893 0.924202
vn 0.003591 -0.555342 0.831614
vn 0.004515 -0.605974 0.795471
vn -0.032248 -0.186545 0.981917
vn -0.073898 -0.373671 0.924613
vn -0.104450 -0.544923 0.831955
vn -0.114308 -0.593406 0.796745
vn -0.087678 -0.170373 0.981471
vn -0.149500 -0.349160 0.925061
vn -0.210274 -0.511100 0.833404
vn -0.225368 -0.558823 0.798076
vn -0.117492 -0.153380 0.981158
vn -0.210431 -0.314837 0.925525
vn -0.304598 -0.458568 0.834827
vn -0.332114 -0.500850 0.799280
vn -0.141055 -0.128768 0.981592
vn -0.269704 -0.264550 0.925890
vn -0.395413 -0.385325 0.833771
vn -0.430685 -0.418400 0.799658
vn -0.172542 -0.090962 0.980793
vn -0.328026 -0.192071 0.924937
vn -0.474734 -0.289680 0.831092
vn -0.509422 -0.314163 0.801119
vn -0.002247 0.012926 0.999914
vn -0.198232 -0.043519 0.979189
vn -0.368595 -0.116048 0.922318
vn -0.525382 -0.189958 0.829391
vn -0.563923 -0.206321 0.799639
vn -0.205174 -0.029319 0.978286
vn -0.385439 -0.059060 0.920841
vn -0.552630 -0.087006 0.828873
vn -0.599490 -0.096475 0.794546
vn -0.602227 0.020191 0.798070
vn -0.692667 0.011679 0.721163
vn -0.825363 0.012257 0.564470
vn -0.924632 0.009710 0.380739
vn -0.981234 0.007727 0.192668
vn -0.999981 0.006168 -0.000724
vn -0.980470 0.003860 -0.196631
vn -0.923496 0.002877 -0.383598
vn -0.831707 0.001781 -0.555212
vn -0.708977 0.000916 -0.705231
vn -0.559568 -0.000086 -0.828784
vn -0.388993 -0.001047 -0.921240
vn -0.203047 -0.002240 -0.979166
vn -0.591059 0.114904 0.798402
vn -0.680087 0.138373 0.719954
vn -0.809984 0.168834 0.561623
vn -0.904090 0.188656 0.383446
vn -0.961178 0.194818 0.195405
vn -0.979883 0.199571 -0.000520
vn -0.961163 0.194542 -0.195755
vn -0.905706 0.182339 -0.382688
vn -0.815979 0.163127 -0.554588
vn -0.695718 0.138315 -0.704872
vn -0.549433 0.108355 -0.828482
vn -0.382073 0.074437 -0.921129
vn -0.199546 0.038002 -0.979151
vn -0.562175 0.213759 0.798915
vn -0.647857 0.260856 0.715706
vn -0.766254 0.318498 0.558044
vn -0.851337 0.356939 0.384473
vn -0.904655 0.378223 0.196334
vn -0.923145 0.384451 -0.000577
vn -0.905582 0.376498 -0.195373
vn -0.853708 0.353930 -0.381990
vn -0.769404 0.318015 -0.553971
vn -0.656224 0.270159 -0.704546
vn -0.518552 0.211767 -0.828407
vn -0.360713 0.145977 -0.921182
vn -0.189108 0.073725 -0.979185
vn -0.503854 0.328022 0.799082
vn -0.586161 0.385024 0.712862
vn -0.692349 0.461128 0.554991
vn -0.767605 0.514213 0.382580
vn -0.814418 0.545943 0.196646
vn -0.831114 0.556102 0.000681
vn -0.815749 0.544794 -0.194299
vn -0.769376 0.512558 -0.381242
vn -0.693467 0.461213 -0.553522
vn -0.591755 0.392163 -0.704297
vn -0.467620 0.308092 -0.828499
vn -0.325384 0.212193 -0.921466
vn -0.170440 0.107929 -0.979439
vn -0.428286 0.422905 0.798575
vn -0.499361 0.493577 0.712054
vn -0.590076 0.587598 0.553660
vn -0.654667 0.652123 0.382291
vn -0.694694 0.691953 0.196472
vn -0.708110 0.706101 0.000823
vn -0.695363 0.692033 -0.193803
vn -0.655661 0.651915 -0.380940
vn -0.591402 0.586430 -0.553483
vn -0.505141 0.498786 -0.704304
vn -0.399210 0.392453 -0.828620
vn -0.277788 0.270655 -0.921726
vn -0.145805 0.138606 -0.979556
vn -0.338122 0.498002 0.798541
vn -0.392799 0.582660 0.711489
vn -0.463856 0.691223 0.554119
vn -0.516304 0.765706 0.383567
vn -0.548366 0.812920 0.196101
vn -0.558700 0.829369 0.001376
vn -0.548981 0.813137 -0.193466
vn -0.517501 0.766086 -0.381188
vn -0.466885 0.689825 -0.553317
vn -0.398664 0.586936 -0.704680
vn -0.314840 0.461803 -0.829225
vn -0.219384 0.318837 -0.922070
vn -0.115254 0.163496 -0.979789
vn -0.235387 0.554254 0.798371
vn -0.272426 0.648451 0.710841
vn -0.321681 0.766972 0.555226
vn -0.357653 0.850823 0.384947
vn -0.379925 0.903915 0.196453
vn -0.387599 0.921827 0.001377
vn -0.380678 0.904290 -0.193246
vn -0.359120 0.851755 -0.381505
vn -0.324130 0.766898 -0.553901
vn -0.276376 0.652890 -0.705231
vn -0.218616 0.513837 -0.829566
vn -0.153370 0.354497 -0.922393
vn -0.080800 0.182210 -0.979934
vn -0.121338 0.589070 0.798920
vn -0.140178 0.688945 0.711129
vn -0.166262 0.814209 0.556256
vn -0.184140 0.904307 0.385126
vn -0.195949 0.960416 0.198004
vn -0.202459 0.979288 0.002080
vn -0.197456 0.960977 -0.193737
vn -0.186138 0.905454 -0.381453
vn -0.168393 0.815063 -0.554362
vn -0.144265 0.693494 -0.705871
vn -0.115192 0.545682 -0.830037
vn -0.081160 0.376324 -0.922926
vn -0.043994 0.193016 -0.980209
vn -0.001347 0.601220 0.799082
vn -0.001123 0.702370 0.711811
vn -0.002862 0.830648 0.556791
vn -0.002617 0.922843 0.385167
vn -0.003773 0.979665 0.200606
vn -0.004813 0.999983 0.003135
vn -0.004810 0.980796 -0.194977
vn -0.005406 0.924394 -0.381401
vn -0.005617 0.831990 -0.554763
vn -0.005819 0.707859 -0.706330
vn -0.005714 0.556727 -0.830676
vn -0.005107 0.383873 -0.923372
vn -0.004386 0.196932 -0.980407
vn 0.118445 0.589178 0.799275
vn 0.136312 0.688179 0.712621
vn 0.159867 0.814664 0.557463
vn 0.177526 0.905225 0.386074
vn 0.188743 0.961446 0.199996
vn 0.193635 0.981069 0.003122
vn 0.188093 0.962896 -0.193524
vn 0.176235 0.907401 -0.381530
vn 0.157753 0.816724 -0.555046
vn 0.133120 0.694700 -0.706874
vn 0.103576 0.546142 -0.831265
vn 0.070297 0.376353 -0.923805
vn 0.034504 0.193001 -0.980592
vn 0.231052 0.553283 0.800308
vn 0.266538 0.647835 0.713629
vn 0.316397 0.767450 0.557597
vn 0.352573 0.852347 0.386260
vn 0.374617 0.905464 0.199493
vn 0.381826 0.924227 0.003671
vn 0.373869 0.907232 -0.192751
vn 0.351355 0.855049 -0.381368
vn 0.315377 0.769688 -0.555084
vn 0.267191 0.654653 -0.707134
vn 0.208938 0.514459 -0.831671
vn 0.142980 0.354290 -0.924140
vn 0.071483 0.181794 -0.980735
vn 0.333847 0.496146 0.801489
vn 0.389229 0.581536 0.714365
vn 0.462514 0.690006 0.556752
vn 0.513349 0.766509 0.385924
vn 0.544883 0.814398 0.199647
vn 0.555745 0.831342 0.004312
vn 0.544638 0.816432 -0.191858
vn 0.512739 0.769357 -0.381036
vn 0.460807 0.692573 -0.554977
vn 0.391194 0.588881 -0.707239
vn 0.306488 0.462510 -0.831955
vn 0.209625 0.318657 -0.924400
vn 0.106245 0.163031 -0.980884
vn 0.425386 0.421861 0.800674
vn 0.497377 0.493049 0.713805
vn 0.589268 0.585153 0.557099
vn 0.654049 0.650303 0.386429
vn 0.694316 0.691281 0.200142
vn 0.708128 0.706067 0.004838
vn 0.694882 0.693173 -0.191441
vn 0.654348 0.653378 -0.380691
vn 0.588367 0.588319 -0.554711
vn 0.499790 0.499961 -0.707283
vn 0.392157 0.392472 -0.831973
vn 0.269278 0.270022 -0.924434
vn 0.136917 0.137589 -0.980981
vn 0.499438 0.329533 0.801230
vn 0.584074 0.386132 0.713975
vn 0.691749 0.460010 0.556663
vn 0.768761 0.510136 0.385704
vn 0.816652 0.541126 0.200655
vn 0.833486 0.552516 0.005242
vn 0.817996 0.542631 -0.190876
vn 0.770587 0.511821 -0.379783
vn 0.693089 0.460759 -0.554373
vn 0.588816 0.391524 -0.707110
vn 0.462225 0.306963 -0.831939
vn 0.317920 0.210684 -0.924413
vn 0.161921 0.107468 -0.980934
vn 0.555148 0.229852 0.799361
vn 0.649861 0.263535 0.712902
vn 0.770131 0.311051 0.556907
vn 0.854837 0.347669 0.385202
vn 0.907111 0.370272 0.200122
vn 0.925714 0.378181 0.005782
vn 0.908531 0.372081 -0.190072
vn 0.856383 0.350640 -0.379024
vn 0.770622 0.315398 -0.553774
vn 0.654916 0.267749 -0.706679
vn 0.514208 0.209779 -0.831615
vn 0.353675 0.144213 -0.924184
vn 0.180659 0.072663 -0.980858
vn 0.591323 0.122435 0.797086
vn 0.691146 0.137085 0.709594
vn 0.816469 0.158615 0.555176
vn 0.905432 0.177668 0.385522
vn 0.961627 0.186723 0.201018
vn 0.981657 0.190535 0.006768
vn 0.963893 0.187524 -0.189064
vn 0.908689 0.176369 -0.378390
vn 0.817931 0.158230 -0.553130
vn 0.695338 0.133954 -0.706089
vn 0.546165 0.104777 -0.831099
vn 0.375768 0.071400 -0.923959
vn 0.191948 0.035392 -0.980767
vn 0.606209 0.001232 0.795304
vn 0.705157 0.000409 0.709051
vn 0.831110 0.001461 0.556106
vn 0.923386 0.001215 0.383870
vn 0.980304 -0.000597 0.197494
vn 0.999979 -0.002191 0.006152
vn 0.982045 -0.004038 -0.188601
vn 0.925790 -0.004496 -0.378012
vn 0.833428 -0.004676 -0.552608
vn 0.708710 -0.004731 -0.705484
vn 0.556845 -0.004557 -0.830604
vn 0.383377 -0.004215 -0.923583
vn 0.195954 -0.003418 -0.980607
vn 0.594667 -0.119332 0.795067
vn 0.691195 -0.137287 0.709508
vn 0.816036 -0.161367 0.555018
vn 0.905588 -0.181621 0.383307
vn 0.961385 -0.191420 0.197732
vn 0.980579 -0.196078 0.004205
vn 0.962478 -0.194010 -0.189725
vn 0.907301 -0.184403 -0.377890
vn 0.816838 -0.166921 -0.552189
vn 0.694682 -0.142852 -0.704990
vn 0.545948 -0.113500 -0.830095
vn 0.375877 -0.079535 -0.923250
vn 0.191977 -0.042555 -0.980476
vn 0.560689 -0.230307 0.795353
vn 0.651726 -0.267626 0.709669
vn 0.769383 -0.317030 0.554564
vn 0.853922 -0.352593 0.382746
vn 0.905832 -0.375048 0.196994
vn 0.923745 -0.382993 0.003329
vn 0.906200 -0.377210 -0.191086
vn 0.854073 -0.356827 -0.378463
vn 0.768864 -0.322503 -0.552123
vn 0.653931 -0.275414 -0.704643
vn 0.513935 -0.217847 -0.829707
vn 0.353895 -0.151760 -0.922891
vn 0.180830 -0.079822 -0.980270
vn 0.505613 -0.333800 0.795571
vn 0.587860 -0.387703 0.710005
vn 0.693793 -0.459891 0.554212
vn 0.769712 -0.511569 0.381890
vn 0.815934 -0.543907 0.196004
vn 0.831574 -0.555409 0.002300
vn 0.815489 -0.546010 -0.191965
vn 0.768344 -0.515813 -0.378926
vn 0.691508 -0.465701 -0.552214
vn 0.588073 -0.397394 -0.704448
vn 0.462289 -0.313744 -0.829369
vn 0.318449 -0.217659 -0.922613
vn 0.162301 -0.114121 -0.980120
vn 0.431201 -0.424501 0.796156
vn 0.501496 -0.493942 0.710298
vn 0.591637 -0.585761 0.553939
vn 0.655935 -0.651327 0.381474
vn 0.695192 -0.691869 0.194999
vn 0.707935 -0.706276 0.001332
vn 0.693880 -0.693756 -0.192960
vn 0.653305 -0.654910 -0.379849
vn 0.587816 -0.591057 -0.552379
vn 0.499756 -0.504140 -0.704334
vn 0.392830 -0.397900 -0.829072
vn 0.270182 -0.276341 -0.922300
vn 0.137367 -0.144077 -0.979986
vn 0.340858 -0.499462 0.796464
vn 0.395758 -0.581645 0.710679
vn 0.466893 -0.689505 0.553709
vn 0.517212 -0.766294 0.381164
vn 0.547843 -0.813746 0.194128
vn 0.557508 -0.830172 0.000258
vn 0.545897 -0.815114 -0.193871
vn 0.513748 -0.768861 -0.380678
vn 0.461980 -0.693404 -0.552961
vn 0.392434 -0.591429 -0.704420
vn 0.307965 -0.466783 -0.829018
vn 0.211066 -0.324165 -0.922154
vn 0.107211 -0.168943 -0.979778
vn -0.003988 -0.002841 -0.999988
vn 0.239142 -0.555391 0.796462
vn 0.275456 -0.647275 0.710745
vn 0.324125 -0.766983 0.553787
vn 0.358665 -0.852214 0.380907
vn 0.378958 -0.904922 0.193665
vn 0.385004 -0.922915 -0.000698
vn 0.376722 -0.905567 -0.195011
vn 0.354540 -0.853704 -0.381433
vn 0.318454 -0.769466 -0.553632
vn 0.270222 -0.655962 -0.704765
vn 0.211721 -0.517588 -0.829022
vn 0.145138 -0.359025 -0.921974
vn 0.072855 -0.187162 -0.979624
vn 0.126314 -0.590291 0.797246
vn 0.144424 -0.688232 0.710970
vn 0.168990 -0.815041 0.554212
vn 0.186407 -0.905860 0.380356
vn 0.195565 -0.961735 0.191883
vn 0.196626 -0.980477 -0.001709
vn 0.192952 -0.961669 -0.194842
vn 0.181832 -0.906127 -0.381930
vn 0.162607 -0.816170 -0.554459
vn 0.137575 -0.695534 -0.705199
vn 0.107057 -0.548664 -0.829160
vn 0.072556 -0.380581 -0.921897
vn 0.035431 -0.198444 -0.979472
vn 0.007217 -0.602137 0.798360
vn 0.006750 -0.702700 0.711455
vn 0.006678 -0.832219 0.554407
vn 0.005627 -0.924881 0.380215
vn 0.005109 -0.981739 0.190162
vn 0.004364 -0.999987 -0.002522
vn 0.003179 -0.980841 -0.194783
vn 0.002069 -0.923783 -0.382911
vn 0.001159 -0.831670 -0.555269
vn -0.000215 -0.708586 -0.705625
vn -0.001346 -0.558763 -0.829326
vn -0.002318 -0.387604 -0.921823
vn -0.003185 -0.201966 -0.979387
vn -0.111263 -0.590032 0.799677
vn -0.130956 -0.689514 0.712335
vn -0.156104 -0.817329 0.554621
vn -0.175188 -0.908194 0.380123
vn -0.186296 -0.963686 0.191319
vn -0.188900 -0.981990 -0.003540
vn -0.187115 -0.962287 -0.197463
vn -0.177910 -0.906094 -0.383852
vn -0.160405 -0.815496 -0.556091
vn -0.137738 -0.694275 -0.706407
vn -0.109833 -0.547584 -0.829511
vn -0.077590 -0.379797 -0.921810
vn -0.042182 -0.198120 -0.979270
vn -0.223190 -0.555796 0.800798
vn -0.262784 -0.650354 0.712730
vn -0.313976 -0.770615 0.554591
vn -0.350263 -0.856078 0.380061
vn -0.372356 -0.908072 0.191718
vn -0.379561 -0.925158 -0.004039
vn -0.372568 -0.906341 -0.199346
vn -0.351536 -0.853256 -0.385197
vn -0.317081 -0.767771 -0.556766
vn -0.270358 -0.653535 -0.706965
vn -0.214170 -0.515411 -0.829749
vn -0.149910 -0.357599 -0.921765
vn -0.079001 -0.186819 -0.979213
vn -0.330828 -0.498043 0.801565
vn -0.386927 -0.584681 0.713047
vn -0.460006 -0.693663 0.554279
vn -0.512029 -0.770498 0.379683
vn -0.543842 -0.817127 0.191152
vn -0.554612 -0.832096 -0.004699
vn -0.543609 -0.815249 -0.199648
vn -0.512079 -0.767329 -0.385980
vn -0.461367 -0.690327 -0.557305
vn -0.393123 -0.587845 -0.707031
vn -0.310233 -0.463620 -0.829947
vn -0.215808 -0.322189 -0.921749
vn -0.113646 -0.168222 -0.979176
vn -0.425810 -0.419695 0.801587
vn -0.495908 -0.494133 0.714078
vn -0.587694 -0.589201 0.554489
vn -0.654920 -0.653812 0.378960
vn -0.694890 -0.693367 0.190709
vn -0.707819 -0.706375 -0.005067
vn -0.693583 -0.692079 -0.199925
vn -0.653091 -0.651272 -0.386415
vn -0.587908 -0.586322 -0.557306
vn -0.500774 -0.499339 -0.707026
vn -0.395229 -0.393912 -0.829836
vn -0.274841 -0.273981 -0.921627
vn -0.144029 -0.143155 -0.979164
vn -0.501899 -0.320157 0.803490
vn -0.585961 -0.379330 0.716072
vn -0.695147 -0.457985 0.554094
vn -0.772471 -0.510323 0.377967
vn -0.818381 -0.541946 0.191172
vn -0.833350 -0.552726 -0.004690
vn -0.816409 -0.541778 -0.199881
vn -0.768435 -0.510409 -0.385993
vn -0.691672 -0.459699 -0.557016
vn -0.589098 -0.391589 -0.706839
vn -0.464994 -0.308709 -0.829747
vn -0.323445 -0.214508 -0.921613
vn -0.169287 -0.112407 -0.979136
vn -0.559363 -0.203129 0.803649
vn -0.651623 -0.245979 0.717553
vn -0.771782 -0.307770 0.556445
vn -0.856891 -0.348620 0.379738
vn -0.908668 -0.371018 0.191490
vn -0.925829 -0.377919 -0.004325
vn -0.906921 -0.371193 -0.199272
vn -0.853825 -0.350008 -0.385328
vn -0.768566 -0.315494 -0.556570
vn -0.654690 -0.268812 -0.706485
vn -0.516795 -0.212437 -0.829333
vn -0.359233 -0.148155 -0.921413
vn -0.188328 -0.077789 -0.979021
vn -0.594536 -0.087397 0.799305
vn -0.684432 -0.113751 0.720148
vn -0.813999 -0.148330 0.561608
vn -0.908053 -0.174000 0.381004
vn -0.964093 -0.183643 0.191835
vn -0.981847 -0.189635 -0.003763
vn -0.962249 -0.186931 -0.197825
vn -0.906070 -0.176858 -0.384393
vn -0.815726 -0.159635 -0.555975
vn -0.695031 -0.136480 -0.705907
vn -0.548596 -0.108725 -0.828988
vn -0.381323 -0.076693 -0.921255
vn -0.199158 -0.042287 -0.979055

f 4/4/4 2/2/2 1/1/1
f 8/8/8 6/6/6 5/5/5
f 13/13/13 15/15/15 14/14/14
f 17/17/17 19/19/19 18/18/18
f 32/32/32 30/30/30 29/29/29
f 36/36/36 34/34/34 33/33/33
f 37/37/37 39/39/39 38/38/38
f 21/21/21 23/23/23 20/20/20
f 25/25/25 27/27/27 24/24/24
f 41/41/41 43/43/43 42/42/42
f 48/48/48 46/46/46 45/45/45
f 52/52/52 50/50/50 49/49/49
f 53/53/53 55/55/55 54/54/54
f 60/60/60 58/58/58 57/57/57
f 29/29/29 62/62/62 61/61/61
f 66/66/66 64/64/64 63/63/63
f 67/67/67 6/6/6 68/68/68
f 72/72/72 70/70/70 69/69/69
f 76/76/76 74/74/74 73/73/73
f 77/77/77 79/79/79 78/78/78
f 81/81/81 83/83/83 82/82/82
f 59/59/59 86/86/86 85/85/85
f 88/88/88 90/90/90 89/89/89
f 96/96/96 94/94/94 93/93/93
f 100/100/100 98/98/98 97/97/97
f 101/101/101 103/103/103 102/102/102
f 106/106/106 34/34/34 87/87/87
f 108/108/108 115/115/115 107/107/107
f 117/117/117 36/36/36 118/118/118
f 124/124/124 126/126/126 125/125/125
f 131/131/131 129/129/129 128/128/128
f 132/132/132 134/134/134 133/133/133
f 142/142/142 140/140/140 139/139/139
f 148/148/148 60/60/60 147/147/147
f 144/144/144 127/127/127 124/124/124
f 149/149/149 151/151/151 150/150/150
f 156/156/156 154/154/154 153/153/153
f 159/159/159 158/158/158 157/157/157
f 116/116/116 164/164/164 105/105/105
f 171/171/171 169/169/169 168/168/168
f 174/174/174 173/173/173 172/172/172
f 179/179/179 181/181/181 180/180/180
f 186/186/186 188/188/188 187/187/187
f 194/194/194 196/196/196 195/195/195
f 199/199/199 139/139/139 198/198/198
f 206/206/206 208/208/208 207/207/207
f 213/213/213 211/211/211 210/210/210
f 202/202/202 214/214/214 201/201/201
f 96/96/96 216/216/216 54/54/54
f 92/92/92 43/43/43 44/44/44
f 97/97/97 246/246/246 100/100/100
f 250/250/250 229/229/229 228/228/228
f 252/252/252 58/58/58 253/253/253
f 258/258/258 256/256/256 255/255/255
f 260/260/260 229/229/229 259/259/259
f 110/110/110 112/112/112 113/113/113
f 114/114/114 263/263/263 109/109/109
f 265/265/265 267/267/267 266/266/266
f 56/56/56 270/270/270 269/269/269
f 274/274/274 249/249/249 250/250/250
f 185/185/185 63/63/63 64/64/64
f 280/280/280 278/278/278 276/276/276
f 285/285/285 283/283/283 157/157/157
f 288/288/288 211/211/211 212/212/212
f 141/141/141 92/92/92 46/46/46
f 289/289/289 175/175/175 176/176/176
f 148/148/148 105/105/105 106/106/106
f 312/312/312 170/170/170 171/171/171
f 238/238/238 42/42/42 43/43/43
f 318/318/318 160/160/160 317/317/317
f 310/310/310 308/308/308 307/307/307
f 241/241/241 325/325/325 324/324/324
f 160/160/160 240/240/240 317/317/317
f 47/47/47 307/307/307 308/308/308
f 108/108/108 315/315/315 164/164/164
f 345/345/345 86/86/86 119/119/119
f 348/348/348 350/350/350 349/349/349
f 356/356/356 358/358/358 357/357/357
f 355/355/355 353/353/353 352/352/352
f 363/363/363 32/32/32 362/362/362
f 149/149/149 150/150/150 176/176/176
f 364/364/364 253/253/253 365/365/365
f 366/366/366 368/368/368 367/367/367
f 183/183/183 371/371/371 63/63/63
f 163/163/163 161/161/161 160/160/160
f 209/209/209 101/101/101 208/208/208
f 378/378/378 165/165/165 166/166/166
f 379/379/379 381/381/381 380/380/380
f 383/383/383 3/3/3 4/4/4
f 284/284/284 386/386/386 385/385/385
f 387/387/387 389/389/389 388/388/388
f 391/391/391 229/229/229 249/249/249
f 73/73/73 397/397/397 396/396/396
f 405/405/405 407/407/407 406/406/406
f 203/203/203 411/411/411 410/410/410
f 414/414/414 413/413/413 412/412/412
f 1/1/1 357/357/357 4/4/4
f 277/277/277 131/131/131 275/275/275
f 254/254/254 57/57/57 58/58/58
f 358/358/358 415/415/415 351/351/351
f 417/417/417 386/386/386 408/408/408
f 401/401/401 192/192/192 420/420/420
f 419/419/419 127/127/127 143/143/143
f 421/421/421 182/182/182 422/422/422
f 103/103/103 302/302/302 409/409/409
f 428/428/428 368/368/368 174/174/174
f 380/380/380 359/359/359 356/356/356
f 62/62/62 266/266/266 323/323/323
f 140/140/140 431/431/431 430/430/430
f 357/357/357 351/351/351 348/348/348
f 356/356/356 379/379/379 380/380/380
f 415/415/415 403/403/403 434/434/434
f 437/437/437 436/436/436 435/435/435
f 438/438/438 440/440/440 439/439/439
f 188/188/188 450/450/450 449/449/449
f 452/452/452 454/454/454 453/453/453
f 265/265/265 181/181/181 421/421/421
f 224/224/224 64/64/64 225/225/225
f 237/237/237 213/213/213 427/427/427
f 275/275/275 128/128/128 458/458/458
f 281/281/281 460/460/460 459/459/459
f 50/50/50 79/79/79 461/461/461
f 73/73/73 282/282/282 281/281/281
f 468/468/468 466/466/466 465/465/465
f 390/390/390 352/352/352 359/359/359
f 482/482/482 484/484/484 483/483/483
f 489/489/489 487/487/487 486/486/486
f 493/493/493 495/495/495 494/494/494
f 472/472/472 470/470/470 469/469/469
f 502/502/502 500/500/500 499/499/499
f 220/220/220 222/222/222 223/223/223
f 512/512/512 143/143/143 66/66/66
f 518/518/518 511/511/511 80/80/80
f 513/513/513 230/230/230 286/286/286
f 205/205/205 31/31/31 244/244/244
f 189/189/189 451/451/451 188/188/188
f 163/163/163 532/532/532 8/8/8
f 533/533/533 225/225/225 251/251/251
f 446/446/446 447/447/447 412/412/412
f 335/335/335 540/540/540 334/334/334
f 544/544/544 546/546/546 545/545/545
f 329/329/329 291/291/291 292/292/292
f 199/199/199 262/262/262 238/238/238
f 385/385/385 416/416/416 550/550/550
f 532/532/532 191/191/191 247/247/247
f 363/363/363 118/118/118 243/243/243
f 236/236/236 237/237/237 250/250/250
f 578/578/578 580/580/580 579/579/579
f 573/573/573 571/571/571 570/570/570
f 561/561/561 562/562/562 272/272/272
f 241/241/241 259/259/259 240/240/240
f 590/590/590 592/592/592 591/591/591
f 545/545/545 595/595/595 594/594/594
f 503/503/503 155/155/155 504/504/504
f 606/606/606 624/624/624 623/623/623
f 478/478/478 480/480/480 479/479/479
f 646/646/646 648/648/648 647/647/647
f 590/590/590 689/689/689 684/684/684
f 564/564/564 651/651/651 650/650/650
f 728/728/728 184/184/184 727/727/727
f 714/714/714 716/716/716 715/715/715
f 692/692/692 575/575/575 693/693/693
f 541/541/541 581/581/581 578/578/578
f 346/346/346 248/248/248 400/400/400
f 161/161/161 230/230/230 160/160/160
f 128/128/128 94/94/94 95/95/95
f 698/698/698 704/704/704 703/703/703
f 574/574/574 576/576/576 575/575/575
f 290/290/290 401/401/401 328/328/328
f 630/630/630 725/725/725 726/726/726
f 733/733/733 735/735/735 734/734/734
f 755/755/755 496/496/496 493/493/493
f 759/759/759 481/481/481 760/760/760
f 757/757/757 762/762/762 761/761/761
f 764/764/764 466/466/466 467/467/467
f 768/768/768 3808/3808/3808 3809/3809/3809
f 759/759/759 488/488/488 489/489/489
f 492/492/492 475/475/475 771/771/771
f 474/474/474 769/769/769 473/473/473
f 773/773/773 465/465/465 772/772/772
f 771/771/771 486/486/486 483/483/483
f 484/484/484 775/775/775 491/491/491
f 774/774/774 489/489/489 486/486/486
f 495/495/495 764/764/764 756/756/756
f 495/495/495 761/761/761 494/494/494
f 137/137/137 784/784/784 136/136/136
f 325/325/325 797/797/797 547/547/547
f 165/165/165 51/51/51 52/52/52
f 369/369/369 29/29/29 370/370/370
f 730/730/730 568/568/568 569/569/569
f 90/90/90 301/301/301 89/89/89
f 243/243/243 516/516/516 242/242/242
f 800/800/800 806/806/806 805/805/805
f 817/817/817 808/808/808 816/816/816
f 816/816/816 823/823/823 822/822/822
f 306/306/306 447/447/447 807/807/807
f 815/815/815 809/809/809 808/808/808
f 829/829/829 828/828/828 825/825/825
f 726/726/726 501/501/501 502/502/502
f 274/274/274 424/424/424 423/423/423
f 879/879/879 881/881/881 880/880/880
f 884/884/884 879/879/879 885/885/885
f 219/219/219 217/217/217 211/211/211
f 906/906/906 904/904/904 897/897/897
f 455/455/455 205/205/205 542/542/542
f 898/898/898 830/830/830 829/829/829
f 903/903/903 880/880/880 881/881/881
f 906/906/906 897/897/897 898/898/898
f 377/377/377 519/519/519 165/165/165
f 923/923/923 948/948/948 946/946/946
f 946/946/946 951/951/951 950/950/950
f 3519/3519/3519 739/739/739 3517/3517/3517
f 900/900/900 886/886/886 880/880/880
f 225/225/225 65/65/65 144/144/144
f 182/182/182 442/442/442 422/422/422
f 809/809/809 947/947/947 824/824/824
f 954/954/954 962/962/962 961/961/961
f 927/927/927 965/965/965 966/966/966
f 885/885/885 880/880/880 886/886/886
f 925/925/925 966/966/966 967/967/967
f 343/343/343 341/341/341 340/340/340
f 965/965/965 971/971/971 968/968/968
f 968/968/968 970/970/970 969/969/969
f 972/972/972 969/969/969 973/973/973
f 963/963/963 981/981/981 978/978/978
f 336/336/336 338/338/338 339/339/339
f 992/992/992 827/827/827 828/828/828
f 810/810/810 996/996/996 959/959/959
f 1007/1007/1007 1002/1002/1002 1008/1008/1008
f 1012/1012/1012 827/827/827 1009/1009/1009
f 1011/1011/1011 1007/1007/1007 1008/1008/1008
f 294/294/294 292/292/292 291/291/291
f 907/907/907 920/920/920 919/919/919
f 1017/1017/1017 1019/1019/1019 1018/1018/1018
f 1020/1020/1020 1022/1022/1022 1021/1021/1021
f 1035/1035/1035 1020/1020/1020 1044/1044/1044
f 1061/1061/1061 1047/1047/1047 1046/1046/1046
f 1063/1063/1063 1046/1046/1046 1062/1062/1062
f 1044/1044/1044 1021/1021/1021 1045/1045/1045
f 1102/1102/1102 1097/1097/1097 1109/1109/1109
f 1116/1116/1116 1118/1118/1118 1117/1117/1117
f 1016/1016/1016 1014/1014/1014 1013/1013/1013
f 881/881/881 904/904/904 903/903/903
f 816/816/816 1127/1127/1127 817/817/817
f 1094/1094/1094 949/949/949 1097/1097/1097
f 514/514/514 167/167/167 515/515/515
f 146/146/146 81/81/81 82/82/82
f 1133/1133/1133 1130/1130/1130 1129/1129/1129
f 1102/1102/1102 1126/1126/1126 822/822/822
f 822/822/822 1116/1116/1116 816/816/816
f 1145/1145/1145 1148/1148/1148 1136/1136/1136
f 1076/1076/1076 1151/1151/1151 1069/1069/1069
f 1148/1148/1148 1086/1086/1086 1087/1087/1087
f 1109/1109/1109 1114/1114/1114 1136/1136/1136
f 1154/1154/1154 1156/1156/1156 1155/1155/1155
f 1153/1153/1153 967/967/967 1156/1156/1156
f 3464/3464/3464 463/463/463 3714/3714/3714
f 1144/1144/1144 1152/1152/1152 1151/1151/1151
f 1156/1156/1156 1163/1163/1163 1162/1162/1162
f 1164/1164/1164 1169/1169/1169 1165/1165/1165
f 1145/1145/1145 1176/1176/1176 1147/1147/1147
f 1114/1114/1114 1154/1154/1154 1171/1171/1171
f 1183/1183/1183 1164/1164/1164 1177/1177/1177
f 1184/1184/1184 1177/1177/1177 1185/1185/1185
f 1069/1069/1069 1062/1062/1062 1064/1064/1064
f 1023/1023/1023 1194/1194/1194 1022/1022/1022
f 1162/1162/1162 1170/1170/1170 1169/1169/1169
f 1195/1195/1195 1185/1185/1185 1191/1191/1191
f 1183/1183/1183 1176/1176/1176 1155/1155/1155
f 1201/1201/1201 1152/1152/1152 1196/1196/1196
f 1061/1061/1061 1201/1201/1201 1202/1202/1202
f 3825/3825/3825 843/843/843 3836/3836/3836
f 1203/1203/1203 1195/1195/1195 1034/1034/1034
f 1202/1202/1202 1184/1184/1184 1195/1195/1195
f 1218/1218/1218 1203/1203/1203 1217/1217/1217
f 1060/1060/1060 1202/1202/1202 1203/1203/1203
f 1225/1225/1225 1217/1217/1217 1219/1219/1219
f 671/671/671 694/694/694 670/670/670
f 1219/1219/1219 1024/1024/1024 1035/1035/1035
f 1217/1217/1217 1034/1034/1034 1024/1024/1024
f 1226/1226/1226 1015/1015/1015 1227/1227/1227
f 1243/1243/1243 1234/1234/1234 1233/1233/1233
f 1231/1231/1231 1229/1229/1229 1228/1228/1228
f 847/847/847 1233/1233/1233 843/843/843
f 843/843/843 1244/1244/1244 878/878/878
f 1233/1233/1233 1245/1245/1245 1244/1244/1244
f 1923/1923/1923 233/233/233 216/216/216
f 2100/2100/2100 499/499/499 500/500/500
f 3914/3914/3914 2135/2135/2135 3900/3900/3900
f 61/61/61 323/323/323 505/505/505
f 210/210/210 217/217/217 457/457/457
f 1299/1299/1299 1309/1309/1309 1300/1300/1300
f 3863/3863/3863 1231/1231/1231 3862/3862/3862
f 1066/1066/1066 1321/1321/1321 1322/1322/1322
f 1322/1322/1322 1228/1228/1228 1229/1229/1229
f 1060/1060/1060 1321/1321/1321 1047/1047/1047
f 1325/1325/1325 1323/1323/1323 1310/1310/1310
f 1244/1244/1244 1332/1332/1332 1330/1330/1330
f 1290/1290/1290 1242/1242/1242 1288/1288/1288
f 1337/1337/1337 1339/1339/1339 1338/1338/1338
f 1330/1330/1330 1340/1340/1340 1339/1339/1339
f 1341/1341/1341 1245/1245/1245 1294/1294/1294
f 1342/1342/1342 1332/1332/1332 1341/1341/1341
f 1343/1343/1343 1341/1341/1341 1344/1344/1344
f 1344/1344/1344 1294/1294/1294 1293/1293/1293
f 3857/3857/3857 1345/1345/1345 1346/1346/1346
f 1347/1347/1347 1342/1342/1342 1343/1343/1343
f 3856/3856/3856 1295/1295/1295 1345/1345/1345
f 1349/1349/1349 1348/1348/1348 1347/1347/1347
f 3861/3861/3861 1347/1347/1347 3853/3853/3853
f 3853/3853/3853 1343/1343/1343 3857/3857/3857
f 906/906/906 829/829/829 1353/1353/1353
f 905/905/905 1353/1353/1353 1354/1354/1354
f 865/865/865 1355/1355/1355 1357/1357/1357
f 1355/1355/1355 829/829/829 825/825/825
f 1357/1357/1357 825/825/825 826/826/826
f 1356/1356/1356 1353/1353/1353 1355/1355/1355
f 3834/3834/3834 1338/1338/1338 3833/3833/3833
f 866/866/866 1356/1356/1356 865/865/865
f 1358/1358/1358 1354/1354/1354 1356/1356/1356
f 3828/3828/3828 1337/1337/1337 3834/3834/3834
f 838/838/838 1012/1012/1012 841/841/841
f 1363/1363/1363 1338/1338/1338 1339/1339/1339
f 1368/1368/1368 1339/1339/1339 1340/1340/1340
f 1348/1348/1348 1340/1340/1340 1342/1342/1342
f 1371/1371/1371 3824/3824/3824 3829/3829/3829
f 524/524/524 526/526/526 523/523/523
f 528/528/528 530/530/530 527/527/527
f 1372/1372/1372 1369/1369/1369 1371/1371/1371
f 535/535/535 537/537/537 538/538/538
f 1367/1367/1367 1348/1348/1348 1350/1350/1350
f 1370/1370/1370 1359/1359/1359 1369/1369/1369
f 1369/1369/1369 3833/3833/3833 3824/3824/3824
f 1373/1373/1373 903/903/903 904/904/904
f 555/555/555 557/557/557 558/558/558
f 1374/1374/1374 910/910/910 1373/1373/1373
f 1373/1373/1373 905/905/905 1375/1375/1375
f 1374/1374/1374 1375/1375/1375 1376/1376/1376
f 1375/1375/1375 1354/1354/1354 1370/1370/1370
f 1378/1378/1378 908/908/908 1377/1377/1377
f 376/376/376 651/651/651 1387/1387/1387
f 1388/1388/1388 973/973/973 969/969/969
f 586/586/586 588/588/588 585/585/585
f 1390/1390/1390 1388/1388/1388 1391/1391/1391
f 1391/1391/1391 969/969/969 970/970/970
f 597/597/597 599/599/599 596/596/596
f 600/600/600 602/602/602 603/603/603
f 1392/1392/1392 970/970/970 979/979/979
f 608/608/608 610/610/610 607/607/607
f 612/612/612 523/523/523 611/611/611
f 614/614/614 616/616/616 613/613/613
f 617/617/617 25/25/25 24/24/24
f 620/620/620 622/622/622 619/619/619
f 1397/1397/1397 1391/1391/1391 1392/1392/1392
f 1398/1398/1398 1392/1392/1392 1399/1399/1399
f 1400/1400/1400 920/920/920 1378/1378/1378
f 1402/1402/1402 1165/1165/1165 1169/1169/1169
f 636/636/636 638/638/638 635/635/635
f 930/930/930 1402/1402/1402 929/929/929
f 641/641/641 643/643/643 644/644/644
f 929/929/929 1169/1169/1169 1170/1170/1170
f 1404/1404/1404 1403/1403/1403 1402/1402/1402
f 1411/1411/1411 1365/1365/1365 1406/1406/1406
f 1412/1412/1412 1415/1415/1415 1414/1414/1414
f 652/652/652 654/654/654 655/655/655
f 609/609/609 657/657/657 658/658/658
f 659/659/659 661/661/661 662/662/662
f 558/558/558 586/586/586 585/585/585
f 665/665/665 667/667/667 664/664/664
f 1413/1413/1413 1406/1406/1406 1412/1412/1412
f 1418/1418/1418 3810/3810/3810 3813/3813/3813
f 1417/1417/1417 1371/1371/1371 1416/1416/1416
f 1416/1416/1416 3829/3829/3829 3810/3810/3810
f 1419/1419/1419 1416/1416/1416 1418/1418/1418
f 1386/1386/1386 1374/1374/1374 1420/1420/1420
f 677/677/677 679/679/679 676/676/676
f 1385/1385/1385 1420/1420/1420 1421/1421/1421
f 1420/1420/1420 1376/1376/1376 1422/1422/1422
f 685/685/685 687/687/687 688/688/688
f 1421/1421/1421 1422/1422/1422 1423/1423/1423
f 528/528/528 691/691/691 658/658/658
f 1422/1422/1422 1372/1372/1372 1417/1417/1417
f 1018/1018/1018 747/747/747 1425/1425/1425
f 699/699/699 701/701/701 702/702/702
f 1424/1424/1424 579/579/579 1017/1017/1017
f 3663/3663/3663 1767/1767/1767 3660/3660/3660
f 700/700/700 711/711/711 712/712/712
f 1093/1093/1093 3754/3754/3754 1571/1571/1571
f 717/717/717 530/530/530 719/719/719
f 721/721/721 723/723/723 720/720/720
f 704/704/704 3543/3543/3543 3554/3554/3554
f 19/19/19 1426/1426/1426 1430/1430/1430
f 1429/1429/1429 1427/1427/1427 1426/1426/1426
f 1658/1658/1658 3542/3542/3542 3544/3544/3544
f 1439/1439/1439 1434/1434/1434 1438/1438/1438
f 1437/1437/1437 1435/1435/1435 1434/1434/1434
f 1426/1426/1426 1433/1433/1433 1432/1432/1432
f 1442/1442/1442 1432/1432/1432 1440/1440/1440
f 742/742/742 744/744/744 745/745/745
f 1432/1432/1432 1441/1441/1441 1440/1440/1440
f 751/751/751 753/753/753 750/750/750
f 1438/1438/1438 1403/1403/1403 1405/1405/1405
f 1446/1446/1446 1444/1444/1444 1443/1443/1443
f 1447/1447/1447 1446/1446/1446 1443/1443/1443
f 3860/3860/3860 1443/1443/1443 3848/3848/3848
f 1415/1415/1415 1445/1445/1445 1446/1446/1446
f 1414/1414/1414 1446/1446/1446 1448/1448/1448
f 2173/2173/2173 469/469/469 470/470/470
f 777/777/777 779/779/779 686/686/686
f 780/780/780 782/782/782 783/783/783
f 1676/1676/1676 1806/1806/1806 1675/1675/1675
f 3859/3859/3859 1349/1349/1349 3861/3861/3861
f 789/789/789 791/791/791 788/788/788
f 745/745/745 793/793/793 742/742/742
f 652/652/652 795/795/795 653/653/653
f 1455/1455/1455 1457/1457/1457 1456/1456/1456
f 1454/1454/1454 1350/1350/1350 1452/1452/1452
f 610/610/610 802/802/802 801/801/801
f 3831/3831/3831 698/698/698 703/703/703
f 1352/1352/1352 1045/1045/1045 1351/1351/1351
f 1015/1015/1015 1459/1459/1459 1460/1460/1460
f 811/811/811 813/813/813 814/814/814
f 2118/2118/2118 3817/3817/3817 2117/2117/2117
f 819/819/819 821/821/821 818/818/818
f 1466/1466/1466 1194/1194/1194 1190/1190/1190
f 1467/1467/1467 1465/1465/1465 1466/1466/1466
f 1182/1182/1182 1468/1468/1468 1467/1467/1467
f 832/832/832 833/833/833 831/831/831
f 835/835/835 837/837/837 834/834/834
f 1467/1467/1467 1190/1190/1190 1182/1182/1182
f 1469/1469/1469 1444/1444/1444 1445/1445/1445
f 840/840/840 712/712/712 690/690/690
f 1453/1453/1453 1469/1469/1469 1454/1454/1454
f 599/599/599 845/845/845 846/846/846
f 1226/1226/1226 3849/3849/3849 3855/3855/3855
f 851/851/851 853/853/853 850/850/850
f 855/855/855 856/856/856 854/854/854
f 858/858/858 860/860/860 857/857/857
f 861/861/861 863/863/863 864/864/864
f 1014/1014/1014 3855/3855/3855 3858/3858/3858
f 867/867/867 868/868/868 869/869/869
f 870/870/870 872/872/872 873/873/873
f 874/874/874 876/876/876 877/877/877
f 1310/1310/1310 1471/1471/1471 1309/1309/1309
f 1476/1476/1476 1427/1427/1427 1475/1475/1475
f 1461/1461/1461 1475/1475/1475 1460/1460/1460
f 887/887/887 889/889/889 890/890/890
f 788/788/788 892/892/892 891/891/891
f 894/894/894 896/896/896 893/893/893
f 1460/1460/1460 1227/1227/1227 1015/1015/1015
f 901/901/901 524/524/524 612/612/612
f 1465/1465/1465 1477/1477/1477 1464/1464/1464
f 1865/1865/1865 3500/3500/3500 1864/1864/1864
f 911/911/911 913/913/913 914/914/914
f 916/916/916 918/918/918 915/915/915
f 1850/1850/1850 3507/3507/3507 1851/1851/1851
f 921/921/921 895/895/895 894/894/894
f 1479/1479/1479 1436/1436/1436 1478/1478/1478
f 926/926/926 667/667/667 601/601/601
f 1481/1481/1481 563/563/563 1480/1480/1480
f 269/269/269 84/84/84 1482/1482/1482
f 931/931/931 933/933/933 916/916/916
f 934/934/934 614/614/614 869/869/869
f 936/936/936 688/688/688 937/937/937
f 938/938/938 662/662/662 939/939/939
f 1484/1484/1484 122/122/122 123/123/123
f 941/941/941 835/835/835 834/834/834
f 320/320/320 509/509/509 510/510/510
f 1849/1849/1849 3505/3505/3505 1850/1850/1850
f 84/84/84 1484/1484/1484 83/83/83
f 1487/1487/1487 1488/1488/1488 539/539/539
f 1757/1757/1757 3502/3502/3502 3509/3509/3509
f 365/365/365 1491/1491/1491 364/364/364
f 461/461/461 80/80/80 511/511/511
f 117/117/117 362/362/362 1496/1496/1496
f 1494/1494/1494 541/541/541 1495/1495/1495
f 926/926/926 957/957/957 958/958/958
f 1477/1477/1477 1433/1433/1433 1476/1476/1476
f 1709/1709/1709 1585/1585/1585 1700/1700/1700
f 119/119/119 1496/1496/1496 345/345/345
f 271/271/271 504/504/504 156/156/156
f 511/511/511 189/189/189 186/186/186
f 345/345/345 1492/1492/1492 365/365/365
f 255/255/255 344/344/344 254/254/254
f 57/57/57 299/299/299 132/132/132
f 1501/1501/1501 268/268/268 1500/1500/1500
f 267/267/267 1499/1499/1499 145/145/145
f 974/974/974 976/976/976 977/977/977
f 1678/1678/1678 1693/1693/1693 1676/1676/1676
f 3846/3846/3846 1807/1807/1807 3840/3840/3840
f 557/557/557 663/663/663 558/558/558
f 983/983/983 984/984/984 985/985/985
f 1443/1443/1443 3849/3849/3849 3848/3848/3848
f 421/421/421 268/268/268 265/265/265
f 989/989/989 991/991/991 988/988/988
f 1490/1490/1490 418/418/418 1504/1504/1504
f 279/279/279 309/309/309 310/310/310
f 997/997/997 676/676/676 679/679/679
f 998/998/998 999/999/999 875/875/875
f 1504/1504/1504 38/38/38 1505/1505/1505
f 1506/1506/1506 1507/1507/1507 1486/1486/1486
f 360/360/360 1508/1508/1508 1506/1506/1506
f 1506/1506/1506 207/207/207 360/360/360
f 939/939/939 1006/1006/1006 938/938/938
f 270/270/270 1483/1483/1483 269/269/269
f 66/66/66 546/546/546 512/512/512
f 1010/1010/1010 793/793/793 935/935/935
f 367/367/367 437/437/437 1509/1509/1509
f 244/244/244 363/363/363 243/243/243
f 1670/1670/1670 3534/3534/3534 1669/1669/1669
f 209/209/209 1510/1510/1510 226/226/226
f 235/235/235 1512/1512/1512 1511/1511/1511
f 1511/1511/1511 234/234/234 235/235/235
f 388/388/388 426/426/426 425/425/425
f 427/427/427 250/250/250 237/237/237
f 161/161/161 521/521/521 231/231/231
f 100/100/100 45/45/45 44/44/44
f 1025/1025/1025 608/608/608 1027/1027/1027
f 1029/1029/1029 1031/1031/1031 1028/1028/1028
f 939/939/939 1033/1033/1033 1032/1032/1032
f 41/41/41 594/594/594 99/99/99
f 1036/1036/1036 783/783/783 1037/1037/1037
f 702/702/702 1038/1038/1038 1039/1039/1039
f 1040/1040/1040 1042/1042/1042 1043/1043/1043
f 362/362/362 369/369/369 1493/1493/1493
f 187/187/187 477/477/477 186/186/186
f 70/70/70 539/539/539 198/198/198
f 1511/1511/1511 1521/1521/1521 234/234/234
f 1049/1049/1049 603/603/603 1048/1048/1048
f 613/613/613 869/869/869 614/614/614
f 860/860/860 1051/1051/1051 857/857/857
f 1005/1005/1005 1053/1053/1053 1006/1006/1006
f 753/753/753 1056/1056/1056 1054/1054/1054
f 1057/1057/1057 1059/1059/1059 1055/1055/1055
f 293/293/293 1522/1522/1522 292/292/292
f 288/288/288 1521/1521/1521 1522/1522/1522
f 292/292/292 1523/1523/1523 329/329/329
f 331/331/331 1508/1508/1508 1524/1524/1524
f 306/306/306 453/453/453 305/305/305
f 100/100/100 41/41/41 99/99/99
f 462/462/462 78/78/78 79/79/79
f 330/330/330 1524/1524/1524 462/462/462
f 635/635/635 1068/1068/1068 636/636/636
f 1485/1485/1485 1526/1526/1526 1528/1528/1528
f 206/206/206 1528/1528/1528 1510/1510/1510
f 1070/1070/1070 1072/1072/1072 831/831/831
f 942/942/942 1073/1073/1073 1074/1074/1074
f 916/916/916 1075/1075/1075 917/917/917
f 440/440/440 1530/1530/1530 439/439/439
f 157/157/157 1514/1514/1514 285/285/285
f 1529/1529/1529 5/5/5 1530/1530/1530
f 371/371/371 546/546/546 63/63/63
f 790/790/790 663/663/663 791/791/791
f 1077/1077/1077 857/857/857 1078/1078/1078
f 1403/1403/1403 1435/1435/1435 1165/1165/1165
f 1080/1080/1080 1082/1082/1082 1079/1079/1079
f 531/531/531 1529/1529/1529 440/440/440
f 21/21/21 1084/1084/1084 1085/1085/1085
f 272/272/272 1531/1531/1531 561/561/561
f 137/137/137 396/396/396 397/397/397
f 690/690/690 802/802/802 691/691/691
f 335/335/335 3567/3567/3567 581/581/581
f 1090/1090/1090 1029/1029/1029 1091/1091/1091
f 1092/1092/1092 794/794/794 1042/1042/1042
f 1533/1533/1533 137/137/137 138/138/138
f 661/661/661 1095/1095/1095 1096/1096/1096
f 69/69/69 445/445/445 72/72/72
f 1099/1099/1099 1101/1101/1101 1098/1098/1098
f 38/38/38 1536/1536/1536 1505/1505/1505
f 1104/1104/1104 1106/1106/1106 1103/1103/1103
f 852/852/852 1108/1108/1108 853/853/853
f 1377/1377/1377 909/909/909 1386/1386/1386
f 291/291/291 411/411/411 294/294/294
f 316/316/316 516/516/516 33/33/33
f 539/539/539 1533/1533/1533 534/534/534
f 1505/1505/1505 316/316/316 313/313/313
f 1110/1110/1110 1112/1112/1112 1113/1113/1113
f 1539/1539/1539 460/460/460 264/264/264
f 522/522/522 1537/1537/1537 1539/1539/1539
f 834/834/834 1120/1120/1120 1119/1119/1119
f 1122/1122/1122 1124/1124/1124 1121/1121/1121
f 612/612/612 1041/1041/1041 901/901/901
f 935/935/935 615/615/615 614/614/614
f 276/276/276 130/130/130 131/131/131
f 1686/1686/1686 3522/3522/3522 1685/1685/1685
f 193/193/193 1541/1541/1541 273/273/273
f 231/231/231 1540/1540/1540 287/287/287
f 556/556/556 982/982/982 557/557/557
f 365/365/365 85/85/85 345/345/345
f 190/190/190 318/318/318 1541/1541/1541
f 1810/1810/1810 3574/3574/3574 3528/3528/3528
f 3924/3924/3924 3512/3512/3512 3791/3791/3791
f 1132/1132/1132 985/985/985 1131/1131/1131
f 208/208/208 102/102/102 132/132/132
f 1134/1134/1134 662/662/662 661/661/661
f 1491/1491/1491 80/80/80 77/77/77
f 429/429/429 1542/1542/1542 147/147/147
f 1137/1137/1137 915/915/915 918/918/918
f 172/172/172 428/428/428 174/174/174
f 1139/1139/1139 1141/1141/1141 1142/1142/1142
f 549/549/549 54/54/54 55/55/55
f 1517/1517/1517 1518/1518/1518 296/296/296
f 976/976/976 1146/1146/1146 938/938/938
f 834/834/834 984/984/984 941/941/941
f 1543/1543/1543 286/286/286 115/115/115
f 1544/1544/1544 239/239/239 513/513/513
f 133/133/133 1544/1544/1544 1542/1542/1542
f 506/506/506 257/257/257 258/258/258
f 420/420/420 328/328/328 401/401/401
f 1158/1158/1158 1160/1160/1160 1157/1157/1157
f 587/587/587 1103/1103/1103 588/588/588
f 1513/1513/1513 1514/1514/1514 151/151/151
f 607/607/607 1027/1027/1027 608/608/608
f 304/304/304 1545/1545/1545 303/303/303
f 364/364/364 77/77/77 506/506/506
f 69/69/69 198/198/198 139/139/139
f 1006/1006/1006 976/976/976 938/938/938
f 700/700/700 1112/1112/1112 701/701/701
f 3877/3877/3877 3525/3525/3525 3787/3787/3787
f 1166/1166/1166 657/657/657 656/656/656
f 1167/1167/1167 858/858/858 1077/1077/1077
f 1300/1300/1300 3524/3524/3524 1299/1299/1299
f 1172/1172/1172 1174/1174/1174 1175/1175/1175
f 218/218/218 200/200/200 217/217/217
f 1179/1179/1179 1181/1181/1181 1178/1178/1178
f 372/372/372 97/97/97 98/98/98
f 89/89/89 227/227/227 88/88/88
f 1186/1186/1186 1188/1188/1188 1189/1189/1189
f 172/172/172 1517/1517/1517 1549/1549/1549
f 1482/1482/1482 81/81/81 1498/1498/1498
f 1090/1090/1090 1193/1193/1193 1030/1030/1030
f 394/394/394 353/353/353 1551/1551/1551
f 526/526/526 1198/1198/1198 1197/1197/1197
f 811/811/811 858/858/858 812/812/812
f 1199/1199/1199 1026/1026/1026 1025/1025/1025
f 606/606/606 697/697/697 696/696/696
f 1204/1204/1204 1206/1206/1206 743/743/743
f 1207/1207/1207 523/523/523 526/526/526
f 1209/1209/1209 867/867/867 613/613/613
f 914/914/914 685/685/685 936/936/936
f 1478/1478/1478 1441/1441/1441 1477/1477/1477
f 1029/1029/1029 1161/1161/1161 1091/1091/1091
f 1211/1211/1211 1213/1213/1213 1214/1214/1214
f 3858/3858/3858 1451/1451/1451 3859/3859/3859
f 844/844/844 1216/1216/1216 845/845/845
f 423/423/423 273/273/273 274/274/274
f 1220/1220/1220 1222/1222/1222 1083/1083/1083
f 22/22/22 1224/1224/1224 23/23/23
f 882/882/882 897/897/897 881/881/881
f 1519/1519/1519 173/173/173 387/387/387
f 1189/1189/1189 1232/1232/1232 1178/1178/1178
f 349/349/349 550/550/550 416/416/416
f 1071/1071/1071 1236/1236/1236 1072/1072/1072
f 1237/1237/1237 1239/1239/1239 745/745/745
f 1221/1221/1221 1189/1189/1189 1240/1240/1240
f 1510/1510/1510 1512/1512/1512 333/333/333
f 939/939/939 1241/1241/1241 1005/1005/1005
f 1556/1556/1556 5/5/5 67/67/67
f 1553/1553/1553 394/394/394 1551/1551/1551
f 404/404/404 67/67/67 347/347/347
f 1247/1247/1247 1249/1249/1249 1246/1246/1246
f 142/142/142 238/238/238 92/92/92
f 1251/1251/1251 635/635/635 1250/1250/1250
f 850/850/850 1253/1253/1253 851/851/851
f 1254/1254/1254 1077/1077/1077 1255/1255/1255
f 57/57/57 133/133/133 429/429/429
f 443/443/443 552/552/552 551/551/551
f 1187/1187/1187 1175/1175/1175 1188/1188/1188
f 1256/1256/1256 831/831/831 833/833/833
f 432/432/432 382/382/382 383/383/383
f 741/741/741 747/747/747 746/746/746
f 434/434/434 351/351/351 415/415/415
f 349/349/349 383/383/383 348/348/348
f 251/251/251 1481/1481/1481 1480/1480/1480
f 395/395/395 352/352/352 353/353/353
f 1518/1518/1518 1550/1550/1550 1551/1551/1551
f 1558/1558/1558 378/378/378 340/340/340
f 109/109/109 314/314/314 315/315/315
f 285/285/285 1513/1513/1513 407/407/407
f 395/395/395 393/393/393 392/392/392
f 202/202/202 410/410/410 1558/1558/1558
f 417/417/417 405/405/405 432/432/432
f 1246/1246/1246 1258/1258/1258 1247/1247/1247
f 3/3/3 297/297/297 2/2/2
f 1259/1259/1259 1261/1261/1261 1262/1262/1262
f 403/403/403 347/347/347 284/284/284
f 955/955/955 953/953/953 952/952/952
f 462/462/462 51/51/51 330/330/330
f 1096/1096/1096 687/687/687 1263/1263/1263
f 429/429/429 60/60/60 57/57/57
f 896/896/896 1265/1265/1265 932/932/932
f 1267/1267/1267 1268/1268/1268 1266/1266/1266
f 423/423/423 327/327/327 420/420/420
f 37/37/37 180/180/180 40/40/40
f 20/20/20 1187/1187/1187 1186/1186/1186
f 1256/1256/1256 1071/1071/1071 1070/1070/1070
f 155/155/155 156/156/156 504/504/504
f 1188/1188/1188 1269/1269/1269 1232/1232/1232
f 1236/1236/1236 1271/1271/1271 1262/1262/1262
f 1272/1272/1272 535/535/535 621/621/621
f 565/565/565 463/463/463 464/464/464
f 1273/1273/1273 745/745/745 1239/1239/1239
f 876/876/876 1255/1255/1255 1274/1274/1274
f 316/316/316 164/164/164 315/315/315
f 437/437/437 503/503/503 1509/1509/1509
f 194/194/194 1495/1495/1495 197/197/197
f 1275/1275/1275 864/864/864 863/863/863
f 624/624/624 631/631/631 630/630/630
f 1277/1277/1277 1137/1137/1137 1278/1278/1278
f 569/569/569 567/567/567 566/566/566
f 1481/1481/1481 125/125/125 366/366/366
f 324/324/324 547/547/547 326/326/326
f 1279/1279/1279 1107/1107/1107 1280/1280/1280
f 1525/1525/1525 329/329/329 1523/1523/1523
f 1281/1281/1281 1137/1137/1137 918/918/918
f 171/171/171 1553/1553/1553 1552/1552/1552
f 1488/1488/1488 396/396/396 1533/1533/1533
f 1557/1557/1557 1562/1562/1562 1559/1559/1559
f 1282/1282/1282 1206/1206/1206 1205/1205/1205
f 1053/1053/1053 1278/1278/1278 1281/1281/1281
f 778/778/778 607/607/607 1283/1283/1283
f 713/713/713 3566/3566/3566 3569/3569/3569
f 251/251/251 144/144/144 124/124/124
f 4/4/4 348/348/348 383/383/383
f 709/709/709 707/707/707 706/706/706
f 728/728/728 45/45/45 246/246/246
f 261/261/261 1563/1563/1563 544/544/544
f 789/789/789 1287/1287/1287 790/790/790
f 74/74/74 263/263/263 282/282/282
f 403/403/403 385/385/385 434/434/434
f 1178/1178/1178 1240/1240/1240 1189/1189/1189
f 1223/1223/1223 1289/1289/1289 1224/1224/1224
f 158/158/158 150/150/150 151/151/151
f 1220/1220/1220 1186/1186/1186 1221/1221/1221
f 296/296/296 354/354/354 433/433/433
f 784/784/784 1538/1538/1538 1566/1566/1566
f 1181/1181/1181 1291/1291/1291 1222/1222/1222
f 1269/1269/1269 1257/1257/1257 1246/1246/1246
f 1566/1566/1566 438/438/438 399/399/399
f 136/136/136 1566/1566/1566 1564/1564/1564
f 1563/1563/1563 169/169/169 1565/1565/1565
f 107/107/107 109/109/109 108/108/108
f 1297/1297/1297 1298/1298/1298 1296/1296/1296
f 1464/1464/1464 1476/1476/1476 1461/1461/1461
f 1520/1520/1520 507/507/507 508/508/508
f 1301/1301/1301 1303/1303/1303 1304/1304/1304
f 1306/1306/1306 1308/1308/1308 1305/1305/1305
f 175/175/175 1532/1532/1532 272/272/272
f 1532/1532/1532 200/200/200 201/201/201
f 1311/1311/1311 1312/1312/1312 1313/1313/1313
f 872/872/872 1315/1315/1315 1316/1316/1316
f 1317/1317/1317 1318/1318/1318 1319/1319/1319
f 3836/3836/3836 878/878/878 3828/3828/3828
f 1305/1305/1305 864/864/864 1276/1276/1276
f 1040/1040/1040 863/863/863 1320/1320/1320
f 1564/1564/1564 399/399/399 169/169/169
f 592/592/592 1575/1575/1575 591/591/591
f 591/591/591 1088/1088/1088 689/689/689
f 1581/1581/1581 1583/1583/1583 1582/1582/1582
f 1196/1196/1196 1147/1147/1147 1176/1176/1176
f 710/710/710 583/583/583 713/713/713
f 285/285/285 408/408/408 386/386/386
f 953/953/953 961/961/961 963/963/963
f 1594/1594/1594 1589/1589/1589 1593/1593/1593
f 1585/1585/1585 1587/1587/1587 1586/1586/1586
f 1592/1592/1592 1590/1590/1590 1589/1589/1589
f 3885/3885/3885 944/944/944 3899/3899/3899
f 1600/1600/1600 1598/1598/1598 1597/1597/1597
f 1604/1604/1604 1602/1602/1602 1601/1601/1601
f 1399/1399/1399 979/979/979 980/980/980
f 1589/1589/1589 1596/1596/1596 1595/1595/1595
f 1610/1610/1610 1608/1608/1608 1607/1607/1607
f 298/298/298 361/361/361 360/360/360
f 551/551/551 276/276/276 277/277/277
f 1627/1627/1627 3814/3814/3814 3819/3819/3819
f 859/859/859 818/818/818 860/860/860
f 1078/1078/1078 1328/1328/1328 1329/1329/1329
f 1555/1555/1555 1530/1530/1530 1556/1556/1556
f 572/572/572 680/680/680 681/681/681
f 772/772/772 776/776/776 774/774/774
f 977/977/977 918/918/918 917/917/917
f 404/404/404 392/392/392 393/393/393
f 1054/1054/1054 750/750/750 753/753/753
f 1644/1644/1644 1643/1643/1643 1642/1642/1642
f 932/932/932 1082/1082/1082 933/933/933
f 1067/1067/1067 1334/1334/1334 1068/1068/1068
f 1540/1540/1540 264/264/264 114/114/114
f 597/597/597 643/643/643 1336/1336/1336
f 471/471/471 762/762/762 470/470/470
f 1642/1642/1642 3831/3831/3831 3842/3842/3842
f 1644/1644/1644 3842/3842/3842 3843/3843/3843
f 923/923/923 950/950/950 927/927/927
f 96/96/96 548/548/548 95/95/95
f 520/520/520 522/522/522 521/521/521
f 445/445/445 443/443/443 442/442/442
f 849/849/849 848/848/848 842/842/842
f 480/480/480 755/755/755 493/493/493
f 1646/1646/1646 481/481/481 1639/1639/1639
f 311/311/311 1567/1567/1567 170/170/170
f 464/464/464 3497/3497/3497 3495/3495/3495
f 3497/3497/3497 1361/1361/1361 3495/3495/3495
f 234/234/234 236/236/236 235/235/235
f 190/190/190 192/192/192 191/191/191
f 153/153/153 152/152/152 149/149/149
f 231/231/231 286/286/286 230/230/230
f 1552/1552/1552 1551/1551/1551 1550/1550/1550
f 760/760/760 1648/1648/1648 488/488/488
f 3832/3832/3832 1649/1649/1649 3830/3830/3830
f 828/828/828 826/826/826 825/825/825
f 52/52/52 166/166/166 165/165/165
f 1663/1663/1663 1661/1661/1661 1660/1660/1660
f 287/287/287 115/115/115 286/286/286
f 668/668/668 670/670/670 669/669/669
f 634/634/634 640/640/640 639/639/639
f 553/553/553 559/559/559 554/554/554
f 118/118/118 33/33/33 516/516/516
f 492/492/492 491/491/491 490/490/490
f 3552/3552/3552 1651/1651/1651 3553/3553/3553
f 582/582/582 584/584/584 583/583/583
f 384/384/384 392/392/392 415/415/415
f 1381/1381/1381 1383/1383/1383 1380/1380/1380
f 1562/1562/1562 435/435/435 436/436/436
f 952/952/952 951/951/951 947/947/947
f 3529/3529/3529 583/583/583 584/584/584
f 1660/1660/1660 1667/1667/1667 1666/1666/1666
f 1394/1394/1394 1396/1396/1396 1393/1393/1393
f 1660/1660/1660 1664/1664/1664 1663/1663/1663
f 1671/1671/1671 1669/1669/1669 1668/1668/1668
f 1624/1624/1624 1673/1673/1673 1672/1672/1672
f 1407/1407/1407 1409/1409/1409 1410/1410/1410
f 1677/1677/1677 1675/1675/1675 1674/1674/1674
f 1613/1613/1613 1677/1677/1677 1625/1625/1625
f 1679/1679/1679 1676/1676/1676 1677/1677/1677
f 1626/1626/1626 3811/3811/3811 3814/3814/3814
f 534/534/534 198/198/198 539/539/539
f 176/176/176 150/150/150 159/159/159
f 803/803/803 734/734/734 800/800/800
f 400/400/400 191/191/191 192/192/192
f 65/65/65 143/143/143 144/144/144
f 3526/3526/3526 1656/1656/1656 3540/3540/3540
f 402/402/402 157/157/157 283/283/283
f 629/629/629 627/627/627 626/626/626
f 461/461/461 49/49/49 50/50/50
f 758/758/758 495/495/495 756/756/756
f 796/796/796 786/786/786 785/785/785
f 406/406/406 1513/1513/1513 1560/1560/1560
f 342/342/342 166/166/166 167/167/167
f 1694/1694/1694 1658/1658/1658 1695/1695/1695
f 1692/1692/1692 1694/1694/1694 1696/1696/1696
f 3557/3557/3557 1652/1652/1652 3552/3552/3552
f 3921/3921/3921 1703/1703/1703 3923/3923/3923
f 326/326/326 302/302/302 90/90/90
f 3916/3916/3916 1702/1702/1702 1706/1706/1706
f 3919/3919/3919 1698/1698/1698 1701/1701/1701
f 1699/1699/1699 3927/3927/3927 3918/3918/3918
f 1557/1557/1557 1560/1560/1560 1561/1561/1561
f 1127/1127/1127 1117/1117/1117 1128/1128/1128
f 400/400/400 289/289/289 346/346/346
f 1706/1706/1706 1707/1707/1707 1708/1708/1708
f 1707/1707/1707 1599/1599/1599 1600/1600/1600
f 1709/1709/1709 1708/1708/1708 1588/1588/1588
f 1714/1714/1714 1711/1711/1711 1713/1713/1713
f 3919/3919/3919 1709/1709/1709 1700/1700/1700
f 1704/1704/1704 1577/1577/1577 1703/1703/1703
f 1716/1716/1716 1713/1713/1713 1715/1715/1715
f 1559/1559/1559 1549/1549/1549 297/297/297
f 1722/1722/1722 1720/1720/1720 1719/1719/1719
f 1335/1335/1335 596/596/596 1489/1489/1489
f 410/410/410 377/377/377 378/378/378
f 973/973/973 1163/1163/1163 972/972/972
f 168/168/168 399/399/399 398/398/398
f 1571/1571/1571 1089/1089/1089 1093/1093/1093
f 1572/1572/1572 682/682/682 1571/1571/1571
f 749/749/749 647/647/647 754/754/754
f 1730/1730/1730 1723/1723/1723 1729/1729/1729
f 1594/1594/1594 1729/1729/1729 1592/1592/1592
f 1729/1729/1729 1591/1591/1591 1592/1592/1592
f 1731/1731/1731 1730/1730/1730 1583/1583/1583
f 1384/1384/1384 1377/1377/1377 1379/1379/1379
f 1732/1732/1732 1712/1712/1712 1714/1714/1714
f 1724/1724/1724 1731/1731/1731 1732/1732/1732
f 1712/1712/1712 1731/1731/1731 1580/1580/1580
f 1722/1722/1722 1732/1732/1732 1733/1733/1733
f 1721/1721/1721 1733/1733/1733 1734/1734/1734
f 1734/1734/1734 1716/1716/1716 1717/1717/1717
f 1735/1735/1735 1736/1736/1736 1697/1697/1697
f 1733/1733/1733 1714/1714/1714 1716/1716/1716
f 1663/1663/1663 1741/1741/1741 1668/1668/1668
f 1742/1742/1742 1740/1740/1740 1743/1743/1743
f 1738/1738/1738 1737/1737/1737 1735/1735/1735
f 1665/1665/1665 1666/1666/1666 1740/1740/1740
f 1665/1665/1665 1744/1744/1744 1664/1664/1664
f 1725/1725/1725 1746/1746/1746 1745/1745/1745
f 1591/1591/1591 1745/1745/1745 1590/1590/1590
f 1590/1590/1590 1747/1747/1747 1596/1596/1596
f 1745/1745/1745 1748/1748/1748 1747/1747/1747
f 1659/1659/1659 3538/3538/3538 3542/3542/3542
f 3287/3287/3287 3545/3545/3545 3282/3282/3282
f 1185/1185/1185 1182/1182/1182 1190/1190/1190
f 1664/1664/1664 1749/1749/1749 1741/1741/1741
f 1741/1741/1741 1739/1739/1739 1738/1738/1738
f 1746/1746/1746 1743/1743/1743 1748/1748/1748
f 1726/1726/1726 1742/1742/1742 1746/1746/1746
f 1153/1153/1153 924/924/924 925/925/925
f 1115/1115/1115 1153/1153/1153 1154/1154/1154
f 1654/1654/1654 3575/3575/3575 1655/1655/1655
f 1896/1896/1896 3549/3549/3549 1686/1686/1686
f 1720/1720/1720 1744/1744/1744 1726/1726/1726
f 1721/1721/1721 1749/1749/1749 1720/1720/1720
f 1750/1750/1750 1701/1701/1701 1698/1698/1698
f 1697/1697/1697 1750/1750/1750 1696/1696/1696
f 1151/1151/1151 1063/1063/1063 1062/1062/1062
f 1751/1751/1751 1670/1670/1670 1671/1671/1671
f 1695/1695/1695 1752/1752/1752 1751/1751/1751
f 961/961/961 986/986/986 981/981/981
f 1770/1770/1770 1768/1768/1768 1767/1767/1767
f 1766/1766/1766 1593/1593/1593 1765/1765/1765
f 1731/1731/1731 1579/1579/1579 1580/1580/1580
f 1579/1579/1579 1774/1774/1774 1578/1578/1578
f 3928/3928/3928 1771/1771/1771 3929/3929/3929
f 1764/1764/1764 3928/3928/3928 3917/3917/3917
f 1777/1777/1777 1775/1775/1775 1774/1774/1774
f 3762/3762/3762 1699/1699/1699 1700/1700/1700
f 1004/1004/1004 1128/1128/1128 1003/1003/1003
f 1774/1774/1774 1771/1771/1771 1772/1772/1772
f 987/987/987 1399/1399/1399 980/980/980
f 1578/1578/1578 1772/1772/1772 1764/1764/1764
f 1783/1783/1783 1781/1781/1781 1778/1778/1778
f 1597/1597/1597 1770/1770/1770 1767/1767/1767
f 639/639/639 3895/3895/3895 3884/3884/3884
f 3928/3928/3928 1769/1769/1769 1770/1770/1770
f 1793/1793/1793 1789/1789/1789 1788/1788/1788
f 3929/3929/3929 1798/1798/1798 1769/1769/1769
f 3508/3508/3508 3773/3773/3773 1806/1806/1806
f 1802/1802/1802 3924/3924/3924 3922/3922/3922
f 1788/1788/1788 1794/1794/1794 1793/1793/1793
f 1793/1793/1793 1795/1795/1795 1776/1776/1776
f 3773/3773/3773 1675/1675/1675 1806/1806/1806
f 1584/1584/1584 1783/1783/1783 1789/1789/1789
f 1771/1771/1771 3920/3920/3920 3929/3929/3929
f 1801/1801/1801 1798/1798/1798 1800/1800/1800
f 1768/1768/1768 1798/1798/1798 1799/1799/1799
f 1775/1775/1775 1797/1797/1797 1771/1771/1771
f 508/508/508 515/515/515 1520/1520/1520
f 1796/1796/1796 1802/1802/1802 1797/1797/1797
f 1800/1800/1800 3920/3920/3920 3922/3922/3922
f 1794/1794/1794 1804/1804/1804 1795/1795/1795
f 3532/3532/3532 1752/1752/1752 3547/3547/3547
f 485/485/485 1807/1807/1807 775/775/775
f 3809/3809/3809 1640/1640/1640 768/768/768
f 3837/3837/3837 1810/1810/1810 1653/1653/1653
f 485/485/485 1640/1640/1640 1808/1808/1808
f 1690/1690/1690 3770/3770/3770 3772/3772/3772
f 487/487/487 1648/1648/1648 1811/1811/1811
f 3839/3839/3839 1816/1816/1816 3822/3822/3822
f 3838/3838/3838 1648/1648/1648 3830/3830/3830
f 3839/3839/3839 1811/1811/1811 3838/3838/3838
f 1812/1812/1812 487/487/487 1811/1811/1811
f 1641/1641/1641 767/767/767 768/768/768
f 465/465/465 755/755/755 776/776/776
f 767/767/767 3823/3823/3823 3808/3808/3808
f 3822/3822/3822 3826/3826/3826 3847/3847/3847
f 1809/1809/1809 1815/1815/1815 767/767/767
f 3837/3837/3837 1651/1651/1651 3840/3840/3840
f 675/675/675 3541/3541/3541 3496/3496/3496
f 1814/1814/1814 1822/1822/1822 1821/1821/1821
f 1821/1821/1821 3821/3821/3821 3820/3820/3820
f 1824/1824/1824 1649/1649/1649 1825/1825/1825
f 1827/1827/1827 1850/1850/1850 1805/1805/1805
f 1668/1668/1668 1662/1662/1662 1663/1663/1663
f 1779/1779/1779 1848/1848/1848 1828/1828/1828
f 1790/1790/1790 1805/1805/1805 1794/1794/1794
f 1833/1833/1833 1853/1853/1853 1852/1852/1852
f 3521/3521/3521 693/693/693 575/575/575
f 1614/1614/1614 1616/1616/1616 1617/1617/1617
f 1852/1852/1852 3498/3498/3498 3501/3501/3501
f 1620/1620/1620 1622/1622/1622 1623/1623/1623
f 1855/1855/1855 1574/1574/1574 1861/1861/1861
f 1847/1847/1847 3501/3501/3501 3513/3513/3513
f 1766/1766/1766 1855/1855/1855 1782/1782/1782
f 1629/1629/1629 1631/1631/1631 1628/1628/1628
f 1633/1633/1633 1634/1634/1634 1632/1632/1632
f 1635/1635/1635 1637/1637/1637 1638/1638/1638
f 1848/1848/1848 1852/1852/1852 1847/1847/1847
f 1855/1855/1855 1863/1863/1863 1862/1862/1862
f 1803/1803/1803 1867/1867/1867 1802/1802/1802
f 1862/1862/1862 1831/1831/1831 1832/1832/1832
f 1782/1782/1782 1862/1862/1862 1781/1781/1781
f 3922/3922/3922 1865/1865/1865 1800/1800/1800
f 1873/1873/1873 1870/1870/1870 1869/1869/1869
f 1874/1874/1874 799/799/799 804/804/804
f 2045/2045/2045 3897/3897/3897 2044/2044/2044
f 1219/1219/1219 1295/1295/1295 1225/1225/1225
f 1615/1615/1615 1396/1396/1396 1395/1395/1395
f 3884/3884/3884 1877/1877/1877 1876/1876/1876
f 645/645/645 3786/3786/3786 3559/3559/3559
f 1345/1345/1345 1035/1035/1035 1346/1346/1346
f 634/634/634 3884/3884/3884 3880/3880/3880
f 15/15/15 1327/1327/1327 14/14/14
f 3910/3910/3910 1878/1878/1878 1893/1893/1893
f 1894/1894/1894 605/605/605 1893/1893/1893
f 3506/3506/3506 627/627/627 693/693/693
f 3560/3560/3560 645/645/645 3559/3559/3559
f 340/340/340 454/454/454 1558/1558/1558
f 1897/1897/1897 195/195/195 1898/1898/1898
f 1889/1889/1889 1877/1877/1877 1890/1890/1890
f 1901/1901/1901 129/129/129 1900/1900/1900
f 196/196/196 754/754/754 232/232/232
f 1705/1705/1705 3921/3921/3921 3916/3916/3916
f 340/340/340 166/166/166 343/343/343
f 1570/1570/1570 563/563/563 561/561/561
f 1904/1904/1904 194/194/194 1897/1897/1897
f 1781/1781/1781 1832/1832/1832 1780/1780/1780
f 1905/1905/1905 55/55/55 1906/1906/1906
f 1000/1000/1000 995/995/995 996/996/996
f 986/986/986 920/920/920 987/987/987
f 1191/1191/1191 1190/1190/1190 1194/1194/1194
f 2094/2094/2094 2075/2075/2075 2093/2093/2093
f 1920/1920/1920 1919/1919/1919 1915/1915/1915
f 453/453/453 1912/1912/1912 1911/1911/1911
f 1915/1915/1915 1918/1918/1918 1916/1916/1916
f 3882/3882/3882 2106/2106/2106 3901/3901/3901
f 1655/1655/1655 3531/3531/3531 1868/1868/1868
f 1916/1916/1916 1926/1926/1926 1925/1925/1925
f 704/704/704 3561/3561/3561 703/703/703
f 278/278/278 1925/1925/1925 1900/1900/1900
f 3565/3565/3565 1818/1818/1818 1820/1820/1820
f 1097/1097/1097 1115/1115/1115 1114/1114/1114
f 1927/1927/1927 727/727/727 1923/1923/1923
f 3578/3578/3578 3654/3654/3654 3758/3758/3758
f 1920/1920/1920 307/307/307 1929/1929/1929
f 1929/1929/1929 48/48/48 728/728/728
f 503/503/503 1497/1497/1497 1509/1509/1509
f 1902/1902/1902 787/787/787 796/796/796
f 1816/1816/1816 3820/3820/3820 3826/3826/3826
f 1925/1925/1925 1923/1923/1923 1924/1924/1924
f 1535/1535/1535 1568/1568/1568 1534/1534/1534
f 254/254/254 258/258/258 255/255/255
f 1509/1509/1509 366/366/366 367/367/367
f 119/119/119 35/35/35 36/36/36
f 219/219/219 293/293/293 294/294/294
f 141/141/141 47/47/47 431/431/431
f 542/542/542 244/244/244 245/245/245
f 1940/1940/1940 430/430/430 431/431/431
f 1779/1779/1779 1827/1827/1827 1790/1790/1790
f 1701/1701/1701 3915/3915/3915 3919/3919/3919
f 1661/1661/1661 3515/3515/3515 1667/1667/1667
f 270/270/270 754/754/754 647/647/647
f 197/197/197 749/749/749 196/196/196
f 1727/1727/1727 1212/1212/1212 1211/1211/1211
f 53/53/53 232/232/232 754/754/754
f 1465/1465/1465 1479/1479/1479 1478/1478/1478
f 1284/1284/1284 3854/3854/3854 1293/1293/1293
f 1951/1951/1951 412/412/412 413/413/413
f 168/168/168 1554/1554/1554 1553/1553/1553
f 1486/1486/1486 206/206/206 207/207/207
f 506/506/506 78/78/78 361/361/361
f 994/994/994 1007/1007/1007 993/993/993
f 951/951/951 963/963/963 964/964/964
f 1013/1013/1013 3861/3861/3861 1351/1351/1351
f 3826/3826/3826 1820/1820/1820 1818/1818/1818
f 1498/1498/1498 1954/1954/1954 1482/1482/1482
f 299/299/299 543/543/543 132/132/132
f 1754/1754/1754 1756/1756/1756 1753/1753/1753
f 1681/1681/1681 1683/1683/1683 1682/1682/1682
f 1696/1696/1696 1695/1695/1695 1697/1697/1697
f 13/13/13 738/738/738 737/737/737
f 473/473/473 475/475/475 474/474/474
f 482/482/482 768/768/768 1640/1640/1640
f 204/204/204 30/30/30 205/205/205
f 1761/1761/1761 820/820/820 819/819/819
f 611/611/611 1125/1125/1125 612/612/612
f 1501/1501/1501 1908/1908/1908 1909/1909/1909
f 1074/1074/1074 711/711/711 699/699/699
f 1960/1960/1960 82/82/82 83/83/83
f 120/120/120 1960/1960/1960 123/123/123
f 35/35/35 87/87/87 34/34/34
f 1773/1773/1773 1025/1025/1025 1031/1031/1031
f 1965/1965/1965 1569/1569/1569 1535/1535/1535
f 494/494/494 471/471/471 479/479/479
f 1966/1966/1966 1969/1969/1969 1968/1968/1968
f 446/446/446 1971/1971/1971 1967/1967/1967
f 174/174/174 125/125/125 126/126/126
f 1580/1580/1580 1578/1578/1578 1577/1577/1577
f 1785/1785/1785 1787/1787/1787 1784/1784/1784
f 1972/1972/1972 304/304/304 305/305/305
f 1254/1254/1254 875/875/875 999/999/999
f 1973/1973/1973 342/342/342 514/514/514
f 321/321/321 1973/1973/1973 509/509/509
f 1910/1910/1910 275/275/275 1907/1907/1907
f 509/509/509 514/514/514 508/508/508
f 1486/1486/1486 1527/1527/1527 1485/1485/1485
f 1974/1974/1974 804/804/804 1975/1975/1975
f 1977/1977/1977 1974/1974/1974 1978/1978/1978
f 1980/1980/1980 1966/1966/1966 1981/1981/1981
f 379/379/379 2/2/2 295/295/295
f 1718/1718/1718 1710/1710/1710 1701/1701/1701
f 884/884/884 992/992/992 883/883/883
f 1680/1680/1680 1678/1678/1678 1679/1679/1679
f 902/902/902 525/525/525 524/524/524
f 344/344/344 256/256/256 299/299/299
f 135/135/135 137/137/137 136/136/136
f 236/236/236 228/228/228 333/333/333
f 448/448/448 1967/1967/1967 1966/1966/1966
f 589/589/589 604/604/604 584/584/584
f 910/910/910 908/908/908 907/907/907
f 1981/1981/1981 1968/1968/1968 1987/1987/1987
f 1982/1982/1982 1987/1987/1987 1979/1979/1979
f 1988/1988/1988 1987/1987/1987 1989/1989/1989
f 1990/1990/1990 1989/1989/1989 1991/1991/1991
f 1991/1991/1991 1993/1993/1993 1992/1992/1992
f 322/322/322 320/320/320 319/319/319
f 992/992/992 830/830/830 883/883/883
f 1144/1144/1144 1086/1086/1086 1143/1143/1143
f 1995/1995/1995 1978/1978/1978 1994/1994/1994
f 1133/1133/1133 1118/1118/1118 1126/1126/1126
f 1997/1997/1997 1994/1994/1994 1996/1996/1996
f 870/870/870 1335/1335/1335 1489/1489/1489
f 805/805/805 1982/1982/1982 1998/1998/1998
f 727/727/727 2000/2000/2000 1999/1999/1999
f 1996/1996/1996 1988/1988/1988 1990/1990/1990
f 1994/1994/1994 1979/1979/1979 1988/1988/1988
f 1829/1829/1829 792/792/792 1273/1273/1273
f 1830/1830/1830 941/941/941 983/983/983
f 798/798/798 800/800/800 799/799/799
f 729/729/729 731/731/731 730/730/730
f 2011/2011/2011 2023/2023/2023 2022/2022/2022
f 1834/1834/1834 846/846/846 1159/1159/1159
f 402/402/402 284/284/284 347/347/347
f 2022/2022/2022 2024/2024/2024 2025/2025/2025
f 1838/1838/1838 989/989/989 988/988/988
f 810/810/810 952/952/952 809/809/809
f 1823/1823/1823 1840/1840/1840 644/644/644
f 1430/1430/1430 1432/1432/1432 1431/1431/1431
f 1215/1215/1215 1841/1841/1841 1079/1079/1079
f 149/149/149 176/176/176 177/177/177
f 1316/1316/1316 873/873/873 872/872/872
f 2112/2112/2112 1384/1384/1384 2106/2106/2106
f 1842/1842/1842 1844/1844/1844 1845/1845/1845
f 1159/1159/1159 845/845/845 1160/1160/1160
f 837/837/837 1846/1846/1846 1120/1120/1120
f 1971/1971/1971 2030/2030/2030 2027/2027/2027
f 517/517/517 370/370/370 189/189/189
f 858/858/858 833/833/833 812/812/812
f 1471/1471/1471 2027/2027/2027 1888/1888/1888
f 3551/3551/3551 626/626/626 627/627/627
f 2174/2174/2174 770/770/770 490/490/490
f 935/935/935 1854/1854/1854 1010/1010/1010
f 1613/1613/1613 1611/1611/1611 1618/1618/1618
f 1231/1231/1231 1225/1225/1225 1295/1295/1295
f 1856/1856/1856 891/891/891 892/892/892
f 1300/1300/1300 748/748/748 741/741/741
f 1150/1150/1150 1858/1858/1858 1859/1859/1859
f 1643/1643/1643 696/696/696 1642/1642/1642
f 1215/1215/1215 1264/1264/1264 1216/1216/1216
f 1320/1320/1320 902/902/902 901/901/901
f 1956/1956/1956 1944/1944/1944 1960/1960/1960
f 2031/2031/2031 669/669/669 1474/1474/1474
f 2034/2034/2034 1310/1310/1310 1299/1299/1299
f 1879/1879/1879 1656/1656/1656 1657/1657/1657
f 40/40/40 242/242/242 39/39/39
f 1992/1992/1992 2039/2039/2039 1456/1456/1456
f 888/888/888 957/957/957 889/889/889
f 1882/1882/1882 1996/1996/1996 1990/1990/1990
f 1078/1078/1078 1255/1255/1255 1077/1077/1077
f 1871/1871/1871 1192/1192/1192 1090/1090/1090
f 294/294/294 218/218/218 219/219/219
f 1323/1323/1323 2026/2026/2026 1471/1471/1471
f 123/123/123 83/83/83 1484/1484/1484
f 1324/1324/1324 2041/2041/2041 1323/1323/1323
f 384/384/384 359/359/359 352/352/352
f 1324/1324/1324 2038/2038/2038 2036/2036/2036
f 1883/1883/1883 1885/1885/1885 1829/1829/1829
f 287/287/287 114/114/114 107/107/107
f 1096/1096/1096 1134/1134/1134 661/661/661
f 915/915/915 931/931/931 916/916/916
f 806/806/806 1981/1981/1981 1982/1982/1982
f 3533/3533/3533 584/584/584 604/604/604
f 1425/1425/1425 2042/2042/2042 1018/1018/1018
f 1018/1018/1018 1948/1948/1948 1017/1017/1017
f 3562/3562/3562 740/740/740 3519/3519/3519
f 1948/1948/1948 649/649/649 646/646/646
f 1881/1881/1881 1990/1990/1990 1991/1991/1991
f 1900/1900/1900 130/130/130 278/278/278
f 992/992/992 994/994/994 993/993/993
f 923/923/923 925/925/925 924/924/924
f 3878/3878/3878 2047/2047/2047 3876/3876/3876
f 1643/1643/1643 625/625/625 606/606/606
f 2050/2050/2050 2051/2051/2051 2049/2049/2049
f 2045/2045/2045 1404/1404/1404 2047/2047/2047
f 3876/3876/3876 945/945/945 3885/3885/3885
f 1139/1139/1139 1079/1079/1079 1841/1841/1841
f 1037/1037/1037 892/892/892 982/982/982
f 2055/2055/2055 2057/2057/2057 2056/2056/2056
f 1198/1198/1198 718/718/718 717/717/717
f 1619/1619/1619 1612/1612/1612 1611/1611/1611
f 2058/2058/2058 1606/1606/1606 2059/2059/2059
f 2059/2059/2059 1607/1607/1607 2058/2058/2058
f 2058/2058/2058 1624/1624/1624 1605/1605/1605
f 71/71/71 179/179/179 37/37/37
f 405/405/405 1557/1557/1557 382/382/382
f 976/976/976 1006/1006/1006 977/977/977
f 322/322/322 1972/1972/1972 1911/1911/1911
f 2061/2061/2061 2063/2063/2063 2062/2062/2062
f 2066/2066/2066 2067/2067/2067 1825/1825/1825
f 2052/2052/2052 2064/2064/2064 2051/2051/2051
f 1609/1609/1609 2066/2066/2066 1647/1647/1647
f 1515/1515/1515 152/152/152 1516/1516/1516
f 1009/1009/1009 993/993/993 1007/1007/1007
f 1644/1644/1644 3815/3815/3815 2118/2118/2118
f 279/279/279 1916/1916/1916 278/278/278
f 1285/1285/1285 3862/3862/3862 1284/1284/1284
f 1647/1647/1647 1825/1825/1825 1649/1649/1649
f 2056/2056/2056 2067/2067/2067 2065/2065/2065
f 319/319/319 1953/1953/1953 1952/1952/1952
f 667/667/667 1913/1913/1913 1914/1914/1914
f 2070/2070/2070 625/625/625 2048/2048/2048
f 2052/2052/2052 2055/2055/2055 2063/2063/2063
f 2038/2038/2038 1655/1655/1655 1458/1458/1458
f 1606/1606/1606 2073/2073/2073 2072/2072/2072
f 1235/1235/1235 1270/1270/1270 1236/1236/1236
f 2072/2072/2072 2075/2075/2075 2074/2074/2074
f 2059/2059/2059 2072/2072/2072 2062/2062/2062
f 2074/2074/2074 2077/2077/2077 2076/2076/2076
f 1601/1601/1601 2078/2078/2078 2073/2073/2073
f 2049/2049/2049 1643/1643/1643 1645/1645/1645
f 1000/1000/1000 1001/1001/1001 994/994/994
f 1089/1089/1089 684/684/684 689/689/689
f 1931/1931/1931 1306/1306/1306 1930/1930/1930
f 1462/1462/1462 1021/1021/1021 1022/1022/1022
f 1932/1932/1932 1934/1934/1934 1935/1935/1935
f 875/875/875 1846/1846/1846 998/998/998
f 1936/1936/1936 1937/1937/1937 1938/1938/1938
f 44/44/44 46/46/46 92/92/92
f 1534/1534/1534 1956/1956/1956 120/120/120
f 1541/1541/1541 317/317/317 391/391/391
f 2081/2081/2081 2084/2084/2084 2083/2083/2083
f 146/146/146 1959/1959/1959 300/300/300
f 1360/1360/1360 1942/1942/1942 1361/1361/1361
f 985/985/985 1032/1032/1032 1033/1033/1033
f 1995/1995/1995 1892/1892/1892 2043/2043/2043
f 2079/2079/2079 2082/2082/2082 2081/2081/2081
f 2095/2095/2095 2076/2076/2076 2077/2077/2077
f 2081/2081/2081 2078/2078/2078 2079/2079/2079
f 2055/2055/2055 2054/2054/2054 2053/2053/2053
f 501/501/501 2095/2095/2095 500/500/500
f 2097/2097/2097 2099/2099/2099 2098/2098/2098
f 2098/2098/2098 2094/2094/2094 2083/2083/2083
f 2140/2140/2140 3893/3893/3893 3866/3866/3866
f 2141/2141/2141 3894/3894/3894 3893/3893/3893
f 2051/2051/2051 2048/2048/2048 2049/2049/2049
f 592/592/592 2101/2101/2101 1576/1576/1576
f 2071/2071/2071 2076/2076/2076 2096/2096/2096
f 2102/2102/2102 2098/2098/2098 2101/2101/2101
f 593/593/593 2102/2102/2102 592/592/592
f 1019/1019/1019 746/746/746 747/747/747
f 1950/1950/1950 12/12/12 1327/1327/1327
f 725/725/725 2096/2096/2096 501/501/501
f 1385/1385/1385 2104/2104/2104 1379/1379/1379
f 1379/1379/1379 2106/2106/2106 1384/1384/1384
f 2107/2107/2107 2100/2100/2100 2097/2097/2097
f 3908/3908/3908 502/502/502 3896/3896/3896
f 3896/3896/3896 499/499/499 3901/3901/3901
f 940/940/940 2109/2109/2109 944/944/944
f 928/928/928 1170/1170/1170 973/973/973
f 3868/3868/3868 684/684/684 3899/3899/3899
f 1962/1962/1962 1964/1964/1964 1961/1961/1961
f 3878/3878/3878 573/573/573 3897/3897/3897
f 2039/2039/2039 1968/1968/1968 1969/1969/1969
f 1389/1389/1389 2110/2110/2110 2109/2109/2109
f 1398/1398/1398 2113/2113/2113 1397/1397/1397
f 3757/3757/3757 3753/3753/3753 3743/3743/3743
f 3911/3911/3911 2107/2107/2107 2103/2103/2103
f 949/949/949 924/924/924 1115/1115/1115
f 260/260/260 324/324/324 326/326/326
f 1390/1390/1390 2113/2113/2113 2110/2110/2110
f 2070/2070/2070 2064/2064/2064 2071/2071/2071
f 3867/3867/3867 2103/2103/2103 593/593/593
f 2105/2105/2105 1421/1421/1421 2114/2114/2114
f 2114/2114/2114 1423/1423/1423 2115/2115/2115
f 3892/3892/3892 2115/2115/2115 3903/3903/3903
f 3908/3908/3908 2114/2114/2114 3892/3892/3892
f 554/554/554 1902/1902/1902 553/553/553
f 972/972/972 967/967/967 966/966/966
f 1765/1765/1765 1573/1573/1573 1574/1574/1574
f 1984/1984/1984 1986/1986/1986 1983/1983/1983
f 2053/2053/2053 2069/2069/2069 2057/2057/2057
f 3573/3573/3573 724/724/724 714/714/714
f 1625/1625/1625 1674/1674/1674 1673/1673/1673
f 3881/3881/3881 2119/2119/2119 2122/2122/2122
f 3903/3903/3903 2123/2123/2123 3904/3904/3904
f 56/56/56 1906/1906/1906 55/55/55
f 626/626/626 3879/3879/3879 629/629/629
f 2001/2001/2001 2003/2003/2003 2004/2004/2004
f 3912/3912/3912 2127/2127/2127 3907/3907/3907
f 2006/2006/2006 2008/2008/2008 2009/2009/2009
f 2127/2127/2127 1412/1412/1412 2128/2128/2128
f 2014/2014/2014 2016/2016/2016 2017/2017/2017
f 2018/2018/2018 2020/2020/2020 2021/2021/2021
f 1495/1495/1495 1947/1947/1947 197/197/197
f 1379/1379/1379 1386/1386/1386 1385/1385/1385
f 3814/3814/3814 1680/1680/1680 1618/1618/1618
f 2029/2029/2029 1884/1884/1884 2028/2028/2028
f 3902/3902/3902 2120/2120/2120 3887/3887/3887
f 629/629/629 3914/3914/3914 3872/3872/3872
f 682/682/682 943/943/943 1089/1089/1089
f 724/724/724 2121/2121/2121 716/716/716
f 1757/1757/1757 3821/3821/3821 3845/3845/3845
f 765/765/765 3844/3844/3844 3809/3809/3809
f 3851/3851/3851 715/715/715 3852/3852/3852
f 706/706/706 3870/3870/3870 3872/3872/3872
f 981/981/981 987/987/987 980/980/980
f 1457/1457/1457 1656/1656/1656 1880/1880/1880
f 2017/2017/2017 2032/2032/2032 2033/2033/2033
f 1458/1458/1458 1868/1868/1868 1457/1457/1457
f 1776/1776/1776 1792/1792/1792 1793/1793/1793
f 1959/1959/1959 1946/1946/1946 1958/1958/1958
f 3663/3663/3663 3725/3725/3725 3661/3661/3661
f 3913/3913/3913 2122/2122/2122 3850/3850/3850
f 1093/1093/1093 689/689/689 1088/1088/1088
f 966/966/966 968/968/968 972/972/972
f 3852/3852/3852 3881/3881/3881 3913/3913/3913
f 2172/2172/2172 2170/2170/2170 2171/2171/2171
f 670/670/670 2137/2137/2137 669/669/669
f 3761/3761/3761 1903/1903/1903 233/233/233
f 1429/1429/1429 28/28/28 1449/1449/1449
f 964/964/964 978/978/978 971/971/971
f 3841/3841/3841 1413/1413/1413 2127/2127/2127
f 1473/1473/1473 669/669/669 2137/2137/2137
f 3834/3834/3834 1359/1359/1359 1358/1358/1358
f 2138/2138/2138 1870/1870/1870 2137/2137/2137
f 1872/1872/1872 2137/2137/2137 1870/1870/1870
f 715/715/715 3888/3888/3888 3881/3881/3881
f 1881/1881/1881 1992/1992/1992 1880/1880/1880
f 3843/3843/3843 739/739/739 740/740/740
f 1837/1837/1837 3513/3513/3513 3514/3514/3514
f 253/253/253 59/59/59 85/85/85
f 1808/1808/1808 3840/3840/3840 1807/1807/1807
f 1647/1647/1647 3818/3818/3818 1609/1609/1609
f 3865/3865/3865 671/671/671 668/668/668
f 2112/2112/2112 3883/3883/3883 2111/2111/2111
f 1405/1405/1405 2044/2044/2044 1438/1438/1438
f 3829/3829/3829 1364/1364/1364 1366/1366/1366
f 273/273/273 391/391/391 249/249/249
f 576/576/576 3520/3520/3520 3555/3555/3555
f 3875/3875/3875 668/668/668 2031/2031/2031
f 1430/1430/1430 2140/2140/2140 2139/2139/2139
f 2136/2136/2136 3860/3860/3860 28/28/28
f 1430/1430/1430 18/18/18 19/19/19
f 3893/3893/3893 570/570/570 695/695/695
f 1442/1442/1442 2046/2046/2046 2141/2141/2141
f 1431/1431/1431 2141/2141/2141 2140/2140/2140
f 3869/3869/3869 3850/3850/3850 2136/2136/2136
f 3808/3808/3808 1817/1817/1817 766/766/766
f 3866/3866/3866 695/695/695 671/671/671
f 2142/2142/2142 798/798/798 2138/2138/2138
f 571/571/571 2142/2142/2142 694/694/694
f 3819/3819/3819 1618/1618/1618 1611/1611/1611
f 2143/2143/2143 2025/2025/2025 2142/2142/2142
f 694/694/694 2138/2138/2138 670/670/670
f 681/681/681 2144/2144/2144 572/572/572
f 2144/2144/2144 2022/2022/2022 2143/2143/2143
f 328/328/328 457/457/457 290/290/290
f 1572/1572/1572 2011/2011/2011 2144/2144/2144
f 630/630/630 3903/3903/3903 624/624/624
f 2085/2085/2085 2087/2087/2087 2088/2088/2088
f 2090/2090/2090 2092/2092/2092 2089/2089/2089
f 572/572/572 2143/2143/2143 571/571/571
f 1875/1875/1875 2153/2153/2153 2149/2149/2149
f 1873/1873/1873 2149/2149/2149 2154/2154/2154
f 2103/2103/2103 2097/2097/2097 2102/2102/2102
f 2157/2157/2157 2155/2155/2155 2156/2156/2156
f 2128/2128/2128 1414/1414/1414 2120/2120/2120
f 3874/3874/3874 589/589/589 582/582/582
f 3872/3872/3872 628/628/628 629/629/629
f 2149/2149/2149 2158/2158/2158 2159/2159/2159
f 2159/2159/2159 3905/3905/3905 3890/3890/3890
f 698/698/698 3902/3902/3902 705/705/705
f 3823/3823/3823 3827/3827/3827 1817/1817/1817
f 2158/2158/2158 3874/3874/3874 3905/3905/3905
f 1438/1438/1438 2046/2046/2046 1439/1439/1439
f 2035/2035/2035 2160/2160/2160 2161/2161/2161
f 2161/2161/2161 3889/3889/3889 3886/3886/3886
f 3871/3871/3871 605/605/605 589/589/589
f 3873/3873/3873 18/18/18 3875/3875/3875
f 370/370/370 61/61/61 451/451/451
f 649/649/649 413/413/413 648/648/648
f 2153/2153/2153 2156/2156/2156 2158/2158/2158
f 1428/1428/1428 1449/1449/1449 1450/1450/1450
f 1490/1490/1490 73/73/73 1488/1488/1488
f 3890/3890/3890 710/710/710 633/633/633
f 2155/2155/2155 3891/3891/3891 3871/3871/3871
f 1456/1456/1456 1880/1880/1880 1992/1992/1992
f 2125/2125/2125 2087/2087/2087 2124/2124/2124
f 2160/2160/2160 3890/3890/3890 3889/3889/3889
f 300/300/300 505/505/505 323/323/323
f 1064/1064/1064 1046/1046/1046 1065/1065/1065
f 2043/2043/2043 1891/1891/1891 2155/2155/2155
f 2129/2129/2129 2004/2004/2004 2003/2003/2003
f 2131/2131/2131 2133/2133/2133 2134/2134/2134
f 3848/3848/3848 1450/1450/1450 1449/1449/1449
f 1998/1998/1998 804/804/804 805/805/805
f 3879/3879/3879 3864/3864/3864 3914/3914/3914
f 474/474/474 490/490/490 770/770/770
f 1164/1164/1164 1182/1182/1182 1177/1177/1177
f 707/707/707 3909/3909/3909 3870/3870/3870
f 708/708/708 2162/2162/2162 707/707/707
f 2162/2162/2162 3886/3886/3886 3909/3909/3909
f 548/548/548 1905/1905/1905 458/458/458
f 1145/1145/1145 1114/1114/1114 1171/1171/1171
f 705/705/705 1650/1650/1650 704/704/704
f 2043/2043/2043 1977/1977/1977 1995/1995/1995
f 737/737/737 554/554/554 559/559/559
f 1034/1034/1034 1191/1191/1191 1023/1023/1023
f 458/458/458 1907/1907/1907 275/275/275
f 195/195/195 232/232/232 233/233/233
f 2040/2040/2040 1969/1969/1969 1970/1970/1970
f 2145/2145/2145 2147/2147/2147 2148/2148/2148
f 2054/2054/2054 2049/2049/2049 1645/1645/1645
f 3832/3832/3832 1639/1639/1639 3818/3818/3818
f 9/9/9 11/11/11 10/10/10
f 252/252/252 506/506/506 258/258/258
f 472/472/472 479/479/479 471/471/471
f 1865/1865/1865 3791/3791/3791 3503/3503/3503
f 900/900/900 910/910/910 907/907/907
f 1941/1941/1941 2151/2151/2151 1942/1942/1942
f 1921/1921/1921 1927/1927/1927 1919/1919/1919
f 2163/2163/2163 1898/1898/1898 2116/2116/2116
f 271/271/271 153/153/153 178/178/178
f 1904/1904/1904 12/12/12 9/9/9
f 282/282/282 264/264/264 460/460/460
f 1872/1872/1872 2154/2154/2154 2035/2035/2035
f 1326/1326/1326 1897/1897/1897 2163/2163/2163
f 628/628/628 693/693/693 627/627/627
f 1724/1724/1724 1719/1719/1719 1723/1723/1723
f 1549/1549/1549 436/436/436 172/172/172
f 1582/1582/1582 1730/1730/1730 1729/1729/1729
f 1921/1921/1921 1929/1929/1929 1928/1928/1928
f 3563/3563/3563 10/10/10 11/11/11
f 2152/2152/2152 1950/1950/1950 1949/1949/1949
f 475/475/475 774/774/774 771/771/771
f 769/769/769 2171/2171/2171 473/473/473
f 2171/2171/2171 476/476/476 473/473/473
f 476/476/476 772/772/772 475/475/475
f 1791/1791/1791 464/464/464 1760/1760/1760
f 2166/2166/2166 2168/2168/2168 2169/2169/2169
f 595/595/595 372/372/372 98/98/98
f 483/483/483 1641/1641/1641 482/482/482
f 762/762/762 2173/2173/2173 470/470/470
f 771/771/771 484/484/484 492/492/492
f 486/486/486 1809/1809/1809 483/483/483
f 297/297/297 1517/1517/1517 296/296/296
f 763/763/763 2174/2174/2174 762/762/762
f 776/776/776 759/759/759 489/489/489
f 184/184/184 2176/2176/2176 2000/2000/2000
f 412/412/412 303/303/303 414/414/414
f 2005/2005/2005 185/185/185 224/224/224
f 3811/3811/3811 1682/1682/1682 3846/3846/3846
f 2164/2164/2164 756/756/756 764/764/764
f 1472/1472/1472 2161/2161/2161 2162/2162/2162
f 950/950/950 964/964/964 965/965/965
f 2177/2177/2177 2179/2179/2179 2180/2180/2180
f 227/227/227 1510/1510/1510 333/333/333
f 764/764/764 467/467/467 2164/2164/2164
f 2182/2182/2182 2184/2184/2184 2181/2181/2181
f 2186/2186/2186 2018/2018/2018 2185/2185/2185
f 1985/1985/1985 2181/2181/2181 1986/1986/1986
f 214/214/214 729/729/729 1531/1531/1531
f 1545/1545/1545 1546/1546/1546 1569/1569/1569
f 865/865/865 842/842/842 866/866/866
f 849/849/849 1357/1357/1357 1362/1362/1362
f 452/452/452 1558/1558/1558 454/454/454
f 559/559/559 3188/3188/3188 737/737/737
f 16/16/16 737/737/737 3188/3188/3188
f 560/560/560 498/498/498 374/374/374
f 3193/3193/3193 3195/3195/3195 3194/3194/3194
f 3200/3200/3200 3198/3198/3198 3199/3199/3199
f 3211/3211/3211 3213/3213/3213 3212/3212/3212
f 3215/3215/3215 3217/3217/3217 3216/3216/3216
f 2187/2187/2187 2002/2002/2002 2001/2001/2001
f 2169/2169/2169 2189/2189/2189 2190/2190/2190
f 2192/2192/2192 2085/2085/2085 2191/2191/2191
f 2193/2193/2193 2195/2195/2195 2196/2196/2196
f 2198/2198/2198 2200/2200/2200 2197/2197/2197
f 1998/1998/1998 1979/1979/1979 1975/1975/1975
f 3664/3664/3664 3668/3668/3668 3671/3671/3671
f 2116/2116/2116 1903/1903/1903 1902/1902/1902
f 1859/1859/1859 2009/2009/2009 1150/1150/1150
f 3904/3904/3904 2126/2126/2126 3906/3906/3906
f 1135/1135/1135 1087/1087/1087 1130/1130/1130
f 2201/2201/2201 2015/2015/2015 2014/2014/2014
f 1149/1149/1149 110/110/110 1858/1858/1858
f 3221/3221/3221 3218/3218/3218 3215/3215/3215
f 2203/2203/2203 2205/2205/2205 2206/2206/2206
f 579/579/579 1895/1895/1895 1019/1019/1019
f 1755/1755/1755 2208/2208/2208 1756/1756/1756
f 3891/3891/3891 1893/1893/1893 605/605/605
f 1211/1211/1211 2150/2150/2150 1727/1727/1727
f 868/868/868 2210/2210/2210 2209/2209/2209
f 944/944/944 930/930/930 940/940/940
f 2130/2130/2130 2202/2202/2202 2201/2201/2201
f 233/233/233 1898/1898/1898 195/195/195
f 665/665/665 750/750/750 666/666/666
f 1167/1167/1167 999/999/999 618/618/618
f 2211/2211/2211 2213/2213/2213 2214/2214/2214
f 2215/2215/2215 2217/2217/2217 2218/2218/2218
f 3867/3867/3867 590/590/590 3868/3868/3868
f 2220/2220/2220 220/220/220 2219/2219/2219
f 823/823/823 948/948/948 1094/1094/1094
f 3225/3225/3225 3227/3227/3227 3226/3226/3226
f 266/266/266 455/455/455 265/265/265
f 3882/3882/3882 2107/2107/2107 3883/3883/3883
f 2221/2221/2221 3519/3519/3519 3517/3517/3517
f 2223/2223/2223 2225/2225/2225 2226/2226/2226
f 2207/2207/2207 2124/2124/2124 2208/2208/2208
f 673/673/673 3869/3869/3869 3864/3864/3864
f 817/817/817 996/996/996 815/815/815
f 2227/2227/2227 2146/2146/2146 2145/2145/2145
f 1947/1947/1947 646/646/646 749/749/749
f 3900/3900/3900 17/17/17 3873/3873/3873
f 2229/2229/2229 1638/1638/1638 1381/1381/1381
f 1679/1679/1679 1618/1618/1618 1680/1680/1680
f 1637/1637/1637 2232/2232/2232 2230/2230/2230
f 2233/2233/2233 1617/1617/1617 1616/1616/1616
f 2231/2231/2231 2236/2236/2236 2237/2237/2237
f 1381/1381/1381 2238/2238/2238 1382/1382/1382
f 3586/3586/3586 2242/2242/2242 3587/3587/3587
f 1630/1630/1630 2233/2233/2233 1631/1631/1631
f 1681/1681/1681 472/472/472 469/469/469
f 1408/1408/1408 2243/2243/2243 2244/2244/2244
f 3236/3236/3236 3238/3238/3238 3237/3237/3237
f 3232/3232/3232 3240/3240/3240 3235/3235/3235
f 1637/1637/1637 2238/2238/2238 1638/1638/1638
f 3237/3237/3237 3233/3233/3233 3234/3234/3234
f 1409/1409/1409 1634/1634/1634 2245/2245/2245
f 1380/1380/1380 2247/2247/2247 2246/2246/2246
f 1628/1628/1628 2245/2245/2245 1621/1621/1621
f 2249/2249/2249 1622/1622/1622 1633/1633/1633
f 1632/1632/1632 1408/1408/1408 2244/2244/2244
f 2248/2248/2248 1631/1631/1631 2250/2250/2250
f 2235/2235/2235 1637/1637/1637 1636/1636/1636
f 3245/3245/3245 3199/3199/3199 3198/3198/3198
f 631/631/631 2071/2071/2071 725/725/725
f 515/515/515 52/52/52 49/49/49
f 782/782/782 2251/2251/2251 1251/1251/1251
f 2253/2253/2253 2255/2255/2255 2252/2252/2252
f 397/397/397 459/459/459 784/784/784
f 1456/1456/1456 2040/2040/2040 1455/1455/1455
f 2040/2040/2040 2036/2036/2036 1455/1455/1455
f 1401/1401/1401 2111/2111/2111 1398/1398/1398
f 2041/2041/2041 1970/1970/1970 2026/2026/2026
f 1535/1535/1535 414/414/414 1965/1965/1965
f 1586/1586/1586 2080/2080/2080 2079/2079/2079
f 2256/2256/2256 1132/1132/1132 1886/1886/1886
f 1700/1700/1700 3918/3918/3918 3919/3919/3919
f 3815/3815/3815 1686/1686/1686 3817/3817/3817
f 1263/1263/1263 1886/1886/1886 1096/1096/1096
f 598/598/598 844/844/844 599/599/599
f 2257/2257/2257 2259/2259/2259 2260/2260/2260
f 2258/2258/2258 2262/2262/2262 2259/2259/2259
f 2259/2259/2259 2263/2263/2263 2216/2216/2216
f 2260/2260/2260 2216/2216/2216 2215/2215/2215
f 1967/1967/1967 1970/1970/1970 1969/1969/1969
f 2212/2212/2212 1963/1963/1963 2213/2213/2213
f 922/922/922 2218/2218/2218 2217/2217/2217
f 1312/1312/1312 1101/1101/1101 2264/2264/2264
f 1307/1307/1307 1286/1286/1286 789/789/789
f 1548/1548/1548 1546/1546/1546 1972/1972/1972
f 2266/2266/2266 2268/2268/2268 2265/2265/2265
f 2265/2265/2265 2270/2270/2270 2269/2269/2269
f 2272/2272/2272 2269/2269/2269 2271/2271/2271
f 2273/2273/2273 2265/2265/2265 2272/2272/2272
f 2275/2275/2275 2277/2277/2277 2274/2274/2274
f 2278/2278/2278 2277/2277/2277 2279/2279/2279
f 2284/2284/2284 3617/3617/3617 3639/3639/3639
f 2287/2287/2287 2286/2286/2286 2281/2281/2281
f 2288/2288/2288 2283/2283/2283 2287/2287/2287
f 2290/2290/2290 3639/3639/3639 3620/3620/3620
f 2291/2291/2291 2293/2293/2293 2294/2294/2294
f 2295/2295/2295 2294/2294/2294 2279/2279/2279
f 2296/2296/2296 2291/2291/2291 2295/2295/2295
f 2297/2297/2297 2292/2292/2292 2291/2291/2291
f 2294/2294/2294 2299/2299/2299 2300/2300/2300
f 2279/2279/2279 2300/2300/2300 2278/2278/2278
f 2298/2298/2298 2302/2302/2302 2292/2292/2292
f 2292/2292/2292 2303/2303/2303 2293/2293/2293
f 2293/2293/2293 2304/2304/2304 2299/2299/2299
f 2304/2304/2304 2306/2306/2306 2299/2299/2299
f 2306/2306/2306 2300/2300/2300 2299/2299/2299
f 2308/2308/2308 2310/2310/2310 2307/2307/2307
f 2302/2302/2302 2310/2310/2310 2303/2303/2303
f 2301/2301/2301 2307/2307/2307 2302/2302/2302
f 2312/2312/2312 2307/2307/2307 2311/2311/2311
f 2313/2313/2313 2315/2315/2315 2316/2316/2316
f 2318/2318/2318 2320/2320/2320 2317/2317/2317
f 3748/3748/3748 2322/2322/2322 2323/2323/2323
f 2324/2324/2324 2273/2273/2273 2326/2326/2326
f 2313/2313/2313 2326/2326/2326 2327/2327/2327
f 2328/2328/2328 2313/2313/2313 2316/2316/2316
f 2329/2329/2329 2324/2324/2324 2328/2328/2328
f 2331/2331/2331 2333/2333/2333 2330/2330/2330
f 2330/2330/2330 2267/2267/2267 2266/2266/2266
f 2325/2325/2325 2266/2266/2266 2273/2273/2273
f 2329/2329/2329 2330/2330/2330 2325/2325/2325
f 2333/2333/2333 2335/2335/2335 2267/2267/2267
f 2336/2336/2336 2333/2333/2333 2332/2332/2332
f 2338/2338/2338 2332/2332/2332 2337/2337/2337
f 2331/2331/2331 2337/2337/2337 2332/2332/2332
f 2329/2329/2329 2339/2339/2339 2331/2331/2331
f 2328/2328/2328 2340/2340/2340 2329/2329/2329
f 2316/2316/2316 2341/2341/2341 2328/2328/2328
f 2342/2342/2342 2315/2315/2315 2343/2343/2343
f 2344/2344/2344 2346/2346/2346 2347/2347/2347
f 2341/2341/2341 2347/2347/2347 2340/2340/2340
f 2342/2342/2342 2344/2344/2344 2341/2341/2341
f 2348/2348/2348 2345/2345/2345 2344/2344/2344
f 2350/2350/2350 2352/2352/2352 2353/2353/2353
f 2339/2339/2339 2353/2353/2353 2337/2337/2337
f 2340/2340/2340 2350/2350/2350 2339/2339/2339
f 2347/2347/2347 2351/2351/2351 2350/2350/2350
f 2337/2337/2337 2354/2354/2354 2338/2338/2338
f 2353/2353/2353 2355/2355/2355 2354/2354/2354
f 2356/2356/2356 2276/2276/2276 2357/2357/2357
f 2356/2356/2356 2358/2358/2358 2359/2359/2359
f 2356/2356/2356 2296/2296/2296 2295/2295/2295
f 2279/2279/2279 2356/2356/2356 2295/2295/2295
f 2360/2360/2360 2270/2270/2270 2268/2268/2268
f 2267/2267/2267 2360/2360/2360 2268/2268/2268
f 2362/2362/2362 2364/2364/2364 2365/2365/2365
f 2362/2362/2362 2361/2361/2361 2358/2358/2358
f 2366/2366/2366 2358/2358/2358 2357/2357/2357
f 2366/2366/2366 2363/2363/2363 2362/2362/2362
f 2357/2357/2357 2368/2368/2368 2366/2366/2366
f 2366/2366/2366 2369/2369/2369 2367/2367/2367
f 2276/2276/2276 2370/2370/2370 2368/2368/2368
f 2368/2368/2368 2282/2282/2282 2369/2369/2369
f 2372/2372/2372 2374/2374/2374 2371/2371/2371
f 2375/2375/2375 2377/2377/2377 2007/2007/2007
f 2378/2378/2378 2380/2380/2380 2381/2381/2381
f 2382/2382/2382 2381/2381/2381 2383/2383/2383
f 2384/2384/2384 2378/2378/2378 2382/2382/2382
f 2385/2385/2385 2379/2379/2379 2378/2378/2378
f 2388/2388/2388 2390/2390/2390 2387/2387/2387
f 2387/2387/2387 2392/2392/2392 2391/2391/2391
f 2393/2393/2393 2387/2387/2387 2391/2391/2391
f 2394/2394/2394 2388/2388/2388 2387/2387/2387
f 2186/2186/2186 2402/2402/2402 2400/2400/2400
f 2403/2403/2403 2327/2327/2327 2326/2326/2326
f 2272/2272/2272 2326/2326/2326 2273/2273/2273
f 2271/2271/2271 2403/2403/2403 2272/2272/2272
f 2405/2405/2405 2404/2404/2404 2403/2403/2403
f 2404/2404/2404 2408/2408/2408 2327/2327/2327
f 2409/2409/2409 2411/2411/2411 2412/2412/2412
f 2409/2409/2409 2271/2271/2271 2269/2269/2269
f 2413/2413/2413 2269/2269/2269 2270/2270/2270
f 2413/2413/2413 2410/2410/2410 2409/2409/2409
f 2417/2417/2417 2416/2416/2416 2418/2418/2418
f 2417/2417/2417 2406/2406/2406 2405/2405/2405
f 2412/2412/2412 2405/2405/2405 2271/2271/2271
f 2411/2411/2411 2417/2417/2417 2412/2412/2412
f 2406/2406/2406 2407/2407/2407 2404/2404/2404
f 3569/3569/3569 632/632/632 713/713/713
f 2420/2420/2420 2397/2397/2397 2421/2421/2421
f 2420/2420/2420 2423/2423/2423 2422/2422/2422
f 2424/2424/2424 2422/2422/2422 2419/2419/2419
f 2424/2424/2424 2398/2398/2398 2420/2420/2420
f 2425/2425/2425 2392/2392/2392 2426/2426/2426
f 2421/2421/2421 2426/2426/2426 2423/2423/2423
f 2397/2397/2397 2425/2425/2425 2421/2421/2421
f 2396/2396/2396 2391/2391/2391 2425/2425/2425
f 2427/2427/2427 2315/2315/2315 2314/2314/2314
f 2427/2427/2427 2408/2408/2408 2428/2428/2428
f 2430/2430/2430 2428/2428/2428 2429/2429/2429
f 2343/2343/2343 2427/2427/2427 2430/2430/2430
f 2432/2432/2432 2430/2430/2430 2431/2431/2431
f 2431/2431/2431 2429/2429/2429 2433/2433/2433
f 2435/2435/2435 2433/2433/2433 2434/2434/2434
f 2436/2436/2436 2431/2431/2431 2435/2435/2435
f 2428/2428/2428 2407/2407/2407 2437/2437/2437
f 2422/2422/2422 2407/2407/2407 2419/2419/2419
f 2438/2438/2438 2422/2422/2422 2423/2423/2423
f 2429/2429/2429 2437/2437/2437 2438/2438/2438
f 2440/2440/2440 2433/2433/2433 2439/2439/2439
f 2441/2441/2441 2433/2433/2433 2429/2429/2429
f 2442/2442/2442 2439/2439/2439 2441/2441/2441
f 2443/2443/2443 2440/2440/2440 2439/2439/2439
f 2445/2445/2445 2444/2444/2444 2443/2443/2443
f 2447/2447/2447 2443/2443/2443 2442/2442/2442
f 2383/2383/2383 2445/2445/2445 2447/2447/2447
f 2381/2381/2381 2446/2446/2446 2445/2445/2445
f 2448/2448/2448 2423/2423/2423 2426/2426/2426
f 2449/2449/2449 2426/2426/2426 2392/2392/2392
f 2441/2441/2441 2449/2449/2449 2442/2442/2442
f 2441/2441/2441 2438/2438/2438 2448/2448/2448
f 2449/2449/2449 2390/2390/2390 2450/2450/2450
f 2450/2450/2450 2389/2389/2389 2451/2451/2451
f 2447/2447/2447 2451/2451/2451 2383/2383/2383
f 2442/2442/2442 2450/2450/2450 2447/2447/2447
f 2451/2451/2451 2453/2453/2453 2452/2452/2452
f 2452/2452/2452 2455/2455/2455 2454/2454/2454
f 2382/2382/2382 2454/2454/2454 2384/2384/2384
f 2383/2383/2383 2452/2452/2452 2382/2382/2382
f 2456/2456/2456 2373/2373/2373 2372/2372/2372
f 2459/2459/2459 2461/2461/2461 2458/2458/2458
f 2463/2463/2463 2465/2465/2465 2462/2462/2462
f 2462/2462/2462 2285/2285/2285 2284/2284/2284
f 2466/2466/2466 2284/2284/2284 2290/2290/2290
f 2467/2467/2467 2462/2462/2462 2466/2466/2466
f 2461/2461/2461 3703/3703/3703 3701/3701/3701
f 2468/2468/2468 2470/2470/2470 2471/2471/2471
f 2472/2472/2472 2471/2471/2471 2473/2473/2473
f 2474/2474/2474 3701/3701/3701 3688/3688/3688
f 2475/2475/2475 2477/2477/2477 2478/2478/2478
f 2458/2458/2458 2453/2453/2453 2479/2479/2479
f 2479/2479/2479 2389/2389/2389 2388/2388/2388
f 2395/2395/2395 2479/2479/2479 2388/2388/2388
f 2480/2480/2480 2458/2458/2458 2479/2479/2479
f 2481/2481/2481 2483/2483/2483 2478/2478/2478
f 2484/2484/2484 2485/2485/2485 221/221/221
f 2471/2471/2471 2464/2464/2464 2463/2463/2463
f 2473/2473/2473 2463/2463/2463 2467/2467/2467
f 2487/2487/2487 2466/2466/2466 2486/2486/2486
f 2486/2486/2486 2290/2290/2290 2488/2488/2488
f 2490/2490/2490 2488/2488/2488 2489/2489/2489
f 2491/2491/2491 2486/2486/2486 2490/2490/2490
f 2492/2492/2492 2467/2467/2467 2487/2487/2487
f 2493/2493/2493 2487/2487/2487 2491/2491/2491
f 2494/2494/2494 2492/2492/2492 2493/2493/2493
f 2495/2495/2495 2473/2473/2473 2492/2492/2492
f 3690/3690/3690 2474/2474/2474 3688/3688/3688
f 3691/3691/3691 2496/2496/2496 3690/3690/3690
f 2498/2498/2498 2493/2493/2493 2499/2499/2499
f 2500/2500/2500 2499/2499/2499 2501/2501/2501
f 3700/3700/3700 2498/2498/2498 2500/2500/2500
f 3687/3687/3687 2494/2494/2494 2498/2498/2498
f 2306/2306/2306 2278/2278/2278 2300/2300/2300
f 2305/2305/2305 2504/2504/2504 2306/2306/2306
f 2504/2504/2504 2507/2507/2507 2506/2506/2506
f 2506/2506/2506 2288/2288/2288 2508/2508/2508
f 2274/2274/2274 2508/2508/2508 2275/2275/2275
f 2278/2278/2278 2506/2506/2506 2274/2274/2274
f 3633/3633/3633 2489/2489/2489 2488/2488/2488
f 3620/3620/3620 2488/2488/2488 2290/2290/2290
f 2507/2507/2507 2289/2289/2289 2288/2288/2288
f 2505/2505/2505 2509/2509/2509 2507/2507/2507
f 2508/2508/2508 2287/2287/2287 2511/2511/2511
f 2511/2511/2511 2281/2281/2281 2280/2280/2280
f 2370/2370/2370 2280/2280/2280 2282/2282/2282
f 2275/2275/2275 2511/2511/2511 2370/2370/2370
f 2512/2512/2512 2489/2489/2489 2513/2513/2513
f 2514/2514/2514 2513/2513/2513 2515/2515/2515
f 2517/2517/2517 2514/2514/2514 2516/2516/2516
f 2517/2517/2517 2490/2490/2490 2512/2512/2512
f 2499/2499/2499 2491/2491/2491 2517/2517/2517
f 2499/2499/2499 2516/2516/2516 2501/2501/2501
f 2510/2510/2510 2519/2519/2519 2518/2518/2518
f 2518/2518/2518 2521/2521/2521 2520/2520/2520
f 3616/3616/3616 2520/2520/2520 3621/3621/3621
f 3632/3632/3632 2518/2518/2518 3616/3616/3616
f 2522/2522/2522 2303/2303/2303 2310/2310/2310
f 2523/2523/2523 2310/2310/2310 2309/2309/2309
f 2305/2305/2305 2522/2522/2522 2524/2524/2524
f 2524/2524/2524 2523/2523/2523 2525/2525/2525
f 2519/2519/2519 2525/2525/2525 2521/2521/2521
f 2505/2505/2505 2524/2524/2524 2519/2519/2519
f 2308/2308/2308 2527/2527/2527 2526/2526/2526
f 2526/2526/2526 2529/2529/2529 2528/2528/2528
f 2531/2531/2531 2528/2528/2528 2530/2530/2530
f 2309/2309/2309 2526/2526/2526 2531/2531/2531
f 1214/1214/1214 2151/2151/2151 1211/1211/1211
f 2419/2419/2419 2418/2418/2418 2424/2424/2424
f 2533/2533/2533 2349/2349/2349 2317/2317/2317
f 2534/2534/2534 2317/2317/2317 2320/2320/2320
f 2535/2535/2535 2533/2533/2533 2534/2534/2534
f 2536/2536/2536 2345/2345/2345 2533/2533/2533
f 2537/2537/2537 2346/2346/2346 2536/2536/2536
f 2538/2538/2538 2536/2536/2536 2535/2535/2535
f 2539/2539/2539 2537/2537/2537 2538/2538/2538
f 2540/2540/2540 2351/2351/2351 2537/2537/2537
f 2312/2312/2312 2541/2541/2541 2527/2527/2527
f 2527/2527/2527 2542/2542/2542 2529/2529/2529
f 2543/2543/2543 2434/2434/2434 2544/2544/2544
f 2545/2545/2545 2544/2544/2544 2546/2546/2546
f 2319/2319/2319 2543/2543/2543 2545/2545/2545
f 2318/2318/2318 2435/2435/2435 2543/2543/2543
f 2514/2514/2514 2548/2548/2548 2547/2547/2547
f 2547/2547/2547 2550/2550/2550 2549/2549/2549
f 2552/2552/2552 2549/2549/2549 2551/2551/2551
f 2552/2552/2552 2514/2514/2514 2547/2547/2547
f 2520/2520/2520 2554/2554/2554 2553/2553/2553
f 2553/2553/2553 2556/2556/2556 2555/2555/2555
f 3590/3590/3590 2555/2555/2555 3593/3593/3593
f 3621/3621/3621 2553/2553/2553 3590/3590/3590
f 2523/2523/2523 2531/2531/2531 2557/2557/2557
f 2557/2557/2557 2530/2530/2530 2558/2558/2558
f 2525/2525/2525 2557/2557/2557 2559/2559/2559
f 2559/2559/2559 2558/2558/2558 2560/2560/2560
f 2554/2554/2554 2560/2560/2560 2556/2556/2556
f 2521/2521/2521 2559/2559/2559 2554/2554/2554
f 2561/2561/2561 2007/2007/2007 2006/2006/2006
f 2376/2376/2376 2225/2225/2225 2377/2377/2377
f 2564/2564/2564 2566/2566/2566 2563/2563/2563
f 2563/2563/2563 338/338/338 2567/2567/2567
f 2569/2569/2569 2567/2567/2567 2568/2568/2568
f 2570/2570/2570 2563/2563/2563 2569/2569/2569
f 2572/2572/2572 2574/2574/2574 2571/2571/2571
f 2571/2571/2571 2576/2576/2576 2575/2575/2575
f 2544/2544/2544 2575/2575/2575 2546/2546/2546
f 2544/2544/2544 2572/2572/2572 2571/2571/2571
f 2578/2578/2578 2569/2569/2569 2577/2577/2577
f 2579/2579/2579 2569/2569/2569 2568/2568/2568
f 2574/2574/2574 2579/2579/2579 2576/2576/2576
f 2573/2573/2573 2577/2577/2577 2574/2574/2574
f 2581/2581/2581 2583/2583/2583 2580/2580/2580
f 2584/2584/2584 2583/2583/2583 2585/2585/2585
f 3697/3697/3697 2580/2580/2580 2584/2584/2584
f 3676/3676/3676 2580/2580/2580 3675/3675/3675
f 2582/2582/2582 2552/2552/2552 2583/2583/2583
f 2583/2583/2583 2551/2551/2551 2585/2585/2585
f 2500/2500/2500 2589/2589/2589 2588/2588/2588
f 2590/2590/2590 2589/2589/2589 2591/2591/2591
f 3693/3693/3693 2588/2588/2588 2590/2590/2590
f 3695/3695/3695 2500/2500/2500 2588/2588/2588
f 2501/2501/2501 2591/2591/2591 2589/2589/2589
f 2592/2592/2592 2594/2594/2594 2595/2595/2595
f 2386/2386/2386 2503/2503/2503 2502/2502/2502
f 2596/2596/2596 2386/2386/2386 2374/2374/2374
f 2596/2596/2596 2373/2373/2373 2597/2597/2597
f 2599/2599/2599 2597/2597/2597 2598/2598/2598
f 2599/2599/2599 2379/2379/2379 2596/2596/2596
f 2600/2600/2600 2380/2380/2380 2599/2599/2599
f 2600/2600/2600 2598/2598/2598 2601/2601/2601
f 2603/2603/2603 2601/2601/2601 2602/2602/2602
f 2603/2603/2603 2446/2446/2446 2600/2600/2600
f 2604/2604/2604 2602/2602/2602 2605/2605/2605
f 2440/2440/2440 2605/2605/2605 2434/2434/2434
f 2444/2444/2444 2604/2604/2604 2440/2440/2440
f 2606/2606/2606 2581/2581/2581 2607/2607/2607
f 2606/2606/2606 2590/2590/2590 2591/2591/2591
f 2591/2591/2591 2582/2582/2582 2606/2606/2606
f 3676/3676/3676 2456/2456/2456 3689/3689/3689
f 3689/3689/3689 2372/2372/2372 3693/3693/3693
f 2478/2478/2478 2608/2608/2608 2481/2481/2481
f 2609/2609/2609 2611/2611/2611 2199/2199/2199
f 2564/2564/2564 2613/2613/2613 2612/2612/2612
f 2612/2612/2612 2598/2598/2598 2597/2597/2597
f 2457/2457/2457 2597/2597/2597 2373/2373/2373
f 2565/2565/2565 2612/2612/2612 2457/2457/2457
f 2614/2614/2614 2570/2570/2570 2578/2578/2578
f 2615/2615/2615 2578/2578/2578 2573/2573/2573
f 2602/2602/2602 2614/2614/2614 2615/2615/2615
f 2601/2601/2601 2613/2613/2613 2614/2614/2614
f 2572/2572/2572 2605/2605/2605 2616/2616/2616
f 2616/2616/2616 2602/2602/2602 2615/2615/2615
f 2573/2573/2573 2616/2616/2616 2615/2615/2615
f 1459/1459/1459 1045/1045/1045 1021/1021/1021
f 1265/1265/1265 1079/1079/1079 1082/1082/1082
f 1612/1612/1612 1609/1609/1609 1611/1611/1611
f 2067/2067/2067 2069/2069/2069 2068/2068/2068
f 1135/1135/1135 1136/1136/1136 1148/1148/1148
f 1938/1938/1938 2618/2618/2618 2617/2617/2617
f 95/95/95 458/458/458 128/128/128
f 2058/2058/2058 1608/1608/1608 1612/1612/1612
f 1454/1454/1454 1445/1445/1445 1367/1367/1367
f 655/655/655 1048/1048/1048 2619/2619/2619
f 722/722/722 2621/2621/2621 723/723/723
f 1131/1131/1131 1033/1033/1033 1134/1134/1134
f 562/562/562 366/366/366 1497/1497/1497
f 1723/1723/1723 1725/1725/1725 1591/1591/1591
f 1786/1786/1786 1122/1122/1122 1787/1787/1787
f 267/267/267 323/323/323 266/266/266
f 1325/1325/1325 1654/1654/1654 2038/2038/2038
f 1468/1468/1468 1435/1435/1435 1479/1479/1479
f 658/658/658 529/529/529 528/528/528
f 8/8/8 247/247/247 7/7/7
f 382/382/382 1559/1559/1559 3/3/3
f 788/788/788 1307/1307/1307 789/789/789
f 940/940/940 929/929/929 928/928/928
f 911/911/911 2623/2623/2623 912/912/912
f 2621/2621/2621 655/655/655 654/654/654
f 2624/2624/2624 2625/2625/2625 2626/2626/2626
f 998/998/998 27/27/27 26/26/26
f 635/635/635 2626/2626/2626 2625/2625/2625
f 2627/2627/2627 644/644/644 1840/1840/1840
f 2628/2628/2628 1840/1840/1840 2629/2629/2629
f 1200/1200/1200 2627/2627/2627 2628/2628/2628
f 1199/1199/1199 641/641/641 2627/2627/2627
f 1520/1520/1520 49/49/49 477/477/477
f 1452/1452/1452 1349/1349/1349 1451/1451/1451
f 2630/2630/2630 1859/1859/1859 1858/1858/1858
f 644/644/644 1335/1335/1335 1823/1823/1823
f 1197/1197/1197 717/717/717 2632/2632/2632
f 2632/2632/2632 719/719/719 1166/1166/1166
f 2628/2628/2628 1166/1166/1166 1200/1200/1200
f 2629/2629/2629 2632/2632/2632 2628/2628/2628
f 1762/1762/1762 1050/1050/1050 821/821/821
f 1823/1823/1823 873/873/873 1839/1839/1839
f 2634/2634/2634 794/794/794 652/652/652
f 1028/1028/1028 1027/1027/1027 1161/1161/1161
f 1042/1042/1042 2635/2635/2635 1043/1043/1043
f 93/93/93 1901/1901/1901 1924/1924/1924
f 2036/2036/2036 1458/1458/1458 1455/1455/1455
f 1527/1527/1527 1525/1525/1525 1526/1526/1526
f 877/877/877 1274/1274/1274 1277/1277/1277
f 134/134/134 797/797/797 1544/1544/1544
f 1328/1328/1328 931/931/931 1329/1329/1329
f 607/607/607 1091/1091/1091 1161/1161/1161
f 1043/1043/1043 2637/2637/2637 2636/2636/2636
f 2636/2636/2636 2639/2639/2639 2638/2638/2638
f 1275/1275/1275 2638/2638/2638 1276/1276/1276
f 1275/1275/1275 1043/1043/1043 2636/2636/2636
f 1272/1272/1272 2626/2626/2626 2640/2640/2640
f 2640/2640/2640 638/638/638 637/637/637
f 1110/1110/1110 2640/2640/2640 637/637/637
f 536/536/536 2640/2640/2640 2641/2641/2641
f 1472/1472/1472 1474/1474/1474 1473/1473/1473
f 2042/2042/2042 1951/1951/1951 649/649/649
f 1058/1058/1058 1105/1105/1105 1059/1059/1059
f 2642/2642/2642 2643/2643/2643 2644/2644/2644
f 1192/1192/1192 2644/2644/2644 1193/1193/1193
f 912/912/912 2642/2642/2642 1192/1192/1192
f 3898/3898/3898 3526/3526/3526 3786/3786/3786
f 1049/1049/1049 2620/2620/2620 2621/2621/2621
f 616/616/616 1885/1885/1885 613/613/613
f 1331/1331/1331 666/666/666 750/750/750
f 990/990/990 1198/1198/1198 525/525/525
f 1911/1911/1911 321/321/321 322/322/322
f 1298/1298/1298 1205/1205/1205 2645/2645/2645
f 76/76/76 1504/1504/1504 75/75/75
f 1502/1502/1502 421/421/421 422/422/422
f 610/610/610 658/658/658 691/691/691
f 1146/1146/1146 659/659/659 938/938/938
f 2646/2646/2646 914/914/914 936/936/936
f 1280/1280/1280 1238/1238/1238 1279/1279/1279
f 975/975/975 2647/2647/2647 2648/2648/2648
f 2647/2647/2647 975/975/975 974/974/974
f 1453/1453/1453 1452/1452/1452 1451/1451/1451
f 1514/1514/1514 158/158/158 151/151/151
f 835/835/835 1843/1843/1843 1842/1842/1842
f 1271/1271/1271 1173/1173/1173 1289/1289/1289
f 2649/2649/2649 813/813/813 2650/2650/2650
f 1893/1893/1893 1826/1826/1826 1894/1894/1894
f 1050/1050/1050 1937/1937/1937 1051/1051/1051
f 2651/2651/2651 814/814/814 813/813/813
f 1006/1006/1006 1281/1281/1281 977/977/977
f 2653/2653/2653 2654/2654/2654 2655/2655/2655
f 1001/1001/1001 1003/1003/1003 1002/1002/1002
f 585/585/585 679/679/679 558/558/558
f 2624/2624/2624 621/621/621 620/620/620
f 555/555/555 2028/2028/2028 556/556/556
f 1207/1207/1207 1197/1197/1197 2629/2629/2629
f 1626/1626/1626 478/478/478 472/472/472
f 426/426/426 419/419/419 1567/1567/1567
f 1030/1030/1030 1773/1773/1773 1031/1031/1031
f 3898/3898/3898 634/634/634 3880/3880/3880
f 534/534/534 138/138/138 262/262/262
f 1125/1125/1125 1042/1042/1042 1041/1041/1041
f 333/333/333 88/88/88 227/227/227
f 569/569/569 561/561/561 730/730/730
f 1489/1489/1489 871/871/871 870/870/870
f 1857/1857/1857 620/620/620 891/891/891
f 1673/1673/1673 3770/3770/3770 3763/3763/3763
f 622/622/622 864/864/864 1308/1308/1308
f 2647/2647/2647 974/974/974 2657/2657/2657
f 619/619/619 891/891/891 620/620/620
f 261/261/261 545/545/545 262/262/262
f 393/393/393 1556/1556/1556 404/404/404
f 2658/2658/2658 2647/2647/2647 2657/2657/2657
f 1075/1075/1075 2657/2657/2657 917/917/917
f 1081/1081/1081 2658/2658/2658 1075/1075/1075
f 1080/1080/1080 2659/2659/2659 2658/2658/2658
f 2644/2644/2644 1141/1141/1141 2660/2660/2660
f 2660/2660/2660 1140/1140/1140 1336/1336/1336
f 642/642/642 1336/1336/1336 643/643/643
f 1193/1193/1193 2660/2660/2660 642/642/642
f 679/679/679 555/555/555 558/558/558
f 1503/1503/1503 1500/1500/1500 1502/1502/1502
f 1318/1318/1318 1101/1101/1101 1100/1100/1100
f 2661/2661/2661 1139/1139/1139 1142/1142/1142
f 2661/2661/2661 2663/2663/2663 2662/2662/2662
f 2662/2662/2662 2659/2659/2659 2661/2661/2661
f 2662/2662/2662 2622/2622/2622 2664/2664/2664
f 2664/2664/2664 911/911/911 2646/2646/2646
f 2648/2648/2648 2646/2646/2646 1146/1146/1146
f 2648/2648/2648 2662/2662/2662 2664/2664/2664
f 2083/2083/2083 2093/2093/2093 2081/2081/2081
f 1442/1442/1442 1437/1437/1437 1439/1439/1439
f 519/519/519 330/330/330 51/51/51
f 1885/1885/1885 1209/1209/1209 613/613/613
f 799/799/799 805/805/805 804/804/804
f 1946/1946/1946 1952/1952/1952 1953/1953/1953
f 1302/1302/1302 1253/1253/1253 1252/1252/1252
f 566/566/566 224/224/224 533/533/533
f 1389/1389/1389 928/928/928 1388/1388/1388
f 683/683/683 681/681/681 680/680/680
f 836/836/836 1842/1842/1842 2665/2665/2665
f 2665/2665/2665 1845/1845/1845 1303/1303/1303
f 2666/2666/2666 1303/1303/1303 1302/1302/1302
f 24/24/24 2665/2665/2665 2666/2666/2666
f 831/831/831 2650/2650/2650 832/832/832
f 1845/1845/1845 1304/1304/1304 1303/1303/1303
f 2010/2010/2010 2012/2012/2012 2011/2011/2011
f 1051/1051/1051 2667/2667/2667 2668/2668/2668
f 1522/1522/1522 1511/1511/1511 1523/1523/1523
f 531/531/531 441/441/441 522/522/522
f 782/782/782 1251/1251/1251 1250/1250/1250
f 1250/1250/1250 2625/2625/2625 2669/2669/2669
f 2669/2669/2669 1857/1857/1857 1856/1856/1856
f 783/783/783 1856/1856/1856 1037/1037/1037
f 782/782/782 2669/2669/2669 783/783/783
f 720/720/720 2671/2671/2671 721/721/721
f 1055/1055/1055 1930/1930/1930 1056/1056/1056
f 1333/1333/1333 1251/1251/1251 2251/2251/2251
f 619/619/619 1308/1308/1308 1307/1307/1307
f 652/652/652 2619/2619/2619 2634/2634/2634
f 521/521/521 1539/1539/1539 1540/1540/1540
f 1838/1838/1838 537/537/537 2672/2672/2672
f 2672/2672/2672 536/536/536 2641/2641/2641
f 1113/1113/1113 2641/2641/2641 1110/1110/1110
f 1113/1113/1113 1838/1838/1838 2672/2672/2672
f 1016/1016/1016 1351/1351/1351 1045/1045/1045
f 3897/3897/3897 570/570/570 3894/3894/3894
f 226/226/226 104/104/104 101/101/101
f 3564/3564/3564 3827/3827/3827 1818/1818/1818
f 1036/1036/1036 1884/1884/1884 1883/1883/1883
f 2674/2674/2674 1304/1304/1304 2673/2673/2673
f 2673/2673/2673 1844/1844/1844 2675/2675/2675
f 1334/1334/1334 2675/2675/2675 1039/1039/1039
f 1333/1333/1333 2673/2673/2673 1334/1334/1334
f 2676/2676/2676 1039/1039/1039 2675/2675/2675
f 1843/1843/1843 2675/2675/2675 1844/1844/1844
f 942/942/942 2676/2676/2676 1843/1843/1843
f 1074/1074/1074 702/702/702 2676/2676/2676
f 811/811/811 859/859/859 858/858/858
f 752/752/752 1055/1055/1055 753/753/753
f 1200/1200/1200 656/656/656 1026/1026/1026
f 1120/1120/1120 874/874/874 2677/2677/2677
f 2677/2677/2677 877/877/877 1052/1052/1052
f 1241/1241/1241 1052/1052/1052 1005/1005/1005
f 1119/1119/1119 2677/2677/2677 1241/1241/1241
f 1560/1560/1560 151/151/151 1515/1515/1515
f 1208/1208/1208 611/611/611 523/523/523
f 215/215/215 736/736/736 214/214/214
f 1460/1460/1460 1462/1462/1462 1461/1461/1461
f 1208/1208/1208 1839/1839/1839 873/873/873
f 854/854/854 1282/1282/1282 1297/1297/1297
f 72/72/72 182/182/182 179/179/179
f 544/544/544 1565/1565/1565 512/512/512
f 217/217/217 456/456/456 457/457/457
f 2047/2047/2047 930/930/930 945/945/945
f 1204/1204/1204 1937/1937/1937 2633/2633/2633
f 913/913/913 686/686/686 685/685/685
f 840/840/840 1113/1113/1113 1112/1112/1112
f 1531/1531/1531 730/730/730 561/561/561
f 2678/2678/2678 1283/1283/1283 801/801/801
f 601/601/601 1914/1914/1914 602/602/602
f 1537/1537/1537 459/459/459 460/460/460
f 1819/1819/1819 3509/3509/3509 3527/3527/3527
f 991/991/991 862/862/862 538/538/538
f 2679/2679/2679 1073/1073/1073 1830/1830/1830
f 2680/2680/2680 983/983/983 2256/2256/2256
f 779/779/779 2256/2256/2256 1263/1263/1263
f 778/778/778 2680/2680/2680 779/779/779
f 2678/2678/2678 1830/1830/1830 2680/2680/2680
f 180/180/180 245/245/245 40/40/40
f 1886/1886/1886 1131/1131/1131 1134/1134/1134
f 1138/1138/1138 1274/1274/1274 1255/1255/1255
f 1841/1841/1841 1140/1140/1140 1139/1139/1139
f 75/75/75 314/314/314 74/74/74
f 193/193/193 420/420/420 192/192/192
f 2681/2681/2681 1099/1099/1099 1098/1098/1098
f 170/170/170 1565/1565/1565 169/169/169
f 349/349/349 417/417/417 432/432/432
f 1121/1121/1121 2684/2684/2684 2683/2683/2683
f 547/547/547 409/409/409 302/302/302
f 123/123/123 121/121/121 120/120/120
f 2643/2643/2643 1142/1142/1142 1141/1141/1141
f 1542/1542/1542 513/513/513 1543/1543/1543
f 899/899/899 907/907/907 919/919/919
f 1210/1210/1210 676/676/676 867/867/867
f 791/791/791 982/982/982 892/892/892
f 24/24/24 837/837/837 836/836/836
f 893/893/893 932/932/932 931/931/931
f 1860/1860/1860 863/863/863 862/862/862
f 535/535/535 862/862/862 861/861/861
f 832/832/832 813/813/813 812/812/812
f 2650/2650/2650 813/813/813 832/832/832
f 1569/1569/1569 1547/1547/1547 1568/1568/1568
f 181/181/181 542/542/542 180/180/180
f 660/660/660 937/937/937 688/688/688
f 2013/2013/2013 568/568/568 2012/2012/2012
f 887/887/887 2631/2631/2631 2630/2630/2630
f 1524/1524/1524 361/361/361 78/78/78
f 520/520/520 162/162/162 1529/1529/1529
f 2653/2653/2653 854/854/854 2685/2685/2685
f 1238/1238/1238 2655/2655/2655 2686/2686/2686
f 718/718/718 527/527/527 530/530/530
f 1492/1492/1492 518/518/518 1491/1491/1491
f 792/792/792 615/615/615 793/793/793
f 599/599/599 1835/1835/1835 596/596/596
f 290/290/290 456/456/456 175/175/175
f 312/312/312 1552/1552/1552 425/425/425
f 1248/1248/1248 1179/1179/1179 1249/1249/1249
f 153/153/153 177/177/177 178/178/178
f 1240/1240/1240 1222/1222/1222 1221/1221/1221
f 1257/1257/1257 1235/1235/1235 1071/1071/1071
f 1291/1291/1291 1083/1083/1083 1222/1222/1222
f 1052/1052/1052 1277/1277/1277 1053/1053/1053
f 743/743/743 2618/2618/2618 1204/1204/1204
f 444/444/444 430/430/430 443/443/443
f 23/23/23 1172/1172/1172 1187/1187/1187
f 2687/2687/2687 1180/1180/1180 1179/1179/1179
f 102/102/102 409/409/409 134/134/134
f 1283/1283/1283 610/610/610 801/801/801
f 373/373/373 650/650/650 651/651/651
f 1180/1180/1180 1084/1084/1084 1291/1291/1291
f 855/855/855 2655/2655/2655 1237/1237/1237
f 1173/1173/1173 1917/1917/1917 1174/1174/1174
f 2689/2689/2689 853/853/853 2688/2688/2688
f 2688/2688/2688 1108/1108/1108 1279/1279/1279
f 2686/2686/2686 1279/1279/1279 1238/1238/1238
f 2687/2687/2687 2688/2688/2688 2686/2686/2686
f 2691/2691/2691 1252/1252/1252 2690/2690/2690
f 2690/2690/2690 850/850/850 2689/2689/2689
f 1248/1248/1248 2689/2689/2689 2687/2687/2687
f 1248/1248/1248 2691/2691/2691 2690/2690/2690
f 2692/2692/2692 24/24/24 2666/2666/2666
f 2691/2691/2691 2666/2666/2666 1302/1302/1302
f 1247/1247/1247 2692/2692/2692 2691/2691/2691
f 1258/1258/1258 617/617/617 2692/2692/2692
f 394/394/394 1555/1555/1555 393/393/393
f 2693/2693/2693 1259/1259/1259 1223/1223/1223
f 1072/1072/1072 1262/1262/1262 1261/1261/1261
f 1257/1257/1257 1168/1168/1168 1258/1258/1258
f 398/398/398 1555/1555/1555 1554/1554/1554
f 871/871/871 1314/1314/1314 872/872/872
f 1178/1178/1178 1249/1249/1249 1179/1179/1179
f 1224/1224/1224 1173/1173/1173 1172/1172/1172
f 1010/1010/1010 2618/2618/2618 742/742/742
f 1175/1175/1175 1292/1292/1292 1269/1269/1269
f 2654/2654/2654 2686/2686/2686 2655/2655/2655
f 2694/2694/2694 1216/1216/1216 1264/1264/1264
f 71/71/71 1487/1487/1487 70/70/70
f 701/701/701 1111/1111/1111 1038/1038/1038
f 1072/1072/1072 2649/2649/2649 2650/2650/2650
f 1085/1085/1085 22/22/22 21/21/21
f 895/895/895 1264/1264/1264 896/896/896
f 1601/1601/1601 1605/1605/1605 1604/1604/1604
f 1259/1259/1259 1271/1271/1271 1289/1289/1289
f 21/21/21 1220/1220/1220 1083/1083/1083
f 988/988/988 538/538/538 537/537/537
f 598/598/598 1336/1336/1336 1140/1140/1140
f 820/820/820 1762/1762/1762 821/821/821
f 1050/1050/1050 818/818/818 821/821/821
f 1298/1298/1298 1761/1761/1761 2652/2652/2652
f 1168/1168/1168 618/618/618 617/617/617
f 858/858/858 1256/1256/1256 833/833/833
f 39/39/39 516/516/516 1536/1536/1536
f 2652/2652/2652 819/819/819 814/814/814
f 313/313/313 315/315/315 314/314/314
f 2026/2026/2026 1971/1971/1971 2027/2027/2027
f 2656/2656/2656 596/596/596 1835/1835/1835
f 814/814/814 818/818/818 811/811/811
f 2696/2696/2696 813/813/813 2649/2649/2649
f 1260/1260/1260 2649/2649/2649 1261/1261/1261
f 2693/2693/2693 2696/2696/2696 1260/1260/1260
f 2697/2697/2697 2651/2651/2651 2696/2696/2696
f 381/381/381 390/390/390 380/380/380
f 3818/3818/3818 1611/1611/1611 1609/1609/1609
f 1475/1475/1475 1428/1428/1428 1227/1227/1227
f 1292/1292/1292 1917/1917/1917 1235/1235/1235
f 1551/1551/1551 354/354/354 1518/1518/1518
f 1526/1526/1526 1523/1523/1523 1511/1511/1511
f 1593/1593/1593 1595/1595/1595 1573/1573/1573
f 1232/1232/1232 1246/1246/1246 1249/1249/1249
f 2695/2695/2695 1223/1223/1223 22/22/22
f 2698/2698/2698 1296/1296/1296 2697/2697/2697
f 2698/2698/2698 2693/2693/2693 2695/2695/2695
f 2685/2685/2685 2695/2695/2695 1085/1085/1085
f 2685/2685/2685 1297/1297/1297 2698/2698/2698
f 562/562/562 271/271/271 272/272/272
f 2652/2652/2652 1296/1296/1296 1298/1298/1298
f 1365/1365/1365 1364/1364/1364 1363/1363/1363
f 1958/1958/1958 1953/1953/1953 1957/1957/1957
f 585/585/585 2210/2210/2210 997/997/997
f 1561/1561/1561 1515/1515/1515 435/435/435
f 975/975/975 1146/1146/1146 976/976/976
f 347/347/347 68/68/68 346/346/346
f 1038/1038/1038 636/636/636 1068/1068/1068
f 2700/2700/2700 780/780/780 2699/2699/2699
f 2699/2699/2699 1036/1036/1036 1883/1883/1883
f 2701/2701/2701 1883/1883/1883 1829/1829/1829
f 851/851/851 2699/2699/2699 2701/2701/2701
f 2674/2674/2674 2251/2251/2251 2702/2702/2702
f 2702/2702/2702 781/781/781 2700/2700/2700
f 1253/1253/1253 2700/2700/2700 851/851/851
f 1301/1301/1301 2702/2702/2702 1253/1253/1253
f 1519/1519/1519 388/388/388 1550/1550/1550
f 1273/1273/1273 1280/1280/1280 2703/2703/2703
f 2703/2703/2703 1107/1107/1107 852/852/852
f 2701/2701/2701 852/852/852 851/851/851
f 1829/1829/1829 2703/2703/2703 2701/2701/2701
f 91/91/91 326/326/326 90/90/90
f 1784/1784/1784 2656/2656/2656 1785/1785/1785
f 2683/2683/2683 2705/2705/2705 2704/2704/2704
f 604/604/604 3499/3499/3499 3533/3533/3533
f 1669/1669/1669 3548/3548/3548 1662/1662/1662
f 2062/2062/2062 2060/2060/2060 2059/2059/2059
f 621/621/621 861/861/861 622/622/622
f 2023/2023/2023 732/732/732 2024/2024/2024
f 686/686/686 1263/1263/1263 687/687/687
f 857/857/857 2668/2668/2668 1328/1328/1328
f 883/883/883 882/882/882 879/879/879
f 637/637/637 1111/1111/1111 1110/1110/1110
f 2668/2668/2668 893/893/893 1328/1328/1328
f 2667/2667/2667 894/894/894 2668/2668/2668
f 1039/1039/1039 1068/1068/1068 1334/1334/1334
f 313/313/313 1504/1504/1504 1505/1505/1505
f 1911/1911/1911 305/305/305 453/453/453
f 1936/1936/1936 1964/1964/1964 2212/2212/2212
f 2707/2707/2707 2401/2401/2401 2183/2183/2183
f 2708/2708/2708 2183/2183/2183 2182/2182/2182
f 738/738/738 2116/2116/2116 554/554/554
f 2349/2349/2349 2432/2432/2432 2436/2436/2436
f 2711/2711/2711 2020/2020/2020 2019/2019/2019
f 2400/2400/2400 2019/2019/2019 2186/2186/2186
f 2714/2714/2714 2716/2716/2716 2713/2713/2713
f 2717/2717/2717 2719/2719/2719 2720/2720/2720
f 2721/2721/2721 2723/2723/2723 2724/2724/2724
f 2726/2726/2726 2728/2728/2728 2725/2725/2725
f 2725/2725/2725 2730/2730/2730 2729/2729/2729
f 2731/2731/2731 2729/2729/2729 2709/2709/2709
f 2732/2732/2732 2725/2725/2725 2731/2731/2731
f 2734/2734/2734 2736/2736/2736 2733/2733/2733
f 2738/2738/2738 2740/2740/2740 2737/2737/2737
f 2737/2737/2737 2741/2741/2741 2742/2742/2742
f 2744/2744/2744 2746/2746/2746 2743/2743/2743
f 2745/2745/2745 2748/2748/2748 2747/2747/2747
f 2749/2749/2749 2747/2747/2747 2751/2751/2751
f 2753/2753/2753 2751/2751/2751 2752/2752/2752
f 2250/2250/2250 2246/2246/2246 2248/2248/2248
f 2754/2754/2754 1614/1614/1614 2755/2755/2755
f 3598/3598/3598 2755/2755/2755 3609/3609/3609
f 3608/3608/3608 2747/2747/2747 3609/3609/3609
f 1617/1617/1617 2755/2755/2755 1614/1614/1614
f 2242/2242/2242 1620/1620/1620 2757/2757/2757
f 2191/2191/2191 2760/2760/2760 2759/2759/2759
f 2761/2761/2761 2760/2760/2760 2762/2762/2762
f 3648/3648/3648 2761/2761/2761 3649/3649/3649
f 3623/3623/3623 2759/2759/2759 3648/3648/3648
f 3209/3209/3209 3223/3223/3223 3224/3224/3224
f 1395/1395/1395 2236/2236/2236 2235/2235/2235
f 1395/1395/1395 1636/1636/1636 1615/1615/1615
f 1616/1616/1616 2229/2229/2229 2233/2233/2233
f 1617/1617/1617 2763/2763/2763 2756/2756/2756
f 2756/2756/2756 3628/3628/3628 3608/3608/3608
f 2765/2765/2765 2234/2234/2234 1630/1630/1630
f 2766/2766/2766 3628/3628/3628 3622/3622/3622
f 3202/3202/3202 3246/3246/3246 3247/3247/3247
f 1516/1516/1516 435/435/435 1515/1515/1515
f 2768/2768/2768 3552/3552/3552 3553/3553/3553
f 1495/1495/1495 578/578/578 1424/1424/1424
f 2135/2135/2135 28/28/28 17/17/17
f 3526/3526/3526 2773/2773/2773 2774/2774/2774
f 1690/1690/1690 3926/3926/3926 3925/3925/3925
f 2778/2778/2778 2780/2780/2780 2777/2777/2777
f 2777/2777/2777 2781/2781/2781 2782/2782/2782
f 2784/2784/2784 2777/2777/2777 2783/2783/2783
f 3555/3555/3555 575/575/575 576/576/576
f 1494/1494/1494 9/9/9 540/540/540
f 3529/3529/3529 2015/2015/2015 3566/3566/3566
f 451/451/451 505/505/505 450/450/450
f 2786/2786/2786 2788/2788/2788 2785/2785/2785
f 2779/2779/2779 2785/2785/2785 2780/2780/2780
f 2789/2789/2789 2741/2741/2741 2740/2740/2740
f 2790/2790/2790 2752/2752/2752 2789/2789/2789
f 2792/2792/2792 2794/2794/2794 2791/2791/2791
f 2793/2793/2793 2796/2796/2796 2794/2794/2794
f 2796/2796/2796 2750/2750/2750 2749/2749/2749
f 2794/2794/2794 2749/2749/2749 2753/2753/2753
f 2798/2798/2798 1396/1396/1396 2754/2754/2754
f 3591/3591/3591 2754/2754/2754 3598/3598/3598
f 2798/2798/2798 2800/2800/2800 1393/1393/1393
f 3591/3591/3591 2799/2799/2799 2798/2798/2798
f 2797/2797/2797 2795/2795/2795 2801/2801/2801
f 2791/2791/2791 2753/2753/2753 2790/2790/2790
f 216/216/216 232/232/232 54/54/54
f 3804/3804/3804 2807/2807/2807 3803/3803/3803
f 3805/3805/3805 2804/2804/2804 3803/3803/3803
f 2769/2769/2769 3557/3557/3557 3552/3552/3552
f 183/183/183 184/184/184 97/97/97
f 2811/2811/2811 2775/2775/2775 2776/2776/2776
f 2804/2804/2804 2776/2776/2776 2805/2805/2805
f 2809/2809/2809 2811/2811/2811 2804/2804/2804
f 2812/2812/2812 2813/2813/2813 2814/2814/2814
f 3805/3805/3805 2816/2816/2816 3795/3795/3795
f 3796/3796/3796 2815/2815/2815 3795/3795/3795
f 3798/3798/3798 2820/2820/2820 2821/2821/2821
f 3793/3793/3793 2819/2819/2819 3798/3798/3798
f 2824/2824/2824 2735/2735/2735 2819/2819/2819
f 2823/2823/2823 2824/2824/2824 2819/2819/2819
f 2825/2825/2825 2826/2826/2826 2724/2724/2724
f 3793/3793/3793 2827/2827/2827 3792/3792/3792
f 3796/3796/3796 2826/2826/2826 3792/3792/3792
f 2713/2713/2713 2829/2829/2829 2828/2828/2828
f 2828/2828/2828 2831/2831/2831 2830/2830/2830
f 2822/2822/2822 2828/2828/2828 2830/2830/2830
f 2821/2821/2821 2713/2713/2713 2828/2828/2828
f 2832/2832/2832 2822/2822/2822 2830/2830/2830
f 2833/2833/2833 2830/2830/2830 2831/2831/2831
f 2834/2834/2834 2832/2832/2832 2833/2833/2833
f 2835/2835/2835 2827/2827/2827 2832/2832/2832
f 2837/2837/2837 2839/2839/2839 2836/2836/2836
f 2836/2836/2836 2841/2841/2841 2840/2840/2840
f 2842/2842/2842 2840/2840/2840 2727/2727/2727
f 2843/2843/2843 2836/2836/2836 2842/2842/2842
f 2840/2840/2840 2845/2845/2845 2844/2844/2844
f 2718/2718/2718 2845/2845/2845 2719/2719/2719
f 2730/2730/2730 2844/2844/2844 2718/2718/2718
f 2727/2727/2727 2844/2844/2844 2728/2728/2728
f 2846/2846/2846 2719/2719/2719 2845/2845/2845
f 2846/2846/2846 2841/2841/2841 2847/2847/2847
f 2829/2829/2829 2847/2847/2847 2831/2831/2831
f 2829/2829/2829 2716/2716/2716 2846/2846/2846
f 2847/2847/2847 2839/2839/2839 2848/2848/2848
f 2848/2848/2848 2838/2838/2838 2849/2849/2849
f 2833/2833/2833 2849/2849/2849 2834/2834/2834
f 2831/2831/2831 2848/2848/2848 2833/2833/2833
f 2850/2850/2850 2851/2851/2851 2852/2852/2852
f 2853/2853/2853 2852/2852/2852 2854/2854/2854
f 2783/2783/2783 2782/2782/2782 2855/2855/2855
f 2785/2785/2785 2853/2853/2853 2856/2856/2856
f 2780/2780/2780 2856/2856/2856 2781/2781/2781
f 2857/2857/2857 2855/2855/2855 2782/2782/2782
f 2859/2859/2859 2782/2782/2782 2781/2781/2781
f 2861/2861/2861 2842/2842/2842 2860/2860/2860
f 2860/2860/2860 2727/2727/2727 2726/2726/2726
f 2862/2862/2862 2726/2726/2726 2732/2732/2732
f 2863/2863/2863 2860/2860/2860 2862/2862/2862
f 2861/2861/2861 2858/2858/2858 2857/2857/2857
f 2843/2843/2843 2857/2857/2857 2859/2859/2859
f 2856/2856/2856 2854/2854/2854 2864/2864/2864
f 2781/2781/2781 2864/2864/2864 2859/2859/2859
f 2837/2837/2837 2859/2859/2859 2864/2864/2864
f 2838/2838/2838 2864/2864/2864 2854/2854/2854
f 2852/2852/2852 2834/2834/2834 2849/2849/2849
f 2854/2854/2854 2849/2849/2849 2838/2838/2838
f 2865/2865/2865 2818/2818/2818 2835/2835/2835
f 2851/2851/2851 2835/2835/2835 2834/2834/2834
f 2813/2813/2813 2815/2815/2815 2865/2865/2865
f 2814/2814/2814 2865/2865/2865 2851/2851/2851
f 2866/2866/2866 2814/2814/2814 2850/2850/2850
f 2788/2788/2788 2850/2850/2850 2853/2853/2853
f 2866/2866/2866 2787/2787/2787 2867/2867/2867
f 2812/2812/2812 2867/2867/2867 2775/2775/2775
f 1892/1892/1892 1890/1890/1890 1891/1891/1891
f 2720/2720/2720 2846/2846/2846 2870/2870/2870
f 298/298/298 256/256/256 257/257/257
f 2872/2872/2872 2713/2713/2713 2820/2820/2820
f 3794/3794/3794 2735/2735/2735 2734/2734/2734
f 2729/2729/2729 2874/2874/2874 2873/2873/2873
f 2846/2846/2846 2715/2715/2715 2870/2870/2870
f 2876/2876/2876 2878/2878/2878 2875/2875/2875
f 2733/2733/2733 2878/2878/2878 2734/2734/2734
f 3806/3806/3806 2879/2879/2879 2880/2880/2880
f 3806/3806/3806 2872/2872/2872 3794/3794/3794
f 2882/2882/2882 2884/2884/2884 2881/2881/2881
f 2881/2881/2881 2715/2715/2715 2714/2714/2714
f 2880/2880/2880 2714/2714/2714 2872/2872/2872
f 2879/2879/2879 2881/2881/2881 2880/2880/2880
f 2885/2885/2885 2887/2887/2887 2888/2888/2888
f 2888/2888/2888 2890/2890/2890 2885/2885/2885
f 2885/2885/2885 2892/2892/2892 2891/2891/2891
f 2893/2893/2893 2885/2885/2885 2891/2891/2891
f 1942/1942/1942 2532/2532/2532 2894/2894/2894
f 2895/2895/2895 2720/2720/2720 2870/2870/2870
f 2884/2884/2884 2870/2870/2870 2715/2715/2715
f 2883/2883/2883 2895/2895/2895 2884/2884/2884
f 2896/2896/2896 2892/2892/2892 2895/2895/2895
f 2889/2889/2889 2717/2717/2717 2890/2890/2890
f 2890/2890/2890 2720/2720/2720 2892/2892/2892
f 2897/2897/2897 2891/2891/2891 2896/2896/2896
f 2898/2898/2898 2896/2896/2896 2883/2883/2883
f 2899/2899/2899 2883/2883/2883 2882/2882/2882
f 2900/2900/2900 2882/2882/2882 2879/2879/2879
f 3797/3797/3797 2879/2879/2879 3807/3807/3807
f 2876/2876/2876 2901/2901/2901 2877/2877/2877
f 2901/2901/2901 2904/2904/2904 2903/2903/2903
f 1785/1785/1785 1835/1835/1835 1834/1834/1834
f 2905/2905/2905 2899/2899/2899 2900/2900/2900
f 2907/2907/2907 2897/2897/2897 2898/2898/2898
f 3797/3797/3797 2903/2903/2903 3799/3799/3799
f 632/632/632 577/577/577 633/633/633
f 3532/3532/3532 2867/2867/2867 2787/2787/2787
f 434/434/434 550/550/550 350/350/350
f 2768/2768/2768 3640/3640/3640 3643/3643/3643
f 2910/2910/2910 1623/1623/1623 2249/2249/2249
f 2241/2241/2241 2758/2758/2758 2242/2242/2242
f 3640/3640/3640 2913/2913/2913 3652/3652/3652
f 1623/1623/1623 2757/2757/2757 1620/1620/1620
f 3587/3587/3587 2757/2757/2757 3652/3652/3652
f 2229/2229/2229 1380/1380/1380 2250/2250/2250
f 2765/2765/2765 1629/1629/1629 2914/2914/2914
f 2915/2915/2915 1629/1629/1629 2912/2912/2912
f 3642/3642/3642 2914/2914/2914 2915/2915/2915
f 3641/3641/3641 2765/2765/2765 2914/2914/2914
f 2919/2919/2919 3642/3642/3642 3613/3613/3613
f 2918/2918/2918 2912/2912/2912 2241/2241/2241
f 3614/3614/3614 2241/2241/2241 3586/3586/3586
f 3618/3618/3618 3613/3613/3613 3670/3670/3670
f 3541/3541/3541 2180/2180/2180 3496/3496/3496
f 3521/3521/3521 2188/2188/2188 3506/3506/3506
f 3705/3705/3705 714/714/714 3851/3851/3851
f 2925/2925/2925 2917/2917/2917 2924/2924/2924
f 2924/2924/2924 2916/2916/2916 2919/2919/2919
f 3610/3610/3610 2919/2919/2919 3618/3618/3618
f 3611/3611/3611 2924/2924/2924 3610/3610/3610
f 2926/2926/2926 2766/2766/2766 2925/2925/2925
f 3658/3658/3658 2925/2925/2925 3611/3611/3611
f 1715/1715/1715 1705/1705/1705 1710/1710/1710
f 785/785/785 498/498/498 796/796/796
f 1387/1387/1387 565/565/565 1791/1791/1791
f 374/374/374 1899/1899/1899 560/560/560
f 3573/3573/3573 2206/2206/2206 3556/3556/3556
f 2929/2929/2929 2886/2886/2886 2893/2893/2893
f 2932/2932/2932 2934/2934/2934 2931/2931/2931
f 1905/1905/1905 1908/1908/1908 1907/1907/1907
f 2930/2930/2930 2936/2936/2936 2937/2937/2937
f 2938/2938/2938 2930/2930/2930 2929/2929/2929
f 1493/1493/1493 517/517/517 518/518/518
f 1603/1603/1603 1586/1586/1586 1602/1602/1602
f 2939/2939/2939 2929/2929/2929 2908/2908/2908
f 2940/2940/2940 2908/2908/2908 2907/2907/2907
f 3665/3665/3665 1600/1600/1600 3661/3661/3661
f 2886/2886/2886 2937/2937/2937 2887/2887/2887
f 2906/2906/2906 2898/2898/2898 2899/2899/2899
f 2908/2908/2908 2893/2893/2893 2897/2897/2897
f 2942/2942/2942 2933/2933/2933 2941/2941/2941
f 2941/2941/2941 2937/2937/2937 2936/2936/2936
f 3501/3501/3501 2936/2936/2936 3513/3513/3513
f 3498/3498/3498 2941/2941/2941 3501/3501/3501
f 2943/2943/2943 2710/2710/2710 2873/2873/2873
f 2943/2943/2943 2874/2874/2874 2889/2889/2889
f 2945/2945/2945 2889/2889/2889 2888/2888/2888
f 2946/2946/2946 2943/2943/2943 2945/2945/2945
f 2932/2932/2932 2888/2888/2888 2887/2887/2887
f 2931/2931/2931 2945/2945/2945 2932/2932/2932
f 727/727/727 1929/1929/1929 728/728/728
f 2903/2903/2903 2947/2947/2947 2948/2948/2948
f 545/545/545 42/42/42 262/262/262
f 1480/1480/1480 533/533/533 251/251/251
f 2907/2907/2907 2949/2949/2949 2940/2940/2940
f 2906/2906/2906 2950/2950/2950 2949/2949/2949
f 1558/1558/1558 215/215/215 202/202/202
f 3799/3799/3799 2948/2948/2948 3801/3801/3801
f 2054/2054/2054 1644/1644/1644 2118/2118/2118
f 3705/3705/3705 2203/2203/2203 3573/3573/3573
f 1828/1828/1828 1849/1849/1849 1827/1827/1827
f 2953/2953/2953 2955/2955/2955 2952/2952/2952
f 2952/2952/2952 2957/2957/2957 2956/2956/2956
f 2956/2956/2956 2258/2258/2258 2952/2952/2952
f 2953/2953/2953 2258/2258/2258 2257/2257/2257
f 2454/2454/2454 2474/2474/2474 2496/2496/2496
f 3747/3747/3747 2959/2959/2959 3766/3766/3766
f 3747/3747/3747 2131/2131/2131 3737/3737/3737
f 2961/2961/2961 2963/2963/2963 2958/2958/2958
f 2958/2958/2958 2964/2964/2964 2959/2959/2959
f 222/222/222 2485/2485/2485 2965/2965/2965
f 2477/2477/2477 2966/2966/2966 2608/2608/2608
f 2631/2631/2631 2006/2006/2006 1859/1859/1859
f 2384/2384/2384 2496/2496/2496 2497/2497/2497
f 2967/2967/2967 2959/2959/2959 2964/2964/2964
f 2968/2968/2968 2970/2970/2970 2969/2969/2969
f 3759/3759/3759 2971/2971/2971 3784/3784/3784
f 3784/3784/3784 2960/2960/2960 3766/3766/3766
f 2972/2972/2972 2033/2033/2033 2032/2032/2032
f 2007/2007/2007 2973/2973/2973 2008/2008/2008
f 3560/3560/3560 2134/2134/2134 2133/2133/2133
f 1836/1836/1836 1832/1832/1832 1831/1831/1831
f 3506/3506/3506 2090/2090/2090 3551/3551/3551
f 955/955/955 959/959/959 956/956/956
f 672/672/672 674/674/674 673/673/673
f 633/633/633 713/713/713 632/632/632
f 2024/2024/2024 733/733/733 803/803/803
f 2025/2025/2025 803/803/803 798/798/798
f 425/425/425 1550/1550/1550 388/388/388
f 2975/2975/2975 888/888/888 887/887/887
f 1319/1319/1319 1157/1157/1157 2694/2694/2694
f 1212/1212/1212 2977/2977/2977 1213/1213/1213
f 889/889/889 2228/2228/2228 2227/2227/2227
f 1978/1978/1978 1975/1975/1975 1979/1979/1979
f 1138/1138/1138 1329/1329/1329 915/915/915
f 751/751/751 2979/2979/2979 2978/2978/2978
f 1619/1619/1619 1625/1625/1625 1624/1624/1624
f 2252/2252/2252 1728/1728/1728 1727/1727/1727
f 1157/1157/1157 845/845/845 1216/1216/1216
f 2706/2706/2706 1938/1938/1938 2617/2617/2617
f 2980/2980/2980 2254/2254/2254 2981/2981/2981
f 2982/2982/2982 887/887/887 2630/2630/2630
f 802/802/802 711/711/711 2679/2679/2679
f 678/678/678 2029/2029/2029 2028/2028/2028
f 527/527/527 690/690/690 528/528/528
f 1839/1839/1839 2629/2629/2629 1840/1840/1840
f 2983/2983/2983 602/602/602 1914/1914/1914
f 2983/2983/2983 1913/1913/1913 1331/1331/1331
f 2985/2985/2985 1331/1331/1331 1054/1054/1054
f 2986/2986/2986 2983/2983/2983 2985/2985/2985
f 2987/2987/2987 2635/2635/2635 2634/2634/2634
f 2985/2985/2985 2639/2639/2639 2986/2986/2986
f 2990/2990/2990 1318/1318/1318 2989/2989/2989
f 2991/2991/2991 2993/2993/2993 2994/2994/2994
f 2995/2995/2995 2994/2994/2994 2996/2996/2996
f 1106/1106/1106 2991/2991/2991 2995/2995/2995
f 1058/1058/1058 2992/2992/2992 2991/2991/2991
f 1415/1415/1415 1365/1365/1365 1367/1367/1367
f 1317/1317/1317 2217/2217/2217 2997/2997/2997
f 1932/1932/1932 2255/2255/2255 2980/2980/2980
f 926/926/926 2999/2999/2999 664/664/664
f 3001/3001/3001 2992/2992/2992 3000/3000/3000
f 3000/3000/3000 1057/1057/1057 2978/2978/2978
f 2999/2999/2999 2978/2978/2978 2979/2979/2979
f 2998/2998/2998 3000/3000/3000 2999/2999/2999
f 3002/3002/3002 2209/2209/2209 3003/3003/3003
f 3002/3002/3002 2996/2996/2996 2994/2994/2994
f 2993/2993/2993 3002/3002/3002 2994/2994/2994
f 3001/3001/3001 2998/2998/2998 3002/3002/3002
f 1103/1103/1103 2995/2995/2995 3004/3004/3004
f 3004/3004/3004 2996/2996/2996 3003/3003/3003
f 2209/2209/2209 3004/3004/3004 3003/3003/3003
f 588/588/588 3004/3004/3004 2210/2210/2210
f 295/295/295 433/433/433 381/381/381
f 2638/2638/2638 2988/2988/2988 3005/3005/3005
f 3005/3005/3005 1056/1056/1056 1930/1930/1930
f 1305/1305/1305 1930/1930/1930 1306/1306/1306
f 1276/1276/1276 3005/3005/3005 1305/1305/1305
f 1987/1987/1987 1993/1993/1993 1989/1989/1989
f 2633/2633/2633 1761/1761/1761 2645/2645/2645
f 1423/1423/1423 1417/1417/1417 1419/1419/1419
f 3561/3561/3561 739/739/739 703/703/703
f 2671/2671/2671 2704/2704/2704 2705/2705/2705
f 1473/1473/1473 2035/2035/2035 1472/1472/1472
f 922/922/922 2694/2694/2694 895/895/895
f 1401/1401/1401 1378/1378/1378 1384/1384/1384
f 556/556/556 1884/1884/1884 1037/1037/1037
f 842/842/842 3825/3825/3825 3836/3836/3836
f 1854/1854/1854 2617/2617/2617 1010/1010/1010
f 933/933/933 1081/1081/1081 1075/1075/1075
f 1440/1440/1440 1436/1436/1436 1437/1437/1437
f 529/529/529 719/719/719 530/530/530
f 1031/1031/1031 1027/1027/1027 1028/1028/1028
f 777/777/777 912/912/912 1871/1871/1871
f 2645/2645/2645 1204/1204/1204 2633/2633/2633
f 441/441/441 1538/1538/1538 1537/1537/1537
f 790/790/790 587/587/587 586/586/586
f 2065/2065/2065 1610/1610/1610 1607/1607/1607
f 1860/1860/1860 990/990/990 902/902/902
f 60/60/60 87/87/87 59/59/59
f 1424/1424/1424 1948/1948/1948 1947/1947/1947
f 332/332/332 1507/1507/1507 331/331/331
f 261/261/261 138/138/138 135/135/135
f 187/187/187 449/449/449 507/507/507
f 1719/1719/1719 1726/1726/1726 1725/1725/1725
f 1931/1931/1931 1059/1059/1059 3006/3006/3006
f 3006/3006/3006 1105/1105/1105 1104/1104/1104
f 1287/1287/1287 1104/1104/1104 587/587/587
f 1286/1286/1286 3006/3006/3006 1287/1287/1287
f 3007/3007/3007 3009/3009/3009 3010/3010/3010
f 3009/3009/3009 653/653/653 795/795/795
f 618/618/618 26/26/26 25/25/25
f 2029/2029/2029 1210/1210/1210 1209/1209/1209
f 957/957/957 600/600/600 2228/2228/2228
f 1049/1049/1049 2228/2228/2228 600/600/600
f 2631/2631/2631 3011/3011/3011 2561/2561/2561
f 890/890/890 2227/2227/2227 3011/3011/3011
f 3011/3011/3011 2145/2145/2145 3012/3012/3012
f 2561/2561/2561 3012/3012/3012 2375/2375/2375
f 1026/1026/1026 609/609/609 608/608/608
f 2706/2706/2706 1961/1961/1961 1964/1964/1964
f 3013/3013/3013 2485/2485/2485 3014/3014/3014
f 2148/2148/2148 1267/1267/1267 3015/3015/3015
f 3015/3015/3015 1266/1266/1266 1311/1311/1311
f 2997/2997/2997 1101/1101/1101 1317/1317/1317
f 642/642/642 1773/1773/1773 1193/1193/1193
f 186/186/186 461/461/461 511/511/511
f 1041/1041/1041 1320/1320/1320 901/901/901
f 1121/1121/1121 3017/3017/3017 1122/1122/1122
f 2984/2984/2984 2987/2987/2987 3018/3018/3018
f 3018/3018/3018 2634/2634/2634 2619/2619/2619
f 1048/1048/1048 3018/3018/3018 2619/2619/2619
f 603/603/603 2984/2984/2984 3018/3018/3018
f 2679/2679/2679 801/801/801 802/802/802
f 2062/2062/2062 2074/2074/2074 2061/2061/2061
f 2061/2061/2061 2076/2076/2076 2064/2064/2064
f 414/414/414 1545/1545/1545 1965/1965/1965
f 3016/3016/3016 2683/2683/2683 3019/3019/3019
f 3019/3019/3019 2704/2704/2704 2670/2670/2670
f 3020/3020/3020 2670/2670/2670 720/720/720
f 3007/3007/3007 3019/3019/3019 3020/3020/3020
f 1871/1871/1871 1091/1091/1091 777/777/777
f 3021/3021/3021 1122/1122/1122 3017/3017/3017
f 3022/3022/3022 3017/3017/3017 3010/3010/3010
f 1314/1314/1314 3022/3022/3022 1315/1315/1315
f 1784/1784/1784 3021/3021/3021 1314/1314/1314
f 1316/1316/1316 1763/1763/1763 611/611/611
f 3023/3023/3023 3010/3010/3010 3009/3009/3009
f 3023/3023/3023 795/795/795 1092/1092/1092
f 1763/1763/1763 1092/1092/1092 1125/1125/1125
f 1315/1315/1315 3023/3023/3023 1763/1763/1763
f 3016/3016/3016 3010/3010/3010 3017/3017/3017
f 752/752/752 2978/2978/2978 1057/1057/1057
f 2986/2986/2986 2637/2637/2637 2987/2987/2987
f 3024/3024/3024 653/653/653 3008/3008/3008
f 3020/3020/3020 3008/3008/3008 3007/3007/3007
f 720/720/720 3024/3024/3024 3020/3020/3020
f 723/723/723 654/654/654 3024/3024/3024
f 2681/2681/2681 1268/1268/1268 3025/3025/3025
f 2671/2671/2671 1268/1268/1268 721/721/721
f 2705/2705/2705 3025/3025/3025 2671/2671/2671
f 1313/1313/1313 3027/3027/3027 1311/1311/1311
f 3026/3026/3026 3029/3029/3029 3027/3027/3027
f 3027/3027/3027 3030/3030/3030 3031/3031/3031
f 1311/1311/1311 3031/3031/3031 3015/3015/3015
f 2012/2012/2012 731/731/731 2023/2023/2023
f 917/917/917 974/974/974 977/977/977
f 743/743/743 856/856/856 744/744/744
f 1888/1888/1888 2030/2030/2030 1425/1425/1425
f 2682/2682/2682 2684/2684/2684 3032/3032/3032
f 3032/3032/3032 1124/1124/1124 2989/2989/2989
f 1100/1100/1100 2989/2989/2989 1318/1318/1318
f 1099/1099/1099 3032/3032/3032 1100/1100/1100
f 1123/1123/1123 2989/2989/2989 1124/1124/1124
f 3033/3033/3033 1159/1159/1159 1158/1158/1158
f 2990/2990/2990 1158/1158/1158 1319/1319/1319
f 1123/1123/1123 3033/3033/3033 2990/2990/2990
f 1786/1786/1786 1834/1834/1834 3033/3033/3033
f 1054/1054/1054 2988/2988/2988 2985/2985/2985
f 2979/2979/2979 664/664/664 2999/2999/2999
f 2623/2623/2623 2663/2663/2663 2643/2643/2643
f 1095/1095/1095 688/688/688 687/687/687
f 3034/3034/3034 2261/2261/2261 2956/2956/2956
f 3036/3036/3036 2956/2956/2956 2957/2957/2957
f 3037/3037/3037 3034/3034/3034 3036/3036/3036
f 3038/3038/3038 3035/3035/3035 3034/3034/3034
f 3040/3040/3040 3026/3026/3026 1313/1313/1313
f 2263/2263/2263 3041/3041/3041 3040/3040/3040
f 3042/3042/3042 3043/3043/3043 3041/3041/3041
f 3041/3041/3041 3028/3028/3028 3026/3026/3026
f 3044/3044/3044 3043/3043/3043 3039/3039/3039
f 3046/3046/3046 3045/3045/3045 3044/3044/3044
f 3047/3047/3047 3049/3049/3049 3045/3045/3045
f 3043/3043/3043 3049/3049/3049 3028/3028/3028
f 3038/3038/3038 3051/3051/3051 3050/3050/3050
f 3050/3050/3050 3053/3053/3053 3052/3052/3052
f 3052/3052/3052 3044/3044/3044 3050/3050/3050
f 3039/3039/3039 3050/3050/3050 3044/3044/3044
f 3054/3054/3054 3039/3039/3039 3042/3042/3042
f 3042/3042/3042 2262/2262/2262 3054/3054/3054
f 2261/2261/2261 3054/3054/3054 2262/2262/2262
f 2216/2216/2216 2997/2997/2997 2217/2217/2217
f 2212/2212/2212 2667/2667/2667 1936/1936/1936
f 3056/3056/3056 2209/2209/2209 3055/3055/3055
f 934/934/934 1961/1961/1961 1854/1854/1854
f 2013/2013/2013 3757/3757/3757 567/567/567
f 3058/3058/3058 3060/3060/3060 3061/3061/3061
f 3059/3059/3059 3063/3063/3063 3060/3060/3060
f 3060/3060/3060 2213/2213/2213 1963/1963/1963
f 3061/3061/3061 1963/1963/1963 1962/1962/1962
f 3063/3063/3063 2214/2214/2214 2213/2213/2213
f 3062/3062/3062 3064/3064/3064 3063/3063/3063
f 3065/3065/3065 2260/2260/2260 3064/3064/3064
f 3064/3064/3064 2215/2215/2215 2214/2214/2214
f 3066/3066/3066 3031/3031/3031 3030/3030/3030
f 2608/2608/2608 3067/3067/3067 3066/3066/3066
f 2966/2966/2966 3068/3068/3068 3067/3067/3067
f 3031/3031/3031 3068/3068/3068 3015/3015/3015
f 2455/2455/2455 2461/2461/2461 2474/2474/2474
f 2476/2476/2476 2226/2226/2226 2477/2477/2477
f 3551/3551/3551 2089/2089/2089 3525/3525/3525
f 3526/3526/3526 3769/3769/3769 3786/3786/3786
f 433/433/433 355/355/355 381/381/381
f 2115/2115/2115 1419/1419/1419 2123/2123/2123
f 3509/3509/3509 2922/2922/2922 3527/3527/3527
f 3769/3769/3769 2131/2131/2131 2134/2134/2134
f 3069/3069/3069 2167/2167/2167 2166/2166/2166
f 2971/2971/2971 2928/2928/2928 2960/2960/2960
f 2961/2961/2961 2773/2773/2773 2962/2962/2962
f 3070/3070/3070 2478/2478/2478 2483/2483/2483
f 2610/2610/2610 3071/3071/3071 2954/2954/2954
f 2502/2502/2502 2374/2374/2374 2386/2386/2386
f 3072/3072/3072 2595/2595/2595 3073/3073/3073
f 2964/2964/2964 3052/3052/3052 2967/2967/2967
f 3048/3048/3048 3074/3074/3074 3049/3049/3049
f 2593/2593/2593 3075/3075/3075 3074/3074/3074
f 3075/3075/3075 3029/3029/3029 3074/3074/3074
f 3074/3074/3074 3028/3028/3028 3049/3049/3049
f 3072/3072/3072 3075/3075/3075 2592/2592/2592
f 3076/3076/3076 2482/2482/2482 2481/2481/2481
f 2481/2481/2481 3066/3066/3066 3076/3076/3076
f 3076/3076/3076 3030/3030/3030 3075/3075/3075
f 2967/2967/2967 3053/3053/3053 2970/2970/2970
f 2482/2482/2482 3073/3073/3073 2483/2483/2483
f 479/479/479 493/493/493 494/494/494
f 706/706/706 3873/3873/3873 709/709/709
f 3561/3561/3561 2221/2221/2221 3517/3517/3517
f 2013/2013/2013 3754/3754/3754 3755/3755/3755
f 3533/3533/3533 2016/2016/2016 3529/3529/3529
f 3562/3562/3562 2222/2222/2222 2974/2974/2974
f 1171/1171/1171 1155/1155/1155 1176/1176/1176
f 2586/2586/2586 2565/2565/2565 2587/2587/2587
f 2982/2982/2982 113/113/113 2484/2484/2484
f 2562/2562/2562 3077/3077/3077 3068/3068/3068
f 2376/2376/2376 3012/3012/3012 3077/3077/3077
f 3012/3012/3012 2148/2148/2148 3077/3077/3077
f 3077/3077/3077 3015/3015/3015 3068/3068/3068
f 2963/2963/2963 3046/3046/3046 2964/2964/2964
f 3051/3051/3051 2970/2970/2970 3053/3053/3053
f 1683/1683/1683 491/491/491 775/775/775
f 3850/3850/3850 1447/1447/1447 3860/3860/3860
f 1986/1986/1986 3734/3734/3734 3768/3768/3768
f 3079/3079/3079 2546/2546/2546 2575/2575/2575
f 3081/3081/3081 2575/2575/2575 2576/2576/2576
f 1983/1983/1983 3768/3768/3768 3765/3765/3765
f 3082/3082/3082 2319/2319/2319 2545/2545/2545
f 3080/3080/3080 2545/2545/2545 2546/2546/2546
f 3734/3734/3734 3082/3082/3082 3080/3080/3080
f 3732/3732/3732 2323/2323/2323 3082/3082/3082
f 1309/1309/1309 1888/1888/1888 748/748/748
f 3073/3073/3073 2772/2772/2772 2771/2771/2771
f 2760/2760/2760 3084/3084/3084 2762/2762/2762
f 2760/2760/2760 2088/2088/2088 3083/3083/3083
f 3085/3085/3085 3086/3086/3086 3087/3087/3087
f 3089/3089/3089 3090/3090/3090 3088/3088/3088
f 3089/3089/3089 3084/3084/3084 3085/3085/3085
f 3092/3092/3092 3090/3090/3090 3091/3091/3091
f 3093/3093/3093 2744/2744/2744 2743/2743/2743
f 2751/2751/2751 2748/2748/2748 3093/3093/3093
f 3093/3093/3093 2752/2752/2752 2751/2751/2751
f 2742/2742/2742 3093/3093/3093 3094/3094/3094
f 3094/3094/3094 2743/2743/2743 3095/3095/3095
f 3096/3096/3096 3098/3098/3098 3087/3087/3087
f 3099/3099/3099 3087/3087/3087 3086/3086/3086
f 3097/3097/3097 3095/3095/3095 3098/3098/3098
f 3100/3100/3100 2746/2746/2746 3101/3101/3101
f 3101/3101/3101 3102/3102/3102 3100/3100/3100
f 2764/2764/2764 2927/2927/2927 3101/3101/3101
f 2745/2745/2745 3101/3101/3101 2746/2746/2746
f 3102/3102/3102 3091/3091/3091 3100/3100/3100
f 3100/3100/3100 3095/3095/3095 2743/2743/2743
f 2869/2869/2869 3592/3592/3592 3634/3634/3634
f 3102/3102/3102 3104/3104/3104 3092/3092/3092
f 3658/3658/3658 2869/2869/2869 3634/3634/3634
f 2927/2927/2927 3103/3103/3103 3102/3102/3102
f 3098/3098/3098 3091/3091/3091 3090/3090/3090
f 3087/3087/3087 3090/3090/3090 3085/3085/3085
f 2088/2088/2088 3105/3105/3105 3083/3083/3083
f 3083/3083/3083 3086/3086/3086 3084/3084/3084
f 2483/2483/2483 2771/2771/2771 3070/3070/3070
f 2401/2401/2401 2185/2185/2185 2321/2321/2321
f 3099/3099/3099 3105/3105/3105 3106/3106/3106
f 2125/2125/2125 3106/3106/3106 3105/3105/3105
f 3108/3108/3108 2742/2742/2742 3107/3107/3107
f 3107/3107/3107 3094/3094/3094 3097/3097/3097
f 3110/3110/3110 3107/3107/3107 3109/3109/3109
f 3109/3109/3109 3097/3097/3097 3096/3096/3096
f 3111/3111/3111 3096/3096/3096 3099/3099/3099
f 3112/3112/3112 3109/3109/3109 3111/3111/3111
f 3113/3113/3113 2737/2737/2737 3108/3108/3108
f 3115/3115/3115 2722/2722/2722 3114/3114/3114
f 3117/3117/3117 3114/3114/3114 3116/3116/3116
f 3119/3119/3119 3116/3116/3116 3118/3118/3118
f 3118/3118/3118 3120/3120/3120 3121/3121/3121
f 3116/3116/3116 3113/3113/3113 3120/3120/3120
f 3122/3122/3122 3111/3111/3111 3123/3123/3123
f 3122/3122/3122 1755/1755/1755 1754/1754/1754
f 3124/3124/3124 3126/3126/3126 3127/3127/3127
f 3125/3125/3125 3121/3121/3121 3126/3126/3126
f 3128/3128/3128 3118/3118/3118 3125/3125/3125
f 3129/3129/3129 3125/3125/3125 3124/3124/3124
f 2020/2020/2020 3128/3128/3128 3129/3129/3129
f 3853/3853/3853 1346/1346/1346 1352/1352/1352
f 1065/1065/1065 1047/1047/1047 1066/1066/1066
f 1814/1814/1814 3830/3830/3830 1649/1649/1649
f 2021/2021/2021 3129/3129/3129 3130/3130/3130
f 3111/3111/3111 3106/3106/3106 3123/3123/3123
f 3123/3123/3123 2207/2207/2207 1755/1755/1755
f 2377/2377/2377 2224/2224/2224 2973/2973/2973
f 3014/3014/3014 113/113/113 112/112/112
f 1756/1756/1756 3782/3782/3782 3767/3767/3767
f 3131/3131/3131 2530/2530/2530 2528/2528/2528
f 3133/3133/3133 2528/2528/2528 2529/2529/2529
f 1753/1753/1753 3767/3767/3767 3775/3775/3775
f 3134/3134/3134 3127/3127/3127 3135/3135/3135
f 2327/2327/2327 2314/2314/2314 2313/2313/2313
f 2436/2436/2436 2317/2317/2317 2349/2349/2349
f 2018/2018/2018 3711/3711/3711 3712/3712/3712
f 2534/2534/2534 3137/3137/3137 2535/2535/2535
f 2320/2320/2320 3136/3136/3136 2534/2534/2534
f 2185/2185/2185 3712/3712/3712 3771/3771/3771
f 3138/3138/3138 2542/2542/2542 2539/2539/2539
f 3134/3134/3134 3744/3744/3744 3745/3745/3745
f 3785/3785/3785 3134/3134/3134 3745/3745/3745
f 3140/3140/3140 2539/2539/2539 2538/2538/2538
f 2535/2535/2535 3140/3140/3140 2538/2538/2538
f 3711/3711/3711 3130/3130/3130 3785/3785/3785
f 2558/2558/2558 3132/3132/3132 3141/3141/3141
f 3782/3782/3782 3141/3141/3141 3132/3132/3132
f 2560/2560/2560 3141/3141/3141 3142/3142/3142
f 3760/3760/3760 3142/3142/3142 3141/3141/3141
f 958/958/958 2976/2976/2976 2981/2981/2981
f 1933/1933/1933 2980/2980/2980 3143/3143/3143
f 2399/2399/2399 2418/2418/2418 2416/2416/2416
f 2348/2348/2348 2343/2343/2343 2432/2432/2432
f 2322/2322/2322 2319/2319/2319 2323/2323/2323
f 2718/2718/2718 2874/2874/2874 2730/2730/2730
f 2709/2709/2709 2873/2873/2873 2710/2710/2710
f 2894/2894/2894 1361/1361/1361 1942/1942/1942
f 346/346/346 176/176/176 347/347/347
f 1876/1876/1876 1882/1882/1882 1881/1881/1881
f 2802/2802/2802 3607/3607/3607 3592/3592/3592
f 3104/3104/3104 3088/3088/3088 3092/3092/3092
f 2974/2974/2974 3649/3649/3649 3603/3603/3603
f 3089/3089/3089 2761/2761/2761 2762/2762/2762
f 3088/3088/3088 3145/3145/3145 3089/3089/3089
f 2803/2803/2803 3603/3603/3603 3607/3607/3607
f 3870/3870/3870 692/692/692 628/628/628
f 2123/2123/2123 1418/1418/1418 2126/2126/2126
f 1365/1365/1365 1368/1368/1368 1367/1367/1367
f 1581/1581/1581 1782/1782/1782 1783/1783/1783
f 3569/3569/3569 2129/2129/2129 3520/3520/3520
f 3555/3555/3555 2002/2002/2002 3521/3521/3521
f 3146/3146/3146 2551/2551/2551 3147/3147/3147
f 3751/3751/3751 3147/3147/3147 3750/3750/3750
f 3742/3742/3742 3146/3146/3146 3751/3751/3751
f 3149/3149/3149 2585/2585/2585 3146/3146/3146
f 3196/3196/3196 3197/3197/3197 3195/3195/3195
f 3604/3604/3604 2191/2191/2191 3623/3623/3623
f 3142/3142/3142 2556/2556/2556 2560/2560/2560
f 3777/3777/3777 3150/3150/3150 3142/3142/3142
f 3646/3646/3646 2550/2550/2550 3593/3593/3593
f 3150/3150/3150 2555/2555/2555 2556/2556/2556
f 3778/3778/3778 3151/3151/3151 3150/3150/3150
f 3788/3788/3788 3152/3152/3152 3646/3646/3646
f 3153/3153/3153 2551/2551/2551 2549/2549/2549
f 3152/3152/3152 2549/2549/2549 2550/2550/2550
f 3781/3781/3781 3153/3153/3153 3152/3152/3152
f 3776/3776/3776 3147/3147/3147 3153/3153/3153
f 3148/3148/3148 2206/2206/2206 2205/2205/2205
f 2183/2183/2183 2321/2321/2321 2184/2184/2184
f 2132/2132/2132 2928/2928/2928 2133/2133/2133
f 3684/3684/3684 2204/2204/2204 2203/2203/2203
f 3719/3719/3719 2197/2197/2197 3721/3721/3721
f 2594/2594/2594 2773/2773/2773 2951/2951/2951
f 2595/2595/2595 2951/2951/2951 2772/2772/2772
f 1870/1870/1870 799/799/799 1869/1869/1869
f 3713/3713/3713 2178/2178/2178 3706/3706/3706
f 3706/3706/3706 3736/3736/3736 3790/3790/3790
f 336/336/336 3774/3774/3774 3722/3722/3722
f 339/339/339 3154/3154/3154 336/336/336
f 3789/3789/3789 3149/3149/3149 3742/3742/3742
f 3683/3683/3683 2584/2584/2584 3149/3149/3149
f 2963/2963/2963 3048/3048/3048 3047/3047/3047
f 3722/3722/3722 337/337/337 336/336/336
f 339/339/339 2566/2566/2566 2586/2586/2586
f 3156/3156/3156 2168/2168/2168 2167/2167/2167
f 2610/2610/2610 2167/2167/2167 2611/2611/2611
f 2954/2954/2954 3156/3156/3156 2610/2610/2610
f 3157/3157/3157 2953/2953/2953 2257/2257/2257
f 3707/3707/3707 2169/2169/2169 3709/3709/3709
f 2567/2567/2567 3159/3159/3159 2568/2568/2568
f 337/337/337 2567/2567/2567 338/338/338
f 3730/3730/3730 2166/2166/2166 3707/3707/3707
f 3764/3764/3764 1983/1983/1983 3765/3765/3765
f 2579/2579/2579 3081/3081/3081 2576/2576/2576
f 2568/2568/2568 3160/3160/3160 2579/2579/2579
f 3709/3709/3709 2190/2190/2190 3764/3764/3764
f 3065/3065/3065 3162/3162/3162 3161/3161/3161
f 3161/3161/3161 1984/1984/1984 2189/2189/2189
f 3157/3157/3157 2189/2189/2189 2168/2168/2168
f 2257/2257/2257 3161/3161/3161 3157/3157/3157
f 734/734/734 1922/1922/1922 806/806/806
f 3059/3059/3059 2708/2708/2708 3163/3163/3163
f 3163/3163/3163 2182/2182/2182 1985/1985/1985
f 3162/3162/3162 1985/1985/1985 1984/1984/1984
f 3062/3062/3062 3163/3163/3163 3162/3162/3162
f 3203/3203/3203 3205/3205/3205 3204/3204/3204
f 2122/2122/2122 1448/1448/1448 1447/1447/1447
f 3817/3817/3817 1685/1685/1685 3812/3812/3812
f 139/139/139 444/444/444 69/69/69
f 1570/1570/1570 566/566/566 533/533/533
f 2957/2957/2957 3165/3165/3165 3036/3036/3036
f 2955/2955/2955 3164/3164/3164 2957/2957/2957
f 1912/1912/1912 341/341/341 1973/1973/1973
f 3130/3130/3130 3124/3124/3124 3134/3134/3134
f 1548/1548/1548 319/319/319 1547/1547/1547
f 1949/1949/1949 1327/1327/1327 1887/1887/1887
f 2969/2969/2969 3078/3078/3078 3167/3167/3167
f 3167/3167/3167 3169/3169/3169 3168/3168/3168
f 3724/3724/3724 2017/2017/2017 3720/3720/3720
f 3720/3720/3720 2033/2033/2033 3759/3759/3759
f 3168/3168/3168 3165/3165/3165 3170/3170/3170
f 3170/3170/3170 3164/3164/3164 3171/3171/3171
f 3779/3779/3779 3171/3171/3171 3756/3756/3756
f 3724/3724/3724 3170/3170/3170 3779/3779/3779
f 3171/3171/3171 3166/3166/3166 3172/3172/3172
f 3172/3172/3172 3071/3071/3071 3173/3173/3173
f 3752/3752/3752 3173/3173/3173 3749/3749/3749
f 3756/3756/3756 3172/3172/3172 3752/3752/3752
f 3169/3169/3169 3036/3036/3036 3165/3165/3165
f 2593/2593/2593 2962/2962/2962 2594/2594/2594
f 3173/3173/3173 2609/2609/2609 3174/3174/3174
f 3174/3174/3174 2199/2199/2199 2198/2198/2198
f 3783/3783/3783 2198/2198/2198 3719/3719/3719
f 3749/3749/3749 3174/3174/3174 3783/3783/3783
f 2190/2190/2190 1984/1984/1984 1983/1983/1983
f 2196/2196/2196 2767/2767/2767 3148/3148/3148
f 2119/2119/2119 1414/1414/1414 1448/1448/1448
f 1464/1464/1464 1466/1466/1466 1465/1465/1465
f 2199/2199/2199 3069/3069/3069 2200/2200/2200
f 2457/2457/2457 2587/2587/2587 2565/2565/2565
f 2226/2226/2226 2562/2562/2562 2966/2966/2966
f 481/481/481 1627/1627/1627 1639/1639/1639
f 333/333/333 235/235/235 236/236/236
f 3078/3078/3078 3037/3037/3037 3169/3169/3169
f 3040/3040/3040 2997/2997/2997 2263/2263/2263
f 2219/2219/2219 1933/1933/1933 2220/2220/2220
f 2385/2385/2385 2497/2497/2497 2503/2503/2503
f 221/221/221 3175/3175/3175 2484/2484/2484
f 2220/2220/2220 3143/3143/3143 3175/3175/3175
f 3175/3175/3175 2976/2976/2976 2975/2975/2975
f 2484/2484/2484 2975/2975/2975 2982/2982/2982
f 2954/2954/2954 3166/3166/3166 2955/2955/2955
f 2630/2630/2630 110/110/110 2982/2982/2982
f 1547/1547/1547 1952/1952/1952 1955/1955/1955
f 2091/2091/2091 2188/2188/2188 2187/2187/2187
f 3733/3733/3733 2178/2178/2178 2177/2177/2177
f 1918/1918/1918 1927/1927/1927 1926/1926/1926
f 3563/3563/3563 111/111/111 3511/3511/3511
f 955/955/955 960/960/960 954/954/954
f 2037/2037/2037 112/112/112 3563/3563/3563
f 3143/3143/3143 2981/2981/2981 2976/2976/2976
f 2218/2218/2218 2214/2214/2214 2215/2215/2215
f 672/672/672 3787/3787/3787 3541/3541/3541
f 2152/2152/2152 3014/3014/3014 2037/2037/2037
f 1147/1147/1147 1143/1143/1143 1145/1145/1145
f 2248/2248/2248 1409/1409/1409 2245/2245/2245
f 1615/1615/1615 1635/1635/1635 1616/1616/1616
f 1410/1410/1410 2246/2246/2246 2247/2247/2247
f 3241/3241/3241 3242/3242/3242 3240/3240/3240
f 3177/3177/3177 1383/1383/1383 1382/1382/1382
f 2238/2238/2238 3176/3176/3176 1382/1382/1382
f 3176/3176/3176 2230/2230/2230 3178/3178/3178
f 1410/1410/1410 3179/3179/3179 1407/1407/1407
f 3179/3179/3179 2243/2243/2243 1407/1407/1407
f 1633/1633/1633 2800/2800/2800 2249/2249/2249
f 1621/1621/1621 2758/2758/2758 2912/2912/2912
f 1622/1622/1622 2245/2245/2245 1634/1634/1634
f 2236/2236/2236 3181/3181/3181 3182/3182/3182
f 2237/2237/2237 3182/3182/3182 3183/3183/3183
f 2250/2250/2250 2233/2233/2233 2229/2229/2229
f 2912/2912/2912 1628/1628/1628 1621/1621/1621
f 135/135/135 1564/1564/1564 1563/1563/1563
f 1567/1567/1567 512/512/512 1565/1565/1565
f 1085/1085/1085 2653/2653/2653 2685/2685/2685
f 3184/3184/3184 868/868/868 3056/3056/3056
f 869/869/869 3057/3057/3057 934/934/934
f 1266/1266/1266 1098/1098/1098 1312/1312/1312
f 1267/1267/1267 722/722/722 721/721/721
f 937/937/937 2646/2646/2646 936/936/936
f 2146/2146/2146 722/722/722 2147/2147/2147
f 2211/2211/2211 921/921/921 2667/2667/2667
f 1957/1957/1957 507/507/507 449/449/449
f 1313/1313/1313 2264/2264/2264 3040/3040/3040
f 1496/1496/1496 1493/1493/1493 1492/1492/1492
f 2681/2681/2681 2705/2705/2705 2682/2682/2682
f 2887/2887/2887 2933/2933/2933 2932/2932/2932
f 1687/1687/1687 1659/1659/1659 1694/1694/1694
f 145/145/145 1498/1498/1498 81/81/81
f 1317/1317/1317 1319/1319/1319 2694/2694/2694
f 37/37/37 418/418/418 71/71/71
f 1935/1935/1935 3185/3185/3185 2977/2977/2977
f 104/104/104 301/301/301 103/103/103
f 2101/2101/2101 2083/2083/2083 2084/2084/2084
f 543/543/543 360/360/360 207/207/207
f 1934/1934/1934 3186/3186/3186 3185/3185/3185
f 234/234/234 212/212/212 237/237/237
f 3845/3845/3845 1822/1822/1822 1824/1824/1824
f 1976/1976/1976 1874/1874/1874 1974/1974/1974
f 223/223/223 2219/2219/2219 220/220/220
f 3655/3655/3655 3605/3605/3605 3612/3612/3612
f 468/468/468 773/773/773 2165/2165/2165
f 1935/1935/1935 1728/1728/1728 1932/1932/1932
f 3240/3240/3240 3226/3226/3226 3235/3235/3235
f 3261/3261/3261 3250/3250/3250 3260/3260/3260
f 3215/3215/3215 3244/3244/3244 3264/3264/3264
f 3265/3265/3265 3215/3215/3215 3264/3264/3264
f 3267/3267/3267 3198/3198/3198 3196/3196/3196
f 3205/3205/3205 3269/3269/3269 3255/3255/3255
f 3214/3214/3214 3265/3265/3265 3270/3270/3270
f 3271/3271/3271 3214/3214/3214 3192/3192/3192
f 3251/3251/3251 3239/3239/3239 3236/3236/3236
f 3222/3222/3222 3266/3266/3266 3272/3272/3272
f 3232/3232/3232 3234/3234/3234 3233/3233/3233
f 3216/3216/3216 3243/3243/3243 3244/3244/3244
f 3196/3196/3196 3268/3268/3268 3267/3267/3267
f 3244/3244/3244 3254/3254/3254 3255/3255/3255
f 3238/3238/3238 3247/3247/3247 3246/3246/3246
f 3264/3264/3264 3255/3255/3255 3269/3269/3269
f 3253/3253/3253 3216/3216/3216 3217/3217/3217
f 3211/3211/3211 3221/3221/3221 3265/3265/3265
f 3257/3257/3257 3218/3218/3218 3256/3256/3256
f 3258/3258/3258 3272/3272/3272 3259/3259/3259
f 3274/3274/3274 3280/3280/3280 3273/3273/3273
f 3228/3228/3228 3262/3262/3262 3263/3263/3263
f 3275/3275/3275 3281/3281/3281 3280/3280/3280
f 3226/3226/3226 3273/3273/3273 3280/3280/3280
f 3236/3236/3236 3260/3260/3260 3251/3251/3251
f 3281/3281/3281 3236/3236/3236 3237/3237/3237
f 3287/3287/3287 3192/3192/3192 3189/3189/3189
f 3235/3235/3235 3280/3280/3280 3234/3234/3234
f 3234/3234/3234 3281/3281/3281 3237/3237/3237
f 3288/3288/3288 3259/3259/3259 3272/3272/3272
f 3260/3260/3260 3276/3276/3276 3251/3251/3251
f 3289/3289/3289 3278/3278/3278 3284/3284/3284
f 3210/3210/3210 3224/3224/3224 3283/3283/3283
f 3199/3199/3199 3201/3201/3201 3200/3200/3200
f 3228/3228/3228 3230/3230/3230 3229/3229/3229
f 3290/3290/3290 3285/3285/3285 3286/3286/3286
f 3282/3282/3282 3271/3271/3271 3287/3287/3287
f 3260/3260/3260 3262/3262/3262 3261/3261/3261
f 3243/3243/3243 3268/3268/3268 3254/3254/3254
f 3267/3267/3267 3241/3241/3241 3232/3232/3232
f 3194/3194/3194 3208/3208/3208 3193/3193/3193
f 3191/3191/3191 3269/3269/3269 3206/3206/3206
f 3270/3270/3270 3192/3192/3192 3214/3214/3214
f 3275/3275/3275 3230/3230/3230 3231/3231/3231
f 3264/3264/3264 3270/3270/3270 3265/3265/3265
f 3252/3252/3252 3276/3276/3276 3291/3291/3291
f 3248/3248/3248 3291/3291/3291 3223/3223/3223
f 3213/3213/3213 3279/3279/3279 3277/3277/3277
f 3272/3272/3272 3289/3289/3289 3288/3288/3288
f 3277/3277/3277 3212/3212/3212 3213/3213/3213
f 3228/3228/3228 3281/3281/3281 3231/3231/3231
f 3220/3220/3220 3253/3253/3253 3219/3219/3219
f 3219/3219/3219 3217/3217/3217 3257/3257/3257
f 3256/3256/3256 3222/3222/3222 3258/3258/3258
f 3247/3247/3247 3252/3252/3252 3248/3248/3248
f 3245/3245/3245 3232/3232/3232 3233/3233/3233
f 3266/3266/3266 3212/3212/3212 3289/3289/3289
f 3208/3208/3208 3255/3255/3255 3254/3254/3254
f 3288/3288/3288 3284/3284/3284 3285/3285/3285
f 3204/3204/3204 3208/3208/3208 3207/3207/3207
f 560/560/560 3187/3187/3187 559/559/559
f 3209/3209/3209 3201/3201/3201 3202/3202/3202
f 3189/3189/3189 3191/3191/3191 3190/3190/3190
f 448/448/448 807/807/807 447/447/447
f 647/647/647 122/122/122 270/270/270
f 1833/1833/1833 1780/1780/1780 1832/1832/1832
f 510/510/510 508/508/508 507/507/507
f 3210/3210/3210 1887/1887/1887 3201/3201/3201
f 1887/1887/1887 3200/3200/3200 3201/3201/3201
f 15/15/15 3197/3197/3197 3200/3200/3200
f 16/16/16 3195/3195/3195 3197/3197/3197
f 3195/3195/3195 3187/3187/3187 3194/3194/3194
f 3194/3194/3194 1899/1899/1899 3207/3207/3207
f 3207/3207/3207 375/375/375 3204/3204/3204
f 387/387/387 126/126/126 127/127/127
f 3189/3189/3189 1760/1760/1760 3287/3287/3287
f 3577/3577/3577 757/757/757 758/758/758
f 763/763/763 2172/2172/2172 2175/2175/2175
f 3583/3583/3583 3580/3580/3580 3581/3581/3581
f 3581/3581/3581 3579/3579/3579 3578/3578/3578
f 3594/3594/3594 3596/3596/3596 3595/3595/3595
f 3400/3400/3400 3602/3602/3602 3401/3401/3401
f 3626/3626/3626 3625/3625/3625 3627/3627/3627
f 3631/3631/3631 3599/3599/3599 3601/3601/3601
f 3636/3636/3636 3595/3595/3595 3596/3596/3596
f 3647/3647/3647 3588/3588/3588 3645/3645/3645
f 3650/3650/3650 3584/3584/3584 3647/3647/3647
f 3653/3653/3653 3580/3580/3580 3651/3651/3651
f 3653/3653/3653 3654/3654/3654 3579/3579/3579
f 1801/1801/1801 3656/3656/3656 3655/3655/3655
f 3651/3651/3651 3582/3582/3582 3650/3650/3650
f 3644/3644/3644 3595/3595/3595 3637/3637/3637
f 1767/1767/1767 3659/3659/3659 3660/3660/3660
f 1597/1597/1597 3661/3661/3661 1600/1600/1600
f 1708/1708/1708 3665/3665/3665 3664/3664/3664
f 3671/3671/3671 3667/3667/3667 3666/3666/3666
f 3666/3666/3666 3673/3673/3673 3672/3672/3672
f 1588/1588/1588 3664/3664/3664 1587/1587/1587
f 2080/2080/2080 3666/3666/3666 2082/2082/2082
f 2082/2082/2082 3672/3672/3672 2084/2084/2084
f 3674/3674/3674 3635/3635/3635 3631/3631/3631
f 3677/3677/3677 3636/3636/3636 3635/3635/3635
f 3682/3682/3682 3645/3645/3645 3681/3681/3681
f 3692/3692/3692 3650/3650/3650 3686/3686/3686
f 3681/3681/3681 3644/3644/3644 3680/3680/3680
f 786/786/786 3692/3692/3692 785/785/785
f 3694/3694/3694 3651/3651/3651 3692/3692/3692
f 785/785/785 3686/3686/3686 497/497/497
f 497/497/497 3682/3682/3682 650/650/650
f 650/650/650 3681/3681/3681 564/564/564
f 3696/3696/3696 3681/3681/3681 3680/3680/3680
f 3405/3405/3405 3605/3605/3605 3402/3402/3402
f 3702/3702/3702 3678/3678/3678 3677/3677/3677
f 3699/3699/3699 3679/3679/3679 3678/3678/3678
f 3645/3645/3645 3638/3638/3638 3644/3644/3644
f 1799/1799/1799 3659/3659/3659 1768/1768/1768
f 3708/3708/3708 3458/3458/3458 3460/3460/3460
f 3462/3462/3462 3708/3708/3708 3460/3460/3460
f 3714/3714/3714 564/564/564 3696/3696/3696
f 3615/3615/3615 3602/3602/3602 3600/3600/3600
f 3710/3710/3710 3696/3696/3696 3698/3698/3698
f 3635/3635/3635 3596/3596/3596 3599/3599/3599
f 3629/3629/3629 3627/3627/3627 3630/3630/3630
f 3597/3597/3597 3599/3599/3599 3596/3596/3596
f 3630/3630/3630 3715/3715/3715 3629/3629/3629
f 3627/3627/3627 3597/3597/3597 3594/3594/3594
f 3717/3717/3717 3723/3723/3723 3718/3718/3718
f 3715/3715/3715 3660/3660/3660 3629/3629/3629
f 3716/3716/3716 3725/3725/3725 3715/3715/3715
f 3668/3668/3668 3661/3661/3661 3725/3725/3725
f 3668/3668/3668 3717/3717/3717 3667/3667/3667
f 3667/3667/3667 3718/3718/3718 3673/3673/3673
f 3727/3727/3727 3673/3673/3673 3718/3718/3718
f 3728/3728/3728 3672/3672/3672 3673/3673/3673
f 3726/3726/3726 3718/3718/3718 3723/3723/3723
f 1576/1576/1576 2084/2084/2084 3672/3672/3672
f 3727/3727/3727 3731/3731/3731 3729/3729/3729
f 3203/3203/3203 1387/1387/1387 3190/3190/3190
f 3190/3190/3190 1791/1791/1791 3189/3189/3189
f 3283/3283/3283 1949/1949/1949 3210/3210/3210
f 317/317/317 259/259/259 391/391/391
f 2000/2000/2000 3653/3653/3653 3694/3694/3694
f 3601/3601/3601 3600/3600/3600 3602/3602/3602
f 3589/3589/3589 3584/3584/3584 3585/3585/3585
f 3577/3577/3577 756/756/756 2170/2170/2170
f 3585/3585/3585 3582/3582/3582 3583/3583/3583
f 3678/3678/3678 3637/3637/3637 3636/3636/3636
f 3204/3204/3204 376/376/376 3203/3203/3203
f 1801/1801/1801 3657/3657/3657 1799/1799/1799
f 3729/3729/3729 3728/3728/3728 3727/3727/3727
f 1575/1575/1575 3738/3738/3738 1088/1088/1088
f 3735/3735/3735 1576/1576/1576 3728/3728/3728
f 1776/1776/1776 1796/1796/1796 1775/1775/1775
f 1293/1293/1293 1290/1290/1290 1284/1284/1284
f 1326/1326/1326 1327/1327/1327 12/12/12
f 1294/1294/1294 1234/1234/1234 1290/1290/1290
f 878/878/878 1330/1330/1330 1337/1337/1337
f 497/497/497 374/374/374 498/498/498
f 122/122/122 413/413/413 121/121/121
f 3699/3699/3699 3704/3704/3704 3708/3708/3708
f 3606/3606/3606 3401/3401/3401 3602/3602/3602
f 3708/3708/3708 3698/3698/3698 3699/3699/3699
f 3464/3464/3464 3710/3710/3710 3462/3462/3462
f 3704/3704/3704 3443/3443/3443 3458/3458/3458
f 439/439/439 399/399/399 438/438/438
f 1512/1512/1512 1526/1526/1526 1511/1511/1511
f 1668/1668/1668 1738/1738/1738 1671/1671/1671
f 839/839/839 1362/1362/1362 838/838/838
f 1362/1362/1362 826/826/826 1012/1012/1012
f 3843/3843/3843 1896/1896/1896 3815/3815/3815
f 2053/2053/2053 2118/2118/2118 2117/2117/2117
f 3888/3888/3888 2120/2120/2120 2119/2119/2119
f 696/696/696 3816/3816/3816 3831/3831/3831
f 1826/1826/1826 639/639/639 640/640/640
f 3740/3740/3740 3729/3729/3729 3731/3731/3731
f 956/956/956 886/886/886 960/960/960
f 1980/1980/1980 1922/1922/1922 807/807/807
f 33/33/33 105/105/105 164/164/164
f 1343/1343/1343 3856/3856/3856 3857/3857/3857
f 3907/3907/3907 2128/2128/2128 3902/3902/3902
f 1766/1766/1766 1582/1582/1582 1594/1594/1594
f 14/14/14 2163/2163/2163 738/738/738
f 595/595/595 99/99/99 594/594/594
f 3233/3233/3233 3246/3246/3246 3245/3245/3245
f 1346/1346/1346 1044/1044/1044 1352/1352/1352
f 748/748/748 1425/1425/1425 747/747/747
f 3193/3193/3193 3254/3254/3254 3268/3268/3268
f 3190/3190/3190 3206/3206/3206 3203/3203/3203
f 3612/3612/3612 3606/3606/3606 3615/3615/3615
f 3624/3624/3624 3615/3615/3615 3625/3625/3625
f 3631/3631/3631 3443/3443/3443 3674/3674/3674
f 3679/3679/3679 3644/3644/3644 3637/3637/3637
f 3686/3686/3686 3647/3647/3647 3682/3682/3682
f 3702/3702/3702 3674/3674/3674 3704/3704/3704
f 3625/3625/3625 3600/3600/3600 3597/3597/3597
f 3601/3601/3601 3415/3415/3415 3631/3631/3631
f 3739/3739/3739 3735/3735/3735 3729/3729/3729
f 3630/3630/3630 3594/3594/3594 3741/3741/3741
f 3741/3741/3741 3716/3716/3716 3630/3630/3630
f 1284/1284/1284 1288/1288/1288 1285/1285/1285
f 3698/3698/3698 3680/3680/3680 3679/3679/3679
f 1778/1778/1778 1780/1780/1780 1779/1779/1779
f 1792/1792/1792 1584/1584/1584 1789/1789/1789
f 695/695/695 571/571/571 694/694/694
f 3638/3638/3638 3594/3594/3594 3595/3595/3595
f 3741/3741/3741 3588/3588/3588 3589/3589/3589
f 3247/3247/3247 3209/3209/3209 3202/3202/3202
f 3292/3292/3292 3294/3294/3294 3295/3295/3295
f 3296/3296/3296 3298/3298/3298 3299/3299/3299
f 3299/3299/3299 3300/3300/3300 3301/3301/3301
f 3302/3302/3302 3304/3304/3304 3305/3305/3305
f 3306/3306/3306 3308/3308/3308 3309/3309/3309
f 3307/3307/3307 3311/3311/3311 3308/3308/3308
f 3303/3303/3303 3301/3301/3301 3300/3300/3300
f 3312/3312/3312 3304/3304/3304 3313/3313/3313
f 3314/3314/3314 3316/3316/3316 3317/3317/3317
f 3318/3318/3318 3320/3320/3320 3321/3321/3321
f 3324/3324/3324 3321/3321/3321 3325/3325/3325
f 3326/3326/3326 3328/3328/3328 3323/3323/3323
f 3329/3329/3329 3331/3331/3331 3332/3332/3332
f 3333/3333/3333 3335/3335/3335 3336/3336/3336
f 3337/3337/3337 3339/3339/3339 3340/3340/3340
f 3333/3333/3333 3341/3341/3341 3342/3342/3342
f 3342/3342/3342 3343/3343/3343 3344/3344/3344
f 3319/3319/3319 3344/3344/3344 3343/3343/3343
f 3338/3338/3338 3334/3334/3334 3339/3339/3339
f 3346/3346/3346 3302/3302/3302 3347/3347/3347
f 3305/3305/3305 3347/3347/3347 3302/3302/3302
f 3312/3312/3312 3223/3223/3223 3349/3349/3349
f 3350/3350/3350 3340/3340/3340 3351/3351/3351
f 3312/3312/3312 3348/3348/3348 3305/3305/3305
f 3352/3352/3352 3341/3341/3341 3326/3326/3326
f 3311/3311/3311 3354/3354/3354 3308/3308/3308
f 3341/3341/3341 3327/3327/3327 3326/3326/3326
f 3359/3359/3359 3361/3361/3361 3362/3362/3362
f 3360/3360/3360 3250/3250/3250 3249/3249/3249
f 3318/3318/3318 3345/3345/3345 3319/3319/3319
f 3364/3364/3364 3318/3318/3318 3324/3324/3324
f 3314/3314/3314 3324/3324/3324 3365/3365/3365
f 3366/3366/3366 3301/3301/3301 3346/3346/3346
f 3299/3299/3299 3367/3367/3367 3296/3296/3296
f 3308/3308/3308 3368/3368/3368 3309/3309/3309
f 3369/3369/3369 3295/3295/3295 3294/3294/3294
f 3317/3317/3317 3364/3364/3364 3314/3314/3314
f 3370/3370/3370 3317/3317/3317 3316/3316/3316
f 3325/3325/3325 3365/3365/3365 3324/3324/3324
f 3352/3352/3352 3319/3319/3319 3343/3343/3343
f 3296/3296/3296 3353/3353/3353 3311/3311/3311
f 3297/3297/3297 3311/3311/3311 3310/3310/3310
f 3363/3363/3363 3354/3354/3354 3345/3345/3345
f 3345/3345/3345 3353/3353/3353 3344/3344/3344
f 3344/3344/3344 3367/3367/3367 3342/3342/3342
f 3366/3366/3366 3342/3342/3342 3367/3367/3367
f 3347/3347/3347 3334/3334/3334 3346/3346/3346
f 3339/3339/3339 3348/3348/3348 3340/3340/3340
f 3348/3348/3348 3351/3351/3351 3340/3340/3340
f 3363/3363/3363 3369/3369/3369 3368/3368/3368
f 3294/3294/3294 3368/3368/3368 3369/3369/3369
f 3293/3293/3293 3309/3309/3309 3294/3294/3294
f 3331/3331/3331 3374/3374/3374 3332/3332/3332
f 3346/3346/3346 3333/3333/3333 3366/3366/3366
f 3323/3323/3323 3352/3352/3352 3326/3326/3326
f 3356/3356/3356 3321/3321/3321 3320/3320/3320
f 3355/3355/3355 3325/3325/3325 3321/3321/3321
f 3357/3357/3357 3371/3371/3371 3325/3325/3325
f 3322/3322/3322 3320/3320/3320 3352/3352/3352
f 3361/3361/3361 3329/3329/3329 3362/3362/3362
f 3373/3373/3373 3375/3375/3375 3374/3374/3374
f 3374/3374/3374 3376/3376/3376 3332/3332/3332
f 3329/3329/3329 3376/3376/3376 3362/3362/3362
f 3327/3327/3327 3372/3372/3372 3328/3328/3328
f 3336/3336/3336 3375/3375/3375 3327/3327/3327
f 3335/3335/3335 3376/3376/3376 3375/3375/3375
f 3376/3376/3376 3337/3337/3337 3362/3362/3362
f 3337/3337/3337 3359/3359/3359 3362/3362/3362
f 3359/3359/3359 3276/3276/3276 3250/3250/3250
f 3377/3377/3377 3295/3295/3295 3370/3370/3370
f 3277/3277/3277 3315/3315/3315 3278/3278/3278
f 3371/3371/3371 3379/3379/3379 3365/3365/3365
f 3378/3378/3378 3358/3358/3358 3380/3380/3380
f 3365/3365/3365 3315/3315/3315 3314/3314/3314
f 3316/3316/3316 3279/3279/3279 3370/3370/3370
f 3282/3282/3282 3370/3370/3370 3279/3279/3279
f 3313/3313/3313 3224/3224/3224 3312/3312/3312
f 3378/3378/3378 3284/3284/3284 3379/3379/3379
f 3380/3380/3380 3285/3285/3285 3378/3378/3378
f 3379/3379/3379 3278/3278/3278 3315/3315/3315
f 3276/3276/3276 3351/3351/3351 3291/3291/3291
f 3291/3291/3291 3349/3349/3349 3223/3223/3223
f 3313/3313/3313 2965/2965/2965 3013/3013/3013
f 2965/2965/2965 3303/3303/3303 222/222/222
f 222/222/222 3300/3300/3300 223/223/223
f 223/223/223 3298/3298/3298 3186/3186/3186
f 3298/3298/3298 3185/3185/3185 3186/3186/3186
f 3297/3297/3297 2977/2977/2977 3185/3185/3185
f 3310/3310/3310 1213/1213/1213 2977/2977/2977
f 3307/3307/3307 1214/1214/1214 1213/1213/1213
f 2532/2532/2532 3306/3306/3306 3293/3293/3293
f 2894/2894/2894 3293/3293/3293 3292/3292/3292
f 2871/2871/2871 3292/3292/3292 3377/3377/3377
f 3253/3253/3253 3240/3240/3240 3242/3242/3242
f 3283/3283/3283 3013/3013/3013 2152/2152/2152
f 1997/1997/1997 1889/1889/1889 1892/1892/1892
f 1237/1237/1237 744/744/744 855/855/855
f 1535/1535/1535 120/120/120 121/121/121
f 1531/1531/1531 201/201/201 214/214/214
f 1119/1119/1119 1032/1032/1032 984/984/984
f 946/946/946 824/824/824 947/947/947
f 163/163/163 5/5/5 162/162/162
f 3589/3589/3589 3723/3723/3723 3741/3741/3741
f 1155/1155/1155 1162/1162/1162 1164/1164/1164
f 427/427/427 327/327/327 424/424/424
f 553/553/553 796/796/796 498/498/498
f 3381/3381/3381 2231/2231/2231 2237/2237/2237
f 3381/3381/3381 2230/2230/2230 2232/2232/2232
f 2237/2237/2237 3180/3180/3180 3381/3381/3381
f 3383/3383/3383 3385/3385/3385 3382/3382/3382
f 3384/3384/3384 3387/3387/3387 3385/3385/3385
f 3386/3386/3386 3389/3389/3389 3387/3387/3387
f 3388/3388/3388 3391/3391/3391 3389/3389/3389
f 3392/3392/3392 3394/3394/3394 3395/3395/3395
f 3395/3395/3395 3396/3396/3396 3397/3397/3397
f 3398/3398/3398 3397/3397/3397 3396/3396/3396
f 3400/3400/3400 3399/3399/3399 3398/3398/3398
f 3403/3403/3403 3405/3405/3405 3402/3402/3402
f 3406/3406/3406 3404/3404/3404 3403/3403/3403
f 3408/3408/3408 3407/3407/3407 3406/3406/3406
f 3410/3410/3410 3409/3409/3409 3408/3408/3408
f 3412/3412/3412 3411/3411/3411 3410/3410/3410
f 3415/3415/3415 3398/3398/3398 3414/3414/3414
f 3414/3414/3414 3396/3396/3396 3416/3416/3416
f 3416/3416/3416 3394/3394/3394 3417/3417/3417
f 3417/3417/3417 3393/3393/3393 3418/3418/3418
f 3393/3393/3393 3420/3420/3420 3418/3418/3418
f 3419/3419/3419 3421/3421/3421 3420/3420/3420
f 3390/3390/3390 3422/3422/3422 3421/3421/3421
f 3388/3388/3388 3423/3423/3423 3422/3422/3422
f 3386/3386/3386 3424/3424/3424 3423/3423/3423
f 3384/3384/3384 3425/3425/3425 3424/3424/3424
f 3425/3425/3425 3426/3426/3426 3184/3184/3184
f 2904/2904/2904 3428/3428/3428 2947/2947/2947
f 3429/3429/3429 2904/2904/2904 2902/2902/2902
f 3430/3430/3430 2902/2902/2902 2876/2876/2876
f 2875/2875/2875 3430/3430/3430 2876/2876/2876
f 3432/3432/3432 2733/2733/2733 2736/2736/2736
f 2825/2825/2825 3435/3435/3435 2824/2824/2824
f 3437/3437/3437 3439/3439/3439 3436/3436/3436
f 3441/3441/3441 3436/3436/3436 3440/3440/3440
f 2724/2724/2724 3434/3434/3434 2825/2825/2825
f 3436/3436/3436 3115/3115/3115 3117/3117/3117
f 3440/3440/3440 3117/3117/3117 3119/3119/3119
f 3443/3443/3443 3414/3414/3414 3442/3442/3442
f 3442/3442/3442 3416/3416/3416 3444/3444/3444
f 3444/3444/3444 3417/3417/3417 3445/3445/3445
f 3445/3445/3445 3418/3418/3418 3446/3446/3446
f 3446/3446/3446 3420/3420/3420 3447/3447/3447
f 3420/3420/3420 3448/3448/3448 3447/3447/3447
f 3421/3421/3421 3449/3449/3449 3448/3448/3448
f 3422/3422/3422 3450/3450/3450 3449/3449/3449
f 3423/3423/3423 3451/3451/3451 3450/3450/3450
f 3424/3424/3424 3452/3452/3452 3451/3451/3451
f 3425/3425/3425 3056/3056/3056 3452/3452/3452
f 3451/3451/3451 2253/2253/2253 2252/2252/2252
f 3450/3450/3450 2252/2252/2252 1727/1727/1727
f 3449/3449/3449 1727/1727/1727 2150/2150/2150
f 3448/3448/3448 2150/2150/2150 1941/1941/1941
f 3453/3453/3453 3448/3448/3448 1941/1941/1941
f 3454/3454/3454 3447/3447/3447 3453/3453/3453
f 3455/3455/3455 3446/3446/3446 3454/3454/3454
f 3456/3456/3456 3445/3445/3445 3455/3455/3455
f 3442/3442/3442 3456/3456/3456 3457/3457/3457
f 3443/3443/3443 3457/3457/3457 3458/3458/3458
f 3459/3459/3459 3458/3458/3458 3457/3457/3457
f 3457/3457/3457 3455/3455/3455 3459/3459/3459
f 3459/3459/3459 3454/3454/3454 3461/3461/3461
f 3462/3462/3462 3459/3459/3459 3461/3461/3461
f 3461/3461/3461 3453/3453/3453 3463/3463/3463
f 3464/3464/3464 3461/3461/3461 3463/3463/3463
f 3463/3463/3463 1941/1941/1941 1360/1360/1360
f 3404/3404/3404 3401/3401/3401 3405/3405/3405
f 3407/3407/3407 3399/3399/3399 3404/3404/3404
f 3409/3409/3409 3397/3397/3397 3407/3407/3407
f 3411/3411/3411 3395/3395/3395 3409/3409/3409
f 3465/3465/3465 3413/3413/3413 3412/3412/3412
f 3467/3467/3467 3469/3469/3469 3466/3466/3466
f 3465/3465/3465 3431/3431/3431 3433/3433/3433
f 3470/3470/3470 3466/3466/3466 3465/3465/3465
f 3438/3438/3438 3432/3432/3432 3435/3435/3435
f 3467/3467/3467 3438/3438/3438 3437/3437/3437
f 3468/3468/3468 3437/3437/3437 3441/3441/3441
f 3471/3471/3471 3468/3468/3468 3472/3472/3472
f 3472/3472/3472 3441/3441/3441 3473/3473/3473
f 3473/3473/3473 3440/3440/3440 2712/2712/2712
f 2712/2712/2712 3119/3119/3119 3128/3128/3128
f 3475/3475/3475 3472/3472/3472 3474/3474/3474
f 3474/3474/3474 3473/3473/3473 3476/3476/3476
f 3476/3476/3476 2712/2712/2712 2711/2711/2711
f 3477/3477/3477 2711/2711/2711 2400/2400/2400
f 3478/3478/3478 3476/3476/3476 3477/3477/3477
f 3479/3479/3479 3474/3474/3474 3478/3478/3478
f 3392/3392/3392 3413/3413/3413 3480/3480/3480
f 3466/3466/3466 3480/3480/3480 3413/3413/3413
f 3419/3419/3419 3392/3392/3392 3480/3480/3480
f 3390/3390/3390 3480/3480/3480 3391/3391/3391
f 3469/3469/3469 3391/3391/3391 3480/3480/3480
f 3389/3389/3389 3471/3471/3471 3475/3475/3475
f 3387/3387/3387 3475/3475/3475 3479/3479/3479
f 3385/3385/3385 3479/3479/3479 3481/3481/3481
f 3482/3482/3482 2400/2400/2400 2402/2402/2402
f 3483/3483/3483 3477/3477/3477 3482/3482/3482
f 3481/3481/3481 3478/3478/3478 3483/3483/3483
f 3484/3484/3484 2402/2402/2402 2707/2707/2707
f 3058/3058/3058 2707/2707/2707 2708/2708/2708
f 3061/3061/3061 3484/3484/3484 3058/3058/3058
f 3485/3485/3485 3482/3482/3482 3484/3484/3484
f 3382/3382/3382 3481/3481/3481 3486/3486/3486
f 3486/3486/3486 3483/3483/3483 3485/3485/3485
f 3426/3426/3426 3382/3382/3382 3487/3487/3487
f 3487/3487/3487 3486/3486/3486 1962/1962/1962
f 3486/3486/3486 3061/3061/3061 1962/1962/1962
f 1961/1961/1961 3487/3487/3487 1962/1962/1962
f 3057/3057/3057 3426/3426/3426 3487/3487/3487
f 3428/3428/3428 3402/3402/3402 3488/3488/3488
f 3427/3427/3427 3403/3403/3403 3428/3428/3428
f 3429/3429/3429 3406/3406/3406 3427/3427/3427
f 3430/3430/3430 3408/3408/3408 3429/3429/3429
f 3431/3431/3431 3410/3410/3410 3430/3430/3430
f 3470/3470/3470 3433/3433/3433 3432/3432/3432
f 3434/3434/3434 3438/3438/3438 3435/3435/3435
f 2723/2723/2723 3439/3439/3439 3434/3434/3434
f 2875/2875/2875 3433/3433/3433 3431/3431/3431
f 2736/2736/2736 3435/3435/3435 3432/3432/3432
f 2947/2947/2947 3488/3488/3488 3500/3500/3500
f 3464/3464/3464 1360/1360/1360 3497/3497/3497
f 1900/1900/1900 1924/1924/1924 1901/1901/1901
f 1736/1736/1736 1718/1718/1718 1750/1750/1750
f 1955/1955/1955 1943/1943/1943 1956/1956/1956
f 1671/1671/1671 1735/1735/1735 1751/1751/1751
f 1696/1696/1696 1698/1698/1698 1692/1692/1692
f 1800/1800/1800 1864/1864/1864 1801/1801/1801
f 2063/2063/2063 2056/2056/2056 2060/2060/2060
f 1737/1737/1737 1717/1717/1717 1736/1736/1736
f 1751/1751/1751 1697/1697/1697 1695/1695/1695
f 943/943/943 3899/3899/3899 684/684/684
f 3656/3656/3656 3402/3402/3402 3605/3605/3605
f 1577/1577/1577 1764/1764/1764 1703/1703/1703
f 3917/3917/3917 1599/1599/1599 3923/3923/3923
f 1945/1945/1945 82/82/82 1944/1944/1944
f 68/68/68 7/7/7 248/248/248
f 147/147/147 1543/1543/1543 148/148/148
f 1109/1109/1109 1133/1133/1133 1102/1102/1102
f 1503/1503/1503 1907/1907/1907 1908/1908/1908
f 1499/1499/1499 1909/1909/1909 1498/1498/1498
f 452/452/452 735/735/735 215/215/215
f 1824/1824/1824 3835/3835/3835 3845/3845/3845
f 1825/1825/1825 2068/2068/2068 1824/1824/1824
f 1463/1463/1463 1022/1022/1022 1194/1194/1194
f 841/841/841 1009/1009/1009 1011/1011/1011
f 1568/1568/1568 1955/1955/1955 1534/1534/1534
f 1926/1926/1926 1927/1927/1927 1923/1923/1923
f 1910/1910/1910 1502/1502/1502 1939/1939/1939
f 1939/1939/1939 422/422/422 442/442/442
f 309/309/309 1940/1940/1940 308/308/308
f 1804/1804/1804 1866/1866/1866 1803/1803/1803
f 269/269/269 1954/1954/1954 56/56/56
f 2065/2065/2065 2060/2060/2060 2056/2056/2056
f 3812/3812/3812 1758/1758/1758 3835/3835/3835
f 280/280/280 552/552/552 1940/1940/1940
f 1875/1875/1875 1869/1869/1869 1874/1874/1874
f 1739/1739/1739 1734/1734/1734 1737/1737/1737
f 1778/1778/1778 1790/1790/1790 1788/1788/1788
f 310/310/310 1915/1915/1915 279/279/279
f 1909/1909/1909 1906/1906/1906 1954/1954/1954
f 1789/1789/1789 1778/1778/1778 1788/1788/1788
f 978/978/978 980/980/980 979/979/979
f 1584/1584/1584 1731/1731/1731 1583/1583/1583
f 425/425/425 311/311/311 312/312/312
f 148/148/148 115/115/115 116/116/116
f 2044/2044/2044 3894/3894/3894 2046/2046/2046
f 277/277/277 1939/1939/1939 551/551/551
f 1943/1943/1943 1945/1945/1945 1944/1944/1944
f 1461/1461/1461 1463/1463/1463 1464/1464/1464
f 2253/2253/2253 3056/3056/3056 3055/3055/3055
f 2981/2981/2981 3489/3489/3489 958/958/958
f 2209/2209/2209 3489/3489/3489 3055/3055/3055
f 2254/2254/2254 3055/3055/3055 3489/3489/3489
f 2998/2998/2998 958/958/958 3489/3489/3489
f 2826/2826/2826 2721/2721/2721 2724/2724/2724
f 3490/3490/3490 2721/2721/2721 2817/2817/2817
f 2816/2816/2816 3490/3490/3490 2817/2817/2817
f 2334/2334/2334 2296/2296/2296 2335/2335/2335
f 2298/2298/2298 2334/2334/2334 2336/2336/2336
f 2301/2301/2301 2336/2336/2336 2338/2338/2338
f 2311/2311/2311 2338/2338/2338 2354/2354/2354
f 2312/2312/2312 2354/2354/2354 2355/2355/2355
f 2359/2359/2359 2361/2361/2361 2360/2360/2360
f 2335/2335/2335 2359/2359/2359 2360/2360/2360
f 2414/2414/2414 2365/2365/2365 2364/2364/2364
f 2413/2413/2413 2361/2361/2361 2365/2365/2365
f 2355/2355/2355 2540/2540/2540 2541/2541/2541
f 2541/2541/2541 2539/2539/2539 2542/2542/2542
f 2722/2722/2722 2739/2739/2739 2738/2738/2738
f 3114/3114/3114 2738/2738/2738 3113/3113/3113
f 3110/3110/3110 3121/3121/3121 3120/3120/3120
f 3108/3108/3108 3120/3120/3120 3113/3113/3113
f 3122/3122/3122 3127/3127/3127 3126/3126/3126
f 3112/3112/3112 3126/3126/3126 3121/3121/3121
f 3127/3127/3127 1753/1753/1753 3135/3135/3135
f 3139/3139/3139 2529/2529/2529 2542/2542/2542
f 3744/3744/3744 3133/3133/3133 3139/3139/3139
f 3490/3490/3490 2740/2740/2740 2739/2739/2739
f 3491/3491/3491 2789/2789/2789 3490/3490/3490
f 228/228/228 91/91/91 88/88/88
f 245/245/245 243/243/243 242/242/242
f 248/248/248 247/247/247 191/191/191
f 2/2/2 296/296/296 295/295/295
f 145/145/145 300/300/300 267/267/267
f 327/327/327 210/210/210 328/328/328
f 329/329/329 331/331/331 330/330/330
f 250/250/250 228/228/228 236/236/236
f 239/239/239 240/240/240 230/230/230
f 373/373/373 375/375/375 374/374/374
f 178/178/178 176/176/176 175/175/175
f 1218/1218/1218 1228/1228/1228 1321/1321/1321
f 3862/3862/3862 1295/1295/1295 3854/3854/3854
f 808/808/808 824/824/824 823/823/823
f 3858/3858/3858 1013/1013/1013 1014/1014/1014
f 3813/3813/3813 1411/1411/1411 1413/1413/1413
f 2154/2154/2154 2159/2159/2159 2160/2160/2160
f 3845/3845/3845 1758/1758/1758 1757/1757/1757
f 306/306/306 1922/1922/1922 452/452/452
f 2157/2157/2157 1976/1976/1976 1977/1977/1977
f 708/708/708 2031/2031/2031 1474/1474/1474
f 1450/1450/1450 1227/1227/1227 1428/1428/1428
f 1672/1672/1672 1605/1605/1605 1624/1624/1624
f 1813/1813/1813 1821/1821/1821 1816/1816/1816
f 1717/1717/1717 1715/1715/1715 1718/1718/1718
f 176/176/176 402/402/402 347/347/347
f 1710/1710/1710 3916/3916/3916 3915/3915/3915
f 1712/1712/1712 1577/1577/1577 1711/1711/1711
f 1705/1705/1705 1711/1711/1711 1704/1704/1704
f 971/971/971 979/979/979 970/970/970
f 822/822/822 1094/1094/1094 1102/1102/1102
f 2909/2909/2909 2793/2793/2793 2792/2792/2792
f 2810/2810/2810 2795/2795/2795 2793/2793/2793
f 2799/2799/2799 2249/2249/2249 2800/2800/2800
f 3662/3662/3662 2910/2910/2910 2799/2799/2799
f 2769/2769/2769 2801/2801/2801 2795/2795/2795
f 3177/3177/3177 3178/3178/3178 3179/3179/3179
f 3178/3178/3178 3180/3180/3180 3179/3179/3179
f 3181/3181/3181 1393/1393/1393 2800/2800/2800
f 3181/3181/3181 1632/1632/1632 3182/3182/3182
f 3182/3182/3182 2244/2244/2244 3183/3183/3183
f 3183/3183/3183 2243/2243/2243 3180/3180/3180
f 3492/3492/3492 2790/2790/2790 3491/3491/3491
f 2808/2808/2808 3491/3491/3491 2816/2816/2816
f 2239/2239/2239 3572/3572/3572 2240/2240/2240
f 1149/1149/1149 3571/3571/3571 3570/3570/3570
f 1150/1150/1150 3567/3567/3567 3571/3571/3571
f 2202/2202/2202 3566/3566/3566 2015/2015/2015
f 2921/2921/2921 3565/3565/3565 2923/2923/2923
f 3568/3568/3568 2133/2133/2133 2928/2928/2928
f 1777/1777/1777 1759/1759/1759 1792/1792/1792
f 1201/1201/1201 1183/1183/1183 1184/1184/1184
f 3561/3561/3561 2195/2195/2195 2194/2194/2194
f 3553/3553/3553 2770/2770/2770 2768/2768/2768
f 3927/3927/3927 1687/1687/1687 1692/1692/1692
f 1516/1516/1516 154/154/154 503/503/503
f 3549/3549/3549 2974/2974/2974 2803/2803/2803
f 3550/3550/3550 2779/2779/2779 2778/2778/2778
f 2771/2771/2771 3575/3575/3575 3546/3546/3546
f 3070/3070/3070 3546/3546/3546 3558/3558/3558
f 3547/3547/3547 2775/2775/2775 2867/2867/2867
f 1376/1376/1376 1370/1370/1370 1372/1372/1372
f 2767/2767/2767 3556/3556/3556 2206/2206/2206
f 2195/2195/2195 3543/3543/3543 2767/2767/2767
f 2775/2775/2775 3542/3542/3542 2776/2776/2776
f 3377/3377/3377 3545/3545/3545 2871/2871/2871
f 3804/3804/3804 3539/3539/3539 2806/2806/2806
f 2776/2776/2776 3538/3538/3538 2805/2805/2805
f 2240/2240/2240 3535/3535/3535 2920/2920/2920
f 2920/2920/2920 3669/3669/3669 3619/3619/3619
f 3548/3548/3548 2786/2786/2786 2779/2779/2779
f 1805/1805/1805 1851/1851/1851 1804/1804/1804
f 3534/3534/3534 2787/2787/2787 2786/2786/2786
f 2951/2951/2951 3540/3540/3540 3531/3531/3531
f 2772/2772/2772 3531/3531/3531 3575/3575/3575
f 2973/2973/2973 3530/3530/3530 3536/3536/3536
f 2224/2224/2224 3537/3537/3537 3530/3530/3530
f 1957/1957/1957 320/320/320 510/510/510
f 306/306/306 304/304/304 303/303/303
f 2770/2770/2770 3528/3528/3528 2913/2913/2913
f 2913/2913/2913 3574/3574/3574 2239/2239/2239
f 2923/2923/2923 3527/3527/3527 2922/2922/2922
f 308/308/308 431/431/431 47/47/47
f 207/207/207 132/132/132 543/543/543
f 1879/1879/1879 1881/1881/1881 1880/1880/1880
f 3733/3733/3733 3525/3525/3525 2089/2089/2089
f 2475/2475/2475 3558/3558/3558 3524/3524/3524
f 2476/2476/2476 3524/3524/3524 3523/3523/3523
f 2223/2223/2223 3523/3523/3523 3537/3537/3537
f 3522/3522/3522 2803/2803/2803 2802/2802/2802
f 2037/2037/2037 11/11/11 1950/1950/1950
f 1959/1959/1959 450/450/450 505/505/505
f 2003/2003/2003 3520/3520/3520 2129/2129/2129
f 9/9/9 334/334/334 540/540/540
f 2009/2009/2009 3518/3518/3518 3567/3567/3567
f 2008/2008/2008 3536/3536/3536 3518/3518/3518
f 3877/3877/3877 673/673/673 3879/3879/3879
f 3515/3515/3515 2778/2778/2778 2784/2784/2784
f 2935/2935/2935 3513/3513/3513 2936/2936/2936
f 111/111/111 3570/3570/3570 3511/3511/3511
f 3510/3510/3510 2935/2935/2935 2938/2938/2938
f 683/683/683 3885/3885/3885 943/943/943
f 3508/3508/3508 2810/2810/2810 2909/2909/2909
f 736/736/736 732/732/732 729/729/729
f 1795/1795/1795 1803/1803/1803 1796/1796/1796
f 3505/3505/3505 2938/2938/2938 2939/2939/2939
f 3507/3507/3507 2939/2939/2939 2940/2940/2940
f 2950/2950/2950 3504/3504/3504 2949/2949/2949
f 2940/2940/2940 3504/3504/3504 3507/3507/3507
f 3801/3801/3801 3512/3512/3512 2950/2950/2950
f 2868/2868/2868 3502/3502/3502 2869/2869/2869
f 2869/2869/2869 3522/3522/3522 2802/2802/2802
f 1024/1024/1024 1023/1023/1023 1020/1020/1020
f 3500/3500/3500 2948/2948/2948 2947/2947/2947
f 551/551/551 442/442/442 443/443/443
f 2972/2972/2972 3568/3568/3568 2928/2928/2928
f 2032/2032/2032 3499/3499/3499 2972/2972/2972
f 216/216/216 1924/1924/1924 1923/1923/1923
f 203/203/203 201/201/201 200/200/200
f 1828/1828/1828 1847/1847/1847 1837/1837/1837
f 1958/1958/1958 449/449/449 450/450/450
f 272/272/272 178/178/178 175/175/175
f 2871/2871/2871 3495/3495/3495 1361/1361/1361
f 3619/3619/3619 3564/3564/3564 2921/2921/2921
f 2801/2801/2801 3643/3643/3643 3662/3662/3662
f 2005/2005/2005 3654/3654/3654 2176/2176/2176
f 960/960/960 899/899/899 962/962/962
f 3657/3657/3657 3612/3612/3612 3624/3624/3624
f 3780/3780/3780 3646/3646/3646 3151/3151/3151
f 3151/3151/3151 3593/3593/3593 2555/2555/2555
f 2193/2193/2193 3623/3623/3623 2194/2194/2194
f 3607/3607/3607 3145/3145/3145 3144/3144/3144
f 3603/3603/3603 2761/2761/2761 3145/3145/3145
f 3592/3592/3592 3144/3144/3144 3104/3104/3104
f 2926/2926/2926 3634/3634/3634 3103/3103/3103
f 3634/3634/3634 3104/3104/3104 3103/3103/3103
f 3755/3755/3755 3746/3746/3746 3753/3753/3753
f 566/566/566 3758/3758/3758 2005/2005/2005
f 3488/3488/3488 1864/1864/1864 3500/3500/3500
f 1602/1602/1602 2079/2079/2079 2078/2078/2078
f 2868/2868/2868 3611/3611/3611 2922/2922/2922
f 2922/2922/2922 3610/3610/3610 2923/2923/2923
f 2923/2923/2923 3618/3618/3618 2921/2921/2921
f 3670/3670/3670 2918/2918/2918 3614/3614/3614
f 3619/3619/3619 3614/3614/3614 2920/2920/2920
f 2921/2921/2921 3670/3670/3670 3619/3619/3619
f 2920/2920/2920 3586/3586/3586 2240/2240/2240
f 3613/3613/3613 2915/2915/2915 2918/2918/2918
f 2917/2917/2917 3622/3622/3622 3641/3641/3641
f 2916/2916/2916 3641/3641/3641 3642/3642/3642
f 2239/2239/2239 3652/3652/3652 2913/2913/2913
f 2911/2911/2911 3652/3652/3652 2757/2757/2757
f 3643/3643/3643 2911/2911/2911 2910/2910/2910
f 2797/2797/2797 3662/3662/3662 3591/3591/3591
f 2797/2797/2797 3598/3598/3598 2750/2750/2750
f 3622/3622/3622 2763/2763/2763 2765/2765/2765
f 3608/3608/3608 2764/2764/2764 2745/2745/2745
f 2194/2194/2194 3648/3648/3648 2221/2221/2221
f 2221/2221/2221 3649/3649/3649 2222/2222/2222
f 2756/2756/2756 3609/3609/3609 2755/2755/2755
f 2750/2750/2750 3609/3609/3609 2747/2747/2747
f 3669/3669/3669 1817/1817/1817 3827/3827/3827
f 3763/3763/3763 1691/1691/1691 1699/1699/1699
f 2515/2515/2515 3590/3590/3590 2548/2548/2548
f 2548/2548/2548 3593/3593/3593 2550/2550/2550
f 2513/2513/2513 3632/3632/3632 3616/3616/3616
f 2513/2513/2513 3621/3621/3621 2515/2515/2515
f 2509/2509/2509 3620/3620/3620 2289/2289/2289
f 2510/2510/2510 3633/3633/3633 2509/2509/2509
f 2289/2289/2289 3639/3639/3639 2283/2283/2283
f 2283/2283/2283 3617/3617/3617 2286/2286/2286
f 2240/2240/2240 3587/3587/3587 2239/2239/2239
f 3659/3659/3659 3624/3624/3624 3626/3626/3626
f 716/716/716 3887/3887/3887 3888/3888/3888
f 727/727/727 3761/3761/3761 1923/1923/1923
f 2165/2165/2165 2170/2170/2170 2164/2164/2164
f 3660/3660/3660 3626/3626/3626 3629/3629/3629
f 3743/3743/3743 3578/3578/3578 3757/3757/3757
f 2175/2175/2175 769/769/769 770/770/770
f 2100/2100/2100 2095/2095/2095 2099/2099/2099
f 3758/3758/3758 3757/3757/3757 3578/3578/3578
f 640/640/640 3568/3568/3568 1826/1826/1826
f 1653/1653/1653 3553/3553/3553 1651/1651/1651
f 1895/1895/1895 3530/3530/3530 746/746/746
f 746/746/746 3537/3537/3537 741/741/741
f 1653/1653/1653 3528/3528/3528 3576/3576/3576
f 3762/3762/3762 1604/1604/1604 1672/1672/1672
f 2093/2093/2093 2073/2073/2073 2078/2078/2078
f 959/959/959 995/995/995 884/884/884
f 962/962/962 919/919/919 986/986/986
f 1400/1400/1400 1398/1398/1398 1399/1399/1399
f 1000/1000/1000 1127/1127/1127 1004/1004/1004
f 956/956/956 884/884/884 885/885/885
f 1662/1662/1662 3550/3550/3550 1661/1661/1661
f 2034/2034/2034 3546/3546/3546 1654/1654/1654
f 3926/3926/3926 3539/3539/3539 3802/3802/3802
f 3535/3535/3535 766/766/766 1817/1817/1817
f 3572/3572/3572 765/765/765 766/766/766
f 334/334/334 3571/3571/3571 335/335/335
f 1868/1868/1868 3540/3540/3540 1656/1656/1656
f 1684/1684/1684 1652/1652/1652 1678/1678/1678
f 1682/1682/1682 775/775/775 1807/1807/1807
f 1585/1585/1585 3762/3762/3762 1700/1700/1700
f 3763/3763/3763 1672/1672/1672 1673/1673/1673
f 2173/2173/2173 490/490/490 491/491/491
f 1658/1658/1658 3547/3547/3547 1752/1752/1752
f 3556/3556/3556 1650/1650/1650 724/724/724
f 1571/1571/1571 2010/2010/2010 1572/1572/1572
f 1587/1587/1587 3671/3671/3671 2080/2080/2080
f 2099/2099/2099 2077/2077/2077 2094/2094/2094
f 787/787/787 1999/1999/1999 786/786/786
f 2000/2000/2000 786/786/786 1999/1999/1999
f 3155/3155/3155 3697/3697/3697 3683/3683/3683
f 3713/3713/3713 3683/3683/3683 3789/3789/3789
f 2180/2180/2180 3685/3685/3685 3684/3684/3684
f 3496/3496/3496 3684/3684/3684 3705/3705/3705
f 1684/1684/1684 3840/3840/3840 1651/1651/1651
f 1760/1760/1760 3495/3495/3495 3545/3545/3545
f 2607/2607/2607 3693/3693/3693 2590/2590/2590
f 2581/2581/2581 3689/3689/3689 2607/2607/2607
f 2371/2371/2371 3700/3700/3700 3695/3695/3695
f 2371/2371/2371 3693/3693/3693 2372/2372/2372
f 2587/2587/2587 3675/3675/3675 2586/2586/2586
f 2586/2586/2586 3697/3697/3697 339/339/339
f 2497/2497/2497 3687/3687/3687 2503/2503/2503
f 2502/2502/2502 3687/3687/3687 3700/3700/3700
f 2494/2494/2494 3690/3690/3690 2495/2495/2495
f 3690/3690/3690 2472/2472/2472 2495/2495/2495
f 3688/3688/3688 2468/2468/2468 2472/2472/2472
f 3701/3701/3701 2469/2469/2469 2468/2468/2468
f 726/726/726 3892/3892/3892 630/630/630
f 581/581/581 3518/3518/3518 580/580/580
f 10/10/10 3570/3570/3570 334/334/334
f 1837/1837/1837 3510/3510/3510 1849/1849/1849
f 741/741/741 3523/3523/3523 1300/1300/1300
f 1299/1299/1299 3558/3558/3558 2034/2034/2034
f 1851/1851/1851 3504/3504/3504 1866/1866/1866
f 3527/3527/3527 1820/1820/1820 1819/1819/1819
f 580/580/580 3536/3536/3536 1895/1895/1895
f 1758/1758/1758 3522/3522/3522 3502/3502/3502
f 1693/1693/1693 3508/3508/3508 1806/1806/1806
f 3504/3504/3504 1867/1867/1867 1866/1866/1866
f 1894/1894/1894 3568/3568/3568 3499/3499/3499
f 2126/2126/2126 3813/3813/3813 3841/3841/3841
f 3906/3906/3906 3841/3841/3841 3912/3912/3912
f 2113/2113/2113 3867/3867/3867 2110/2110/2110
f 2179/2179/2179 3789/3789/3789 3685/3685/3685
f 624/624/624 3904/3904/3904 623/623/623
f 2192/2192/2192 3788/3788/3788 3780/3780/3780
f 2177/2177/2177 3787/3787/3787 3733/3733/3733
f 1364/1364/1364 3833/3833/3833 1338/1338/1338
f 3858/3858/3858 1470/1470/1470 1453/1453/1453
f 3135/3135/3135 3775/3775/3775 3744/3744/3744
f 2069/2069/2069 3835/3835/3835 2068/2068/2068
f 1351/1351/1351 3853/3853/3853 1352/1352/1352
f 2108/2108/2108 3901/3901/3901 499/499/499
f 2089/2089/2089 3736/3736/3736 3733/3733/3733
f 3828/3828/3828 1358/1358/1358 866/866/866
f 2001/2001/2001 3783/3783/3783 2187/2187/2187
f 2187/2187/2187 3719/3719/3719 2091/2091/2091
f 2130/2130/2130 3752/3752/3752 2004/2004/2004
f 2004/2004/2004 3749/3749/3749 2001/2001/2001
f 2014/2014/2014 3779/3779/3779 2201/2201/2201
f 2201/2201/2201 3756/3756/3756 2130/2130/2130
f 3167/3167/3167 3759/3759/3759 2969/2969/2969
f 3168/3168/3168 3720/3720/3720 3167/3167/3167
f 3159/3159/3159 3764/3764/3764 3160/3160/3160
f 3160/3160/3160 3765/3765/3765 3081/3081/3081
f 3730/3730/3730 3158/3158/3158 337/337/337
f 3158/3158/3158 3709/3709/3709 3159/3159/3159
f 2200/2200/2200 3730/3730/3730 3722/3722/3722
f 3685/3685/3685 3742/3742/3742 2204/2204/2204
f 3722/3722/3722 2197/2197/2197 2200/2200/2200
f 3790/3790/3790 2092/2092/2092 3721/3721/3721
f 3774/3774/3774 3721/3721/3721 2197/2197/2197
f 3154/3154/3154 3790/3790/3790 3774/3774/3774
f 3155/3155/3155 3706/3706/3706 3154/3154/3154
f 2091/2091/2091 3721/3721/3721 2092/2092/2092
f 2196/2196/2196 3750/3750/3750 3776/3776/3776
f 2193/2193/2193 3776/3776/3776 3781/3781/3781
f 3604/3604/3604 3781/3781/3781 3788/3788/3788
f 2086/2086/2086 3780/3780/3780 3778/3778/3778
f 2087/2087/2087 3778/3778/3778 3777/3777/3777
f 2204/2204/2204 3751/3751/3751 2205/2205/2205
f 2205/2205/2205 3750/3750/3750 3148/3148/3148
f 3909/3909/3909 574/574/574 692/692/692
f 2124/2124/2124 3777/3777/3777 3760/3760/3760
f 2208/2208/2208 3760/3760/3760 3782/3782/3782
f 3711/3711/3711 3140/3140/3140 3137/3137/3137
f 3785/3785/3785 3138/3138/3138 3140/3140/3140
f 3745/3745/3745 3139/3139/3139 3138/3138/3138
f 3771/3771/3771 3136/3136/3136 2322/2322/2322
f 3712/3712/3712 3137/3137/3137 3136/3136/3136
f 3775/3775/3775 3131/3131/3131 3133/3133/3133
f 3767/3767/3767 3132/3132/3132 3131/3131/3131
f 1813/1813/1813 3838/3838/3838 1814/1814/1814
f 1293/1293/1293 3856/3856/3856 1344/1344/1344
f 2184/2184/2184 3748/3748/3748 3732/3732/3732
f 2181/2181/2181 3732/3732/3732 3734/3734/3734
f 3765/3765/3765 3079/3079/3079 3081/3081/3081
f 3768/3768/3768 3080/3080/3080 3079/3079/3079
f 709/709/709 3875/3875/3875 2031/2031/2031
f 2774/2774/2774 3737/3737/3737 3769/3769/3769
f 3786/3786/3786 2134/2134/2134 3559/3559/3559
f 3809/3809/3809 766/766/766 765/765/765
f 2968/2968/2968 3766/3766/3766 2959/2959/2959
f 2969/2969/2969 3784/3784/3784 2968/2968/2968
f 2958/2958/2958 3737/3737/3737 2961/2961/2961
f 2132/2132/2132 3766/3766/3766 2960/2960/2960
f 2321/2321/2321 3771/3771/3771 3748/3748/3748
f 3860/3860/3860 1449/1449/1449 28/28/28
f 3905/3905/3905 582/582/582 710/710/710
f 3886/3886/3886 577/577/577 574/574/574
f 3847/3847/3847 1818/1818/1818 3827/3827/3827
f 705/705/705 3887/3887/3887 2121/2121/2121
f 3816/3816/3816 3907/3907/3907 698/698/698
f 2111/2111/2111 3911/3911/3911 2113/2113/2113
f 3810/3810/3810 1366/1366/1366 1411/1411/1411
f 1812/1812/1812 3822/3822/3822 1815/1815/1815
f 675/675/675 3852/3852/3852 674/674/674
f 3496/3496/3496 3851/3851/3851 675/675/675
f 2110/2110/2110 3868/3868/3868 2109/2109/2109
f 2104/2104/2104 3901/3901/3901 2106/2106/2106
f 2109/2109/2109 3899/3899/3899 944/944/944
f 3842/3842/3842 703/703/703 739/739/739
f 1680/1680/1680 3846/3846/3846 1684/1684/1684
f 1639/1639/1639 3819/3819/3819 3818/3818/3818
f 623/623/623 3906/3906/3906 697/697/697
f 2139/2139/2139 3866/3866/3866 3865/3865/3865
f 1808/1808/1808 3844/3844/3844 3837/3837/3837
f 3820/3820/3820 1819/1819/1819 1820/1820/1820
f 3872/3872/3872 3900/3900/3900 706/706/706
f 1646/1646/1646 3830/3830/3830 1648/1648/1648
f 3889/3889/3889 633/633/633 577/577/577
f 2139/2139/2139 3875/3875/3875 18/18/18
f 2156/2156/2156 3871/3871/3871 3874/3874/3874
f 674/674/674 3913/3913/3913 3869/3869/3869
f 2117/2117/2117 3812/3812/3812 2069/2069/2069
f 1815/1815/1815 3847/3847/3847 3823/3823/3823
f 3855/3855/3855 1444/1444/1444 1470/1470/1470
f 697/697/697 3912/3912/3912 3816/3816/3816
f 866/866/866 3836/3836/3836 3828/3828/3828
f 3864/3864/3864 2136/2136/2136 2135/2135/2135
f 3585/3585/3585 3726/3726/3726 3589/3589/3589
f 3583/3583/3583 3731/3731/3731 3585/3585/3585
f 3753/3753/3753 3738/3738/3738 3739/3739/3739
f 3740/3740/3740 3581/3581/3581 3743/3743/3743
f 1088/1088/1088 3746/3746/3746 1093/1093/1093
f 3739/3739/3739 3743/3743/3743 3753/3753/3753
f 2791/2791/2791 3493/3493/3493 2792/2792/2792
f 3492/3492/3492 2807/2807/2807 3493/3493/3493
f 2792/2792/2792 3494/3494/3494 2909/2909/2909
f 3493/3493/3493 2806/2806/2806 3494/3494/3494
f 3508/3508/3508 3494/3494/3494 3516/3516/3516
f 3516/3516/3516 2806/2806/2806 3539/3539/3539
f 2948/2948/2948 3791/3791/3791 3801/3801/3801
f 2105/2105/2105 3896/3896/3896 2104/2104/2104
f 3538/3538/3538 3804/3804/3804 2805/2805/2805
f 680/680/680 3876/3876/3876 683/683/683
f 1891/1891/1891 3910/3910/3910 3891/3891/3891
f 2905/2905/2905 3801/3801/3801 2950/2950/2950
f 2900/2900/2900 3799/3799/3799 2905/2905/2905
f 2901/2901/2901 3807/3807/3807 2877/2877/2877
f 2734/2734/2734 3806/3806/3806 3794/3794/3794
f 2877/2877/2877 3806/3806/3806 2878/2878/2878
f 2820/2820/2820 3794/3794/3794 2872/2872/2872
f 2818/2818/2818 3792/3792/3792 2827/2827/2827
f 2823/2823/2823 3792/3792/3792 2826/2826/2826
f 2822/2822/2822 3798/3798/3798 2821/2821/2821
f 2819/2819/2819 3800/3800/3800 3798/3798/3798
f 2817/2817/2817 3795/3795/3795 2816/2816/2816
f 2809/2809/2809 3795/3795/3795 2815/2815/2815
f 2808/2808/2808 3803/3803/3803 2807/2807/2807
f 2805/2805/2805 3803/3803/3803 2804/2804/2804
f 1702/1702/1702 3923/3923/3923 1599/1599/1599
f 3922/3922/3922 1797/1797/1797 1802/1802/1802
f 3915/3915/3915 1706/1706/1706 1709/1709/1709
f 3918/3918/3918 1692/1692/1692 1698/1698/1698
f 1657/1657/1657 3880/3880/3880 1879/1879/1879
f 1890/1890/1890 3895/3895/3895 3910/3910/3910
f 3772/3772/3772 1674/1674/1674 1675/1675/1675
f 1689/1689/1689 3772/3772/3772 3773/3773/3773
f 3926/3926/3926 3538/3538/3538 1688/1688/1688
f 3516/3516/3516 1689/1689/1689 3773/3773/3773
f 3917/3917/3917 1703/1703/1703 1764/1764/1764
f 1598/1598/1598 3928/3928/3928 1770/1770/1770
f 3880/3880/3880 1876/1876/1876 1879/1879/1879
f 1691/1691/1691 3925/3925/3925 3927/3927/3927
f 3925/3925/3925 1688/1688/1688 1687/1687/1687
f 1117/1117/1117 1118/1118/1118 3930/3930/3930
f 1066/1066/1066 1322/1322/1322 3930/3930/3930
f 1243/1243/1243 847/847/847 3930/3930/3930
f 3825/3825/3825 848/848/848 3930/3930/3930
f 1128/1128/1128 1117/1117/1117 3930/3930/3930
f 1129/1129/1129 1130/1130/1130 3930/3930/3930
f 841/841/841 1011/1011/1011 3930/3930/3930
f 1230/1230/1230 3863/3863/3863 3930/3930/3930
f 1242/1242/1242 1243/1243/1243 3930/3930/3930
f 1322/1322/1322 1229/1229/1229 3930/3930/3930
f 1064/1064/1064 1065/1065/1065 3930/3930/3930
f 1003/1003/1003 1128/1128/1128 3930/3930/3930
f 1229/1229/1229 1230/1230/1230 3930/3930/3930
f 3863/3863/3863 1285/1285/1285 3930/3930/3930
f 1285/1285/1285 1288/1288/1288 3930/3930/3930
f 848/848/848 839/839/839 3930/3930/3930
f 847/847/847 3825/3825/3825 3930/3930/3930
f 1118/1118/1118 1129/1129/1129 3930/3930/3930
f 1065/1065/1065 1066/1066/1066 3930/3930/3930
f 1087/1087/1087 1086/1086/1086 3930/3930/3930
f 1008/1008/1008 1002/1002/1002 3930/3930/3930
f 1011/1011/1011 1008/1008/1008 3930/3930/3930
f 1002/1002/1002 1003/1003/1003 3930/3930/3930
f 1076/1076/1076 1069/1069/1069 3930/3930/3930
f 838/838/838 841/841/841 3930/3930/3930
f 839/839/839 838/838/838 3930/3930/3930
f 1288/1288/1288 1242/1242/1242 3930/3930/3930
f 1130/1130/1130 1087/1087/1087 3930/3930/3930
f 1086/1086/1086 1076/1076/1076 3930/3930/3930
f 1069/1069/1069 1064/1064/1064 3930/3930/3930
f 2410/2410/2410 2414/2414/2414 3931/3931/3931
f 2411/2411/2411 2410/2410/2410 3931/3931/3931
f 3617/3617/3617 2285/2285/2285 3931/3931/3931
f 2394/2394/2394 2393/2393/2393 3931/3931/3931
f 2393/2393/2393 2396/2396/2396 3931/3931/3931
f 2281/2281/2281 2286/2286/2286 3931/3931/3931
f 2282/2282/2282 2280/2280/2280 3931/3931/3931
f 2398/2398/2398 2399/2399/2399 3931/3931/3931
f 2465/2465/2465 2464/2464/2464 3931/3931/3931
f 2396/2396/2396 2397/2397/2397 3931/3931/3931
f 2470/2470/2470 2469/2469/2469 3931/3931/3931
f 2399/2399/2399 2416/2416/2416 3931/3931/3931
f 2480/2480/2480 2395/2395/2395 3931/3931/3931
f 2459/2459/2459 2480/2480/2480 3931/3931/3931
f 2369/2369/2369 2282/2282/2282 3931/3931/3931
f 2460/2460/2460 2459/2459/2459 3931/3931/3931
f 2415/2415/2415 2411/2411/2411 3931/3931/3931
f 2416/2416/2416 2415/2415/2415 3931/3931/3931
f 2364/2364/2364 2363/2363/2363 3931/3931/3931
f 2286/2286/2286 3617/3617/3617 3931/3931/3931
f 2464/2464/2464 2470/2470/2470 3931/3931/3931
f 2469/2469/2469 3703/3703/3703 3931/3931/3931
f 2285/2285/2285 2465/2465/2465 3931/3931/3931
f 2414/2414/2414 2364/2364/2364 3931/3931/3931
f 2395/2395/2395 2394/2394/2394 3931/3931/3931
f 2363/2363/2363 2367/2367/2367 3931/3931/3931
f 2397/2397/2397 2398/2398/2398 3931/3931/3931
f 2280/2280/2280 2281/2281/2281 3931/3931/3931
f 3703/3703/3703 2460/2460/2460 3931/3931/3931
f 2367/2367/2367 2369/2369/2369 3931/3931/3931
f 3934/3934/3934 3937/3937/3937 3938/3938/3938
f 3934/3934/3934 3939/3939/3939 3935/3935/3935
f 3932/3932/3932 3937/3937/3937 3933/3933/3933
f 3938/3938/3938 3943/3943/3943 3939/3939/3939
f 3937/3937/3937 3940/3940/3940 3941/3941/3941
f 3937/3937/3937 3942/3942/3942 3938/3938/3938
f 3942/3942/3942 3947/3947/3947 3943/3943/3943
f 3941/3941/3941 3944/3944/3944 3945/3945/3945
f 3942/3942/3942 3945/3945/3945 3946/3946/3946
f 3947/3947/3947 3950/3950/3950 3951/3951/3951
f 3944/3944/3944 3949/3949/3949 3945/3945/3945
f 3945/3945/3945 3950/3950/3950 3946/3946/3946
f 3950/3950/3950 3955/3955/3955 3951/3951/3951
f 3949/3949/3949 3952/3952/3952 3953/3953/3953
f 3950/3950/3950 3953/3953/3953 3954/3954/3954
f 3955/3955/3955 3958/3958/3958 3959/3959/3959
f 3953/3953/3953 3956/3956/3956 3957/3957/3957
f 3953/3953/3953 3958/3958/3958 3954/3954/3954
f 3959/3959/3959 3962/3962/3962 3963/3963/3963
f 3957/3957/3957 3960/3960/3960 3961/3961/3961
f 3958/3958/3958 3961/3961/3961 3962/3962/3962
f 3962/3962/3962 3967/3967/3967 3963/3963/3963
f 3960/3960/3960 3965/3965/3965 3961/3961/3961
f 3961/3961/3961 3966/3966/3966 3962/3962/3962
f 3966/3966/3966 3971/3971/3971 3967/3967/3967
f 3965/3965/3965 3968/3968/3968 3969/3969/3969
f 3966/3966/3966 3969/3969/3969 3970/3970/3970
f 3970/3970/3970 3975/3975/3975 3971/3971/3971
f 3968/3968/3968 3973/3973/3973 3969/3969/3969
f 3969/3969/3969 3974/3974/3974 3970/3970/3970
f 3974/3974/3974 3979/3979/3979 3975/3975/3975
f 3973/3973/3973 3976/3976/3976 3977/3977/3977
f 3974/3974/3974 3977/3977/3977 3978/3978/3978
f 3979/3979/3979 3982/3982/3982 3983/3983/3983
f 3976/3976/3976 3981/3981/3981 3977/3977/3977
f 3977/3977/3977 3982/3982/3982 3978/3978/3978
f 3982/3982/3982 3987/3987/3987 3983/3983/3983
f 3981/3981/3981 3984/3984/3984 3985/3985/3985
f 3982/3982/3982 3985/3985/3985 3986/3986/3986
f 3987/3987/3987 3990/3990/3990 3991/3991/3991
f 3984/3984/3984 3989/3989/3989 3985/3985/3985
f 3985/3985/3985 3990/3990/3990 3986/3986/3986
f 3991/3991/3991 3994/3994/3994 3995/3995/3995
f 3989/3989/3989 3992/3992/3992 3993/3993/3993
f 3990/3990/3990 3993/3993/3993 3994/3994/3994
f 3995/3995/3995 3998/3998/3998 3999/3999/3999
f 3992/3992/3992 3997/3997/3997 3993/3993/3993
f 3993/3993/3993 3998/3998/3998 3994/3994/3994
f 3998/3998/3998 4003/4003/4003 3999/3999/3999
f 3997/3997/3997 4000/4000/4000 4001/4001/4001
f 3998/3998/3998 4001/4001/4001 4002/4002/4002
f 4002/4002/4002 4007/4007/4007 4003/4003/4003
f 4000/4000/4000 4005/4005/4005 4001/4001/4001
f 4001/4001/4001 4006/4006/4006 4002/4002/4002
f 4006/4006/4006 4011/4011/4011 4007/4007/4007
f 4005/4005/4005 4008/4008/4008 4009/4009/4009
f 4006/4006/4006 4009/4009/4009 4010/4010/4010
f 4011/4011/4011 4014/4014/4014 4015/4015/4015
f 4008/4008/4008 4013/4013/4013 4009/4009/4009
f 4009/4009/4009 4014/4014/4014 4010/4010/4010
f 4014/4014/4014 4019/4019/4019 4015/4015/4015
f 4013/4013/4013 4016/4016/4016 4017/4017/4017
f 4014/4014/4014 4017/4017/4017 4018/4018/4018
f 4019/4019/4019 4022/4022/4022 4023/4023/4023
f 4016/4016/4016 4021/4021/4021 4017/4017/4017
f 4017/4017/4017 4022/4022/4022 4018/4018/4018
f 4023/4023/4023 4026/4026/4026 4027/4027/4027
f 4021/4021/4021 4024/4024/4024 4025/4025/4025
f 4022/4022/4022 4025/4025/4025 4026/4026/4026
f 4027/4027/4027 4030/4030/4030 4031/4031/4031
f 4024/4024/4024 4029/4029/4029 4025/4025/4025
f 4025/4025/4025 4030/4030/4030 4026/4026/4026
f 4031/4031/4031 4034/4034/4034 4035/4035/4035
f 4029/4029/4029 4032/4032/4032 4033/4033/4033
f 4030/4030/4030 4033/4033/4033 4034/4034/4034
f 4034/4034/4034 4039/4039/4039 4035/4035/4035
f 4032/4032/4032 4037/4037/4037 4033/4033/4033
f 4033/4033/4033 4038/4038/4038 4034/4034/4034
f 4038/4038/4038 4043/4043/4043 4039/4039/4039
f 4037/4037/4037 4040/4040/4040 4041/4041/4041
f 4038/4038/4038 4041/4041/4041 4042/4042/4042
f 4043/4043/4043 4046/4046/4046 4047/4047/4047
f 4040/4040/4040 4045/4045/4045 4041/4041/4041
f 4041/4041/4041 4046/4046/4046 4042/4042/4042
f 4046/4046/4046 4051/4051/4051 4047/4047/4047
f 4045/4045/4045 4048/4048/4048 4049/4049/4049
f 4046/4046/4046 4049/4049/4049 4050/4050/4050
f 4051/4051/4051 4055/4055/4055 4056/4056/4056
f 4048/4048/4048 4054/4054/4054 4049/4049/4049
f 4049/4049/4049 4055/4055/4055 4050/4050/4050
f 4056/4056/4056 4059/4059/4059 4060/4060/4060
f 4053/4053/4053 4058/4058/4058 4054/4054/4054
f 4055/4055/4055 4058/4058/4058 4059/4059/4059
f 3932/3932/3932 4052/4052/4052 3936/3936/3936
f 3936/3936/3936 4052/4052/4052 3940/3940/3940
f 3940/3940/3940 4052/4052/4052 3944/3944/3944
f 3944/3944/3944 4052/4052/4052 3948/3948/3948
f 3948/3948/3948 4052/4052/4052 3952/3952/3952
f 3952/3952/3952 4052/4052/4052 3956/3956/3956
f 3956/3956/3956 4052/4052/4052 3960/3960/3960
f 3960/3960/3960 4052/4052/4052 3964/3964/3964
f 3964/3964/3964 4052/4052/4052 3968/3968/3968
f 3968/3968/3968 4052/4052/4052 3972/3972/3972
f 3972/3972/3972 4052/4052/4052 3976/3976/3976
f 3976/3976/3976 4052/4052/4052 3980/3980/3980
f 3980/3980/3980 4052/4052/4052 3984/3984/3984
f 3984/3984/3984 4052/4052/4052 3988/3988/3988
f 3988/3988/3988 4052/4052/4052 3992/3992/3992
f 3992/3992/3992 4052/4052/4052 3996/3996/3996
f 3996/3996/3996 4052/4052/4052 4000/4000/4000
f 4000/4000/4000 4052/4052/4052 4004/4004/4004
f 4004/4004/4004 4052/4052/4052 4008/4008/4008
f 4008/4008/4008 4052/4052/4052 4012/4012/4012
f 4012/4012/4012 4052/4052/4052 4016/4016/4016
f 4016/4016/4016 4052/4052/4052 4020/4020/4020
f 4020/4020/4020 4052/4052/4052 4024/4024/4024
f 4024/4024/4024 4052/4052/4052 4028/4028/4028
f 4028/4028/4028 4052/4052/4052 4032/4032/4032
f 4032/4032/4032 4052/4052/4052 4036/4036/4036
f 4036/4036/4036 4052/4052/4052 4040/4040/4040
f 4040/4040/4040 4052/4052/4052 4044/4044/4044
f 4044/4044/4044 4052/4052/4052 4048/4048/4048
f 4048/4048/4048 4052/4052/4052 4053/4053/4053
f 4053/4053/4053 4052/4052/4052 4057/4057/4057
f 4060/4060/4060 3934/3934/3934 3935/3935/3935
f 4058/4058/4058 3932/3932/3932 3933/3933/3933
f 4058/4058/4058 3934/3934/3934 4059/4059/4059
f 4057/4057/4057 4052/4052/4052 3932/3932/3932
f 4069/4069/4069 4081/4081/4081 4082/4082/4082
f 4066/4066/4066 4080/4080/4080 4067/4067/4067
f 4065/4065/4065 4077/4077/4077 4078/4078/4078
f 4063/4063/4063 4075/4075/4075 4076/4076/4076
f 4071/4071/4071 4085/4085/4085 4072/4072/4072
f 4069/4069/4069 4083/4083/4083 4070/4070/4070
f 4067/4067/4067 4081/4081/4081 4068/4068/4068
f 4066/4066/4066 4078/4078/4078 4079/4079/4079
f 4063/4063/4063 4077/4077/4077 4064/4064/4064
f 4061/4061/4061 4075/4075/4075 4062/4062/4062
f 4072/4072/4072 4086/4086/4086 4073/4073/4073
f 4071/4071/4071 4083/4083/4083 4084/4084/4084
f 4076/4076/4076 4090/4090/4090 4077/4077/4077
f 4074/4074/4074 4088/4088/4088 4075/4075/4075
f 4086/4086/4086 4098/4098/4098 4099/4099/4099
f 4083/4083/4083 4097/4097/4097 4084/4084/4084
f 4082/4082/4082 4094/4094/4094 4095/4095/4095
f 4079/4079/4079 4093/4093/4093 4080/4080/4080
f 4078/4078/4078 4090/4090/4090 4091/4091/4091
f 4076/4076/4076 4088/4088/4088 4089/4089/4089
f 4085/4085/4085 4097/4097/4097 4098/4098/4098
f 4082/4082/4082 4096/4096/4096 4083/4083/4083
f 4080/4080/4080 4094/4094/4094 4081/4081/4081
f 4079/4079/4079 4091/4091/4091 4092/4092/4092
f 4089/4089/4089 4103/4103/4103 4090/4090/4090
f 4088/4088/4088 4100/4100/4100 4101/4101/4101
f 4098/4098/4098 4112/4112/4112 4099/4099/4099
f 4096/4096/4096 4110/4110/4110 4097/4097/4097
f 4095/4095/4095 4107/4107/4107 4108/4108/4108
f 4092/4092/4092 4106/4106/4106 4093/4093/4093
f 4090/4090/4090 4104/4104/4104 4091/4091/4091
f 4089/4089/4089 4101/4101/4101 4102/4102/4102
f 4097/4097/4097 4111/4111/4111 4098/4098/4098
f 4095/4095/4095 4109/4109/4109 4096/4096/4096
f 4094/4094/4094 4106/4106/4106 4107/4107/4107
f 4092/4092/4092 4104/4104/4104 4105/4105/4105
f 4103/4103/4103 4115/4115/4115 4116/4116/4116
f 4100/4100/4100 4114/4114/4114 4101/4101/4101
f 4112/4112/4112 4124/4124/4124 4125/4125/4125
f 4110/4110/4110 4122/4122/4122 4123/4123/4123
f 4107/4107/4107 4121/4121/4121 4108/4108/4108
f 4105/4105/4105 4119/4119/4119 4106/4106/4106
f 4103/4103/4103 4117/4117/4117 4104/4104/4104
f 4101/4101/4101 4115/4115/4115 4102/4102/4102
f 4110/4110/4110 4124/4124/4124 4111/4111/4111
f 4109/4109/4109 4121/4121/4121 4122/4122/4122
f 4107/4107/4107 4119/4119/4119 4120/4120/4120
f 4105/4105/4105 4117/4117/4117 4118/4118/4118
f 4115/4115/4115 4129/4129/4129 4116/4116/4116
f 4114/4114/4114 4126/4126/4126 4127/4127/4127
f 4124/4124/4124 4138/4138/4138 4125/4125/4125
f 4123/4123/4123 4135/4135/4135 4136/4136/4136
f 4120/4120/4120 4134/4134/4134 4121/4121/4121
f 4119/4119/4119 4131/4131/4131 4132/4132/4132
f 4117/4117/4117 4129/4129/4129 4130/4130/4130
f 4114/4114/4114 4128/4128/4128 4115/4115/4115
f 4124/4124/4124 4136/4136/4136 4137/4137/4137
f 4122/4122/4122 4134/4134/4134 4135/4135/4135
f 4119/4119/4119 4133/4133/4133 4120/4120/4120
f 4117/4117/4117 4131/4131/4131 4118/4118/4118
f 4129/4129/4129 4141/4141/4141 4142/4142/4142
f 4126/4126/4126 4140/4140/4140 4127/4127/4127
f 4138/4138/4138 4150/4150/4150 4151/4151/4151
f 4136/4136/4136 4148/4148/4148 4149/4149/4149
f 4133/4133/4133 4147/4147/4147 4134/4134/4134
f 4131/4131/4131 4145/4145/4145 4132/4132/4132
f 4130/4130/4130 4142/4142/4142 4143/4143/4143
f 4127/4127/4127 4141/4141/4141 4128/4128/4128
f 4137/4137/4137 4149/4149/4149 4150/4150/4150
f 4135/4135/4135 4147/4147/4147 4148/4148/4148
f 4132/4132/4132 4146/4146/4146 4133/4133/4133
f 4131/4131/4131 4143/4143/4143 4144/4144/4144
f 4142/4142/4142 4154/4154/4154 4155/4155/4155
f 4140/4140/4140 4152/4152/4152 4153/4153/4153
f 4150/4150/4150 4164/4164/4164 4151/4151/4151
f 4149/4149/4149 4161/4161/4161 4162/4162/4162
f 4146/4146/4146 4160/4160/4160 4147/4147/4147
f 4144/4144/4144 4158/4158/4158 4145/4145/4145
f 4142/4142/4142 4156/4156/4156 4143/4143/4143
f 4140/4140/4140 4154/4154/4154 4141/4141/4141
f 4149/4149/4149 4163/4163/4163 4150/4150/4150
f 4148/4148/4148 4160/4160/4160 4161/4161/4161
f 4146/4146/4146 4158/4158/4158 4159/4159/4159
f 4144/4144/4144 4156/4156/4156 4157/4157/4157
f 4155/4155/4155 4167/4167/4167 4168/4168/4168
f 4153/4153/4153 4165/4165/4165 4166/4166/4166
f 4163/4163/4163 4177/4177/4177 4164/4164/4164
f 4161/4161/4161 4175/4175/4175 4162/4162/4162
f 4159/4159/4159 4173/4173/4173 4160/4160/4160
f 4158/4158/4158 4170/4170/4170 4171/4171/4171
f 4155/4155/4155 4169/4169/4169 4156/4156/4156
f 4153/4153/4153 4167/4167/4167 4154/4154/4154
f 4163/4163/4163 4175/4175/4175 4176/4176/4176
f 4161/4161/4161 4173/4173/4173 4174/4174/4174
f 4159/4159/4159 4171/4171/4171 4172/4172/4172
f 4156/4156/4156 4170/4170/4170 4157/4157/4157
f 4167/4167/4167 4181/4181/4181 4168/4168/4168
f 4165/4165/4165 4179/4179/4179 4166/4166/4166
f 4176/4176/4176 4190/4190/4190 4177/4177/4177
f 4175/4175/4175 4187/4187/4187 4188/4188/4188
f 4173/4173/4173 4185/4185/4185 4186/4186/4186
f 4170/4170/4170 4184/4184/4184 4171/4171/4171
f 4169/4169/4169 4181/4181/4181 4182/4182/4182
f 4167/4167/4167 4179/4179/4179 4180/4180/4180
f 4175/4175/4175 4189/4189/4189 4176/4176/4176
f 4173/4173/4173 4187/4187/4187 4174/4174/4174
f 4171/4171/4171 4185/4185/4185 4172/4172/4172
f 4170/4170/4170 4182/4182/4182 4183/4183/4183
f 4180/4180/4180 4194/4194/4194 4181/4181/4181
f 4178/4178/4178 4192/4192/4192 4179/4179/4179
f 4190/4190/4190 4202/4202/4202 4203/4203/4203
f 4187/4187/4187 4201/4201/4201 4188/4188/4188
f 4186/4186/4186 4198/4198/4198 4199/4199/4199
f 4183/4183/4183 4197/4197/4197 4184/4184/4184
f 4182/4182/4182 4194/4194/4194 4195/4195/4195
f 4180/4180/4180 4192/4192/4192 4193/4193/4193
f 4189/4189/4189 4201/4201/4201 4202/4202/4202
f 4186/4186/4186 4200/4200/4200 4187/4187/4187
f 4184/4184/4184 4198/4198/4198 4185/4185/4185
f 4183/4183/4183 4195/4195/4195 4196/4196/4196
f 4193/4193/4193 4207/4207/4207 4194/4194/4194
f 4192/4192/4192 4204/4204/4204 4205/4205/4205
f 4202/4202/4202 4216/4216/4216 4203/4203/4203
f 4200/4200/4200 4214/4214/4214 4201/4201/4201
f 4199/4199/4199 4211/4211/4211 4212/4212/4212
f 4196/4196/4196 4210/4210/4210 4197/4197/4197
f 4194/4194/4194 4208/4208/4208 4195/4195/4195
f 4193/4193/4193 4205/4205/4205 4206/4206/4206
f 4201/4201/4201 4215/4215/4215 4202/4202/4202
f 4199/4199/4199 4213/4213/4213 4200/4200/4200
f 4198/4198/4198 4210/4210/4210 4211/4211/4211
f 4196/4196/4196 4208/4208/4208 4209/4209/4209
f 4207/4207/4207 4219/4219/4219 4220/4220/4220
f 4204/4204/4204 4218/4218/4218 4205/4205/4205
f 4216/4216/4216 4228/4228/4228 4229/4229/4229
f 4213/4213/4213 4227/4227/4227 4214/4214/4214
f 4211/4211/4211 4225/4225/4225 4212/4212/4212
f 4209/4209/4209 4223/4223/4223 4210/4210/4210
f 4207/4207/4207 4221/4221/4221 4208/4208/4208
f 4205/4205/4205 4219/4219/4219 4206/4206/4206
f 4214/4214/4214 4228/4228/4228 4215/4215/4215
f 4213/4213/4213 4225/4225/4225 4226/4226/4226
f 4211/4211/4211 4223/4223/4223 4224/4224/4224
f 4209/4209/4209 4221/4221/4221 4222/4222/4222
f 4219/4219/4219 4233/4233/4233 4220/4220/4220
f 4218/4218/4218 4230/4230/4230 4231/4231/4231
f 4228/4228/4228 4242/4242/4242 4229/4229/4229
f 4226/4226/4226 4240/4240/4240 4227/4227/4227
f 4225/4225/4225 4237/4237/4237 4238/4238/4238
f 4223/4223/4223 4235/4235/4235 4236/4236/4236
f 4221/4221/4221 4233/4233/4233 4234/4234/4234
f 4218/4218/4218 4232/4232/4232 4219/4219/4219
f 4228/4228/4228 4240/4240/4240 4241/4241/4241
f 4226/4226/4226 4238/4238/4238 4239/4239/4239
f 4223/4223/4223 4237/4237/4237 4224/4224/4224
f 4221/4221/4221 4235/4235/4235 4222/4222/4222
f 4233/4233/4233 4245/4245/4245 4246/4246/4246
f 4230/4230/4230 4244/4244/4244 4231/4231/4231
f 4242/4242/4242 4254/4254/4254 4255/4255/4255
f 4240/4240/4240 4252/4252/4252 4253/4253/4253
f 4237/4237/4237 4251/4251/4251 4238/4238/4238
f 4235/4235/4235 4249/4249/4249 4236/4236/4236
f 4234/4234/4234 4246/4246/4246 4247/4247/4247
f 4231/4231/4231 4245/4245/4245 4232/4232/4232
f 4241/4241/4241 4253/4253/4253 4254/4254/4254
f 4239/4239/4239 4251/4251/4251 4252/4252/4252
f 4236/4236/4236 4250/4250/4250 4237/4237/4237
f 4235/4235/4235 4247/4247/4247 4248/4248/4248
f 4246/4246/4246 4258/4258/4258 4259/4259/4259
f 4244/4244/4244 4256/4256/4256 4257/4257/4257
f 4254/4254/4254 4268/4268/4268 4255/4255/4255
f 4253/4253/4253 4265/4265/4265 4266/4266/4266
f 4250/4250/4250 4264/4264/4264 4251/4251/4251
f 4248/4248/4248 4262/4262/4262 4249/4249/4249
f 4246/4246/4246 4260/4260/4260 4247/4247/4247
f 4244/4244/4244 4258/4258/4258 4245/4245/4245
f 4253/4253/4253 4267/4267/4267 4254/4254/4254
f 4252/4252/4252 4264/4264/4264 4265/4265/4265
f 4250/4250/4250 4262/4262/4262 4263/4263/4263
f 4248/4248/4248 4260/4260/4260 4261/4261/4261
f 4259/4259/4259 4271/4271/4271 4272/4272/4272
f 4257/4257/4257 4269/4269/4269 4270/4270/4270
f 4267/4267/4267 4281/4281/4281 4268/4268/4268
f 4265/4265/4265 4279/4279/4279 4266/4266/4266
f 4263/4263/4263 4277/4277/4277 4264/4264/4264
f 4262/4262/4262 4274/4274/4274 4275/4275/4275
f 4259/4259/4259 4273/4273/4273 4260/4260/4260
f 4257/4257/4257 4271/4271/4271 4258/4258/4258
f 4266/4266/4266 4280/4280/4280 4267/4267/4267
f 4265/4265/4265 4277/4277/4277 4278/4278/4278
f 4263/4263/4263 4275/4275/4275 4276/4276/4276
f 4260/4260/4260 4274/4274/4274 4261/4261/4261
f 4271/4271/4271 4285/4285/4285 4272/4272/4272
f 4269/4269/4269 4283/4283/4283 4270/4270/4270
f 4281/4281/4281 4293/4293/4293 4294/4294/4294
f 4279/4279/4279 4291/4291/4291 4292/4292/4292
f 4277/4277/4277 4289/4289/4289 4290/4290/4290
f 4274/4274/4274 4288/4288/4288 4275/4275/4275
f 4273/4273/4273 4285/4285/4285 4286/4286/4286
f 4271/4271/4271 4283/4283/4283 4284/4284/4284
f 4280/4280/4280 4292/4292/4292 4293/4293/4293
f 4277/4277/4277 4291/4291/4291 4278/4278/4278
f 4275/4275/4275 4289/4289/4289 4276/4276/4276
f 4274/4274/4274 4286/4286/4286 4287/4287/4287
f 4284/4284/4284 4298/4298/4298 4285/4285/4285
f 4282/4282/4282 4296/4296/4296 4283/4283/4283
f 4294/4294/4294 4306/4306/4306 4307/4307/4307
f 4291/4291/4291 4305/4305/4305 4292/4292/4292
f 4290/4290/4290 4302/4302/4302 4303/4303/4303
f 4287/4287/4287 4301/4301/4301 4288/4288/4288
f 4286/4286/4286 4298/4298/4298 4299/4299/4299
f 4284/4284/4284 4296/4296/4296 4297/4297/4297
f 4293/4293/4293 4305/4305/4305 4306/4306/4306
f 4290/4290/4290 4304/4304/4304 4291/4291/4291
f 4288/4288/4288 4302/4302/4302 4289/4289/4289
f 4287/4287/4287 4299/4299/4299 4300/4300/4300
f 4297/4297/4297 4311/4311/4311 4298/4298/4298
f 4296/4296/4296 4308/4308/4308 4309/4309/4309
f 4306/4306/4306 4320/4320/4320 4307/4307/4307
f 4304/4304/4304 4318/4318/4318 4305/4305/4305
f 4303/4303/4303 4315/4315/4315 4316/4316/4316
f 4300/4300/4300 4314/4314/4314 4301/4301/4301
f 4298/4298/4298 4312/4312/4312 4299/4299/4299
f 4297/4297/4297 4309/4309/4309 4310/4310/4310
f 4305/4305/4305 4319/4319/4319 4306/4306/4306
f 4304/4304/4304 4316/4316/4316 4317/4317/4317
f 4302/4302/4302 4314/4314/4314 4315/4315/4315
f 4300/4300/4300 4312/4312/4312 4313/4313/4313
f 4310/4310/4310 4324/4324/4324 4311/4311/4311
f 4308/4308/4308 4322/4322/4322 4309/4309/4309
f 4320/4320/4320 4332/4332/4332 4333/4333/4333
f 4318/4318/4318 4330/4330/4330 4331/4331/4331
f 4316/4316/4316 4328/4328/4328 4329/4329/4329
f 4313/4313/4313 4327/4327/4327 4314/4314/4314
f 4311/4311/4311 4325/4325/4325 4312/4312/4312
f 4310/4310/4310 4322/4322/4322 4323/4323/4323
f 4318/4318/4318 4332/4332/4332 4319/4319/4319
f 4316/4316/4316 4330/4330/4330 4317/4317/4317
f 4315/4315/4315 4327/4327/4327 4328/4328/4328
f 4312/4312/4312 4326/4326/4326 4313/4313/4313
f 4323/4323/4323 4337/4337/4337 4324/4324/4324
f 4322/4322/4322 4334/4334/4334 4335/4335/4335
f 4332/4332/4332 4346/4346/4346 4333/4333/4333
f 4330/4330/4330 4344/4344/4344 4331/4331/4331
f 4329/4329/4329 4341/4341/4341 4342/4342/4342
f 4327/4327/4327 4339/4339/4339 4340/4340/4340
f 4325/4325/4325 4337/4337/4337 4338/4338/4338
f 4322/4322/4322 4336/4336/4336 4323/4323/4323
f 4332/4332/4332 4344/4344/4344 4345/4345/4345
f 4330/4330/4330 4342/4342/4342 4343/4343/4343
f 4327/4327/4327 4341/4341/4341 4328/4328/4328
f 4325/4325/4325 4339/4339/4339 4326/4326/4326
f 4337/4337/4337 4350/4350/4350 4351/4351/4351
f 4334/4334/4334 4349/4349/4349 4335/4335/4335
f 4346/4346/4346 4359/4359/4359 4360/4360/4360
f 4344/4344/4344 4357/4357/4357 4358/4358/4358
f 4341/4341/4341 4356/4356/4356 4342/4342/4342
f 4340/4340/4340 4353/4353/4353 4354/4354/4354
f 4338/4338/4338 4351/4351/4351 4352/4352/4352
f 4335/4335/4335 4350/4350/4350 4336/4336/4336
f 4345/4345/4345 4358/4358/4358 4359/4359/4359
f 4343/4343/4343 4356/4356/4356 4357/4357/4357
f 4340/4340/4340 4355/4355/4355 4341/4341/4341
f 4338/4338/4338 4353/4353/4353 4339/4339/4339
f 4351/4351/4351 4363/4363/4363 4364/4364/4364
f 4349/4349/4349 4361/4361/4361 4362/4362/4362
f 4359/4359/4359 4373/4373/4373 4360/4360/4360
f 4358/4358/4358 4370/4370/4370 4371/4371/4371
f 4355/4355/4355 4369/4369/4369 4356/4356/4356
f 4354/4354/4354 4366/4366/4366 4367/4367/4367
f 4351/4351/4351 4365/4365/4365 4352/4352/4352
f 4349/4349/4349 4363/4363/4363 4350/4350/4350
f 4358/4358/4358 4372/4372/4372 4359/4359/4359
f 4357/4357/4357 4369/4369/4369 4370/4370/4370
f 4355/4355/4355 4367/4367/4367 4368/4368/4368
f 4352/4352/4352 4366/4366/4366 4353/4353/4353
f 4364/4364/4364 4376/4376/4376 4377/4377/4377
f 4362/4362/4362 4374/4374/4374 4375/4375/4375
f 4373/4373/4373 4385/4385/4385 4386/4386/4386
f 4370/4370/4370 4384/4384/4384 4371/4371/4371
f 4368/4368/4368 4382/4382/4382 4369/4369/4369
f 4367/4367/4367 4379/4379/4379 4380/4380/4380
f 4364/4364/4364 4378/4378/4378 4365/4365/4365
f 4362/4362/4362 4376/4376/4376 4363/4363/4363
f 4372/4372/4372 4384/4384/4384 4385/4385/4385
f 4370/4370/4370 4382/4382/4382 4383/4383/4383
f 4368/4368/4368 4380/4380/4380 4381/4381/4381
f 4365/4365/4365 4379/4379/4379 4366/4366/4366
f 4376/4376/4376 4390/4390/4390 4377/4377/4377
f 4374/4374/4374 4388/4388/4388 4375/4375/4375
f 4385/4385/4385 4399/4399/4399 4386/4386/4386
f 4384/4384/4384 4396/4396/4396 4397/4397/4397
f 4382/4382/4382 4394/4394/4394 4395/4395/4395
f 4379/4379/4379 4393/4393/4393 4380/4380/4380
f 4378/4378/4378 4390/4390/4390 4391/4391/4391
f 4376/4376/4376 4388/4388/4388 4389/4389/4389
f 4384/4384/4384 4398/4398/4398 4385/4385/4385
f 4382/4382/4382 4396/4396/4396 4383/4383/4383
f 4380/4380/4380 4394/4394/4394 4381/4381/4381
f 4379/4379/4379 4391/4391/4391 4392/4392/4392
f 4389/4389/4389 4403/4403/4403 4390/4390/4390
f 4387/4387/4387 4401/4401/4401 4388/4388/4388
f 4399/4399/4399 4411/4411/4411 4412/4412/4412
f 4396/4396/4396 4410/4410/4410 4397/4397/4397
f 4395/4395/4395 4407/4407/4407 4408/4408/4408
f 4393/4393/4393 4405/4405/4405 4406/4406/4406
f 4391/4391/4391 4403/4403/4403 4404/4404/4404
f 4389/4389/4389 4401/4401/4401 4402/4402/4402
f 4398/4398/4398 4410/4410/4410 4411/4411/4411
f 4395/4395/4395 4409/4409/4409 4396/4396/4396
f 4393/4393/4393 4407/4407/4407 4394/4394/4394
f 4391/4391/4391 4405/4405/4405 4392/4392/4392
f 4402/4402/4402 4416/4416/4416 4403/4403/4403
f 4401/4401/4401 4413/4413/4413 4414/4414/4414
f 4411/4411/4411 4425/4425/4425 4412/4412/4412
f 4409/4409/4409 4423/4423/4423 4410/4410/4410
f 4408/4408/4408 4420/4420/4420 4421/4421/4421
f 4406/4406/4406 4418/4418/4418 4419/4419/4419
f 4403/4403/4403 4417/4417/4417 4404/4404/4404
f 4402/4402/4402 4414/4414/4414 4415/4415/4415
f 4410/4410/4410 4424/4424/4424 4411/4411/4411
f 4408/4408/4408 4422/4422/4422 4409/4409/4409
f 4407/4407/4407 4419/4419/4419 4420/4420/4420
f 4404/4404/4404 4418/4418/4418 4405/4405/4405
f 4416/4416/4416 4428/4428/4428 4429/4429/4429
f 4413/4413/4413 4427/4427/4427 4414/4414/4414
f 4425/4425/4425 4437/4437/4437 4438/4438/4438
f 4423/4423/4423 4435/4435/4435 4436/4436/4436
f 4421/4421/4421 4433/4433/4433 4434/4434/4434
f 4418/4418/4418 4432/4432/4432 4419/4419/4419
f 4416/4416/4416 4430/4430/4430 4417/4417/4417
f 4415/4415/4415 4427/4427/4427 4428/4428/4428
f 4423/4423/4423 4437/4437/4437 4424/4424/4424
f 4421/4421/4421 4435/4435/4435 4422/4422/4422
f 4420/4420/4420 4432/4432/4432 4433/4433/4433
f 4418/4418/4418 4430/4430/4430 4431/4431/4431
f 4428/4428/4428 4442/4442/4442 4429/4429/4429
f 4426/4426/4426 4440/4440/4440 4427/4427/4427
f 4437/4437/4437 4451/4451/4451 4438/4438/4438
f 4435/4435/4435 4449/4449/4449 4436/4436/4436
f 4434/4434/4434 4446/4446/4446 4447/4447/4447
f 4432/4432/4432 4444/4444/4444 4445/4445/4445
f 4430/4430/4430 4442/4442/4442 4443/4443/4443
f 4427/4427/4427 4441/4441/4441 4428/4428/4428
f 4437/4437/4437 4449/4449/4449 4450/4450/4450
f 4435/4435/4435 4447/4447/4447 4448/4448/4448
f 4432/4432/4432 4446/4446/4446 4433/4433/4433
f 4430/4430/4430 4444/4444/4444 4431/4431/4431
f 4442/4442/4442 4454/4454/4454 4455/4455/4455
f 4439/4439/4439 4453/4453/4453 4440/4440/4440
f 4451/4451/4451 4463/4463/4463 4464/4464/4464
f 4449/4449/4449 4461/4461/4461 4462/4462/4462
f 4446/4446/4446 4460/4460/4460 4447/4447/4447
f 4444/4444/4444 4458/4458/4458 4445/4445/4445
f 4443/4443/4443 4455/4455/4455 4456/4456/4456
f 4440/4440/4440 4454/4454/4454 4441/4441/4441
f 4450/4450/4450 4462/4462/4462 4463/4463/4463
f 4447/4447/4447 4461/4461/4461 4448/4448/4448
f 4445/4445/4445 4459/4459/4459 4446/4446/4446
f 4444/4444/4444 4456/4456/4456 4457/4457/4457
f 4455/4455/4455 4467/4467/4467 4468/4468/4468
f 4453/4453/4453 4465/4465/4465 4466/4466/4466
f 4463/4463/4463 4477/4477/4477 4464/4464/4464
f 4462/4462/4462 4474/4474/4474 4475/4475/4475
f 4459/4459/4459 4473/4473/4473 4460/4460/4460
f 4457/4457/4457 4471/4471/4471 4458/4458/4458
f 4455/4455/4455 4469/4469/4469 4456/4456/4456
f 4453/4453/4453 4467/4467/4467 4454/4454/4454
f 4462/4462/4462 4476/4476/4476 4463/4463/4463
f 4461/4461/4461 4473/4473/4473 4474/4474/4474
f 4459/4459/4459 4471/4471/4471 4472/4472/4472
f 4457/4457/4457 4469/4469/4469 4470/4470/4470
f 4347/4347/4347 4073/4073/4073 4086/4086/4086
f 4347/4347/4347 4086/4086/4086 4099/4099/4099
f 4347/4347/4347 4099/4099/4099 4112/4112/4112
f 4347/4347/4347 4112/4112/4112 4125/4125/4125
f 4347/4347/4347 4125/4125/4125 4138/4138/4138
f 4347/4347/4347 4138/4138/4138 4151/4151/4151
f 4347/4347/4347 4151/4151/4151 4164/4164/4164
f 4347/4347/4347 4164/4164/4164 4177/4177/4177
f 4347/4347/4347 4177/4177/4177 4190/4190/4190
f 4347/4347/4347 4190/4190/4190 4203/4203/4203
f 4347/4347/4347 4203/4203/4203 4216/4216/4216
f 4347/4347/4347 4216/4216/4216 4229/4229/4229
f 4347/4347/4347 4229/4229/4229 4242/4242/4242
f 4347/4347/4347 4242/4242/4242 4255/4255/4255
f 4347/4347/4347 4255/4255/4255 4268/4268/4268
f 4347/4347/4347 4268/4268/4268 4281/4281/4281
f 4347/4347/4347 4281/4281/4281 4294/4294/4294
f 4347/4347/4347 4294/4294/4294 4307/4307/4307
f 4347/4347/4347 4307/4307/4307 4320/4320/4320
f 4347/4347/4347 4320/4320/4320 4333/4333/4333
f 4347/4347/4347 4333/4333/4333 4346/4346/4346
f 4347/4347/4347 4346/4346/4346 4360/4360/4360
f 4347/4347/4347 4360/4360/4360 4373/4373/4373
f 4347/4347/4347 4373/4373/4373 4386/4386/4386
f 4347/4347/4347 4386/4386/4386 4399/4399/4399
f 4347/4347/4347 4399/4399/4399 4412/4412/4412
f 4347/4347/4347 4412/4412/4412 4425/4425/4425
f 4347/4347/4347 4425/4425/4425 4438/4438/4438
f 4347/4347/4347 4438/4438/4438 4451/4451/4451
f 4347/4347/4347 4451/4451/4451 4464/4464/4464
f 4347/4347/4347 4464/4464/4464 4477/4477/4477
f 4468/4468/4468 4063/4063/4063 4064/4064/4064
f 4466/4466/4466 4061/4061/4061 4062/4062/4062
f 4477/4477/4477 4072/4072/4072 4073/4073/4073
f 4474/4474/4474 4071/4071/4071 4475/4475/4475
f 4472/4472/4472 4069/4069/4069 4473/4473/4473
f 4471/4471/4471 4066/4066/4066 4067/4067/4067
f 4468/4468/4468 4065/4065/4065 4469/4469/4469
f 4466/4466/4466 4063/4063/4063 4467/4467/4467
f 4347/4347/4347 4477/4477/4477 4073/4073/4073
f 4476/4476/4476 4071/4071/4071 4072/4072/4072
f 4474/4474/4474 4069/4069/4069 4070/4070/4070
f 4472/4472/4472 4067/4067/4067 4068/4068/4068
f 4469/4469/4469 4066/4066/4066 4470/4470/4470
f 3935/3935/3935 4465/4465/4465 4060/4060/4060
f 4465/4465/4465 4056/4056/4056 4060/4060/4060
f 4452/4452/4452 4051/4051/4051 4056/4056/4056
f 4439/4439/4439 4047/4047/4047 4051/4051/4051
f 4047/4047/4047 4413/4413/4413 4043/4043/4043
f 4043/4043/4043 4400/4400/4400 4039/4039/4039
f 4039/4039/4039 4387/4387/4387 4035/4035/4035
f 4387/4387/4387 4031/4031/4031 4035/4035/4035
f 4031/4031/4031 4361/4361/4361 4027/4027/4027
f 4361/4361/4361 4023/4023/4023 4027/4027/4027
f 4348/4348/4348 4019/4019/4019 4023/4023/4023
f 4334/4334/4334 4015/4015/4015 4019/4019/4019
f 4015/4015/4015 4308/4308/4308 4011/4011/4011
f 4011/4011/4011 4295/4295/4295 4007/4007/4007
f 4007/4007/4007 4282/4282/4282 4003/4003/4003
f 4282/4282/4282 3999/3999/3999 4003/4003/4003
f 3999/3999/3999 4256/4256/4256 3995/3995/3995
f 4256/4256/4256 3991/3991/3991 3995/3995/3995
f 4243/4243/4243 3987/3987/3987 3991/3991/3991
f 4230/4230/4230 3983/3983/3983 3987/3987/3987
f 3983/3983/3983 4204/4204/4204 3979/3979/3979
f 3979/3979/3979 4191/4191/4191 3975/3975/3975
f 3975/3975/3975 4178/4178/4178 3971/3971/3971
f 4178/4178/4178 3967/3967/3967 3971/3971/3971
f 3967/3967/3967 4152/4152/4152 3963/3963/3963
f 4152/4152/4152 3959/3959/3959 3963/3963/3963
f 4139/4139/4139 3955/3955/3955 3959/3959/3959
f 4126/4126/4126 3951/3951/3951 3955/3955/3955
f 3951/3951/3951 4100/4100/4100 3947/3947/3947
f 3947/3947/3947 4087/4087/4087 3943/3943/3943
f 3943/3943/3943 4074/4074/4074 3939/3939/3939
f 4074/4074/4074 3935/3935/3935 3939/3939/3939
f 4480/4480/4480 4483/4483/4483 4484/4484/4484
f 4480/4480/4480 4485/4485/4485 4481/4481/4481
f 4479/4479/4479 4482/4482/4482 4483/4483/4483
f 4484/4484/4484 4489/4489/4489 4485/4485/4485
f 4482/4482/4482 4487/4487/4487 4483/4483/4483
f 4483/4483/4483 4488/4488/4488 4484/4484/4484
f 4488/4488/4488 4493/4493/4493 4489/4489/4489
f 4487/4487/4487 4490/4490/4490 4491/4491/4491
f 4488/4488/4488 4491/4491/4491 4492/4492/4492
f 4493/4493/4493 4496/4496/4496 4497/4497/4497
f 4490/4490/4490 4495/4495/4495 4491/4491/4491
f 4491/4491/4491 4496/4496/4496 4492/4492/4492
f 4496/4496/4496 4501/4501/4501 4497/4497/4497
f 4495/4495/4495 4498/4498/4498 4499/4499/4499
f 4496/4496/4496 4499/4499/4499 4500/4500/4500
f 4501/4501/4501 4504/4504/4504 4505/4505/4505
f 4498/4498/4498 4503/4503/4503 4499/4499/4499
f 4499/4499/4499 4504/4504/4504 4500/4500/4500
f 4505/4505/4505 4508/4508/4508 4509/4509/4509
f 4503/4503/4503 4506/4506/4506 4507/4507/4507
f 4504/4504/4504 4507/4507/4507 4508/4508/4508
f 4509/4509/4509 4512/4512/4512 4513/4513/4513
f 4506/4506/4506 4511/4511/4511 4507/4507/4507
f 4507/4507/4507 4512/4512/4512 4508/4508/4508
f 4513/4513/4513 4516/4516/4516 4517/4517/4517
f 4511/4511/4511 4514/4514/4514 4515/4515/4515
f 4512/4512/4512 4515/4515/4515 4516/4516/4516
f 4516/4516/4516 4521/4521/4521 4517/4517/4517
f 4514/4514/4514 4519/4519/4519 4515/4515/4515
f 4515/4515/4515 4520/4520/4520 4516/4516/4516
f 4520/4520/4520 4525/4525/4525 4521/4521/4521
f 4518/4518/4518 4523/4523/4523 4519/4519/4519
f 4520/4520/4520 4523/4523/4523 4524/4524/4524
f 4525/4525/4525 4528/4528/4528 4529/4529/4529
f 4522/4522/4522 4527/4527/4527 4523/4523/4523
f 4523/4523/4523 4528/4528/4528 4524/4524/4524
f 4528/4528/4528 4533/4533/4533 4529/4529/4529
f 4527/4527/4527 4530/4530/4530 4531/4531/4531
f 4528/4528/4528 4531/4531/4531 4532/4532/4532
f 4533/4533/4533 4536/4536/4536 4537/4537/4537
f 4530/4530/4530 4535/4535/4535 4531/4531/4531
f 4531/4531/4531 4536/4536/4536 4532/4532/4532
f 4537/4537/4537 4540/4540/4540 4541/4541/4541
f 4534/4534/4534 4539/4539/4539 4535/4535/4535
f 4536/4536/4536 4539/4539/4539 4540/4540/4540
f 4541/4541/4541 4544/4544/4544 4545/4545/4545
f 4539/4539/4539 4542/4542/4542 4543/4543/4543
f 4539/4539/4539 4544/4544/4544 4540/4540/4540
f 4544/4544/4544 4549/4549/4549 4545/4545/4545
f 4542/4542/4542 4547/4547/4547 4543/4543/4543
f 4544/4544/4544 4547/4547/4547 4548/4548/4548
f 4548/4548/4548 4553/4553/4553 4549/4549/4549
f 4547/4547/4547 4550/4550/4550 4551/4551/4551
f 4547/4547/4547 4552/4552/4552 4548/4548/4548
f 4552/4552/4552 4557/4557/4557 4553/4553/4553
f 4551/4551/4551 4554/4554/4554 4555/4555/4555
f 4552/4552/4552 4555/4555/4555 4556/4556/4556
f 4557/4557/4557 4560/4560/4560 4561/4561/4561
f 4554/4554/4554 4559/4559/4559 4555/4555/4555
f 4555/4555/4555 4560/4560/4560 4556/4556/4556
f 4560/4560/4560 4565/4565/4565 4561/4561/4561
f 4559/4559/4559 4562/4562/4562 4563/4563/4563
f 4560/4560/4560 4563/4563/4563 4564/4564/4564
f 4565/4565/4565 4568/4568/4568 4569/4569/4569
f 4562/4562/4562 4567/4567/4567 4563/4563/4563
f 4563/4563/4563 4568/4568/4568 4564/4564/4564
f 4569/4569/4569 4572/4572/4572 4573/4573/4573
f 4567/4567/4567 4570/4570/4570 4571/4571/4571
f 4568/4568/4568 4571/4571/4571 4572/4572/4572
f 4572/4572/4572 4577/4577/4577 4573/4573/4573
f 4570/4570/4570 4575/4575/4575 4571/4571/4571
f 4571/4571/4571 4576/4576/4576 4572/4572/4572
f 4576/4576/4576 4581/4581/4581 4577/4577/4577
f 4575/4575/4575 4578/4578/4578 4579/4579/4579
f 4576/4576/4576 4579/4579/4579 4580/4580/4580
f 4580/4580/4580 4585/4585/4585 4581/4581/4581
f 4578/4578/4578 4583/4583/4583 4579/4579/4579
f 4579/4579/4579 4584/4584/4584 4580/4580/4580
f 4584/4584/4584 4589/4589/4589 4585/4585/4585
f 4583/4583/4583 4586/4586/4586 4587/4587/4587
f 4584/4584/4584 4587/4587/4587 4588/4588/4588
f 4589/4589/4589 4592/4592/4592 4593/4593/4593
f 4586/4586/4586 4591/4591/4591 4587/4587/4587
f 4587/4587/4587 4592/4592/4592 4588/4588/4588
f 4592/4592/4592 4597/4597/4597 4593/4593/4593
f 4591/4591/4591 4594/4594/4594 4595/4595/4595
f 4592/4592/4592 4595/4595/4595 4596/4596/4596
f 4597/4597/4597 4601/4601/4601 4602/4602/4602
f 4594/4594/4594 4600/4600/4600 4595/4595/4595
f 4595/4595/4595 4601/4601/4601 4596/4596/4596
f 4602/4602/4602 4605/4605/4605 4606/4606/4606
f 4600/4600/4600 4603/4603/4603 4604/4604/4604
f 4601/4601/4601 4604/4604/4604 4605/4605/4605
f 4478/4478/4478 4598/4598/4598 4482/4482/4482
f 4482/4482/4482 4598/4598/4598 4486/4486/4486
f 4486/4486/4486 4598/4598/4598 4490/4490/4490
f 4490/4490/4490 4598/4598/4598 4494/4494/4494
f 4494/4494/4494 4598/4598/4598 4498/4498/4498
f 4498/4498/4498 4598/4598/4598 4502/4502/4502
f 4502/4502/4502 4598/4598/4598 4506/4506/4506
f 4506/4506/4506 4598/4598/4598 4510/4510/4510
f 4510/4510/4510 4598/4598/4598 4514/4514/4514
f 4514/4514/4514 4598/4598/4598 4518/4518/4518
f 4518/4518/4518 4598/4598/4598 4522/4522/4522
f 4522/4522/4522 4598/4598/4598 4526/4526/4526
f 4526/4526/4526 4598/4598/4598 4530/4530/4530
f 4530/4530/4530 4598/4598/4598 4534/4534/4534
f 4534/4534/4534 4598/4598/4598 4538/4538/4538
f 4538/4538/4538 4598/4598/4598 4542/4542/4542
f 4542/4542/4542 4598/4598/4598 4546/4546/4546
f 4546/4546/4546 4598/4598/4598 4550/4550/4550
f 4550/4550/4550 4598/4598/4598 4554/4554/4554
f 4554/4554/4554 4598/4598/4598 4558/4558/4558
f 4558/4558/4558 4598/4598/4598 4562/4562/4562
f 4562/4562/4562 4598/4598/4598 4566/4566/4566
f 4566/4566/4566 4598/4598/4598 4570/4570/4570
f 4570/4570/4570 4598/4598/4598 4574/4574/4574
f 4574/4574/4574 4598/4598/4598 4578/4578/4578
f 4578/4578/4578 4598/4598/4598 4582/4582/4582
f 4582/4582/4582 4598/4598/4598 4586/4586/4586
f 4586/4586/4586 4598/4598/4598 4590/4590/4590
f 4590/4590/4590 4598/4598/4598 4594/4594/4594
f 4594/4594/4594 4598/4598/4598 4599/4599/4599
f 4599/4599/4599 4598/4598/4598 4603/4603/4603
f 4606/4606/4606 4480/4480/4480 4481/4481/4481
f 4603/4603/4603 4479/4479/4479 4604/4604/4604
f 4604/4604/4604 4480/4480/4480 4605/4605/4605
f 4603/4603/4603 4598/4598/4598 4478/4478/4478
f 4615/4615/4615 4627/4627/4627 4628/4628/4628
f 4612/4612/4612 4626/4626/4626 4613/4613/4613
f 4611/4611/4611 4623/4623/4623 4624/4624/4624
f 4609/4609/4609 4621/4621/4621 4622/4622/4622
f 4618/4618/4618 4630/4630/4630 4631/4631/4631
f 4615/4615/4615 4629/4629/4629 4616/4616/4616
f 4613/4613/4613 4627/4627/4627 4614/4614/4614
f 4612/4612/4612 4624/4624/4624 4625/4625/4625
f 4609/4609/4609 4623/4623/4623 4610/4610/4610
f 4607/4607/4607 4621/4621/4621 4608/4608/4608
f 4619/4619/4619 4631/4631/4631 4632/4632/4632
f 4617/4617/4617 4629/4629/4629 4630/4630/4630
f 4622/4622/4622 4636/4636/4636 4623/4623/4623
f 4620/4620/4620 4634/4634/4634 4621/4621/4621
f 4632/4632/4632 4644/4644/4644 4645/4645/4645
f 4629/4629/4629 4643/4643/4643 4630/4630/4630
f 4628/4628/4628 4640/4640/4640 4641/4641/4641
f 4626/4626/4626 4638/4638/4638 4639/4639/4639
f 4624/4624/4624 4636/4636/4636 4637/4637/4637
f 4622/4622/4622 4634/4634/4634 4635/4635/4635
f 4631/4631/4631 4643/4643/4643 4644/4644/4644
f 4628/4628/4628 4642/4642/4642 4629/4629/4629
f 4626/4626/4626 4640/4640/4640 4627/4627/4627
f 4624/4624/4624 4638/4638/4638 4625/4625/4625
f 4635/4635/4635 4649/4649/4649 4636/4636/4636
f 4634/4634/4634 4646/4646/4646 4647/4647/4647
f 4644/4644/4644 4658/4658/4658 4645/4645/4645
f 4642/4642/4642 4656/4656/4656 4643/4643/4643
f 4641/4641/4641 4653/4653/4653 4654/4654/4654
f 4639/4639/4639 4651/4651/4651 4652/4652/4652
f 4636/4636/4636 4650/4650/4650 4637/4637/4637
f 4635/4635/4635 4647/4647/4647 4648/4648/4648
f 4643/4643/4643 4657/4657/4657 4644/4644/4644
f 4642/4642/4642 4654/4654/4654 4655/4655/4655
f 4640/4640/4640 4652/4652/4652 4653/4653/4653
f 4637/4637/4637 4651/4651/4651 4638/4638/4638
f 4648/4648/4648 4662/4662/4662 4649/4649/4649
f 4646/4646/4646 4660/4660/4660 4647/4647/4647
f 4658/4658/4658 4670/4670/4670 4671/4671/4671
f 4656/4656/4656 4668/4668/4668 4669/4669/4669
f 4653/4653/4653 4667/4667/4667 4654/4654/4654
f 4651/4651/4651 4665/4665/4665 4652/4652/4652
f 4649/4649/4649 4663/4663/4663 4650/4650/4650
f 4648/4648/4648 4660/4660/4660 4661/4661/4661
f 4656/4656/4656 4670/4670/4670 4657/4657/4657
f 4654/4654/4654 4668/4668/4668 4655/4655/4655
f 4653/4653/4653 4665/4665/4665 4666/4666/4666
f 4651/4651/4651 4663/4663/4663 4664/4664/4664
f 4661/4661/4661 4675/4675/4675 4662/4662/4662
f 4660/4660/4660 4672/4672/4672 4673/4673/4673
f 4670/4670/4670 4684/4684/4684 4671/4671/4671
f 4668/4668/4668 4682/4682/4682 4669/4669/4669
f 4667/4667/4667 4679/4679/4679 4680/4680/4680
f 4665/4665/4665 4677/4677/4677 4678/4678/4678
f 4663/4663/4663 4675/4675/4675 4676/4676/4676
f 4661/4661/4661 4673/4673/4673 4674/4674/4674
f 4670/4670/4670 4682/4682/4682 4683/4683/4683
f 4667/4667/4667 4681/4681/4681 4668/4668/4668
f 4665/4665/4665 4679/4679/4679 4666/4666/4666
f 4663/4663/4663 4677/4677/4677 4664/4664/4664
f 4675/4675/4675 4687/4687/4687 4688/4688/4688
f 4672/4672/4672 4686/4686/4686 4673/4673/4673
f 4684/4684/4684 4696/4696/4696 4697/4697/4697
f 4682/4682/4682 4694/4694/4694 4695/4695/4695
f 4679/4679/4679 4693/4693/4693 4680/4680/4680
f 4678/4678/4678 4690/4690/4690 4691/4691/4691
f 4676/4676/4676 4688/4688/4688 4689/4689/4689
f 4673/4673/4673 4687/4687/4687 4674/4674/4674
f 4683/4683/4683 4695/4695/4695 4696/4696/4696
f 4681/4681/4681 4693/4693/4693 4694/4694/4694
f 4678/4678/4678 4692/4692/4692 4679/4679/4679
f 4676/4676/4676 4690/4690/4690 4677/4677/4677
f 4688/4688/4688 4700/4700/4700 4701/4701/4701
f 4686/4686/4686 4698/4698/4698 4699/4699/4699
f 4696/4696/4696 4710/4710/4710 4697/4697/4697
f 4695/4695/4695 4707/4707/4707 4708/4708/4708
f 4692/4692/4692 4706/4706/4706 4693/4693/4693
f 4691/4691/4691 4703/4703/4703 4704/4704/4704
f 4688/4688/4688 4702/4702/4702 4689/4689/4689
f 4686/4686/4686 4700/4700/4700 4687/4687/4687
f 4695/4695/4695 4709/4709/4709 4696/4696/4696
f 4694/4694/4694 4706/4706/4706 4707/4707/4707
f 4692/4692/4692 4704/4704/4704 4705/4705/4705
f 4689/4689/4689 4703/4703/4703 4690/4690/4690
f 4701/4701/4701 4713/4713/4713 4714/4714/4714
f 4699/4699/4699 4711/4711/4711 4712/4712/4712
f 4710/4710/4710 4722/4722/4722 4723/4723/4723
f 4707/4707/4707 4721/4721/4721 4708/4708/4708
f 4705/4705/4705 4719/4719/4719 4706/4706/4706
f 4704/4704/4704 4716/4716/4716 4717/4717/4717
f 4701/4701/4701 4715/4715/4715 4702/4702/4702
f 4699/4699/4699 4713/4713/4713 4700/4700/4700
f 4709/4709/4709 4721/4721/4721 4722/4722/4722
f 4707/4707/4707 4719/4719/4719 4720/4720/4720
f 4705/4705/4705 4717/4717/4717 4718/4718/4718
f 4702/4702/4702 4716/4716/4716 4703/4703/4703
f 4713/4713/4713 4727/4727/4727 4714/4714/4714
f 4711/4711/4711 4725/4725/4725 4712/4712/4712
f 4723/4723/4723 4735/4735/4735 4736/4736/4736
f 4721/4721/4721 4733/4733/4733 4734/4734/4734
f 4719/4719/4719 4731/4731/4731 4732/4732/4732
f 4716/4716/4716 4730/4730/4730 4717/4717/4717
f 4715/4715/4715 4727/4727/4727 4728/4728/4728
f 4713/4713/4713 4725/4725/4725 4726/4726/4726
f 4721/4721/4721 4735/4735/4735 4722/4722/4722
f 4719/4719/4719 4733/4733/4733 4720/4720/4720
f 4717/4717/4717 4731/4731/4731 4718/4718/4718
f 4716/4716/4716 4728/4728/4728 4729/4729/4729
f 4726/4726/4726 4740/4740/4740 4727/4727/4727
f 4724/4724/4724 4738/4738/4738 4725/4725/4725
f 4736/4736/4736 4748/4748/4748 4749/4749/4749
f 4733/4733/4733 4747/4747/4747 4734/4734/4734
f 4732/4732/4732 4744/4744/4744 4745/4745/4745
f 4730/4730/4730 4742/4742/4742 4743/4743/4743
f 4728/4728/4728 4740/4740/4740 4741/4741/4741
f 4726/4726/4726 4738/4738/4738 4739/4739/4739
f 4735/4735/4735 4747/4747/4747 4748/4748/4748
f 4732/4732/4732 4746/4746/4746 4733/4733/4733
f 4730/4730/4730 4744/4744/4744 4731/4731/4731
f 4728/4728/4728 4742/4742/4742 4729/4729/4729
f 4739/4739/4739 4753/4753/4753 4740/4740/4740
f 4738/4738/4738 4750/4750/4750 4751/4751/4751
f 4748/4748/4748 4762/4762/4762 4749/4749/4749
f 4746/4746/4746 4760/4760/4760 4747/4747/4747
f 4745/4745/4745 4757/4757/4757 4758/4758/4758
f 4743/4743/4743 4755/4755/4755 4756/4756/4756
f 4740/4740/4740 4754/4754/4754 4741/4741/4741
f 4739/4739/4739 4751/4751/4751 4752/4752/4752
f 4747/4747/4747 4761/4761/4761 4748/4748/4748
f 4745/4745/4745 4759/4759/4759 4746/4746/4746
f 4744/4744/4744 4756/4756/4756 4757/4757/4757
f 4741/4741/4741 4755/4755/4755 4742/4742/4742
f 4753/4753/4753 4765/4765/4765 4766/4766/4766
f 4750/4750/4750 4764/4764/4764 4751/4751/4751
f 4762/4762/4762 4774/4774/4774 4775/4775/4775
f 4759/4759/4759 4773/4773/4773 4760/4760/4760
f 4758/4758/4758 4770/4770/4770 4771/4771/4771
f 4755/4755/4755 4769/4769/4769 4756/4756/4756
f 4753/4753/4753 4767/4767/4767 4754/4754/4754
f 4752/4752/4752 4764/4764/4764 4765/4765/4765
f 4760/4760/4760 4774/4774/4774 4761/4761/4761
f 4758/4758/4758 4772/4772/4772 4759/4759/4759
f 4757/4757/4757 4769/4769/4769 4770/4770/4770
f 4755/4755/4755 4767/4767/4767 4768/4768/4768
f 4765/4765/4765 4779/4779/4779 4766/4766/4766
f 4764/4764/4764 4776/4776/4776 4777/4777/4777
f 4774/4774/4774 4788/4788/4788 4775/4775/4775
f 4772/4772/4772 4786/4786/4786 4773/4773/4773
f 4771/4771/4771 4783/4783/4783 4784/4784/4784
f 4769/4769/4769 4781/4781/4781 4782/4782/4782
f 4767/4767/4767 4779/4779/4779 4780/4780/4780
f 4765/4765/4765 4777/4777/4777 4778/4778/4778
f 4774/4774/4774 4786/4786/4786 4787/4787/4787
f 4771/4771/4771 4785/4785/4785 4772/4772/4772
f 4769/4769/4769 4783/4783/4783 4770/4770/4770
f 4767/4767/4767 4781/4781/4781 4768/4768/4768
f 4779/4779/4779 4791/4791/4791 4792/4792/4792
f 4776/4776/4776 4790/4790/4790 4777/4777/4777
f 4788/4788/4788 4800/4800/4800 4801/4801/4801
f 4786/4786/4786 4798/4798/4798 4799/4799/4799
f 4783/4783/4783 4797/4797/4797 4784/4784/4784
f 4782/4782/4782 4794/4794/4794 4795/4795/4795
f 4780/4780/4780 4792/4792/4792 4793/4793/4793
f 4777/4777/4777 4791/4791/4791 4778/4778/4778
f 4787/4787/4787 4799/4799/4799 4800/4800/4800
f 4785/4785/4785 4797/4797/4797 4798/4798/4798
f 4782/4782/4782 4796/4796/4796 4783/4783/4783
f 4780/4780/4780 4794/4794/4794 4781/4781/4781
f 4792/4792/4792 4804/4804/4804 4805/4805/4805
f 4790/4790/4790 4802/4802/4802 4803/4803/4803
f 4800/4800/4800 4814/4814/4814 4801/4801/4801
f 4799/4799/4799 4811/4811/4811 4812/4812/4812
f 4796/4796/4796 4810/4810/4810 4797/4797/4797
f 4795/4795/4795 4807/4807/4807 4808/4808/4808
f 4792/4792/4792 4806/4806/4806 4793/4793/4793
f 4790/4790/4790 4804/4804/4804 4791/4791/4791
f 4799/4799/4799 4813/4813/4813 4800/4800/4800
f 4798/4798/4798 4810/4810/4810 4811/4811/4811
f 4796/4796/4796 4808/4808/4808 4809/4809/4809
f 4793/4793/4793 4807/4807/4807 4794/4794/4794
f 4805/4805/4805 4817/4817/4817 4818/4818/4818
f 4803/4803/4803 4815/4815/4815 4816/4816/4816
f 4814/4814/4814 4826/4826/4826 4827/4827/4827
f 4811/4811/4811 4825/4825/4825 4812/4812/4812
f 4809/4809/4809 4823/4823/4823 4810/4810/4810
f 4808/4808/4808 4820/4820/4820 4821/4821/4821
f 4805/4805/4805 4819/4819/4819 4806/4806/4806
f 4803/4803/4803 4817/4817/4817 4804/4804/4804
f 4813/4813/4813 4825/4825/4825 4826/4826/4826
f 4811/4811/4811 4823/4823/4823 4824/4824/4824
f 4809/4809/4809 4821/4821/4821 4822/4822/4822
f 4806/4806/4806 4820/4820/4820 4807/4807/4807
f 4817/4817/4817 4831/4831/4831 4818/4818/4818
f 4815/4815/4815 4829/4829/4829 4816/4816/4816
f 4826/4826/4826 4840/4840/4840 4827/4827/4827
f 4825/4825/4825 4837/4837/4837 4838/4838/4838
f 4823/4823/4823 4835/4835/4835 4836/4836/4836
f 4820/4820/4820 4834/4834/4834 4821/4821/4821
f 4819/4819/4819 4831/4831/4831 4832/4832/4832
f 4817/4817/4817 4829/4829/4829 4830/4830/4830
f 4825/4825/4825 4839/4839/4839 4826/4826/4826
f 4823/4823/4823 4837/4837/4837 4824/4824/4824
f 4821/4821/4821 4835/4835/4835 4822/4822/4822
f 4820/4820/4820 4832/4832/4832 4833/4833/4833
f 4830/4830/4830 4844/4844/4844 4831/4831/4831
f 4828/4828/4828 4842/4842/4842 4829/4829/4829
f 4840/4840/4840 4852/4852/4852 4853/4853/4853
f 4837/4837/4837 4851/4851/4851 4838/4838/4838
f 4836/4836/4836 4848/4848/4848 4849/4849/4849
f 4834/4834/4834 4846/4846/4846 4847/4847/4847
f 4832/4832/4832 4844/4844/4844 4845/4845/4845
f 4830/4830/4830 4842/4842/4842 4843/4843/4843
f 4839/4839/4839 4851/4851/4851 4852/4852/4852
f 4836/4836/4836 4850/4850/4850 4837/4837/4837
f 4834/4834/4834 4848/4848/4848 4835/4835/4835
f 4832/4832/4832 4846/4846/4846 4833/4833/4833
f 4843/4843/4843 4857/4857/4857 4844/4844/4844
f 4842/4842/4842 4854/4854/4854 4855/4855/4855
f 4852/4852/4852 4866/4866/4866 4853/4853/4853
f 4850/4850/4850 4864/4864/4864 4851/4851/4851
f 4849/4849/4849 4861/4861/4861 4862/4862/4862
f 4847/4847/4847 4859/4859/4859 4860/4860/4860
f 4844/4844/4844 4858/4858/4858 4845/4845/4845
f 4843/4843/4843 4855/4855/4855 4856/4856/4856
f 4851/4851/4851 4865/4865/4865 4852/4852/4852
f 4849/4849/4849 4863/4863/4863 4850/4850/4850
f 4848/4848/4848 4860/4860/4860 4861/4861/4861
f 4845/4845/4845 4859/4859/4859 4846/4846/4846
f 4857/4857/4857 4869/4869/4869 4870/4870/4870
f 4855/4855/4855 4867/4867/4867 4868/4868/4868
f 4866/4866/4866 4878/4878/4878 4879/4879/4879
f 4864/4864/4864 4876/4876/4876 4877/4877/4877
f 4862/4862/4862 4874/4874/4874 4875/4875/4875
f 4859/4859/4859 4873/4873/4873 4860/4860/4860
f 4857/4857/4857 4871/4871/4871 4858/4858/4858
f 4856/4856/4856 4868/4868/4868 4869/4869/4869
f 4864/4864/4864 4878/4878/4878 4865/4865/4865
f 4862/4862/4862 4876/4876/4876 4863/4863/4863
f 4861/4861/4861 4873/4873/4873 4874/4874/4874
f 4859/4859/4859 4871/4871/4871 4872/4872/4872
f 4869/4869/4869 4883/4883/4883 4870/4870/4870
f 4868/4868/4868 4880/4880/4880 4881/4881/4881
f 4878/4878/4878 4892/4892/4892 4879/4879/4879
f 4877/4877/4877 4889/4889/4889 4890/4890/4890
f 4874/4874/4874 4888/4888/4888 4875/4875/4875
f 4873/4873/4873 4885/4885/4885 4886/4886/4886
f 4871/4871/4871 4883/4883/4883 4884/4884/4884
f 4868/4868/4868 4882/4882/4882 4869/4869/4869
f 4878/4878/4878 4890/4890/4890 4891/4891/4891
f 4876/4876/4876 4888/4888/4888 4889/4889/4889
f 4873/4873/4873 4887/4887/4887 4874/4874/4874
f 4871/4871/4871 4885/4885/4885 4872/4872/4872
f 4883/4883/4883 4896/4896/4896 4897/4897/4897
f 4880/4880/4880 4895/4895/4895 4881/4881/4881
f 4892/4892/4892 4905/4905/4905 4906/4906/4906
f 4890/4890/4890 4903/4903/4903 4904/4904/4904
f 4887/4887/4887 4902/4902/4902 4888/4888/4888
f 4885/4885/4885 4900/4900/4900 4886/4886/4886
f 4884/4884/4884 4897/4897/4897 4898/4898/4898
f 4881/4881/4881 4896/4896/4896 4882/4882/4882
f 4891/4891/4891 4904/4904/4904 4905/4905/4905
f 4889/4889/4889 4902/4902/4902 4903/4903/4903
f 4886/4886/4886 4901/4901/4901 4887/4887/4887
f 4885/4885/4885 4898/4898/4898 4899/4899/4899
f 4897/4897/4897 4909/4909/4909 4910/4910/4910
f 4895/4895/4895 4907/4907/4907 4908/4908/4908
f 4905/4905/4905 4919/4919/4919 4906/4906/4906
f 4904/4904/4904 4916/4916/4916 4917/4917/4917
f 4901/4901/4901 4915/4915/4915 4902/4902/4902
f 4899/4899/4899 4913/4913/4913 4900/4900/4900
f 4897/4897/4897 4911/4911/4911 4898/4898/4898
f 4895/4895/4895 4909/4909/4909 4896/4896/4896
f 4904/4904/4904 4918/4918/4918 4905/4905/4905
f 4903/4903/4903 4915/4915/4915 4916/4916/4916
f 4901/4901/4901 4913/4913/4913 4914/4914/4914
f 4899/4899/4899 4911/4911/4911 4912/4912/4912
f 4910/4910/4910 4922/4922/4922 4923/4923/4923
f 4908/4908/4908 4920/4920/4920 4921/4921/4921
f 4919/4919/4919 4931/4931/4931 4932/4932/4932
f 4916/4916/4916 4930/4930/4930 4917/4917/4917
f 4914/4914/4914 4928/4928/4928 4915/4915/4915
f 4913/4913/4913 4925/4925/4925 4926/4926/4926
f 4910/4910/4910 4924/4924/4924 4911/4911/4911
f 4908/4908/4908 4922/4922/4922 4909/4909/4909
f 4918/4918/4918 4930/4930/4930 4931/4931/4931
f 4916/4916/4916 4928/4928/4928 4929/4929/4929
f 4914/4914/4914 4926/4926/4926 4927/4927/4927
f 4911/4911/4911 4925/4925/4925 4912/4912/4912
f 4922/4922/4922 4936/4936/4936 4923/4923/4923
f 4920/4920/4920 4934/4934/4934 4921/4921/4921
f 4931/4931/4931 4945/4945/4945 4932/4932/4932
f 4930/4930/4930 4942/4942/4942 4943/4943/4943
f 4928/4928/4928 4940/4940/4940 4941/4941/4941
f 4925/4925/4925 4939/4939/4939 4926/4926/4926
f 4924/4924/4924 4936/4936/4936 4937/4937/4937
f 4922/4922/4922 4934/4934/4934 4935/4935/4935
f 4930/4930/4930 4944/4944/4944 4931/4931/4931
f 4928/4928/4928 4942/4942/4942 4929/4929/4929
f 4926/4926/4926 4940/4940/4940 4927/4927/4927
f 4925/4925/4925 4937/4937/4937 4938/4938/4938
f 4935/4935/4935 4949/4949/4949 4936/4936/4936
f 4933/4933/4933 4947/4947/4947 4934/4934/4934
f 4945/4945/4945 4957/4957/4957 4958/4958/4958
f 4942/4942/4942 4956/4956/4956 4943/4943/4943
f 4941/4941/4941 4953/4953/4953 4954/4954/4954
f 4938/4938/4938 4952/4952/4952 4939/4939/4939
f 4937/4937/4937 4949/4949/4949 4950/4950/4950
f 4935/4935/4935 4947/4947/4947 4948/4948/4948
f 4944/4944/4944 4956/4956/4956 4957/4957/4957
f 4941/4941/4941 4955/4955/4955 4942/4942/4942
f 4939/4939/4939 4953/4953/4953 4940/4940/4940
f 4938/4938/4938 4950/4950/4950 4951/4951/4951
f 4948/4948/4948 4962/4962/4962 4949/4949/4949
f 4947/4947/4947 4959/4959/4959 4960/4960/4960
f 4957/4957/4957 4971/4971/4971 4958/4958/4958
f 4955/4955/4955 4969/4969/4969 4956/4956/4956
f 4954/4954/4954 4966/4966/4966 4967/4967/4967
f 4951/4951/4951 4965/4965/4965 4952/4952/4952
f 4949/4949/4949 4963/4963/4963 4950/4950/4950
f 4948/4948/4948 4960/4960/4960 4961/4961/4961
f 4956/4956/4956 4970/4970/4970 4957/4957/4957
f 4954/4954/4954 4968/4968/4968 4955/4955/4955
f 4953/4953/4953 4965/4965/4965 4966/4966/4966
f 4951/4951/4951 4963/4963/4963 4964/4964/4964
f 4962/4962/4962 4974/4974/4974 4975/4975/4975
f 4959/4959/4959 4973/4973/4973 4960/4960/4960
f 4971/4971/4971 4983/4983/4983 4984/4984/4984
f 4968/4968/4968 4982/4982/4982 4969/4969/4969
f 4966/4966/4966 4980/4980/4980 4967/4967/4967
f 4964/4964/4964 4978/4978/4978 4965/4965/4965
f 4962/4962/4962 4976/4976/4976 4963/4963/4963
f 4960/4960/4960 4974/4974/4974 4961/4961/4961
f 4969/4969/4969 4983/4983/4983 4970/4970/4970
f 4967/4967/4967 4981/4981/4981 4968/4968/4968
f 4966/4966/4966 4978/4978/4978 4979/4979/4979
f 4964/4964/4964 4976/4976/4976 4977/4977/4977
f 4975/4975/4975 4987/4987/4987 4988/4988/4988
f 4973/4973/4973 4985/4985/4985 4986/4986/4986
f 4983/4983/4983 4997/4997/4997 4984/4984/4984
f 4981/4981/4981 4995/4995/4995 4982/4982/4982
f 4979/4979/4979 4993/4993/4993 4980/4980/4980
f 4978/4978/4978 4990/4990/4990 4991/4991/4991
f 4976/4976/4976 4988/4988/4988 4989/4989/4989
f 4973/4973/4973 4987/4987/4987 4974/4974/4974
f 4983/4983/4983 4995/4995/4995 4996/4996/4996
f 4981/4981/4981 4993/4993/4993 4994/4994/4994
f 4978/4978/4978 4992/4992/4992 4979/4979/4979
f 4976/4976/4976 4990/4990/4990 4977/4977/4977
f 4988/4988/4988 5000/5000/5000 5001/5001/5001
f 4985/4985/4985 4999/4999/4999 4986/4986/4986
f 4997/4997/4997 5009/5009/5009 5010/5010/5010
f 4995/4995/4995 5007/5007/5007 5008/5008/5008
f 4992/4992/4992 5006/5006/5006 4993/4993/4993
f 4991/4991/4991 5003/5003/5003 5004/5004/5004
f 4989/4989/4989 5001/5001/5001 5002/5002/5002
f 4986/4986/4986 5000/5000/5000 4987/4987/4987
f 4996/4996/4996 5008/5008/5008 5009/5009/5009
f 4994/4994/4994 5006/5006/5006 5007/5007/5007
f 4991/4991/4991 5005/5005/5005 4992/4992/4992
f 4989/4989/4989 5003/5003/5003 4990/4990/4990
f 5001/5001/5001 5013/5013/5013 5014/5014/5014
f 4999/4999/4999 5011/5011/5011 5012/5012/5012
f 5009/5009/5009 5023/5023/5023 5010/5010/5010
f 5008/5008/5008 5020/5020/5020 5021/5021/5021
f 5005/5005/5005 5019/5019/5019 5006/5006/5006
f 5004/5004/5004 5016/5016/5016 5017/5017/5017
f 5001/5001/5001 5015/5015/5015 5002/5002/5002
f 4999/4999/4999 5013/5013/5013 5000/5000/5000
f 5008/5008/5008 5022/5022/5022 5009/5009/5009
f 5007/5007/5007 5019/5019/5019 5020/5020/5020
f 5005/5005/5005 5017/5017/5017 5018/5018/5018
f 5002/5002/5002 5016/5016/5016 5003/5003/5003
f 4893/4893/4893 4619/4619/4619 4632/4632/4632
f 4893/4893/4893 4632/4632/4632 4645/4645/4645
f 4893/4893/4893 4645/4645/4645 4658/4658/4658
f 4893/4893/4893 4658/4658/4658 4671/4671/4671
f 4893/4893/4893 4671/4671/4671 4684/4684/4684
f 4893/4893/4893 4684/4684/4684 4697/4697/4697
f 4893/4893/4893 4697/4697/4697 4710/4710/4710
f 4893/4893/4893 4710/4710/4710 4723/4723/4723
f 4893/4893/4893 4723/4723/4723 4736/4736/4736
f 4893/4893/4893 4736/4736/4736 4749/4749/4749
f 4893/4893/4893 4749/4749/4749 4762/4762/4762
f 4893/4893/4893 4762/4762/4762 4775/4775/4775
f 4893/4893/4893 4775/4775/4775 4788/4788/4788
f 4893/4893/4893 4788/4788/4788 4801/4801/4801
f 4893/4893/4893 4801/4801/4801 4814/4814/4814
f 4893/4893/4893 4814/4814/4814 4827/4827/4827
f 4893/4893/4893 4827/4827/4827 4840/4840/4840
f 4893/4893/4893 4840/4840/4840 4853/4853/4853
f 4893/4893/4893 4853/4853/4853 4866/4866/4866
f 4893/4893/4893 4866/4866/4866 4879/4879/4879
f 4893/4893/4893 4879/4879/4879 4892/4892/4892
f 4893/4893/4893 4892/4892/4892 4906/4906/4906
f 4893/4893/4893 4906/4906/4906 4919/4919/4919
f 4893/4893/4893 4919/4919/4919 4932/4932/4932
f 4893/4893/4893 4932/4932/4932 4945/4945/4945
f 4893/4893/4893 4945/4945/4945 4958/4958/4958
f 4893/4893/4893 4958/4958/4958 4971/4971/4971
f 4893/4893/4893 4971/4971/4971 4984/4984/4984
f 4893/4893/4893 4984/4984/4984 4997/4997/4997
f 4893/4893/4893 4997/4997/4997 5010/5010/5010
f 4893/4893/4893 5010/5010/5010 5023/5023/5023
f 5014/5014/5014 4609/4609/4609 4610/4610/4610
f 5012/5012/5012 4607/4607/4607 4608/4608/4608
f 5022/5022/5022 4619/4619/4619 5023/5023/5023
f 5020/5020/5020 4617/4617/4617 5021/5021/5021
f 5018/5018/5018 4615/4615/4615 5019/5019/5019
f 5017/5017/5017 4612/4612/4612 4613/4613/4613
f 5014/5014/5014 4611/4611/4611 5015/5015/5015
f 5012/5012/5012 4609/4609/4609 5013/5013/5013
f 4893/4893/4893 5023/5023/5023 4619/4619/4619
f 5021/5021/5021 4618/4618/4618 5022/5022/5022
f 5020/5020/5020 4615/4615/4615 4616/4616/4616
f 5018/5018/5018 4613/4613/4613 4614/4614/4614
f 5015/5015/5015 4612/4612/4612 5016/5016/5016
f 4481/4481/4481 5011/5011/5011 4606/4606/4606
f 5011/5011/5011 4602/4602/4602 4606/4606/4606
f 4998/4998/4998 4597/4597/4597 4602/4602/4602
f 4985/4985/4985 4593/4593/4593 4597/4597/4597
f 4593/4593/4593 4959/4959/4959 4589/4589/4589
f 4589/4589/4589 4946/4946/4946 4585/4585/4585
f 4585/4585/4585 4933/4933/4933 4581/4581/4581
f 4933/4933/4933 4577/4577/4577 4581/4581/4581
f 4577/4577/4577 4907/4907/4907 4573/4573/4573
f 4907/4907/4907 4569/4569/4569 4573/4573/4573
f 4894/4894/4894 4565/4565/4565 4569/4569/4569
f 4880/4880/4880 4561/4561/4561 4565/4565/4565
f 4561/4561/4561 4854/4854/4854 4557/4557/4557
f 4557/4557/4557 4841/4841/4841 4553/4553/4553
f 4553/4553/4553 4828/4828/4828 4549/4549/4549
f 4828/4828/4828 4545/4545/4545 4549/4549/4549
f 4545/4545/4545 4802/4802/4802 4541/4541/4541
f 4802/4802/4802 4537/4537/4537 4541/4541/4541
f 4789/4789/4789 4533/4533/4533 4537/4537/4537
f 4776/4776/4776 4529/4529/4529 4533/4533/4533
f 4529/4529/4529 4750/4750/4750 4525/4525/4525
f 4525/4525/4525 4737/4737/4737 4521/4521/4521
f 4521/4521/4521 4724/4724/4724 4517/4517/4517
f 4724/4724/4724 4513/4513/4513 4517/4517/4517
f 4513/4513/4513 4698/4698/4698 4509/4509/4509
f 4698/4698/4698 4505/4505/4505 4509/4509/4509
f 4685/4685/4685 4501/4501/4501 4505/4505/4505
f 4672/4672/4672 4497/4497/4497 4501/4501/4501
f 4497/4497/4497 4646/4646/4646 4493/4493/4493
f 4493/4493/4493 4633/4633/4633 4489/4489/4489
f 4489/4489/4489 4620/4620/4620 4485/4485/4485
f 4620/4620/4620 4481/4481/4481 4485/4485/4485
f 4/4/4 3/3/3 2/2/2
f 8/8/8 7/7/7 6/6/6
f 13/13/13 16/16/16 15/15/15
f 17/17/17 28/28/28 19/19/19
f 32/32/32 31/31/31 30/30/30
f 36/36/36 35/35/35 34/34/34
f 37/37/37 40/40/40 39/39/39
f 21/21/21 22/22/22 23/23/23
f 25/25/25 26/26/26 27/27/27
f 41/41/41 44/44/44 43/43/43
f 48/48/48 47/47/47 46/46/46
f 52/52/52 51/51/51 50/50/50
f 53/53/53 56/56/56 55/55/55
f 60/60/60 59/59/59 58/58/58
f 29/29/29 30/30/30 62/62/62
f 66/66/66 65/65/65 64/64/64
f 67/67/67 5/5/5 6/6/6
f 72/72/72 71/71/71 70/70/70
f 76/76/76 75/75/75 74/74/74
f 77/77/77 80/80/80 79/79/79
f 81/81/81 84/84/84 83/83/83
f 59/59/59 87/87/87 86/86/86
f 88/88/88 91/91/91 90/90/90
f 96/96/96 95/95/95 94/94/94
f 100/100/100 99/99/99 98/98/98
f 101/101/101 104/104/104 103/103/103
f 106/106/106 105/105/105 34/34/34
f 108/108/108 116/116/116 115/115/115
f 117/117/117 119/119/119 36/36/36
f 124/124/124 127/127/127 126/126/126
f 131/131/131 130/130/130 129/129/129
f 132/132/132 102/102/102 134/134/134
f 142/142/142 141/141/141 140/140/140
f 148/148/148 106/106/106 60/60/60
f 144/144/144 143/143/143 127/127/127
f 149/149/149 152/152/152 151/151/151
f 156/156/156 155/155/155 154/154/154
f 159/159/159 150/150/150 158/158/158
f 116/116/116 108/108/108 164/164/164
f 171/171/171 170/170/170 169/169/169
f 174/174/174 126/126/126 173/173/173
f 179/179/179 182/182/182 181/181/181
f 186/186/186 189/189/189 188/188/188
f 194/194/194 197/197/197 196/196/196
f 199/199/199 142/142/142 139/139/139
f 206/206/206 209/209/209 208/208/208
f 213/213/213 212/212/212 211/211/211
f 202/202/202 215/215/215 214/214/214
f 96/96/96 93/93/93 216/216/216
f 92/92/92 238/238/238 43/43/43
f 97/97/97 184/184/184 246/246/246
f 250/250/250 249/249/249 229/229/229
f 252/252/252 254/254/254 58/58/58
f 258/258/258 257/257/257 256/256/256
f 260/260/260 91/91/91 229/229/229
f 110/110/110 111/111/111 112/112/112
f 114/114/114 264/264/264 263/263/263
f 265/265/265 268/268/268 267/267/267
f 56/56/56 53/53/53 270/270/270
f 274/274/274 273/273/273 249/249/249
f 185/185/185 183/183/183 63/63/63
f 280/280/280 279/279/279 278/278/278
f 285/285/285 284/284/284 283/283/283
f 288/288/288 219/219/219 211/211/211
f 141/141/141 142/142/142 92/92/92
f 289/289/289 290/290/290 175/175/175
f 148/148/148 116/116/116 105/105/105
f 312/312/312 311/311/311 170/170/170
f 238/238/238 262/262/262 42/42/42
f 318/318/318 163/163/163 160/160/160
f 310/310/310 309/309/309 308/308/308
f 241/241/241 239/239/239 325/325/325
f 160/160/160 230/230/230 240/240/240
f 47/47/47 48/48/48 307/307/307
f 108/108/108 109/109/109 315/315/315
f 345/345/345 85/85/85 86/86/86
f 348/348/348 351/351/351 350/350/350
f 356/356/356 359/359/359 358/358/358
f 355/355/355 354/354/354 353/353/353
f 363/363/363 31/31/31 32/32/32
f 364/364/364 252/252/252 253/253/253
f 366/366/366 125/125/125 368/368/368
f 183/183/183 372/372/372 371/371/371
f 163/163/163 162/162/162 161/161/161
f 209/209/209 226/226/226 101/101/101
f 378/378/378 377/377/377 165/165/165
f 379/379/379 295/295/295 381/381/381
f 383/383/383 382/382/382 3/3/3
f 284/284/284 285/285/285 386/386/386
f 387/387/387 127/127/127 389/389/389
f 391/391/391 259/259/259 229/229/229
f 73/73/73 281/281/281 397/397/397
f 405/405/405 408/408/408 407/407/407
f 203/203/203 218/218/218 411/411/411
f 414/414/414 121/121/121 413/413/413
f 1/1/1 356/356/356 357/357/357
f 277/277/277 276/276/276 131/131/131
f 254/254/254 344/344/344 57/57/57
f 358/358/358 384/384/384 415/415/415
f 417/417/417 416/416/416 386/386/386
f 401/401/401 400/400/400 192/192/192
f 419/419/419 389/389/389 127/127/127
f 421/421/421 181/181/181 182/182/182
f 103/103/103 301/301/301 302/302/302
f 428/428/428 367/367/367 368/368/368
f 380/380/380 390/390/390 359/359/359
f 62/62/62 204/204/204 266/266/266
f 140/140/140 141/141/141 431/431/431
f 357/357/357 358/358/358 351/351/351
f 356/356/356 1/1/1 379/379/379
f 415/415/415 392/392/392 403/403/403
f 437/437/437 428/428/428 436/436/436
f 438/438/438 441/441/441 440/440/440
f 188/188/188 451/451/451 450/450/450
f 265/265/265 455/455/455 181/181/181
f 224/224/224 185/185/185 64/64/64
f 237/237/237 212/212/212 213/213/213
f 275/275/275 131/131/131 128/128/128
f 281/281/281 282/282/282 460/460/460
f 50/50/50 462/462/462 79/79/79
f 73/73/73 74/74/74 282/282/282
f 468/468/468 467/467/467 466/466/466
f 390/390/390 355/355/355 352/352/352
f 482/482/482 485/485/485 484/484/484
f 489/489/489 488/488/488 487/487/487
f 493/493/493 496/496/496 495/495/495
f 472/472/472 471/471/471 470/470/470
f 502/502/502 501/501/501 500/500/500
f 220/220/220 221/221/221 222/222/222
f 512/512/512 419/419/419 143/143/143
f 518/518/518 517/517/517 511/511/511
f 513/513/513 239/239/239 230/230/230
f 205/205/205 30/30/30 31/31/31
f 189/189/189 370/370/370 451/451/451
f 163/163/163 318/318/318 532/532/532
f 533/533/533 224/224/224 225/225/225
f 446/446/446 448/448/448 447/447/447
f 335/335/335 541/541/541 540/540/540
f 544/544/544 512/512/512 546/546/546
f 329/329/329 519/519/519 291/291/291
f 199/199/199 534/534/534 262/262/262
f 385/385/385 386/386/386 416/416/416
f 532/532/532 190/190/190 191/191/191
f 363/363/363 117/117/117 118/118/118
f 578/578/578 581/581/581 580/580/580
f 573/573/573 572/572/572 571/571/571
f 561/561/561 563/563/563 562/562/562
f 241/241/241 260/260/260 259/259/259
f 590/590/590 593/593/593 592/592/592
f 545/545/545 546/546/546 595/595/595
f 503/503/503 154/154/154 155/155/155
f 606/606/606 625/625/625 624/624/624
f 478/478/478 481/481/481 480/480/480
f 646/646/646 649/649/649 648/648/648
f 590/590/590 591/591/591 689/689/689
f 564/564/564 565/565/565 651/651/651
f 728/728/728 246/246/246 184/184/184
f 714/714/714 724/724/724 716/716/716
f 692/692/692 574/574/574 575/575/575
f 541/541/541 335/335/335 581/581/581
f 346/346/346 68/68/68 248/248/248
f 161/161/161 231/231/231 230/230/230
f 128/128/128 129/129/129 94/94/94
f 698/698/698 705/705/705 704/704/704
f 574/574/574 577/577/577 576/576/576
f 290/290/290 289/289/289 401/401/401
f 630/630/630 631/631/631 725/725/725
f 733/733/733 736/736/736 735/735/735
f 755/755/755 466/466/466 496/496/496
f 759/759/759 480/480/480 481/481/481
f 757/757/757 763/763/763 762/762/762
f 764/764/764 496/496/496 466/466/466
f 768/768/768 767/767/767 3808/3808/3808
f 759/759/759 760/760/760 488/488/488
f 492/492/492 474/474/474 475/475/475
f 474/474/474 770/770/770 769/769/769
f 773/773/773 468/468/468 465/465/465
f 771/771/771 774/774/774 486/486/486
f 484/484/484 485/485/485 775/775/775
f 774/774/774 776/776/776 489/489/489
f 495/495/495 496/496/496 764/764/764
f 495/495/495 757/757/757 761/761/761
f 137/137/137 397/397/397 784/784/784
f 325/325/325 239/239/239 797/797/797
f 165/165/165 519/519/519 51/51/51
f 369/369/369 32/32/32 29/29/29
f 730/730/730 731/731/731 568/568/568
f 90/90/90 302/302/302 301/301/301
f 243/243/243 118/118/118 516/516/516
f 800/800/800 734/734/734 806/806/806
f 817/817/817 815/815/815 808/808/808
f 816/816/816 808/808/808 823/823/823
f 306/306/306 303/303/303 447/447/447
f 815/815/815 810/810/810 809/809/809
f 829/829/829 830/830/830 828/828/828
f 726/726/726 725/725/725 501/501/501
f 274/274/274 427/427/427 424/424/424
f 879/879/879 882/882/882 881/881/881
f 884/884/884 883/883/883 879/879/879
f 219/219/219 218/218/218 217/217/217
f 906/906/906 905/905/905 904/904/904
f 455/455/455 204/204/204 205/205/205
f 898/898/898 882/882/882 830/830/830
f 903/903/903 900/900/900 880/880/880
f 377/377/377 291/291/291 519/519/519
f 923/923/923 949/949/949 948/948/948
f 946/946/946 947/947/947 951/951/951
f 3519/3519/3519 740/740/740 739/739/739
f 900/900/900 899/899/899 886/886/886
f 225/225/225 64/64/64 65/65/65
f 182/182/182 445/445/445 442/442/442
f 809/809/809 952/952/952 947/947/947
f 954/954/954 960/960/960 962/962/962
f 927/927/927 950/950/950 965/965/965
f 885/885/885 879/879/879 880/880/880
f 925/925/925 927/927/927 966/966/966
f 343/343/343 342/342/342 341/341/341
f 965/965/965 964/964/964 971/971/971
f 968/968/968 971/971/971 970/970/970
f 972/972/972 968/968/968 969/969/969
f 963/963/963 961/961/961 981/981/981
f 336/336/336 337/337/337 338/338/338
f 992/992/992 993/993/993 827/827/827
f 810/810/810 815/815/815 996/996/996
f 1007/1007/1007 1001/1001/1001 1002/1002/1002
f 1012/1012/1012 826/826/826 827/827/827
f 1011/1011/1011 1009/1009/1009 1007/1007/1007
f 294/294/294 293/293/293 292/292/292
f 907/907/907 908/908/908 920/920/920
f 1017/1017/1017 579/579/579 1019/1019/1019
f 1020/1020/1020 1023/1023/1023 1022/1022/1022
f 1035/1035/1035 1024/1024/1024 1020/1020/1020
f 1061/1061/1061 1060/1060/1060 1047/1047/1047
f 1063/1063/1063 1061/1061/1061 1046/1046/1046
f 1044/1044/1044 1020/1020/1020 1021/1021/1021
f 1102/1102/1102 1094/1094/1094 1097/1097/1097
f 1116/1116/1116 1126/1126/1126 1118/1118/1118
f 1016/1016/1016 1015/1015/1015 1014/1014/1014
f 881/881/881 897/897/897 904/904/904
f 816/816/816 1116/1116/1116 1127/1127/1127
f 1094/1094/1094 948/948/948 949/949/949
f 514/514/514 342/342/342 167/167/167
f 146/146/146 145/145/145 81/81/81
f 1133/1133/1133 1135/1135/1135 1130/1130/1130
f 1102/1102/1102 1133/1133/1133 1126/1126/1126
f 822/822/822 1126/1126/1126 1116/1116/1116
f 1145/1145/1145 1143/1143/1143 1148/1148/1148
f 1076/1076/1076 1144/1144/1144 1151/1151/1151
f 1148/1148/1148 1143/1143/1143 1086/1086/1086
f 1109/1109/1109 1097/1097/1097 1114/1114/1114
f 1154/1154/1154 1153/1153/1153 1156/1156/1156
f 1153/1153/1153 925/925/925 967/967/967
f 3464/3464/3464 3497/3497/3497 463/463/463
f 1144/1144/1144 1147/1147/1147 1152/1152/1152
f 1156/1156/1156 967/967/967 1163/1163/1163
f 1164/1164/1164 1162/1162/1162 1169/1169/1169
f 1145/1145/1145 1171/1171/1171 1176/1176/1176
f 1114/1114/1114 1115/1115/1115 1154/1154/1154
f 1183/1183/1183 1155/1155/1155 1164/1164/1164
f 1184/1184/1184 1183/1183/1183 1177/1177/1177
f 1069/1069/1069 1151/1151/1151 1062/1062/1062
f 1023/1023/1023 1191/1191/1191 1194/1194/1194
f 1162/1162/1162 1163/1163/1163 1170/1170/1170
f 1195/1195/1195 1184/1184/1184 1185/1185/1185
f 1183/1183/1183 1196/1196/1196 1176/1176/1176
f 1201/1201/1201 1063/1063/1063 1152/1152/1152
f 1061/1061/1061 1063/1063/1063 1201/1201/1201
f 3825/3825/3825 847/847/847 843/843/843
f 1203/1203/1203 1202/1202/1202 1195/1195/1195
f 1202/1202/1202 1201/1201/1201 1184/1184/1184
f 1218/1218/1218 1060/1060/1060 1203/1203/1203
f 1060/1060/1060 1061/1061/1061 1202/1202/1202
f 1225/1225/1225 1218/1218/1218 1217/1217/1217
f 671/671/671 695/695/695 694/694/694
f 1219/1219/1219 1217/1217/1217 1024/1024/1024
f 1217/1217/1217 1203/1203/1203 1034/1034/1034
f 1226/1226/1226 1014/1014/1014 1015/1015/1015
f 1243/1243/1243 1242/1242/1242 1234/1234/1234
f 1231/1231/1231 1230/1230/1230 1229/1229/1229
f 847/847/847 1243/1243/1243 1233/1233/1233
f 843/843/843 1233/1233/1233 1244/1244/1244
f 1233/1233/1233 1234/1234/1234 1245/1245/1245
f 1923/1923/1923 3761/3761/3761 233/233/233
f 2100/2100/2100 2108/2108/2108 499/499/499
f 3914/3914/3914 3864/3864/3864 2135/2135/2135
f 61/61/61 62/62/62 323/323/323
f 210/210/210 211/211/211 217/217/217
f 1299/1299/1299 1310/1310/1310 1309/1309/1309
f 3863/3863/3863 1230/1230/1230 1231/1231/1231
f 1066/1066/1066 1047/1047/1047 1321/1321/1321
f 1322/1322/1322 1321/1321/1321 1228/1228/1228
f 1060/1060/1060 1218/1218/1218 1321/1321/1321
f 1325/1325/1325 1324/1324/1324 1323/1323/1323
f 1244/1244/1244 1245/1245/1245 1332/1332/1332
f 1290/1290/1290 1234/1234/1234 1242/1242/1242
f 1337/1337/1337 1330/1330/1330 1339/1339/1339
f 1330/1330/1330 1332/1332/1332 1340/1340/1340
f 1341/1341/1341 1332/1332/1332 1245/1245/1245
f 1342/1342/1342 1340/1340/1340 1332/1332/1332
f 1343/1343/1343 1342/1342/1342 1341/1341/1341
f 1344/1344/1344 1341/1341/1341 1294/1294/1294
f 3857/3857/3857 3856/3856/3856 1345/1345/1345
f 1347/1347/1347 1348/1348/1348 1342/1342/1342
f 3856/3856/3856 3854/3854/3854 1295/1295/1295
f 1349/1349/1349 1350/1350/1350 1348/1348/1348
f 3861/3861/3861 1349/1349/1349 1347/1347/1347
f 3853/3853/3853 1347/1347/1347 1343/1343/1343
f 906/906/906 898/898/898 829/829/829
f 905/905/905 906/906/906 1353/1353/1353
f 865/865/865 1356/1356/1356 1355/1355/1355
f 1355/1355/1355 1353/1353/1353 829/829/829
f 1357/1357/1357 1355/1355/1355 825/825/825
f 1356/1356/1356 1354/1354/1354 1353/1353/1353
f 3834/3834/3834 1337/1337/1337 1338/1338/1338
f 866/866/866 1358/1358/1358 1356/1356/1356
f 1358/1358/1358 1359/1359/1359 1354/1354/1354
f 3828/3828/3828 878/878/878 1337/1337/1337
f 838/838/838 1362/1362/1362 1012/1012/1012
f 1363/1363/1363 1364/1364/1364 1338/1338/1338
f 1368/1368/1368 1363/1363/1363 1339/1339/1339
f 1348/1348/1348 1368/1368/1368 1340/1340/1340
f 1371/1371/1371 1369/1369/1369 3824/3824/3824
f 524/524/524 525/525/525 526/526/526
f 528/528/528 529/529/529 530/530/530
f 1372/1372/1372 1370/1370/1370 1369/1369/1369
f 535/535/535 536/536/536 537/537/537
f 1367/1367/1367 1368/1368/1368 1348/1348/1348
f 1370/1370/1370 1354/1354/1354 1359/1359/1359
f 1369/1369/1369 1359/1359/1359 3833/3833/3833
f 1373/1373/1373 910/910/910 903/903/903
f 555/555/555 556/556/556 557/557/557
f 1374/1374/1374 909/909/909 910/910/910
f 1373/1373/1373 904/904/904 905/905/905
f 1374/1374/1374 1373/1373/1373 1375/1375/1375
f 1375/1375/1375 905/905/905 1354/1354/1354
f 1378/1378/1378 920/920/920 908/908/908
f 376/376/376 373/373/373 651/651/651
f 1388/1388/1388 928/928/928 973/973/973
f 586/586/586 587/587/587 588/588/588
f 1390/1390/1390 1389/1389/1389 1388/1388/1388
f 1391/1391/1391 1388/1388/1388 969/969/969
f 597/597/597 598/598/598 599/599/599
f 600/600/600 601/601/601 602/602/602
f 1392/1392/1392 1391/1391/1391 970/970/970
f 608/608/608 609/609/609 610/610/610
f 612/612/612 524/524/524 523/523/523
f 614/614/614 615/615/615 616/616/616
f 617/617/617 618/618/618 25/25/25
f 620/620/620 621/621/621 622/622/622
f 1397/1397/1397 1390/1390/1390 1391/1391/1391
f 1398/1398/1398 1397/1397/1397 1392/1392/1392
f 1400/1400/1400 987/987/987 920/920/920
f 1402/1402/1402 1403/1403/1403 1165/1165/1165
f 636/636/636 637/637/637 638/638/638
f 930/930/930 1404/1404/1404 1402/1402/1402
f 641/641/641 642/642/642 643/643/643
f 929/929/929 1402/1402/1402 1169/1169/1169
f 1404/1404/1404 1405/1405/1405 1403/1403/1403
f 1411/1411/1411 1366/1366/1366 1365/1365/1365
f 1412/1412/1412 1406/1406/1406 1415/1415/1415
f 652/652/652 653/653/653 654/654/654
f 609/609/609 656/656/656 657/657/657
f 659/659/659 660/660/660 661/661/661
f 558/558/558 663/663/663 586/586/586
f 665/665/665 666/666/666 667/667/667
f 1413/1413/1413 1411/1411/1411 1406/1406/1406
f 1418/1418/1418 1416/1416/1416 3810/3810/3810
f 1417/1417/1417 1372/1372/1372 1371/1371/1371
f 1416/1416/1416 1371/1371/1371 3829/3829/3829
f 1419/1419/1419 1417/1417/1417 1416/1416/1416
f 1386/1386/1386 909/909/909 1374/1374/1374
f 677/677/677 678/678/678 679/679/679
f 1385/1385/1385 1386/1386/1386 1420/1420/1420
f 1420/1420/1420 1374/1374/1374 1376/1376/1376
f 685/685/685 686/686/686 687/687/687
f 1421/1421/1421 1420/1420/1420 1422/1422/1422
f 528/528/528 690/690/690 691/691/691
f 1422/1422/1422 1376/1376/1376 1372/1372/1372
f 1018/1018/1018 1019/1019/1019 747/747/747
f 699/699/699 700/700/700 701/701/701
f 1424/1424/1424 578/578/578 579/579/579
f 3663/3663/3663 1597/1597/1597 1767/1767/1767
f 700/700/700 699/699/699 711/711/711
f 1093/1093/1093 3746/3746/3746 3754/3754/3754
f 717/717/717 718/718/718 530/530/530
f 721/721/721 722/722/722 723/723/723
f 704/704/704 1650/1650/1650 3543/3543/3543
f 19/19/19 1429/1429/1429 1426/1426/1426
f 1429/1429/1429 1428/1428/1428 1427/1427/1427
f 1658/1658/1658 1659/1659/1659 3542/3542/3542
f 1439/1439/1439 1437/1437/1437 1434/1434/1434
f 1437/1437/1437 1436/1436/1436 1435/1435/1435
f 1426/1426/1426 1427/1427/1427 1433/1433/1433
f 1442/1442/1442 1431/1431/1431 1432/1432/1432
f 742/742/742 743/743/743 744/744/744
f 1432/1432/1432 1433/1433/1433 1441/1441/1441
f 751/751/751 752/752/752 753/753/753
f 1438/1438/1438 1434/1434/1434 1403/1403/1403
f 1446/1446/1446 1445/1445/1445 1444/1444/1444
f 1447/1447/1447 1448/1448/1448 1446/1446/1446
f 3860/3860/3860 1447/1447/1447 1443/1443/1443
f 1415/1415/1415 1367/1367/1367 1445/1445/1445
f 1414/1414/1414 1415/1415/1415 1446/1446/1446
f 2173/2173/2173 1683/1683/1683 469/469/469
f 777/777/777 778/778/778 779/779/779
f 780/780/780 781/781/781 782/782/782
f 1676/1676/1676 1693/1693/1693 1806/1806/1806
f 3859/3859/3859 1451/1451/1451 1349/1349/1349
f 789/789/789 790/790/790 791/791/791
f 745/745/745 792/792/792 793/793/793
f 652/652/652 794/794/794 795/795/795
f 1455/1455/1455 1458/1458/1458 1457/1457/1457
f 1454/1454/1454 1367/1367/1367 1350/1350/1350
f 610/610/610 691/691/691 802/802/802
f 3831/3831/3831 3816/3816/3816 698/698/698
f 1352/1352/1352 1044/1044/1044 1045/1045/1045
f 1015/1015/1015 1016/1016/1016 1459/1459/1459
f 811/811/811 812/812/812 813/813/813
f 2118/2118/2118 3815/3815/3815 3817/3817/3817
f 819/819/819 820/820/820 821/821/821
f 1466/1466/1466 1463/1463/1463 1194/1194/1194
f 1467/1467/1467 1468/1468/1468 1465/1465/1465
f 1182/1182/1182 1165/1165/1165 1468/1468/1468
f 832/832/832 812/812/812 833/833/833
f 835/835/835 836/836/836 837/837/837
f 1467/1467/1467 1466/1466/1466 1190/1190/1190
f 1469/1469/1469 1470/1470/1470 1444/1444/1444
f 840/840/840 700/700/700 712/712/712
f 1453/1453/1453 1470/1470/1470 1469/1469/1469
f 599/599/599 844/844/844 845/845/845
f 1226/1226/1226 1450/1450/1450 3849/3849/3849
f 851/851/851 852/852/852 853/853/853
f 855/855/855 744/744/744 856/856/856
f 858/858/858 859/859/859 860/860/860
f 861/861/861 862/862/862 863/863/863
f 1014/1014/1014 1226/1226/1226 3855/3855/3855
f 867/867/867 676/676/676 868/868/868
f 870/870/870 871/871/871 872/872/872
f 874/874/874 875/875/875 876/876/876
f 1310/1310/1310 1323/1323/1323 1471/1471/1471
f 1476/1476/1476 1433/1433/1433 1427/1427/1427
f 1461/1461/1461 1476/1476/1476 1475/1475/1475
f 887/887/887 888/888/888 889/889/889
f 788/788/788 791/791/791 892/892/892
f 894/894/894 895/895/895 896/896/896
f 1460/1460/1460 1475/1475/1475 1227/1227/1227
f 901/901/901 902/902/902 524/524/524
f 1465/1465/1465 1478/1478/1478 1477/1477/1477
f 1865/1865/1865 3503/3503/3503 3500/3500/3500
f 911/911/911 912/912/912 913/913/913
f 916/916/916 917/917/917 918/918/918
f 1850/1850/1850 3505/3505/3505 3507/3507/3507
f 921/921/921 922/922/922 895/895/895
f 1479/1479/1479 1435/1435/1435 1436/1436/1436
f 926/926/926 664/664/664 667/667/667
f 1481/1481/1481 562/562/562 563/563/563
f 269/269/269 1483/1483/1483 84/84/84
f 931/931/931 932/932/932 933/933/933
f 934/934/934 935/935/935 614/614/614
f 936/936/936 685/685/685 688/688/688
f 938/938/938 659/659/659 662/662/662
f 1484/1484/1484 270/270/270 122/122/122
f 941/941/941 942/942/942 835/835/835
f 320/320/320 321/321/321 509/509/509
f 1849/1849/1849 3510/3510/3510 3505/3505/3505
f 84/84/84 1483/1483/1483 1484/1484/1484
f 1487/1487/1487 1490/1490/1490 1488/1488/1488
f 1757/1757/1757 1758/1758/1758 3502/3502/3502
f 365/365/365 1492/1492/1492 1491/1491/1491
f 461/461/461 79/79/79 80/80/80
f 117/117/117 363/363/363 362/362/362
f 1494/1494/1494 540/540/540 541/541/541
f 926/926/926 601/601/601 957/957/957
f 1477/1477/1477 1441/1441/1441 1433/1433/1433
f 1709/1709/1709 1588/1588/1588 1585/1585/1585
f 119/119/119 117/117/117 1496/1496/1496
f 271/271/271 1497/1497/1497 504/504/504
f 511/511/511 517/517/517 189/189/189
f 345/345/345 1496/1496/1496 1492/1492/1492
f 57/57/57 344/344/344 299/299/299
f 1501/1501/1501 1499/1499/1499 268/268/268
f 267/267/267 268/268/268 1499/1499/1499
f 974/974/974 975/975/975 976/976/976
f 1678/1678/1678 1652/1652/1652 1693/1693/1693
f 3846/3846/3846 1682/1682/1682 1807/1807/1807
f 557/557/557 982/982/982 663/663/663
f 983/983/983 941/941/941 984/984/984
f 1443/1443/1443 1444/1444/1444 3849/3849/3849
f 421/421/421 1500/1500/1500 268/268/268
f 989/989/989 990/990/990 991/991/991
f 1490/1490/1490 1487/1487/1487 418/418/418
f 279/279/279 280/280/280 309/309/309
f 997/997/997 868/868/868 676/676/676
f 998/998/998 26/26/26 999/999/999
f 1504/1504/1504 418/418/418 38/38/38
f 1506/1506/1506 1508/1508/1508 1507/1507/1507
f 360/360/360 361/361/361 1508/1508/1508
f 1506/1506/1506 1486/1486/1486 207/207/207
f 939/939/939 1005/1005/1005 1006/1006/1006
f 270/270/270 1484/1484/1484 1483/1483/1483
f 66/66/66 63/63/63 546/546/546
f 1010/1010/1010 742/742/742 793/793/793
f 367/367/367 428/428/428 437/437/437
f 244/244/244 31/31/31 363/363/363
f 1670/1670/1670 3532/3532/3532 3534/3534/3534
f 209/209/209 206/206/206 1510/1510/1510
f 388/388/388 389/389/389 426/426/426
f 427/427/427 274/274/274 250/250/250
f 161/161/161 520/520/520 521/521/521
f 100/100/100 246/246/246 45/45/45
f 1025/1025/1025 1026/1026/1026 608/608/608
f 1029/1029/1029 1030/1030/1030 1031/1031/1031
f 939/939/939 662/662/662 1033/1033/1033
f 41/41/41 42/42/42 594/594/594
f 1036/1036/1036 780/780/780 783/783/783
f 702/702/702 701/701/701 1038/1038/1038
f 1040/1040/1040 1041/1041/1041 1042/1042/1042
f 362/362/362 32/32/32 369/369/369
f 187/187/187 1520/1520/1520 477/477/477
f 70/70/70 1487/1487/1487 539/539/539
f 1049/1049/1049 600/600/600 603/603/603
f 613/613/613 867/867/867 869/869/869
f 860/860/860 1050/1050/1050 1051/1051/1051
f 1005/1005/1005 1052/1052/1052 1053/1053/1053
f 753/753/753 1055/1055/1055 1056/1056/1056
f 1057/1057/1057 1058/1058/1058 1059/1059/1059
f 293/293/293 288/288/288 1522/1522/1522
f 288/288/288 212/212/212 1521/1521/1521
f 292/292/292 1522/1522/1522 1523/1523/1523
f 331/331/331 1507/1507/1507 1508/1508/1508
f 306/306/306 452/452/452 453/453/453
f 100/100/100 44/44/44 41/41/41
f 462/462/462 1524/1524/1524 78/78/78
f 330/330/330 331/331/331 1524/1524/1524
f 635/635/635 1067/1067/1067 1068/1068/1068
f 1485/1485/1485 1527/1527/1527 1526/1526/1526
f 206/206/206 1485/1485/1485 1528/1528/1528
f 1070/1070/1070 1071/1071/1071 1072/1072/1072
f 942/942/942 941/941/941 1073/1073/1073
f 916/916/916 933/933/933 1075/1075/1075
f 440/440/440 1529/1529/1529 1530/1530/1530
f 157/157/157 158/158/158 1514/1514/1514
f 1529/1529/1529 162/162/162 5/5/5
f 371/371/371 595/595/595 546/546/546
f 790/790/790 586/586/586 663/663/663
f 1077/1077/1077 858/858/858 857/857/857
f 1403/1403/1403 1434/1434/1434 1435/1435/1435
f 1080/1080/1080 1081/1081/1081 1082/1082/1082
f 531/531/531 520/520/520 1529/1529/1529
f 21/21/21 1083/1083/1083 1084/1084/1084
f 272/272/272 1532/1532/1532 1531/1531/1531
f 690/690/690 712/712/712 802/802/802
f 335/335/335 3571/3571/3571 3567/3567/3567
f 1090/1090/1090 1030/1030/1030 1029/1029/1029
f 1092/1092/1092 795/795/795 794/794/794
f 1533/1533/1533 396/396/396 137/137/137
f 661/661/661 660/660/660 1095/1095/1095
f 69/69/69 444/444/444 445/445/445
f 1099/1099/1099 1100/1100/1100 1101/1101/1101
f 38/38/38 39/39/39 1536/1536/1536
f 1104/1104/1104 1105/1105/1105 1106/1106/1106
f 852/852/852 1107/1107/1107 1108/1108/1108
f 1377/1377/1377 908/908/908 909/909/909
f 291/291/291 377/377/377 411/411/411
f 316/316/316 1536/1536/1536 516/516/516
f 539/539/539 1488/1488/1488 1533/1533/1533
f 1505/1505/1505 1536/1536/1536 316/316/316
f 1110/1110/1110 1111/1111/1111 1112/1112/1112
f 1539/1539/1539 1537/1537/1537 460/460/460
f 522/522/522 441/441/441 1537/1537/1537
f 834/834/834 837/837/837 1120/1120/1120
f 1122/1122/1122 1123/1123/1123 1124/1124/1124
f 612/612/612 1125/1125/1125 1041/1041/1041
f 935/935/935 793/793/793 615/615/615
f 276/276/276 278/278/278 130/130/130
f 1686/1686/1686 3549/3549/3549 3522/3522/3522
f 193/193/193 190/190/190 1541/1541/1541
f 231/231/231 521/521/521 1540/1540/1540
f 556/556/556 1037/1037/1037 982/982/982
f 365/365/365 253/253/253 85/85/85
f 190/190/190 532/532/532 318/318/318
f 1810/1810/1810 765/765/765 3574/3574/3574
f 3924/3924/3924 1867/1867/1867 3512/3512/3512
f 1132/1132/1132 983/983/983 985/985/985
f 208/208/208 101/101/101 102/102/102
f 1134/1134/1134 1033/1033/1033 662/662/662
f 1491/1491/1491 518/518/518 80/80/80
f 429/429/429 133/133/133 1542/1542/1542
f 1137/1137/1137 1138/1138/1138 915/915/915
f 172/172/172 436/436/436 428/428/428
f 1139/1139/1139 1140/1140/1140 1141/1141/1141
f 549/549/549 96/96/96 54/54/54
f 1517/1517/1517 1519/1519/1519 1518/1518/1518
f 834/834/834 1119/1119/1119 984/984/984
f 1543/1543/1543 513/513/513 286/286/286
f 1544/1544/1544 797/797/797 239/239/239
f 133/133/133 134/134/134 1544/1544/1544
f 506/506/506 361/361/361 257/257/257
f 420/420/420 327/327/327 328/328/328
f 1158/1158/1158 1159/1159/1159 1160/1160/1160
f 587/587/587 1104/1104/1104 1103/1103/1103
f 607/607/607 1161/1161/1161 1027/1027/1027
f 304/304/304 1546/1546/1546 1545/1545/1545
f 364/364/364 1491/1491/1491 77/77/77
f 69/69/69 70/70/70 198/198/198
f 700/700/700 840/840/840 1112/1112/1112
f 3877/3877/3877 626/626/626 3525/3525/3525
f 1166/1166/1166 719/719/719 657/657/657
f 1167/1167/1167 1168/1168/1168 858/858/858
f 1300/1300/1300 3523/3523/3523 3524/3524/3524
f 1172/1172/1172 1173/1173/1173 1174/1174/1174
f 218/218/218 203/203/203 200/200/200
f 1179/1179/1179 1180/1180/1180 1181/1181/1181
f 372/372/372 183/183/183 97/97/97
f 89/89/89 104/104/104 227/227/227
f 1186/1186/1186 1187/1187/1187 1188/1188/1188
f 172/172/172 173/173/173 1517/1517/1517
f 1482/1482/1482 84/84/84 81/81/81
f 1090/1090/1090 1192/1192/1192 1193/1193/1193
f 394/394/394 395/395/395 353/353/353
f 526/526/526 525/525/525 1198/1198/1198
f 1199/1199/1199 1200/1200/1200 1026/1026/1026
f 606/606/606 623/623/623 697/697/697
f 1204/1204/1204 1205/1205/1205 1206/1206/1206
f 1207/1207/1207 1208/1208/1208 523/523/523
f 1209/1209/1209 1210/1210/1210 867/867/867
f 914/914/914 913/913/913 685/685/685
f 1478/1478/1478 1436/1436/1436 1441/1441/1441
f 1029/1029/1029 1028/1028/1028 1161/1161/1161
f 1211/1211/1211 1212/1212/1212 1213/1213/1213
f 3858/3858/3858 1453/1453/1453 1451/1451/1451
f 844/844/844 1215/1215/1215 1216/1216/1216
f 423/423/423 193/193/193 273/273/273
f 1220/1220/1220 1221/1221/1221 1222/1222/1222
f 22/22/22 1223/1223/1223 1224/1224/1224
f 882/882/882 898/898/898 897/897/897
f 1519/1519/1519 1517/1517/1517 173/173/173
f 1189/1189/1189 1188/1188/1188 1232/1232/1232
f 349/349/349 350/350/350 550/550/550
f 1071/1071/1071 1235/1235/1235 1236/1236/1236
f 1237/1237/1237 1238/1238/1238 1239/1239/1239
f 1221/1221/1221 1186/1186/1186 1189/1189/1189
f 1510/1510/1510 1528/1528/1528 1512/1512/1512
f 939/939/939 1032/1032/1032 1241/1241/1241
f 1556/1556/1556 1530/1530/1530 5/5/5
f 1553/1553/1553 1554/1554/1554 394/394/394
f 404/404/404 1556/1556/1556 67/67/67
f 1247/1247/1247 1248/1248/1248 1249/1249/1249
f 142/142/142 199/199/199 238/238/238
f 1251/1251/1251 1067/1067/1067 635/635/635
f 850/850/850 1252/1252/1252 1253/1253/1253
f 1254/1254/1254 1167/1167/1167 1077/1077/1077
f 57/57/57 132/132/132 133/133/133
f 443/443/443 430/430/430 552/552/552
f 1187/1187/1187 1172/1172/1172 1175/1175/1175
f 1256/1256/1256 1070/1070/1070 831/831/831
f 432/432/432 405/405/405 382/382/382
f 741/741/741 748/748/748 747/747/747
f 434/434/434 350/350/350 351/351/351
f 349/349/349 432/432/432 383/383/383
f 251/251/251 124/124/124 1481/1481/1481
f 395/395/395 384/384/384 352/352/352
f 1518/1518/1518 1519/1519/1519 1550/1550/1550
f 1558/1558/1558 410/410/410 378/378/378
f 109/109/109 263/263/263 314/314/314
f 285/285/285 1514/1514/1514 1513/1513/1513
f 395/395/395 394/394/394 393/393/393
f 202/202/202 203/203/203 410/410/410
f 417/417/417 408/408/408 405/405/405
f 1246/1246/1246 1257/1257/1257 1258/1258/1258
f 3/3/3 1559/1559/1559 297/297/297
f 1259/1259/1259 1260/1260/1260 1261/1261/1261
f 403/403/403 404/404/404 347/347/347
f 955/955/955 954/954/954 953/953/953
f 462/462/462 50/50/50 51/51/51
f 1096/1096/1096 1095/1095/1095 687/687/687
f 429/429/429 147/147/147 60/60/60
f 896/896/896 1264/1264/1264 1265/1265/1265
f 1267/1267/1267 721/721/721 1268/1268/1268
f 423/423/423 424/424/424 327/327/327
f 37/37/37 179/179/179 180/180/180
f 20/20/20 23/23/23 1187/1187/1187
f 1256/1256/1256 1168/1168/1168 1071/1071/1071
f 1188/1188/1188 1175/1175/1175 1269/1269/1269
f 1236/1236/1236 1270/1270/1270 1271/1271/1271
f 1272/1272/1272 536/536/536 535/535/535
f 565/565/565 564/564/564 463/463/463
f 1273/1273/1273 792/792/792 745/745/745
f 876/876/876 1254/1254/1254 1255/1255/1255
f 316/316/316 33/33/33 164/164/164
f 437/437/437 1516/1516/1516 503/503/503
f 194/194/194 1494/1494/1494 1495/1495/1495
f 1275/1275/1275 1276/1276/1276 864/864/864
f 624/624/624 625/625/625 631/631/631
f 1277/1277/1277 1274/1274/1274 1137/1137/1137
f 569/569/569 568/568/568 567/567/567
f 1481/1481/1481 124/124/124 125/125/125
f 324/324/324 325/325/325 547/547/547
f 1279/1279/1279 1108/1108/1108 1107/1107/1107
f 1525/1525/1525 332/332/332 329/329/329
f 1281/1281/1281 1278/1278/1278 1137/1137/1137
f 171/171/171 168/168/168 1553/1553/1553
f 1488/1488/1488 73/73/73 396/396/396
f 1557/1557/1557 1561/1561/1561 1562/1562/1562
f 1282/1282/1282 856/856/856 1206/1206/1206
f 1053/1053/1053 1277/1277/1277 1278/1278/1278
f 778/778/778 777/777/777 607/607/607
f 713/713/713 583/583/583 3566/3566/3566
f 251/251/251 225/225/225 144/144/144
f 4/4/4 357/357/357 348/348/348
f 709/709/709 708/708/708 707/707/707
f 728/728/728 48/48/48 45/45/45
f 261/261/261 135/135/135 1563/1563/1563
f 789/789/789 1286/1286/1286 1287/1287/1287
f 74/74/74 314/314/314 263/263/263
f 403/403/403 284/284/284 385/385/385
f 1178/1178/1178 1181/1181/1181 1240/1240/1240
f 1223/1223/1223 1259/1259/1259 1289/1289/1289
f 1220/1220/1220 20/20/20 1186/1186/1186
f 296/296/296 1518/1518/1518 354/354/354
f 784/784/784 459/459/459 1538/1538/1538
f 1181/1181/1181 1180/1180/1180 1291/1291/1291
f 1269/1269/1269 1292/1292/1292 1257/1257/1257
f 1566/1566/1566 1538/1538/1538 438/438/438
f 136/136/136 784/784/784 1566/1566/1566
f 1563/1563/1563 1564/1564/1564 169/169/169
f 107/107/107 114/114/114 109/109/109
f 1297/1297/1297 1282/1282/1282 1298/1298/1298
f 1464/1464/1464 1477/1477/1477 1476/1476/1476
f 1520/1520/1520 187/187/187 507/507/507
f 1301/1301/1301 1302/1302/1302 1303/1303/1303
f 1306/1306/1306 1307/1307/1307 1308/1308/1308
f 175/175/175 456/456/456 1532/1532/1532
f 1532/1532/1532 456/456/456 200/200/200
f 1311/1311/1311 1266/1266/1266 1312/1312/1312
f 872/872/872 1314/1314/1314 1315/1315/1315
f 3836/3836/3836 843/843/843 878/878/878
f 1305/1305/1305 1308/1308/1308 864/864/864
f 1040/1040/1040 1275/1275/1275 863/863/863
f 1564/1564/1564 1566/1566/1566 399/399/399
f 592/592/592 1576/1576/1576 1575/1575/1575
f 591/591/591 1575/1575/1575 1088/1088/1088
f 1581/1581/1581 1584/1584/1584 1583/1583/1583
f 1196/1196/1196 1152/1152/1152 1147/1147/1147
f 710/710/710 582/582/582 583/583/583
f 285/285/285 407/407/407 408/408/408
f 953/953/953 954/954/954 961/961/961
f 1594/1594/1594 1592/1592/1592 1589/1589/1589
f 1585/1585/1585 1588/1588/1588 1587/1587/1587
f 1592/1592/1592 1591/1591/1591 1590/1590/1590
f 3885/3885/3885 945/945/945 944/944/944
f 1600/1600/1600 1599/1599/1599 1598/1598/1598
f 1604/1604/1604 1603/1603/1603 1602/1602/1602
f 1399/1399/1399 1392/1392/1392 979/979/979
f 1589/1589/1589 1590/1590/1590 1596/1596/1596
f 1610/1610/1610 1609/1609/1609 1608/1608/1608
f 298/298/298 257/257/257 361/361/361
f 551/551/551 552/552/552 276/276/276
f 1627/1627/1627 1626/1626/1626 3814/3814/3814
f 859/859/859 811/811/811 818/818/818
f 1078/1078/1078 857/857/857 1328/1328/1328
f 1555/1555/1555 439/439/439 1530/1530/1530
f 572/572/572 573/573/573 680/680/680
f 772/772/772 465/465/465 776/776/776
f 977/977/977 1281/1281/1281 918/918/918
f 404/404/404 403/403/403 392/392/392
f 1054/1054/1054 1331/1331/1331 750/750/750
f 1644/1644/1644 1645/1645/1645 1643/1643/1643
f 932/932/932 1265/1265/1265 1082/1082/1082
f 1067/1067/1067 1333/1333/1333 1334/1334/1334
f 1540/1540/1540 1539/1539/1539 264/264/264
f 597/597/597 1335/1335/1335 643/643/643
f 471/471/471 761/761/761 762/762/762
f 1642/1642/1642 696/696/696 3831/3831/3831
f 1644/1644/1644 1642/1642/1642 3842/3842/3842
f 923/923/923 946/946/946 950/950/950
f 96/96/96 549/549/549 548/548/548
f 520/520/520 531/531/531 522/522/522
f 445/445/445 444/444/444 443/443/443
f 849/849/849 839/839/839 848/848/848
f 480/480/480 759/759/759 755/755/755
f 1646/1646/1646 760/760/760 481/481/481
f 311/311/311 426/426/426 1567/1567/1567
f 464/464/464 463/463/463 3497/3497/3497
f 3497/3497/3497 1360/1360/1360 1361/1361/1361
f 234/234/234 237/237/237 236/236/236
f 190/190/190 193/193/193 192/192/192
f 153/153/153 154/154/154 152/152/152
f 231/231/231 287/287/287 286/286/286
f 1552/1552/1552 1553/1553/1553 1551/1551/1551
f 760/760/760 1646/1646/1646 1648/1648/1648
f 3832/3832/3832 1647/1647/1647 1649/1649/1649
f 828/828/828 827/827/827 826/826/826
f 52/52/52 167/167/167 166/166/166
f 1663/1663/1663 1662/1662/1662 1661/1661/1661
f 287/287/287 107/107/107 115/115/115
f 668/668/668 671/671/671 670/670/670
f 634/634/634 645/645/645 640/640/640
f 553/553/553 560/560/560 559/559/559
f 118/118/118 36/36/36 33/33/33
f 492/492/492 484/484/484 491/491/491
f 3552/3552/3552 1652/1652/1652 1651/1651/1651
f 582/582/582 589/589/589 584/584/584
f 384/384/384 395/395/395 392/392/392
f 1381/1381/1381 1382/1382/1382 1383/1383/1383
f 1562/1562/1562 1561/1561/1561 435/435/435
f 952/952/952 953/953/953 951/951/951
f 3529/3529/3529 3566/3566/3566 583/583/583
f 1660/1660/1660 1661/1661/1661 1667/1667/1667
f 1394/1394/1394 1395/1395/1395 1396/1396/1396
f 1660/1660/1660 1665/1665/1665 1664/1664/1664
f 1671/1671/1671 1670/1670/1670 1669/1669/1669
f 1624/1624/1624 1625/1625/1625 1673/1673/1673
f 1407/1407/1407 1408/1408/1408 1409/1409/1409
f 1677/1677/1677 1676/1676/1676 1675/1675/1675
f 1613/1613/1613 1679/1679/1679 1677/1677/1677
f 1679/1679/1679 1678/1678/1678 1676/1676/1676
f 1626/1626/1626 1681/1681/1681 3811/3811/3811
f 534/534/534 199/199/199 198/198/198
f 803/803/803 733/733/733 734/734/734
f 400/400/400 248/248/248 191/191/191
f 65/65/65 66/66/66 143/143/143
f 3526/3526/3526 1657/1657/1657 1656/1656/1656
f 402/402/402 159/159/159 157/157/157
f 629/629/629 628/628/628 627/627/627
f 461/461/461 477/477/477 49/49/49
f 758/758/758 757/757/757 495/495/495
f 796/796/796 787/787/787 786/786/786
f 406/406/406 407/407/407 1513/1513/1513
f 342/342/342 343/343/343 166/166/166
f 1694/1694/1694 1659/1659/1659 1658/1658/1658
f 1692/1692/1692 1687/1687/1687 1694/1694/1694
f 3557/3557/3557 1693/1693/1693 1652/1652/1652
f 3921/3921/3921 1704/1704/1704 1703/1703/1703
f 326/326/326 547/547/547 302/302/302
f 3916/3916/3916 3921/3921/3921 1702/1702/1702
f 3919/3919/3919 3918/3918/3918 1698/1698/1698
f 1699/1699/1699 1691/1691/1691 3927/3927/3927
f 1557/1557/1557 406/406/406 1560/1560/1560
f 1127/1127/1127 1116/1116/1116 1117/1117/1117
f 400/400/400 401/401/401 289/289/289
f 1706/1706/1706 1702/1702/1702 1707/1707/1707
f 1707/1707/1707 1702/1702/1702 1599/1599/1599
f 1709/1709/1709 1706/1706/1706 1708/1708/1708
f 1714/1714/1714 1712/1712/1712 1711/1711/1711
f 3919/3919/3919 3915/3915/3915 1709/1709/1709
f 1704/1704/1704 1711/1711/1711 1577/1577/1577
f 1716/1716/1716 1714/1714/1714 1713/1713/1713
f 1559/1559/1559 1562/1562/1562 1549/1549/1549
f 1722/1722/1722 1721/1721/1721 1720/1720/1720
f 1335/1335/1335 597/597/597 596/596/596
f 410/410/410 411/411/411 377/377/377
f 973/973/973 1170/1170/1170 1163/1163/1163
f 168/168/168 169/169/169 399/399/399
f 1571/1571/1571 682/682/682 1089/1089/1089
f 1572/1572/1572 681/681/681 682/682/682
f 749/749/749 646/646/646 647/647/647
f 1730/1730/1730 1724/1724/1724 1723/1723/1723
f 1594/1594/1594 1582/1582/1582 1729/1729/1729
f 1729/1729/1729 1723/1723/1723 1591/1591/1591
f 1384/1384/1384 1378/1378/1378 1377/1377/1377
f 1732/1732/1732 1731/1731/1731 1712/1712/1712
f 1724/1724/1724 1730/1730/1730 1731/1731/1731
f 1722/1722/1722 1724/1724/1724 1732/1732/1732
f 1721/1721/1721 1722/1722/1722 1733/1733/1733
f 1734/1734/1734 1733/1733/1733 1716/1716/1716
f 1735/1735/1735 1737/1737/1737 1736/1736/1736
f 1733/1733/1733 1732/1732/1732 1714/1714/1714
f 1663/1663/1663 1664/1664/1664 1741/1741/1741
f 1742/1742/1742 1665/1665/1665 1740/1740/1740
f 1738/1738/1738 1739/1739/1739 1737/1737/1737
f 1665/1665/1665 1660/1660/1660 1666/1666/1666
f 1665/1665/1665 1742/1742/1742 1744/1744/1744
f 1725/1725/1725 1726/1726/1726 1746/1746/1746
f 1591/1591/1591 1725/1725/1725 1745/1745/1745
f 1590/1590/1590 1745/1745/1745 1747/1747/1747
f 1745/1745/1745 1746/1746/1746 1748/1748/1748
f 1659/1659/1659 1688/1688/1688 3538/3538/3538
f 3287/3287/3287 1760/1760/1760 3545/3545/3545
f 1185/1185/1185 1177/1177/1177 1182/1182/1182
f 1664/1664/1664 1744/1744/1744 1749/1749/1749
f 1741/1741/1741 1749/1749/1749 1739/1739/1739
f 1746/1746/1746 1742/1742/1742 1743/1743/1743
f 1726/1726/1726 1744/1744/1744 1742/1742/1742
f 1115/1115/1115 924/924/924 1153/1153/1153
f 1654/1654/1654 3546/3546/3546 3575/3575/3575
f 1896/1896/1896 3562/3562/3562 3549/3549/3549
f 1720/1720/1720 1749/1749/1749 1744/1744/1744
f 1721/1721/1721 1739/1739/1739 1749/1749/1749
f 1750/1750/1750 1718/1718/1718 1701/1701/1701
f 1697/1697/1697 1736/1736/1736 1750/1750/1750
f 1151/1151/1151 1152/1152/1152 1063/1063/1063
f 1751/1751/1751 1752/1752/1752 1670/1670/1670
f 1695/1695/1695 1658/1658/1658 1752/1752/1752
f 961/961/961 962/962/962 986/986/986
f 1770/1770/1770 1769/1769/1769 1768/1768/1768
f 1766/1766/1766 1594/1594/1594 1593/1593/1593
f 1731/1731/1731 1759/1759/1759 1579/1579/1579
f 1579/1579/1579 1777/1777/1777 1774/1774/1774
f 3928/3928/3928 1772/1772/1772 1771/1771/1771
f 1764/1764/1764 1772/1772/1772 3928/3928/3928
f 1777/1777/1777 1776/1776/1776 1775/1775/1775
f 3762/3762/3762 3763/3763/3763 1699/1699/1699
f 1004/1004/1004 1127/1127/1127 1128/1128/1128
f 1774/1774/1774 1775/1775/1775 1771/1771/1771
f 987/987/987 1400/1400/1400 1399/1399/1399
f 1578/1578/1578 1774/1774/1774 1772/1772/1772
f 1783/1783/1783 1782/1782/1782 1781/1781/1781
f 1597/1597/1597 1598/1598/1598 1770/1770/1770
f 639/639/639 1878/1878/1878 3895/3895/3895
f 3928/3928/3928 3929/3929/3929 1769/1769/1769
f 1793/1793/1793 1792/1792/1792 1789/1789/1789
f 3929/3929/3929 3920/3920/3920 1798/1798/1798
f 3508/3508/3508 3516/3516/3516 3773/3773/3773
f 1802/1802/1802 1867/1867/1867 3924/3924/3924
f 1788/1788/1788 1790/1790/1790 1794/1794/1794
f 1793/1793/1793 1794/1794/1794 1795/1795/1795
f 3773/3773/3773 3772/3772/3772 1675/1675/1675
f 1584/1584/1584 1581/1581/1581 1783/1783/1783
f 1771/1771/1771 1797/1797/1797 3920/3920/3920
f 1801/1801/1801 1799/1799/1799 1798/1798/1798
f 1768/1768/1768 1769/1769/1769 1798/1798/1798
f 1775/1775/1775 1796/1796/1796 1797/1797/1797
f 508/508/508 514/514/514 515/515/515
f 1796/1796/1796 1803/1803/1803 1802/1802/1802
f 1800/1800/1800 1798/1798/1798 3920/3920/3920
f 1794/1794/1794 1805/1805/1805 1804/1804/1804
f 3532/3532/3532 1670/1670/1670 1752/1752/1752
f 485/485/485 1808/1808/1808 1807/1807/1807
f 3809/3809/3809 3844/3844/3844 1640/1640/1640
f 3837/3837/3837 3844/3844/3844 1810/1810/1810
f 485/485/485 482/482/482 1640/1640/1640
f 1690/1690/1690 1691/1691/1691 3770/3770/3770
f 487/487/487 488/488/488 1648/1648/1648
f 3839/3839/3839 1813/1813/1813 1816/1816/1816
f 3838/3838/3838 1811/1811/1811 1648/1648/1648
f 3839/3839/3839 1812/1812/1812 1811/1811/1811
f 1812/1812/1812 1809/1809/1809 487/487/487
f 1641/1641/1641 1809/1809/1809 767/767/767
f 465/465/465 466/466/466 755/755/755
f 767/767/767 1815/1815/1815 3823/3823/3823
f 3822/3822/3822 1816/1816/1816 3826/3826/3826
f 1809/1809/1809 1812/1812/1812 1815/1815/1815
f 3837/3837/3837 1653/1653/1653 1651/1651/1651
f 675/675/675 672/672/672 3541/3541/3541
f 1814/1814/1814 1649/1649/1649 1822/1822/1822
f 1821/1821/1821 1822/1822/1822 3821/3821/3821
f 1824/1824/1824 1822/1822/1822 1649/1649/1649
f 1827/1827/1827 1849/1849/1849 1850/1850/1850
f 1668/1668/1668 1669/1669/1669 1662/1662/1662
f 1779/1779/1779 1780/1780/1780 1848/1848/1848
f 1790/1790/1790 1827/1827/1827 1805/1805/1805
f 1833/1833/1833 1836/1836/1836 1853/1853/1853
f 3521/3521/3521 3506/3506/3506 693/693/693
f 1614/1614/1614 1615/1615/1615 1616/1616/1616
f 1852/1852/1852 1853/1853/1853 3498/3498/3498
f 1620/1620/1620 1621/1621/1621 1622/1622/1622
f 1855/1855/1855 1765/1765/1765 1574/1574/1574
f 1847/1847/1847 1852/1852/1852 3501/3501/3501
f 1766/1766/1766 1765/1765/1765 1855/1855/1855
f 1629/1629/1629 1630/1630/1630 1631/1631/1631
f 1633/1633/1633 1622/1622/1622 1634/1634/1634
f 1635/1635/1635 1636/1636/1636 1637/1637/1637
f 1848/1848/1848 1833/1833/1833 1852/1852/1852
f 1855/1855/1855 1861/1861/1861 1863/1863/1863
f 1803/1803/1803 1866/1866/1866 1867/1867/1867
f 1862/1862/1862 1863/1863/1863 1831/1831/1831
f 1782/1782/1782 1855/1855/1855 1862/1862/1862
f 3922/3922/3922 3924/3924/3924 1865/1865/1865
f 1873/1873/1873 1872/1872/1872 1870/1870/1870
f 1874/1874/1874 1869/1869/1869 799/799/799
f 2045/2045/2045 3878/3878/3878 3897/3897/3897
f 1219/1219/1219 1345/1345/1345 1295/1295/1295
f 1615/1615/1615 1614/1614/1614 1396/1396/1396
f 3884/3884/3884 3895/3895/3895 1877/1877/1877
f 645/645/645 3898/3898/3898 3786/3786/3786
f 1345/1345/1345 1219/1219/1219 1035/1035/1035
f 634/634/634 639/639/639 3884/3884/3884
f 15/15/15 1887/1887/1887 1327/1327/1327
f 3910/3910/3910 3895/3895/3895 1878/1878/1878
f 1894/1894/1894 604/604/604 605/605/605
f 3506/3506/3506 3551/3551/3551 627/627/627
f 3560/3560/3560 640/640/640 645/645/645
f 340/340/340 341/341/341 454/454/454
f 1897/1897/1897 194/194/194 195/195/195
f 1889/1889/1889 1882/1882/1882 1877/1877/1877
f 1901/1901/1901 94/94/94 129/129/129
f 196/196/196 749/749/749 754/754/754
f 1705/1705/1705 1704/1704/1704 3921/3921/3921
f 340/340/340 378/378/378 166/166/166
f 1570/1570/1570 1480/1480/1480 563/563/563
f 1904/1904/1904 1494/1494/1494 194/194/194
f 1781/1781/1781 1862/1862/1862 1832/1832/1832
f 1905/1905/1905 549/549/549 55/55/55
f 1000/1000/1000 994/994/994 995/995/995
f 986/986/986 919/919/919 920/920/920
f 1191/1191/1191 1185/1185/1185 1190/1190/1190
f 2094/2094/2094 2077/2077/2077 2075/2075/2075
f 1920/1920/1920 1921/1921/1921 1919/1919/1919
f 453/453/453 454/454/454 1912/1912/1912
f 1915/1915/1915 1919/1919/1919 1918/1918/1918
f 3882/3882/3882 2112/2112/2112 2106/2106/2106
f 1655/1655/1655 3575/3575/3575 3531/3531/3531
f 1916/1916/1916 1918/1918/1918 1926/1926/1926
f 704/704/704 3554/3554/3554 3561/3561/3561
f 278/278/278 1916/1916/1916 1925/1925/1925
f 3565/3565/3565 3564/3564/3564 1818/1818/1818
f 1097/1097/1097 949/949/949 1115/1115/1115
f 1927/1927/1927 1928/1928/1928 727/727/727
f 3578/3578/3578 3579/3579/3579 3654/3654/3654
f 1920/1920/1920 310/310/310 307/307/307
f 1929/1929/1929 307/307/307 48/48/48
f 503/503/503 504/504/504 1497/1497/1497
f 1902/1902/1902 1903/1903/1903 787/787/787
f 1816/1816/1816 1821/1821/1821 3820/3820/3820
f 1925/1925/1925 1926/1926/1926 1923/1923/1923
f 1535/1535/1535 1569/1569/1569 1568/1568/1568
f 254/254/254 252/252/252 258/258/258
f 1509/1509/1509 1497/1497/1497 366/366/366
f 119/119/119 86/86/86 35/35/35
f 219/219/219 288/288/288 293/293/293
f 141/141/141 46/46/46 47/47/47
f 542/542/542 205/205/205 244/244/244
f 1940/1940/1940 552/552/552 430/430/430
f 1779/1779/1779 1828/1828/1828 1827/1827/1827
f 1701/1701/1701 1710/1710/1710 3915/3915/3915
f 1661/1661/1661 3550/3550/3550 3515/3515/3515
f 270/270/270 53/53/53 754/754/754
f 197/197/197 1947/1947/1947 749/749/749
f 1727/1727/1727 1728/1728/1728 1212/1212/1212
f 53/53/53 54/54/54 232/232/232
f 1465/1465/1465 1468/1468/1468 1479/1479/1479
f 1284/1284/1284 3862/3862/3862 3854/3854/3854
f 1951/1951/1951 446/446/446 412/412/412
f 168/168/168 398/398/398 1554/1554/1554
f 1486/1486/1486 1485/1485/1485 206/206/206
f 506/506/506 77/77/77 78/78/78
f 994/994/994 1001/1001/1001 1007/1007/1007
f 951/951/951 953/953/953 963/963/963
f 1013/1013/1013 3859/3859/3859 3861/3861/3861
f 3826/3826/3826 3820/3820/3820 1820/1820/1820
f 1498/1498/1498 1909/1909/1909 1954/1954/1954
f 299/299/299 298/298/298 543/543/543
f 1754/1754/1754 1755/1755/1755 1756/1756/1756
f 1681/1681/1681 469/469/469 1683/1683/1683
f 1696/1696/1696 1694/1694/1694 1695/1695/1695
f 13/13/13 14/14/14 738/738/738
f 473/473/473 476/476/476 475/475/475
f 482/482/482 1641/1641/1641 768/768/768
f 204/204/204 62/62/62 30/30/30
f 1761/1761/1761 1762/1762/1762 820/820/820
f 611/611/611 1763/1763/1763 1125/1125/1125
f 1501/1501/1501 1503/1503/1503 1908/1908/1908
f 1074/1074/1074 1073/1073/1073 711/711/711
f 1960/1960/1960 1944/1944/1944 82/82/82
f 120/120/120 1956/1956/1956 1960/1960/1960
f 35/35/35 86/86/86 87/87/87
f 1773/1773/1773 1199/1199/1199 1025/1025/1025
f 1965/1965/1965 1545/1545/1545 1569/1569/1569
f 494/494/494 761/761/761 471/471/471
f 1966/1966/1966 1967/1967/1967 1969/1969/1969
f 446/446/446 1951/1951/1951 1971/1971/1971
f 174/174/174 368/368/368 125/125/125
f 1580/1580/1580 1579/1579/1579 1578/1578/1578
f 1785/1785/1785 1786/1786/1786 1787/1787/1787
f 1972/1972/1972 1546/1546/1546 304/304/304
f 1254/1254/1254 876/876/876 875/875/875
f 1973/1973/1973 341/341/341 342/342/342
f 321/321/321 1912/1912/1912 1973/1973/1973
f 1910/1910/1910 277/277/277 275/275/275
f 509/509/509 1973/1973/1973 514/514/514
f 1486/1486/1486 1507/1507/1507 1527/1527/1527
f 1974/1974/1974 1874/1874/1874 804/804/804
f 1977/1977/1977 1976/1976/1976 1974/1974/1974
f 1980/1980/1980 448/448/448 1966/1966/1966
f 379/379/379 1/1/1 2/2/2
f 1718/1718/1718 1715/1715/1715 1710/1710/1710
f 884/884/884 995/995/995 992/992/992
f 1680/1680/1680 1684/1684/1684 1678/1678/1678
f 902/902/902 990/990/990 525/525/525
f 344/344/344 255/255/255 256/256/256
f 135/135/135 138/138/138 137/137/137
f 448/448/448 446/446/446 1967/1967/1967
f 589/589/589 605/605/605 604/604/604
f 910/910/910 909/909/909 908/908/908
f 1981/1981/1981 1966/1966/1966 1968/1968/1968
f 1982/1982/1982 1981/1981/1981 1987/1987/1987
f 1988/1988/1988 1979/1979/1979 1987/1987/1987
f 1990/1990/1990 1988/1988/1988 1989/1989/1989
f 1991/1991/1991 1989/1989/1989 1993/1993/1993
f 322/322/322 321/321/321 320/320/320
f 992/992/992 828/828/828 830/830/830
f 1144/1144/1144 1076/1076/1076 1086/1086/1086
f 1995/1995/1995 1977/1977/1977 1978/1978/1978
f 1133/1133/1133 1129/1129/1129 1118/1118/1118
f 1997/1997/1997 1995/1995/1995 1994/1994/1994
f 870/870/870 1823/1823/1823 1335/1335/1335
f 805/805/805 806/806/806 1982/1982/1982
f 727/727/727 184/184/184 2000/2000/2000
f 1996/1996/1996 1994/1994/1994 1988/1988/1988
f 1994/1994/1994 1978/1978/1978 1979/1979/1979
f 1829/1829/1829 616/616/616 792/792/792
f 1830/1830/1830 1073/1073/1073 941/941/941
f 798/798/798 803/803/803 800/800/800
f 729/729/729 732/732/732 731/731/731
f 2011/2011/2011 2012/2012/2012 2023/2023/2023
f 1834/1834/1834 1835/1835/1835 846/846/846
f 402/402/402 283/283/283 284/284/284
f 2022/2022/2022 2023/2023/2023 2024/2024/2024
f 1838/1838/1838 718/718/718 989/989/989
f 810/810/810 955/955/955 952/952/952
f 1823/1823/1823 1839/1839/1839 1840/1840/1840
f 1430/1430/1430 1426/1426/1426 1432/1432/1432
f 1215/1215/1215 844/844/844 1841/1841/1841
f 1316/1316/1316 1208/1208/1208 873/873/873
f 2112/2112/2112 1401/1401/1401 1384/1384/1384
f 1842/1842/1842 1843/1843/1843 1844/1844/1844
f 1159/1159/1159 846/846/846 845/845/845
f 837/837/837 27/27/27 1846/1846/1846
f 1971/1971/1971 1951/1951/1951 2030/2030/2030
f 517/517/517 369/369/369 370/370/370
f 1471/1471/1471 2026/2026/2026 2027/2027/2027
f 3551/3551/3551 3525/3525/3525 626/626/626
f 2174/2174/2174 2175/2175/2175 770/770/770
f 935/935/935 934/934/934 1854/1854/1854
f 1613/1613/1613 1619/1619/1619 1611/1611/1611
f 1231/1231/1231 1228/1228/1228 1225/1225/1225
f 1856/1856/1856 1857/1857/1857 891/891/891
f 1300/1300/1300 1309/1309/1309 748/748/748
f 1150/1150/1150 1149/1149/1149 1858/1858/1858
f 1643/1643/1643 606/606/606 696/696/696
f 1215/1215/1215 1265/1265/1265 1264/1264/1264
f 1320/1320/1320 1860/1860/1860 902/902/902
f 1956/1956/1956 1943/1943/1943 1944/1944/1944
f 2031/2031/2031 668/668/668 669/669/669
f 2034/2034/2034 1325/1325/1325 1310/1310/1310
f 1879/1879/1879 1880/1880/1880 1656/1656/1656
f 40/40/40 245/245/245 242/242/242
f 1992/1992/1992 1993/1993/1993 2039/2039/2039
f 888/888/888 958/958/958 957/957/957
f 1882/1882/1882 1889/1889/1889 1996/1996/1996
f 1078/1078/1078 1138/1138/1138 1255/1255/1255
f 1871/1871/1871 912/912/912 1192/1192/1192
f 294/294/294 411/411/411 218/218/218
f 1323/1323/1323 2041/2041/2041 2026/2026/2026
f 123/123/123 1960/1960/1960 83/83/83
f 1324/1324/1324 2036/2036/2036 2041/2041/2041
f 384/384/384 358/358/358 359/359/359
f 1324/1324/1324 1325/1325/1325 2038/2038/2038
f 1883/1883/1883 1884/1884/1884 1885/1885/1885
f 287/287/287 1540/1540/1540 114/114/114
f 1096/1096/1096 1886/1886/1886 1134/1134/1134
f 915/915/915 1329/1329/1329 931/931/931
f 806/806/806 1980/1980/1980 1981/1981/1981
f 3533/3533/3533 3529/3529/3529 584/584/584
f 1425/1425/1425 2030/2030/2030 2042/2042/2042
f 1018/1018/1018 2042/2042/2042 1948/1948/1948
f 3562/3562/3562 1896/1896/1896 740/740/740
f 1948/1948/1948 2042/2042/2042 649/649/649
f 1881/1881/1881 1882/1882/1882 1990/1990/1990
f 1900/1900/1900 129/129/129 130/130/130
f 992/992/992 995/995/995 994/994/994
f 923/923/923 927/927/927 925/925/925
f 3878/3878/3878 2045/2045/2045 2047/2047/2047
f 1643/1643/1643 2048/2048/2048 625/625/625
f 2050/2050/2050 2052/2052/2052 2051/2051/2051
f 2045/2045/2045 1405/1405/1405 1404/1404/1404
f 3876/3876/3876 2047/2047/2047 945/945/945
f 1139/1139/1139 1080/1080/1080 1079/1079/1079
f 1037/1037/1037 1856/1856/1856 892/892/892
f 2055/2055/2055 2053/2053/2053 2057/2057/2057
f 1198/1198/1198 989/989/989 718/718/718
f 1619/1619/1619 2058/2058/2058 1612/1612/1612
f 2058/2058/2058 1605/1605/1605 1606/1606/1606
f 2059/2059/2059 2060/2060/2060 1607/1607/1607
f 2058/2058/2058 1619/1619/1619 1624/1624/1624
f 71/71/71 72/72/72 179/179/179
f 405/405/405 406/406/406 1557/1557/1557
f 322/322/322 1548/1548/1548 1972/1972/1972
f 2061/2061/2061 2052/2052/2052 2063/2063/2063
f 2066/2066/2066 2065/2065/2065 2067/2067/2067
f 2052/2052/2052 2061/2061/2061 2064/2064/2064
f 1609/1609/1609 1610/1610/1610 2066/2066/2066
f 1515/1515/1515 151/151/151 152/152/152
f 1009/1009/1009 827/827/827 993/993/993
f 1644/1644/1644 3843/3843/3843 3815/3815/3815
f 279/279/279 1915/1915/1915 1916/1916/1916
f 1285/1285/1285 3863/3863/3863 3862/3862/3862
f 1647/1647/1647 2066/2066/2066 1825/1825/1825
f 2056/2056/2056 2057/2057/2057 2067/2067/2067
f 319/319/319 320/320/320 1953/1953/1953
f 667/667/667 666/666/666 1913/1913/1913
f 2070/2070/2070 631/631/631 625/625/625
f 2052/2052/2052 2050/2050/2050 2055/2055/2055
f 2038/2038/2038 1654/1654/1654 1655/1655/1655
f 1606/1606/1606 1601/1601/1601 2073/2073/2073
f 1235/1235/1235 1917/1917/1917 1270/1270/1270
f 2072/2072/2072 2073/2073/2073 2075/2075/2075
f 2059/2059/2059 1606/1606/1606 2072/2072/2072
f 2074/2074/2074 2075/2075/2075 2077/2077/2077
f 1601/1601/1601 1602/1602/1602 2078/2078/2078
f 2049/2049/2049 2048/2048/2048 1643/1643/1643
f 1000/1000/1000 1004/1004/1004 1001/1001/1001
f 1089/1089/1089 943/943/943 684/684/684
f 1931/1931/1931 1286/1286/1286 1306/1306/1306
f 1462/1462/1462 1459/1459/1459 1021/1021/1021
f 1932/1932/1932 1933/1933/1933 1934/1934/1934
f 875/875/875 874/874/874 1846/1846/1846
f 1936/1936/1936 1051/1051/1051 1937/1937/1937
f 44/44/44 45/45/45 46/46/46
f 1534/1534/1534 1955/1955/1955 1956/1956/1956
f 1541/1541/1541 318/318/318 317/317/317
f 2081/2081/2081 2082/2082/2082 2084/2084/2084
f 146/146/146 1945/1945/1945 1959/1959/1959
f 1360/1360/1360 1941/1941/1941 1942/1942/1942
f 985/985/985 984/984/984 1032/1032/1032
f 1995/1995/1995 1997/1997/1997 1892/1892/1892
f 2079/2079/2079 2080/2080/2080 2082/2082/2082
f 2095/2095/2095 2096/2096/2096 2076/2076/2076
f 2081/2081/2081 2093/2093/2093 2078/2078/2078
f 2055/2055/2055 2050/2050/2050 2054/2054/2054
f 501/501/501 2096/2096/2096 2095/2095/2095
f 2097/2097/2097 2100/2100/2100 2099/2099/2099
f 2098/2098/2098 2099/2099/2099 2094/2094/2094
f 2140/2140/2140 2141/2141/2141 3893/3893/3893
f 2141/2141/2141 2046/2046/2046 3894/3894/3894
f 2051/2051/2051 2070/2070/2070 2048/2048/2048
f 592/592/592 2102/2102/2102 2101/2101/2101
f 2071/2071/2071 2064/2064/2064 2076/2076/2076
f 2102/2102/2102 2097/2097/2097 2098/2098/2098
f 593/593/593 2103/2103/2103 2102/2102/2102
f 1019/1019/1019 1895/1895/1895 746/746/746
f 1950/1950/1950 11/11/11 12/12/12
f 725/725/725 2071/2071/2071 2096/2096/2096
f 1385/1385/1385 2105/2105/2105 2104/2104/2104
f 1379/1379/1379 2104/2104/2104 2106/2106/2106
f 2107/2107/2107 2108/2108/2108 2100/2100/2100
f 3908/3908/3908 726/726/726 502/502/502
f 3896/3896/3896 502/502/502 499/499/499
f 940/940/940 1389/1389/1389 2109/2109/2109
f 928/928/928 929/929/929 1170/1170/1170
f 3868/3868/3868 590/590/590 684/684/684
f 1962/1962/1962 1963/1963/1963 1964/1964/1964
f 3878/3878/3878 680/680/680 573/573/573
f 2039/2039/2039 1993/1993/1993 1968/1968/1968
f 1389/1389/1389 1390/1390/1390 2110/2110/2110
f 1398/1398/1398 2111/2111/2111 2113/2113/2113
f 3757/3757/3757 3755/3755/3755 3753/3753/3753
f 3911/3911/3911 3883/3883/3883 2107/2107/2107
f 949/949/949 923/923/923 924/924/924
f 260/260/260 241/241/241 324/324/324
f 1390/1390/1390 1397/1397/1397 2113/2113/2113
f 2070/2070/2070 2051/2051/2051 2064/2064/2064
f 3867/3867/3867 3911/3911/3911 2103/2103/2103
f 2105/2105/2105 1385/1385/1385 1421/1421/1421
f 2114/2114/2114 1421/1421/1421 1423/1423/1423
f 3892/3892/3892 2114/2114/2114 2115/2115/2115
f 3908/3908/3908 2105/2105/2105 2114/2114/2114
f 554/554/554 2116/2116/2116 1902/1902/1902
f 972/972/972 1163/1163/1163 967/967/967
f 1765/1765/1765 1593/1593/1593 1573/1573/1573
f 1984/1984/1984 1985/1985/1985 1986/1986/1986
f 2053/2053/2053 2117/2117/2117 2069/2069/2069
f 3573/3573/3573 3556/3556/3556 724/724/724
f 1625/1625/1625 1677/1677/1677 1674/1674/1674
f 3881/3881/3881 3888/3888/3888 2119/2119/2119
f 3903/3903/3903 2115/2115/2115 2123/2123/2123
f 56/56/56 1954/1954/1954 1906/1906/1906
f 626/626/626 3877/3877/3877 3879/3879/3879
f 2001/2001/2001 2002/2002/2002 2003/2003/2003
f 3912/3912/3912 3841/3841/3841 2127/2127/2127
f 2006/2006/2006 2007/2007/2007 2008/2008/2008
f 2127/2127/2127 1413/1413/1413 1412/1412/1412
f 2014/2014/2014 2015/2015/2015 2016/2016/2016
f 2018/2018/2018 2019/2019/2019 2020/2020/2020
f 1495/1495/1495 1424/1424/1424 1947/1947/1947
f 1379/1379/1379 1377/1377/1377 1386/1386/1386
f 3814/3814/3814 3811/3811/3811 1680/1680/1680
f 2029/2029/2029 1885/1885/1885 1884/1884/1884
f 3902/3902/3902 2128/2128/2128 2120/2120/2120
f 629/629/629 3879/3879/3879 3914/3914/3914
f 682/682/682 683/683/683 943/943/943
f 724/724/724 1650/1650/1650 2121/2121/2121
f 1757/1757/1757 1819/1819/1819 3821/3821/3821
f 765/765/765 1810/1810/1810 3844/3844/3844
f 3851/3851/3851 714/714/714 715/715/715
f 706/706/706 707/707/707 3870/3870/3870
f 981/981/981 986/986/986 987/987/987
f 1457/1457/1457 1868/1868/1868 1656/1656/1656
f 2017/2017/2017 2016/2016/2016 2032/2032/2032
f 1458/1458/1458 1655/1655/1655 1868/1868/1868
f 1776/1776/1776 1777/1777/1777 1792/1792/1792
f 1959/1959/1959 1945/1945/1945 1946/1946/1946
f 3663/3663/3663 3715/3715/3715 3725/3725/3725
f 3913/3913/3913 3881/3881/3881 2122/2122/2122
f 1093/1093/1093 1089/1089/1089 689/689/689
f 966/966/966 965/965/965 968/968/968
f 3852/3852/3852 715/715/715 3881/3881/3881
f 2172/2172/2172 3577/3577/3577 2170/2170/2170
f 670/670/670 2138/2138/2138 2137/2137/2137
f 3761/3761/3761 787/787/787 1903/1903/1903
f 1429/1429/1429 19/19/19 28/28/28
f 964/964/964 963/963/963 978/978/978
f 3841/3841/3841 3813/3813/3813 1413/1413/1413
f 1473/1473/1473 1474/1474/1474 669/669/669
f 3834/3834/3834 3833/3833/3833 1359/1359/1359
f 2138/2138/2138 798/798/798 1870/1870/1870
f 1872/1872/1872 1473/1473/1473 2137/2137/2137
f 715/715/715 716/716/716 3888/3888/3888
f 1881/1881/1881 1991/1991/1991 1992/1992/1992
f 3843/3843/3843 3842/3842/3842 739/739/739
f 1837/1837/1837 1847/1847/1847 3513/3513/3513
f 253/253/253 58/58/58 59/59/59
f 1808/1808/1808 3837/3837/3837 3840/3840/3840
f 1647/1647/1647 3832/3832/3832 3818/3818/3818
f 3865/3865/3865 3866/3866/3866 671/671/671
f 2112/2112/2112 3882/3882/3882 3883/3883/3883
f 1405/1405/1405 2045/2045/2045 2044/2044/2044
f 3829/3829/3829 3824/3824/3824 1364/1364/1364
f 273/273/273 1541/1541/1541 391/391/391
f 576/576/576 632/632/632 3520/3520/3520
f 3875/3875/3875 3865/3865/3865 668/668/668
f 1430/1430/1430 1431/1431/1431 2140/2140/2140
f 2136/2136/2136 3850/3850/3850 3860/3860/3860
f 1430/1430/1430 2139/2139/2139 18/18/18
f 3893/3893/3893 3894/3894/3894 570/570/570
f 1442/1442/1442 1439/1439/1439 2046/2046/2046
f 1431/1431/1431 1442/1442/1442 2141/2141/2141
f 3869/3869/3869 3913/3913/3913 3850/3850/3850
f 3808/3808/3808 3823/3823/3823 1817/1817/1817
f 3866/3866/3866 3893/3893/3893 695/695/695
f 2142/2142/2142 2025/2025/2025 798/798/798
f 571/571/571 2143/2143/2143 2142/2142/2142
f 3819/3819/3819 3814/3814/3814 1618/1618/1618
f 2143/2143/2143 2022/2022/2022 2025/2025/2025
f 694/694/694 2142/2142/2142 2138/2138/2138
f 681/681/681 1572/1572/1572 2144/2144/2144
f 2144/2144/2144 2011/2011/2011 2022/2022/2022
f 328/328/328 210/210/210 457/457/457
f 1572/1572/1572 2010/2010/2010 2011/2011/2011
f 630/630/630 3892/3892/3892 3903/3903/3903
f 2085/2085/2085 2086/2086/2086 2087/2087/2087
f 2090/2090/2090 2091/2091/2091 2092/2092/2092
f 572/572/572 2144/2144/2144 2143/2143/2143
f 1875/1875/1875 1976/1976/1976 2153/2153/2153
f 1873/1873/1873 1875/1875/1875 2149/2149/2149
f 2103/2103/2103 2107/2107/2107 2097/2097/2097
f 2157/2157/2157 2043/2043/2043 2155/2155/2155
f 2128/2128/2128 1412/1412/1412 1414/1414/1414
f 3874/3874/3874 3871/3871/3871 589/589/589
f 3872/3872/3872 3870/3870/3870 628/628/628
f 2149/2149/2149 2153/2153/2153 2158/2158/2158
f 2159/2159/2159 2158/2158/2158 3905/3905/3905
f 698/698/698 3907/3907/3907 3902/3902/3902
f 3823/3823/3823 3847/3847/3847 3827/3827/3827
f 2158/2158/2158 2156/2156/2156 3874/3874/3874
f 1438/1438/1438 2044/2044/2044 2046/2046/2046
f 2035/2035/2035 2154/2154/2154 2160/2160/2160
f 2161/2161/2161 2160/2160/2160 3889/3889/3889
f 3871/3871/3871 3891/3891/3891 605/605/605
f 3873/3873/3873 17/17/17 18/18/18
f 370/370/370 29/29/29 61/61/61
f 649/649/649 1951/1951/1951 413/413/413
f 2153/2153/2153 2157/2157/2157 2156/2156/2156
f 1428/1428/1428 1429/1429/1429 1449/1449/1449
f 1490/1490/1490 76/76/76 73/73/73
f 3890/3890/3890 3905/3905/3905 710/710/710
f 2155/2155/2155 1891/1891/1891 3891/3891/3891
f 1456/1456/1456 1457/1457/1457 1880/1880/1880
f 2125/2125/2125 2088/2088/2088 2087/2087/2087
f 2160/2160/2160 2159/2159/2159 3890/3890/3890
f 300/300/300 1959/1959/1959 505/505/505
f 1064/1064/1064 1062/1062/1062 1046/1046/1046
f 2043/2043/2043 1892/1892/1892 1891/1891/1891
f 2129/2129/2129 2130/2130/2130 2004/2004/2004
f 2131/2131/2131 2132/2132/2132 2133/2133/2133
f 3848/3848/3848 3849/3849/3849 1450/1450/1450
f 1998/1998/1998 1975/1975/1975 804/804/804
f 3879/3879/3879 673/673/673 3864/3864/3864
f 474/474/474 492/492/492 490/490/490
f 1164/1164/1164 1165/1165/1165 1182/1182/1182
f 707/707/707 2162/2162/2162 3909/3909/3909
f 708/708/708 1472/1472/1472 2162/2162/2162
f 2162/2162/2162 2161/2161/2161 3886/3886/3886
f 548/548/548 549/549/549 1905/1905/1905
f 1145/1145/1145 1136/1136/1136 1114/1114/1114
f 705/705/705 2121/2121/2121 1650/1650/1650
f 2043/2043/2043 2157/2157/2157 1977/1977/1977
f 737/737/737 738/738/738 554/554/554
f 1034/1034/1034 1195/1195/1195 1191/1191/1191
f 458/458/458 1905/1905/1905 1907/1907/1907
f 195/195/195 196/196/196 232/232/232
f 2040/2040/2040 2039/2039/2039 1969/1969/1969
f 2145/2145/2145 2146/2146/2146 2147/2147/2147
f 2054/2054/2054 2050/2050/2050 2049/2049/2049
f 3832/3832/3832 1646/1646/1646 1639/1639/1639
f 9/9/9 12/12/12 11/11/11
f 252/252/252 364/364/364 506/506/506
f 472/472/472 478/478/478 479/479/479
f 1865/1865/1865 3924/3924/3924 3791/3791/3791
f 900/900/900 903/903/903 910/910/910
f 1941/1941/1941 2150/2150/2150 2151/2151/2151
f 1921/1921/1921 1928/1928/1928 1927/1927/1927
f 2163/2163/2163 1897/1897/1897 1898/1898/1898
f 271/271/271 156/156/156 153/153/153
f 1904/1904/1904 1326/1326/1326 12/12/12
f 282/282/282 263/263/263 264/264/264
f 1872/1872/1872 1873/1873/1873 2154/2154/2154
f 1326/1326/1326 1904/1904/1904 1897/1897/1897
f 628/628/628 692/692/692 693/693/693
f 1724/1724/1724 1722/1722/1722 1719/1719/1719
f 1549/1549/1549 1562/1562/1562 436/436/436
f 1582/1582/1582 1583/1583/1583 1730/1730/1730
f 1921/1921/1921 1920/1920/1920 1929/1929/1929
f 3563/3563/3563 3511/3511/3511 10/10/10
f 2152/2152/2152 2037/2037/2037 1950/1950/1950
f 475/475/475 772/772/772 774/774/774
f 769/769/769 2172/2172/2172 2171/2171/2171
f 2171/2171/2171 2165/2165/2165 476/476/476
f 476/476/476 773/773/773 772/772/772
f 1791/1791/1791 565/565/565 464/464/464
f 2166/2166/2166 2167/2167/2167 2168/2168/2168
f 595/595/595 371/371/371 372/372/372
f 483/483/483 1809/1809/1809 1641/1641/1641
f 762/762/762 2174/2174/2174 2173/2173/2173
f 771/771/771 483/483/483 484/484/484
f 486/486/486 487/487/487 1809/1809/1809
f 297/297/297 1549/1549/1549 1517/1517/1517
f 763/763/763 2175/2175/2175 2174/2174/2174
f 776/776/776 755/755/755 759/759/759
f 184/184/184 185/185/185 2176/2176/2176
f 412/412/412 447/447/447 303/303/303
f 2005/2005/2005 2176/2176/2176 185/185/185
f 3811/3811/3811 1681/1681/1681 1682/1682/1682
f 2164/2164/2164 2170/2170/2170 756/756/756
f 1472/1472/1472 2035/2035/2035 2161/2161/2161
f 950/950/950 951/951/951 964/964/964
f 2177/2177/2177 2178/2178/2178 2179/2179/2179
f 227/227/227 226/226/226 1510/1510/1510
f 2182/2182/2182 2183/2183/2183 2184/2184/2184
f 2186/2186/2186 2019/2019/2019 2018/2018/2018
f 1985/1985/1985 2182/2182/2182 2181/2181/2181
f 214/214/214 736/736/736 729/729/729
f 865/865/865 849/849/849 842/842/842
f 849/849/849 865/865/865 1357/1357/1357
f 559/559/559 3187/3187/3187 3188/3188/3188
f 16/16/16 13/13/13 737/737/737
f 560/560/560 553/553/553 498/498/498
f 3193/3193/3193 3196/3196/3196 3195/3195/3195
f 3200/3200/3200 3197/3197/3197 3198/3198/3198
f 3211/3211/3211 3214/3214/3214 3213/3213/3213
f 3215/3215/3215 3218/3218/3218 3217/3217/3217
f 2187/2187/2187 2188/2188/2188 2002/2002/2002
f 2169/2169/2169 2168/2168/2168 2189/2189/2189
f 2192/2192/2192 2086/2086/2086 2085/2085/2085
f 2193/2193/2193 2194/2194/2194 2195/2195/2195
f 2198/2198/2198 2199/2199/2199 2200/2200/2200
f 1998/1998/1998 1982/1982/1982 1979/1979/1979
f 3664/3664/3664 3665/3665/3665 3668/3668/3668
f 2116/2116/2116 1898/1898/1898 1903/1903/1903
f 1859/1859/1859 2006/2006/2006 2009/2009/2009
f 3904/3904/3904 2123/2123/2123 2126/2126/2126
f 1135/1135/1135 1148/1148/1148 1087/1087/1087
f 2201/2201/2201 2202/2202/2202 2015/2015/2015
f 1149/1149/1149 111/111/111 110/110/110
f 3221/3221/3221 3222/3222/3222 3218/3218/3218
f 2203/2203/2203 2204/2204/2204 2205/2205/2205
f 579/579/579 580/580/580 1895/1895/1895
f 1755/1755/1755 2207/2207/2207 2208/2208/2208
f 3891/3891/3891 3910/3910/3910 1893/1893/1893
f 1211/1211/1211 2151/2151/2151 2150/2150/2150
f 868/868/868 997/997/997 2210/2210/2210
f 944/944/944 945/945/945 930/930/930
f 2130/2130/2130 2129/2129/2129 2202/2202/2202
f 233/233/233 1903/1903/1903 1898/1898/1898
f 665/665/665 751/751/751 750/750/750
f 1167/1167/1167 1254/1254/1254 999/999/999
f 2211/2211/2211 2212/2212/2212 2213/2213/2213
f 2215/2215/2215 2216/2216/2216 2217/2217/2217
f 3867/3867/3867 593/593/593 590/590/590
f 2220/2220/2220 221/221/221 220/220/220
f 823/823/823 824/824/824 948/948/948
f 3225/3225/3225 3220/3220/3220 3227/3227/3227
f 266/266/266 204/204/204 455/455/455
f 3882/3882/3882 2108/2108/2108 2107/2107/2107
f 2221/2221/2221 2222/2222/2222 3519/3519/3519
f 2223/2223/2223 2224/2224/2224 2225/2225/2225
f 2207/2207/2207 2125/2125/2125 2124/2124/2124
f 673/673/673 674/674/674 3869/3869/3869
f 817/817/817 1000/1000/1000 996/996/996
f 2227/2227/2227 2228/2228/2228 2146/2146/2146
f 1947/1947/1947 1948/1948/1948 646/646/646
f 3900/3900/3900 2135/2135/2135 17/17/17
f 2229/2229/2229 1635/1635/1635 1638/1638/1638
f 1679/1679/1679 1613/1613/1613 1618/1618/1618
f 1637/1637/1637 2231/2231/2231 2232/2232/2232
f 2233/2233/2233 2234/2234/2234 1617/1617/1617
f 2231/2231/2231 2235/2235/2235 2236/2236/2236
f 1381/1381/1381 1638/1638/1638 2238/2238/2238
f 3586/3586/3586 2241/2241/2241 2242/2242/2242
f 1630/1630/1630 2234/2234/2234 2233/2233/2233
f 1681/1681/1681 1626/1626/1626 472/472/472
f 1408/1408/1408 1407/1407/1407 2243/2243/2243
f 3236/3236/3236 3239/3239/3239 3238/3238/3238
f 3232/3232/3232 3241/3241/3241 3240/3240/3240
f 1637/1637/1637 2230/2230/2230 2238/2238/2238
f 3237/3237/3237 3238/3238/3238 3233/3233/3233
f 1409/1409/1409 1408/1408/1408 1634/1634/1634
f 1380/1380/1380 1383/1383/1383 2247/2247/2247
f 1628/1628/1628 2248/2248/2248 2245/2245/2245
f 2249/2249/2249 1623/1623/1623 1622/1622/1622
f 1632/1632/1632 1634/1634/1634 1408/1408/1408
f 2248/2248/2248 1628/1628/1628 1631/1631/1631
f 2235/2235/2235 2231/2231/2231 1637/1637/1637
f 3245/3245/3245 3246/3246/3246 3199/3199/3199
f 631/631/631 2070/2070/2070 2071/2071/2071
f 515/515/515 167/167/167 52/52/52
f 782/782/782 781/781/781 2251/2251/2251
f 2253/2253/2253 2254/2254/2254 2255/2255/2255
f 397/397/397 281/281/281 459/459/459
f 1456/1456/1456 2039/2039/2039 2040/2040/2040
f 2040/2040/2040 2041/2041/2041 2036/2036/2036
f 1401/1401/1401 2112/2112/2112 2111/2111/2111
f 2041/2041/2041 2040/2040/2040 1970/1970/1970
f 1535/1535/1535 121/121/121 414/414/414
f 1586/1586/1586 1587/1587/1587 2080/2080/2080
f 2256/2256/2256 983/983/983 1132/1132/1132
f 1700/1700/1700 1699/1699/1699 3918/3918/3918
f 3815/3815/3815 1896/1896/1896 1686/1686/1686
f 1263/1263/1263 2256/2256/2256 1886/1886/1886
f 598/598/598 1841/1841/1841 844/844/844
f 2257/2257/2257 2258/2258/2258 2259/2259/2259
f 2258/2258/2258 2261/2261/2261 2262/2262/2262
f 2259/2259/2259 2262/2262/2262 2263/2263/2263
f 2260/2260/2260 2259/2259/2259 2216/2216/2216
f 1967/1967/1967 1971/1971/1971 1970/1970/1970
f 2212/2212/2212 1964/1964/1964 1963/1963/1963
f 922/922/922 921/921/921 2218/2218/2218
f 1312/1312/1312 1098/1098/1098 1101/1101/1101
f 1307/1307/1307 1306/1306/1306 1286/1286/1286
f 1548/1548/1548 1569/1569/1569 1546/1546/1546
f 2266/2266/2266 2267/2267/2267 2268/2268/2268
f 2265/2265/2265 2268/2268/2268 2270/2270/2270
f 2272/2272/2272 2265/2265/2265 2269/2269/2269
f 2273/2273/2273 2266/2266/2266 2265/2265/2265
f 2275/2275/2275 2276/2276/2276 2277/2277/2277
f 2278/2278/2278 2274/2274/2274 2277/2277/2277
f 2284/2284/2284 2285/2285/2285 3617/3617/3617
f 2287/2287/2287 2283/2283/2283 2286/2286/2286
f 2288/2288/2288 2289/2289/2289 2283/2283/2283
f 2290/2290/2290 2284/2284/2284 3639/3639/3639
f 2291/2291/2291 2292/2292/2292 2293/2293/2293
f 2295/2295/2295 2291/2291/2291 2294/2294/2294
f 2296/2296/2296 2297/2297/2297 2291/2291/2291
f 2297/2297/2297 2298/2298/2298 2292/2292/2292
f 2294/2294/2294 2293/2293/2293 2299/2299/2299
f 2279/2279/2279 2294/2294/2294 2300/2300/2300
f 2298/2298/2298 2301/2301/2301 2302/2302/2302
f 2292/2292/2292 2302/2302/2302 2303/2303/2303
f 2293/2293/2293 2303/2303/2303 2304/2304/2304
f 2304/2304/2304 2305/2305/2305 2306/2306/2306
f 2308/2308/2308 2309/2309/2309 2310/2310/2310
f 2302/2302/2302 2307/2307/2307 2310/2310/2310
f 2301/2301/2301 2311/2311/2311 2307/2307/2307
f 2312/2312/2312 2308/2308/2308 2307/2307/2307
f 2313/2313/2313 2314/2314/2314 2315/2315/2315
f 2318/2318/2318 2319/2319/2319 2320/2320/2320
f 3748/3748/3748 3771/3771/3771 2322/2322/2322
f 2324/2324/2324 2325/2325/2325 2273/2273/2273
f 2313/2313/2313 2324/2324/2324 2326/2326/2326
f 2328/2328/2328 2324/2324/2324 2313/2313/2313
f 2329/2329/2329 2325/2325/2325 2324/2324/2324
f 2331/2331/2331 2332/2332/2332 2333/2333/2333
f 2330/2330/2330 2333/2333/2333 2267/2267/2267
f 2325/2325/2325 2330/2330/2330 2266/2266/2266
f 2329/2329/2329 2331/2331/2331 2330/2330/2330
f 2333/2333/2333 2334/2334/2334 2335/2335/2335
f 2336/2336/2336 2334/2334/2334 2333/2333/2333
f 2338/2338/2338 2336/2336/2336 2332/2332/2332
f 2331/2331/2331 2339/2339/2339 2337/2337/2337
f 2329/2329/2329 2340/2340/2340 2339/2339/2339
f 2328/2328/2328 2341/2341/2341 2340/2340/2340
f 2316/2316/2316 2342/2342/2342 2341/2341/2341
f 2342/2342/2342 2316/2316/2316 2315/2315/2315
f 2344/2344/2344 2345/2345/2345 2346/2346/2346
f 2341/2341/2341 2344/2344/2344 2347/2347/2347
f 2342/2342/2342 2348/2348/2348 2344/2344/2344
f 2348/2348/2348 2349/2349/2349 2345/2345/2345
f 2350/2350/2350 2351/2351/2351 2352/2352/2352
f 2339/2339/2339 2350/2350/2350 2353/2353/2353
f 2340/2340/2340 2347/2347/2347 2350/2350/2350
f 2347/2347/2347 2346/2346/2346 2351/2351/2351
f 2337/2337/2337 2353/2353/2353 2354/2354/2354
f 2353/2353/2353 2352/2352/2352 2355/2355/2355
f 2356/2356/2356 2277/2277/2277 2276/2276/2276
f 2356/2356/2356 2357/2357/2357 2358/2358/2358
f 2356/2356/2356 2359/2359/2359 2296/2296/2296
f 2279/2279/2279 2277/2277/2277 2356/2356/2356
f 2360/2360/2360 2361/2361/2361 2270/2270/2270
f 2267/2267/2267 2335/2335/2335 2360/2360/2360
f 2362/2362/2362 2363/2363/2363 2364/2364/2364
f 2362/2362/2362 2365/2365/2365 2361/2361/2361
f 2366/2366/2366 2362/2362/2362 2358/2358/2358
f 2366/2366/2366 2367/2367/2367 2363/2363/2363
f 2357/2357/2357 2276/2276/2276 2368/2368/2368
f 2366/2366/2366 2368/2368/2368 2369/2369/2369
f 2276/2276/2276 2275/2275/2275 2370/2370/2370
f 2368/2368/2368 2370/2370/2370 2282/2282/2282
f 2372/2372/2372 2373/2373/2373 2374/2374/2374
f 2375/2375/2375 2376/2376/2376 2377/2377/2377
f 2378/2378/2378 2379/2379/2379 2380/2380/2380
f 2382/2382/2382 2378/2378/2378 2381/2381/2381
f 2384/2384/2384 2385/2385/2385 2378/2378/2378
f 2385/2385/2385 2386/2386/2386 2379/2379/2379
f 2388/2388/2388 2389/2389/2389 2390/2390/2390
f 2387/2387/2387 2390/2390/2390 2392/2392/2392
f 2393/2393/2393 2394/2394/2394 2387/2387/2387
f 2394/2394/2394 2395/2395/2395 2388/2388/2388
f 2186/2186/2186 2401/2401/2401 2402/2402/2402
f 2403/2403/2403 2404/2404/2404 2327/2327/2327
f 2272/2272/2272 2403/2403/2403 2326/2326/2326
f 2271/2271/2271 2405/2405/2405 2403/2403/2403
f 2405/2405/2405 2406/2406/2406 2404/2404/2404
f 2404/2404/2404 2407/2407/2407 2408/2408/2408
f 2409/2409/2409 2410/2410/2410 2411/2411/2411
f 2409/2409/2409 2412/2412/2412 2271/2271/2271
f 2413/2413/2413 2409/2409/2409 2269/2269/2269
f 2413/2413/2413 2414/2414/2414 2410/2410/2410
f 2417/2417/2417 2415/2415/2415 2416/2416/2416
f 2417/2417/2417 2418/2418/2418 2406/2406/2406
f 2412/2412/2412 2417/2417/2417 2405/2405/2405
f 2411/2411/2411 2415/2415/2415 2417/2417/2417
f 2406/2406/2406 2419/2419/2419 2407/2407/2407
f 3569/3569/3569 3520/3520/3520 632/632/632
f 2420/2420/2420 2398/2398/2398 2397/2397/2397
f 2420/2420/2420 2421/2421/2421 2423/2423/2423
f 2424/2424/2424 2420/2420/2420 2422/2422/2422
f 2424/2424/2424 2399/2399/2399 2398/2398/2398
f 2425/2425/2425 2391/2391/2391 2392/2392/2392
f 2421/2421/2421 2425/2425/2425 2426/2426/2426
f 2397/2397/2397 2396/2396/2396 2425/2425/2425
f 2396/2396/2396 2393/2393/2393 2391/2391/2391
f 2427/2427/2427 2314/2314/2314 2408/2408/2408
f 2430/2430/2430 2427/2427/2427 2428/2428/2428
f 2343/2343/2343 2315/2315/2315 2427/2427/2427
f 2432/2432/2432 2343/2343/2343 2430/2430/2430
f 2431/2431/2431 2430/2430/2430 2429/2429/2429
f 2435/2435/2435 2431/2431/2431 2433/2433/2433
f 2436/2436/2436 2432/2432/2432 2431/2431/2431
f 2428/2428/2428 2408/2408/2408 2407/2407/2407
f 2422/2422/2422 2437/2437/2437 2407/2407/2407
f 2438/2438/2438 2437/2437/2437 2422/2422/2422
f 2429/2429/2429 2428/2428/2428 2437/2437/2437
f 2440/2440/2440 2434/2434/2434 2433/2433/2433
f 2441/2441/2441 2439/2439/2439 2433/2433/2433
f 2442/2442/2442 2443/2443/2443 2439/2439/2439
f 2443/2443/2443 2444/2444/2444 2440/2440/2440
f 2445/2445/2445 2446/2446/2446 2444/2444/2444
f 2447/2447/2447 2445/2445/2445 2443/2443/2443
f 2383/2383/2383 2381/2381/2381 2445/2445/2445
f 2381/2381/2381 2380/2380/2380 2446/2446/2446
f 2448/2448/2448 2438/2438/2438 2423/2423/2423
f 2449/2449/2449 2448/2448/2448 2426/2426/2426
f 2441/2441/2441 2448/2448/2448 2449/2449/2449
f 2441/2441/2441 2429/2429/2429 2438/2438/2438
f 2449/2449/2449 2392/2392/2392 2390/2390/2390
f 2450/2450/2450 2390/2390/2390 2389/2389/2389
f 2447/2447/2447 2450/2450/2450 2451/2451/2451
f 2442/2442/2442 2449/2449/2449 2450/2450/2450
f 2451/2451/2451 2389/2389/2389 2453/2453/2453
f 2452/2452/2452 2453/2453/2453 2455/2455/2455
f 2382/2382/2382 2452/2452/2452 2454/2454/2454
f 2383/2383/2383 2451/2451/2451 2452/2452/2452
f 2456/2456/2456 2457/2457/2457 2373/2373/2373
f 2459/2459/2459 2460/2460/2460 2461/2461/2461
f 2463/2463/2463 2464/2464/2464 2465/2465/2465
f 2462/2462/2462 2465/2465/2465 2285/2285/2285
f 2466/2466/2466 2462/2462/2462 2284/2284/2284
f 2467/2467/2467 2463/2463/2463 2462/2462/2462
f 2461/2461/2461 2460/2460/2460 3703/3703/3703
f 2468/2468/2468 2469/2469/2469 2470/2470/2470
f 2472/2472/2472 2468/2468/2468 2471/2471/2471
f 2474/2474/2474 2461/2461/2461 3701/3701/3701
f 2475/2475/2475 2476/2476/2476 2477/2477/2477
f 2458/2458/2458 2455/2455/2455 2453/2453/2453
f 2479/2479/2479 2453/2453/2453 2389/2389/2389
f 2395/2395/2395 2480/2480/2480 2479/2479/2479
f 2480/2480/2480 2459/2459/2459 2458/2458/2458
f 2481/2481/2481 2482/2482/2482 2483/2483/2483
f 2484/2484/2484 113/113/113 2485/2485/2485
f 2471/2471/2471 2470/2470/2470 2464/2464/2464
f 2473/2473/2473 2471/2471/2471 2463/2463/2463
f 2487/2487/2487 2467/2467/2467 2466/2466/2466
f 2486/2486/2486 2466/2466/2466 2290/2290/2290
f 2490/2490/2490 2486/2486/2486 2488/2488/2488
f 2491/2491/2491 2487/2487/2487 2486/2486/2486
f 2492/2492/2492 2473/2473/2473 2467/2467/2467
f 2493/2493/2493 2492/2492/2492 2487/2487/2487
f 2494/2494/2494 2495/2495/2495 2492/2492/2492
f 2495/2495/2495 2472/2472/2472 2473/2473/2473
f 3690/3690/3690 2496/2496/2496 2474/2474/2474
f 3691/3691/3691 2497/2497/2497 2496/2496/2496
f 2498/2498/2498 2494/2494/2494 2493/2493/2493
f 2500/2500/2500 2498/2498/2498 2499/2499/2499
f 3700/3700/3700 3687/3687/3687 2498/2498/2498
f 3687/3687/3687 3691/3691/3691 2494/2494/2494
f 2306/2306/2306 2504/2504/2504 2278/2278/2278
f 2305/2305/2305 2505/2505/2505 2504/2504/2504
f 2504/2504/2504 2505/2505/2505 2507/2507/2507
f 2506/2506/2506 2507/2507/2507 2288/2288/2288
f 2274/2274/2274 2506/2506/2506 2508/2508/2508
f 2278/2278/2278 2504/2504/2504 2506/2506/2506
f 3633/3633/3633 3632/3632/3632 2489/2489/2489
f 3620/3620/3620 3633/3633/3633 2488/2488/2488
f 2507/2507/2507 2509/2509/2509 2289/2289/2289
f 2505/2505/2505 2510/2510/2510 2509/2509/2509
f 2508/2508/2508 2288/2288/2288 2287/2287/2287
f 2511/2511/2511 2287/2287/2287 2281/2281/2281
f 2370/2370/2370 2511/2511/2511 2280/2280/2280
f 2275/2275/2275 2508/2508/2508 2511/2511/2511
f 2512/2512/2512 2490/2490/2490 2489/2489/2489
f 2514/2514/2514 2512/2512/2512 2513/2513/2513
f 2517/2517/2517 2512/2512/2512 2514/2514/2514
f 2517/2517/2517 2491/2491/2491 2490/2490/2490
f 2499/2499/2499 2493/2493/2493 2491/2491/2491
f 2499/2499/2499 2517/2517/2517 2516/2516/2516
f 2510/2510/2510 2505/2505/2505 2519/2519/2519
f 2518/2518/2518 2519/2519/2519 2521/2521/2521
f 3616/3616/3616 2518/2518/2518 2520/2520/2520
f 3632/3632/3632 2510/2510/2510 2518/2518/2518
f 2522/2522/2522 2304/2304/2304 2303/2303/2303
f 2523/2523/2523 2522/2522/2522 2310/2310/2310
f 2305/2305/2305 2304/2304/2304 2522/2522/2522
f 2524/2524/2524 2522/2522/2522 2523/2523/2523
f 2519/2519/2519 2524/2524/2524 2525/2525/2525
f 2505/2505/2505 2305/2305/2305 2524/2524/2524
f 2308/2308/2308 2312/2312/2312 2527/2527/2527
f 2526/2526/2526 2527/2527/2527 2529/2529/2529
f 2531/2531/2531 2526/2526/2526 2528/2528/2528
f 2309/2309/2309 2308/2308/2308 2526/2526/2526
f 1214/1214/1214 2532/2532/2532 2151/2151/2151
f 2419/2419/2419 2406/2406/2406 2418/2418/2418
f 2533/2533/2533 2345/2345/2345 2349/2349/2349
f 2534/2534/2534 2533/2533/2533 2317/2317/2317
f 2535/2535/2535 2536/2536/2536 2533/2533/2533
f 2536/2536/2536 2346/2346/2346 2345/2345/2345
f 2537/2537/2537 2351/2351/2351 2346/2346/2346
f 2538/2538/2538 2537/2537/2537 2536/2536/2536
f 2539/2539/2539 2540/2540/2540 2537/2537/2537
f 2540/2540/2540 2352/2352/2352 2351/2351/2351
f 2312/2312/2312 2355/2355/2355 2541/2541/2541
f 2527/2527/2527 2541/2541/2541 2542/2542/2542
f 2543/2543/2543 2435/2435/2435 2434/2434/2434
f 2545/2545/2545 2543/2543/2543 2544/2544/2544
f 2319/2319/2319 2318/2318/2318 2543/2543/2543
f 2318/2318/2318 2436/2436/2436 2435/2435/2435
f 2514/2514/2514 2515/2515/2515 2548/2548/2548
f 2547/2547/2547 2548/2548/2548 2550/2550/2550
f 2552/2552/2552 2547/2547/2547 2549/2549/2549
f 2552/2552/2552 2516/2516/2516 2514/2514/2514
f 2520/2520/2520 2521/2521/2521 2554/2554/2554
f 2553/2553/2553 2554/2554/2554 2556/2556/2556
f 3590/3590/3590 2553/2553/2553 2555/2555/2555
f 3621/3621/3621 2520/2520/2520 2553/2553/2553
f 2523/2523/2523 2309/2309/2309 2531/2531/2531
f 2557/2557/2557 2531/2531/2531 2530/2530/2530
f 2525/2525/2525 2523/2523/2523 2557/2557/2557
f 2559/2559/2559 2557/2557/2557 2558/2558/2558
f 2554/2554/2554 2559/2559/2559 2560/2560/2560
f 2521/2521/2521 2525/2525/2525 2559/2559/2559
f 2561/2561/2561 2375/2375/2375 2007/2007/2007
f 2376/2376/2376 2562/2562/2562 2225/2225/2225
f 2564/2564/2564 2565/2565/2565 2566/2566/2566
f 2563/2563/2563 2566/2566/2566 338/338/338
f 2569/2569/2569 2563/2563/2563 2567/2567/2567
f 2570/2570/2570 2564/2564/2564 2563/2563/2563
f 2572/2572/2572 2573/2573/2573 2574/2574/2574
f 2571/2571/2571 2574/2574/2574 2576/2576/2576
f 2544/2544/2544 2571/2571/2571 2575/2575/2575
f 2544/2544/2544 2434/2434/2434 2572/2572/2572
f 2578/2578/2578 2570/2570/2570 2569/2569/2569
f 2579/2579/2579 2577/2577/2577 2569/2569/2569
f 2574/2574/2574 2577/2577/2577 2579/2579/2579
f 2573/2573/2573 2578/2578/2578 2577/2577/2577
f 2581/2581/2581 2582/2582/2582 2583/2583/2583
f 2584/2584/2584 2580/2580/2580 2583/2583/2583
f 3697/3697/3697 3675/3675/3675 2580/2580/2580
f 3676/3676/3676 2581/2581/2581 2580/2580/2580
f 2582/2582/2582 2516/2516/2516 2552/2552/2552
f 2583/2583/2583 2552/2552/2552 2551/2551/2551
f 2500/2500/2500 2501/2501/2501 2589/2589/2589
f 2590/2590/2590 2588/2588/2588 2589/2589/2589
f 3693/3693/3693 3695/3695/3695 2588/2588/2588
f 3695/3695/3695 3700/3700/3700 2500/2500/2500
f 2501/2501/2501 2516/2516/2516 2591/2591/2591
f 2592/2592/2592 2593/2593/2593 2594/2594/2594
f 2386/2386/2386 2385/2385/2385 2503/2503/2503
f 2596/2596/2596 2379/2379/2379 2386/2386/2386
f 2596/2596/2596 2374/2374/2374 2373/2373/2373
f 2599/2599/2599 2596/2596/2596 2597/2597/2597
f 2599/2599/2599 2380/2380/2380 2379/2379/2379
f 2600/2600/2600 2446/2446/2446 2380/2380/2380
f 2600/2600/2600 2599/2599/2599 2598/2598/2598
f 2603/2603/2603 2600/2600/2600 2601/2601/2601
f 2603/2603/2603 2444/2444/2444 2446/2446/2446
f 2604/2604/2604 2603/2603/2603 2602/2602/2602
f 2440/2440/2440 2604/2604/2604 2605/2605/2605
f 2444/2444/2444 2603/2603/2603 2604/2604/2604
f 2606/2606/2606 2582/2582/2582 2581/2581/2581
f 2606/2606/2606 2607/2607/2607 2590/2590/2590
f 2591/2591/2591 2516/2516/2516 2582/2582/2582
f 3676/3676/3676 2587/2587/2587 2456/2456/2456
f 3689/3689/3689 2456/2456/2456 2372/2372/2372
f 2478/2478/2478 2477/2477/2477 2608/2608/2608
f 2609/2609/2609 2610/2610/2610 2611/2611/2611
f 2564/2564/2564 2570/2570/2570 2613/2613/2613
f 2612/2612/2612 2613/2613/2613 2598/2598/2598
f 2457/2457/2457 2612/2612/2612 2597/2597/2597
f 2565/2565/2565 2564/2564/2564 2612/2612/2612
f 2614/2614/2614 2613/2613/2613 2570/2570/2570
f 2615/2615/2615 2614/2614/2614 2578/2578/2578
f 2602/2602/2602 2601/2601/2601 2614/2614/2614
f 2601/2601/2601 2598/2598/2598 2613/2613/2613
f 2572/2572/2572 2434/2434/2434 2605/2605/2605
f 2616/2616/2616 2605/2605/2605 2602/2602/2602
f 2573/2573/2573 2572/2572/2572 2616/2616/2616
f 1459/1459/1459 1016/1016/1016 1045/1045/1045
f 1265/1265/1265 1215/1215/1215 1079/1079/1079
f 1612/1612/1612 1608/1608/1608 1609/1609/1609
f 2067/2067/2067 2057/2057/2057 2069/2069/2069
f 1135/1135/1135 1109/1109/1109 1136/1136/1136
f 1938/1938/1938 1937/1937/1937 2618/2618/2618
f 95/95/95 548/548/548 458/458/458
f 2058/2058/2058 1607/1607/1607 1608/1608/1608
f 1454/1454/1454 1469/1469/1469 1445/1445/1445
f 655/655/655 2620/2620/2620 1048/1048/1048
f 722/722/722 1049/1049/1049 2621/2621/2621
f 1131/1131/1131 985/985/985 1033/1033/1033
f 562/562/562 1481/1481/1481 366/366/366
f 1723/1723/1723 1719/1719/1719 1725/1725/1725
f 1786/1786/1786 1123/1123/1123 1122/1122/1122
f 267/267/267 300/300/300 323/323/323
f 1325/1325/1325 2034/2034/2034 1654/1654/1654
f 1468/1468/1468 1165/1165/1165 1435/1435/1435
f 658/658/658 657/657/657 529/529/529
f 8/8/8 532/532/532 247/247/247
f 382/382/382 1557/1557/1557 1559/1559/1559
f 788/788/788 619/619/619 1307/1307/1307
f 940/940/940 930/930/930 929/929/929
f 911/911/911 2622/2622/2622 2623/2623/2623
f 2621/2621/2621 2620/2620/2620 655/655/655
f 2624/2624/2624 1857/1857/1857 2625/2625/2625
f 998/998/998 1846/1846/1846 27/27/27
f 635/635/635 638/638/638 2626/2626/2626
f 2627/2627/2627 641/641/641 644/644/644
f 2628/2628/2628 2627/2627/2627 1840/1840/1840
f 1200/1200/1200 1199/1199/1199 2627/2627/2627
f 1199/1199/1199 1773/1773/1773 641/641/641
f 1520/1520/1520 515/515/515 49/49/49
f 1452/1452/1452 1350/1350/1350 1349/1349/1349
f 2630/2630/2630 2631/2631/2631 1859/1859/1859
f 644/644/644 643/643/643 1335/1335/1335
f 1197/1197/1197 1198/1198/1198 717/717/717
f 2632/2632/2632 717/717/717 719/719/719
f 2628/2628/2628 2632/2632/2632 1166/1166/1166
f 2629/2629/2629 1197/1197/1197 2632/2632/2632
f 1762/1762/1762 2633/2633/2633 1050/1050/1050
f 1823/1823/1823 870/870/870 873/873/873
f 2634/2634/2634 2635/2635/2635 794/794/794
f 1042/1042/1042 794/794/794 2635/2635/2635
f 93/93/93 94/94/94 1901/1901/1901
f 2036/2036/2036 2038/2038/2038 1458/1458/1458
f 1527/1527/1527 332/332/332 1525/1525/1525
f 877/877/877 876/876/876 1274/1274/1274
f 134/134/134 409/409/409 797/797/797
f 1328/1328/1328 893/893/893 931/931/931
f 607/607/607 777/777/777 1091/1091/1091
f 1043/1043/1043 2635/2635/2635 2637/2637/2637
f 2636/2636/2636 2637/2637/2637 2639/2639/2639
f 1275/1275/1275 2636/2636/2636 2638/2638/2638
f 1275/1275/1275 1040/1040/1040 1043/1043/1043
f 1272/1272/1272 2624/2624/2624 2626/2626/2626
f 2640/2640/2640 2626/2626/2626 638/638/638
f 1110/1110/1110 2641/2641/2641 2640/2640/2640
f 536/536/536 1272/1272/1272 2640/2640/2640
f 1472/1472/1472 708/708/708 1474/1474/1474
f 2042/2042/2042 2030/2030/2030 1951/1951/1951
f 1058/1058/1058 1106/1106/1106 1105/1105/1105
f 2642/2642/2642 2623/2623/2623 2643/2643/2643
f 1192/1192/1192 2642/2642/2642 2644/2644/2644
f 912/912/912 2623/2623/2623 2642/2642/2642
f 3898/3898/3898 1657/1657/1657 3526/3526/3526
f 1049/1049/1049 1048/1048/1048 2620/2620/2620
f 616/616/616 1829/1829/1829 1885/1885/1885
f 1331/1331/1331 1913/1913/1913 666/666/666
f 990/990/990 989/989/989 1198/1198/1198
f 1911/1911/1911 1912/1912/1912 321/321/321
f 1298/1298/1298 1282/1282/1282 1205/1205/1205
f 76/76/76 1490/1490/1490 1504/1504/1504
f 1502/1502/1502 1500/1500/1500 421/421/421
f 610/610/610 609/609/609 658/658/658
f 1146/1146/1146 937/937/937 659/659/659
f 2646/2646/2646 911/911/911 914/914/914
f 1280/1280/1280 1239/1239/1239 1238/1238/1238
f 1453/1453/1453 1454/1454/1454 1452/1452/1452
f 835/835/835 942/942/942 1843/1843/1843
f 1271/1271/1271 1270/1270/1270 1173/1173/1173
f 1893/1893/1893 1878/1878/1878 1826/1826/1826
f 1050/1050/1050 2633/2633/2633 1937/1937/1937
f 2651/2651/2651 2652/2652/2652 814/814/814
f 1006/1006/1006 1053/1053/1053 1281/1281/1281
f 2653/2653/2653 1084/1084/1084 2654/2654/2654
f 1001/1001/1001 1004/1004/1004 1003/1003/1003
f 585/585/585 997/997/997 679/679/679
f 2624/2624/2624 1272/1272/1272 621/621/621
f 555/555/555 678/678/678 2028/2028/2028
f 1207/1207/1207 526/526/526 1197/1197/1197
f 1626/1626/1626 1627/1627/1627 478/478/478
f 426/426/426 389/389/389 419/419/419
f 1030/1030/1030 1193/1193/1193 1773/1773/1773
f 3898/3898/3898 645/645/645 634/634/634
f 534/534/534 1533/1533/1533 138/138/138
f 1125/1125/1125 1092/1092/1092 1042/1042/1042
f 333/333/333 228/228/228 88/88/88
f 569/569/569 1570/1570/1570 561/561/561
f 1489/1489/1489 2656/2656/2656 871/871/871
f 1857/1857/1857 2624/2624/2624 620/620/620
f 1673/1673/1673 1674/1674/1674 3770/3770/3770
f 622/622/622 861/861/861 864/864/864
f 619/619/619 788/788/788 891/891/891
f 261/261/261 544/544/544 545/545/545
f 393/393/393 1555/1555/1555 1556/1556/1556
f 2658/2658/2658 2659/2659/2659 2647/2647/2647
f 1075/1075/1075 2658/2658/2658 2657/2657/2657
f 1081/1081/1081 1080/1080/1080 2658/2658/2658
f 1080/1080/1080 1139/1139/1139 2659/2659/2659
f 2644/2644/2644 2643/2643/2643 1141/1141/1141
f 2660/2660/2660 1141/1141/1141 1140/1140/1140
f 642/642/642 2660/2660/2660 1336/1336/1336
f 1193/1193/1193 2644/2644/2644 2660/2660/2660
f 679/679/679 678/678/678 555/555/555
f 1503/1503/1503 1501/1501/1501 1500/1500/1500
f 1318/1318/1318 1317/1317/1317 1101/1101/1101
f 2661/2661/2661 2659/2659/2659 1139/1139/1139
f 2661/2661/2661 1142/1142/1142 2663/2663/2663
f 2662/2662/2662 2647/2647/2647 2659/2659/2659
f 2662/2662/2662 2663/2663/2663 2622/2622/2622
f 2664/2664/2664 2622/2622/2622 911/911/911
f 2648/2648/2648 2664/2664/2664 2646/2646/2646
f 2648/2648/2648 2647/2647/2647 2662/2662/2662
f 2083/2083/2083 2094/2094/2094 2093/2093/2093
f 1442/1442/1442 1440/1440/1440 1437/1437/1437
f 519/519/519 329/329/329 330/330/330
f 1885/1885/1885 2029/2029/2029 1209/1209/1209
f 799/799/799 800/800/800 805/805/805
f 1946/1946/1946 1943/1943/1943 1952/1952/1952
f 1302/1302/1302 1301/1301/1301 1253/1253/1253
f 566/566/566 2005/2005/2005 224/224/224
f 1389/1389/1389 940/940/940 928/928/928
f 683/683/683 682/682/682 681/681/681
f 836/836/836 835/835/835 1842/1842/1842
f 2665/2665/2665 1842/1842/1842 1845/1845/1845
f 2666/2666/2666 2665/2665/2665 1303/1303/1303
f 24/24/24 836/836/836 2665/2665/2665
f 831/831/831 1072/1072/1072 2650/2650/2650
f 1845/1845/1845 1844/1844/1844 1304/1304/1304
f 2010/2010/2010 2013/2013/2013 2012/2012/2012
f 1051/1051/1051 1936/1936/1936 2667/2667/2667
f 1522/1522/1522 1521/1521/1521 1511/1511/1511
f 531/531/531 440/440/440 441/441/441
f 1250/1250/1250 635/635/635 2625/2625/2625
f 2669/2669/2669 2625/2625/2625 1857/1857/1857
f 783/783/783 2669/2669/2669 1856/1856/1856
f 782/782/782 1250/1250/1250 2669/2669/2669
f 720/720/720 2670/2670/2670 2671/2671/2671
f 1055/1055/1055 1931/1931/1931 1930/1930/1930
f 1333/1333/1333 1067/1067/1067 1251/1251/1251
f 619/619/619 622/622/622 1308/1308/1308
f 652/652/652 655/655/655 2619/2619/2619
f 521/521/521 522/522/522 1539/1539/1539
f 1838/1838/1838 988/988/988 537/537/537
f 2672/2672/2672 537/537/537 536/536/536
f 1113/1113/1113 2672/2672/2672 2641/2641/2641
f 1113/1113/1113 527/527/527 1838/1838/1838
f 1016/1016/1016 1013/1013/1013 1351/1351/1351
f 3897/3897/3897 573/573/573 570/570/570
f 226/226/226 227/227/227 104/104/104
f 3564/3564/3564 3669/3669/3669 3827/3827/3827
f 1036/1036/1036 1037/1037/1037 1884/1884/1884
f 2674/2674/2674 1301/1301/1301 1304/1304/1304
f 2673/2673/2673 1304/1304/1304 1844/1844/1844
f 1334/1334/1334 2673/2673/2673 2675/2675/2675
f 1333/1333/1333 2674/2674/2674 2673/2673/2673
f 2676/2676/2676 702/702/702 1039/1039/1039
f 1843/1843/1843 2676/2676/2676 2675/2675/2675
f 942/942/942 1074/1074/1074 2676/2676/2676
f 1074/1074/1074 699/699/699 702/702/702
f 752/752/752 1057/1057/1057 1055/1055/1055
f 1200/1200/1200 1166/1166/1166 656/656/656
f 1120/1120/1120 1846/1846/1846 874/874/874
f 2677/2677/2677 874/874/874 877/877/877
f 1241/1241/1241 2677/2677/2677 1052/1052/1052
f 1119/1119/1119 1120/1120/1120 2677/2677/2677
f 1560/1560/1560 1513/1513/1513 151/151/151
f 1208/1208/1208 1316/1316/1316 611/611/611
f 215/215/215 735/735/735 736/736/736
f 1460/1460/1460 1459/1459/1459 1462/1462/1462
f 1208/1208/1208 1207/1207/1207 1839/1839/1839
f 854/854/854 856/856/856 1282/1282/1282
f 72/72/72 445/445/445 182/182/182
f 544/544/544 1563/1563/1563 1565/1565/1565
f 217/217/217 200/200/200 456/456/456
f 2047/2047/2047 1404/1404/1404 930/930/930
f 1204/1204/1204 2618/2618/2618 1937/1937/1937
f 913/913/913 777/777/777 686/686/686
f 840/840/840 527/527/527 1113/1113/1113
f 1531/1531/1531 729/729/729 730/730/730
f 2678/2678/2678 778/778/778 1283/1283/1283
f 601/601/601 667/667/667 1914/1914/1914
f 1537/1537/1537 1538/1538/1538 459/459/459
f 1819/1819/1819 1757/1757/1757 3509/3509/3509
f 991/991/991 1860/1860/1860 862/862/862
f 2679/2679/2679 711/711/711 1073/1073/1073
f 2680/2680/2680 1830/1830/1830 983/983/983
f 779/779/779 2680/2680/2680 2256/2256/2256
f 778/778/778 2678/2678/2678 2680/2680/2680
f 2678/2678/2678 2679/2679/2679 1830/1830/1830
f 180/180/180 542/542/542 245/245/245
f 1886/1886/1886 1132/1132/1132 1131/1131/1131
f 1138/1138/1138 1137/1137/1137 1274/1274/1274
f 1841/1841/1841 598/598/598 1140/1140/1140
f 75/75/75 313/313/313 314/314/314
f 193/193/193 423/423/423 420/420/420
f 2681/2681/2681 2682/2682/2682 1099/1099/1099
f 170/170/170 1567/1567/1567 1565/1565/1565
f 349/349/349 416/416/416 417/417/417
f 1121/1121/1121 1124/1124/1124 2684/2684/2684
f 547/547/547 797/797/797 409/409/409
f 123/123/123 122/122/122 121/121/121
f 2643/2643/2643 2663/2663/2663 1142/1142/1142
f 1542/1542/1542 1544/1544/1544 513/513/513
f 899/899/899 900/900/900 907/907/907
f 1210/1210/1210 677/677/677 676/676/676
f 791/791/791 663/663/663 982/982/982
f 24/24/24 27/27/27 837/837/837
f 893/893/893 896/896/896 932/932/932
f 1860/1860/1860 1320/1320/1320 863/863/863
f 535/535/535 538/538/538 862/862/862
f 1569/1569/1569 1548/1548/1548 1547/1547/1547
f 181/181/181 455/455/455 542/542/542
f 660/660/660 659/659/659 937/937/937
f 2013/2013/2013 567/567/567 568/568/568
f 887/887/887 890/890/890 2631/2631/2631
f 1524/1524/1524 1508/1508/1508 361/361/361
f 520/520/520 161/161/161 162/162/162
f 2653/2653/2653 855/855/855 854/854/854
f 1238/1238/1238 1237/1237/1237 2655/2655/2655
f 718/718/718 1838/1838/1838 527/527/527
f 1492/1492/1492 1493/1493/1493 518/518/518
f 792/792/792 616/616/616 615/615/615
f 599/599/599 846/846/846 1835/1835/1835
f 290/290/290 457/457/457 456/456/456
f 312/312/312 171/171/171 1552/1552/1552
f 1248/1248/1248 2687/2687/2687 1179/1179/1179
f 153/153/153 149/149/149 177/177/177
f 1240/1240/1240 1181/1181/1181 1222/1222/1222
f 1257/1257/1257 1292/1292/1292 1235/1235/1235
f 1291/1291/1291 1084/1084/1084 1083/1083/1083
f 1052/1052/1052 877/877/877 1277/1277/1277
f 743/743/743 742/742/742 2618/2618/2618
f 444/444/444 140/140/140 430/430/430
f 23/23/23 1224/1224/1224 1172/1172/1172
f 2687/2687/2687 2654/2654/2654 1180/1180/1180
f 102/102/102 103/103/103 409/409/409
f 1283/1283/1283 607/607/607 610/610/610
f 373/373/373 497/497/497 650/650/650
f 1180/1180/1180 2654/2654/2654 1084/1084/1084
f 855/855/855 2653/2653/2653 2655/2655/2655
f 1173/1173/1173 1270/1270/1270 1917/1917/1917
f 2689/2689/2689 850/850/850 853/853/853
f 2688/2688/2688 853/853/853 1108/1108/1108
f 2686/2686/2686 2688/2688/2688 1279/1279/1279
f 2687/2687/2687 2689/2689/2689 2688/2688/2688
f 2691/2691/2691 1302/1302/1302 1252/1252/1252
f 2690/2690/2690 1252/1252/1252 850/850/850
f 1248/1248/1248 2690/2690/2690 2689/2689/2689
f 1248/1248/1248 1247/1247/1247 2691/2691/2691
f 2692/2692/2692 617/617/617 24/24/24
f 2691/2691/2691 2692/2692/2692 2666/2666/2666
f 1247/1247/1247 1258/1258/1258 2692/2692/2692
f 1258/1258/1258 1168/1168/1168 617/617/617
f 394/394/394 1554/1554/1554 1555/1555/1555
f 2693/2693/2693 1260/1260/1260 1259/1259/1259
f 1072/1072/1072 1236/1236/1236 1262/1262/1262
f 1257/1257/1257 1071/1071/1071 1168/1168/1168
f 398/398/398 439/439/439 1555/1555/1555
f 871/871/871 1784/1784/1784 1314/1314/1314
f 1178/1178/1178 1232/1232/1232 1249/1249/1249
f 1224/1224/1224 1289/1289/1289 1173/1173/1173
f 1010/1010/1010 2617/2617/2617 2618/2618/2618
f 1175/1175/1175 1174/1174/1174 1292/1292/1292
f 2654/2654/2654 2687/2687/2687 2686/2686/2686
f 2694/2694/2694 1157/1157/1157 1216/1216/1216
f 71/71/71 418/418/418 1487/1487/1487
f 701/701/701 1112/1112/1112 1111/1111/1111
f 1072/1072/1072 1261/1261/1261 2649/2649/2649
f 1085/1085/1085 2695/2695/2695 22/22/22
f 895/895/895 2694/2694/2694 1264/1264/1264
f 1601/1601/1601 1606/1606/1606 1605/1605/1605
f 1259/1259/1259 1262/1262/1262 1271/1271/1271
f 21/21/21 20/20/20 1220/1220/1220
f 988/988/988 991/991/991 538/538/538
f 598/598/598 597/597/597 1336/1336/1336
f 1050/1050/1050 860/860/860 818/818/818
f 1298/1298/1298 2645/2645/2645 1761/1761/1761
f 1168/1168/1168 1167/1167/1167 618/618/618
f 858/858/858 1168/1168/1168 1256/1256/1256
f 39/39/39 242/242/242 516/516/516
f 2652/2652/2652 1761/1761/1761 819/819/819
f 313/313/313 316/316/316 315/315/315
f 2026/2026/2026 1970/1970/1970 1971/1971/1971
f 2656/2656/2656 1489/1489/1489 596/596/596
f 814/814/814 819/819/819 818/818/818
f 2696/2696/2696 2651/2651/2651 813/813/813
f 1260/1260/1260 2696/2696/2696 2649/2649/2649
f 2693/2693/2693 2697/2697/2697 2696/2696/2696
f 2697/2697/2697 1296/1296/1296 2651/2651/2651
f 381/381/381 355/355/355 390/390/390
f 3818/3818/3818 3819/3819/3819 1611/1611/1611
f 1475/1475/1475 1427/1427/1427 1428/1428/1428
f 1292/1292/1292 1174/1174/1174 1917/1917/1917
f 1551/1551/1551 353/353/353 354/354/354
f 1526/1526/1526 1525/1525/1525 1523/1523/1523
f 1593/1593/1593 1589/1589/1589 1595/1595/1595
f 1232/1232/1232 1269/1269/1269 1246/1246/1246
f 2695/2695/2695 2693/2693/2693 1223/1223/1223
f 2698/2698/2698 1297/1297/1297 1296/1296/1296
f 2698/2698/2698 2697/2697/2697 2693/2693/2693
f 2685/2685/2685 2698/2698/2698 2695/2695/2695
f 2685/2685/2685 854/854/854 1297/1297/1297
f 562/562/562 1497/1497/1497 271/271/271
f 2652/2652/2652 2651/2651/2651 1296/1296/1296
f 1365/1365/1365 1366/1366/1366 1364/1364/1364
f 1958/1958/1958 1946/1946/1946 1953/1953/1953
f 585/585/585 588/588/588 2210/2210/2210
f 1561/1561/1561 1560/1560/1560 1515/1515/1515
f 975/975/975 2648/2648/2648 1146/1146/1146
f 347/347/347 67/67/67 68/68/68
f 1038/1038/1038 1111/1111/1111 636/636/636
f 2700/2700/2700 781/781/781 780/780/780
f 2699/2699/2699 780/780/780 1036/1036/1036
f 2701/2701/2701 2699/2699/2699 1883/1883/1883
f 851/851/851 2700/2700/2700 2699/2699/2699
f 2674/2674/2674 1333/1333/1333 2251/2251/2251
f 2702/2702/2702 2251/2251/2251 781/781/781
f 1253/1253/1253 2702/2702/2702 2700/2700/2700
f 1301/1301/1301 2674/2674/2674 2702/2702/2702
f 1519/1519/1519 387/387/387 388/388/388
f 1273/1273/1273 1239/1239/1239 1280/1280/1280
f 2703/2703/2703 1280/1280/1280 1107/1107/1107
f 2701/2701/2701 2703/2703/2703 852/852/852
f 1829/1829/1829 1273/1273/1273 2703/2703/2703
f 91/91/91 260/260/260 326/326/326
f 1784/1784/1784 871/871/871 2656/2656/2656
f 2683/2683/2683 2684/2684/2684 2705/2705/2705
f 604/604/604 1894/1894/1894 3499/3499/3499
f 1669/1669/1669 3534/3534/3534 3548/3548/3548
f 2062/2062/2062 2063/2063/2063 2060/2060/2060
f 621/621/621 535/535/535 861/861/861
f 2023/2023/2023 731/731/731 732/732/732
f 686/686/686 779/779/779 1263/1263/1263
f 857/857/857 1051/1051/1051 2668/2668/2668
f 883/883/883 830/830/830 882/882/882
f 637/637/637 636/636/636 1111/1111/1111
f 2668/2668/2668 894/894/894 893/893/893
f 2667/2667/2667 921/921/921 894/894/894
f 1039/1039/1039 1038/1038/1038 1068/1068/1068
f 313/313/313 75/75/75 1504/1504/1504
f 1911/1911/1911 1972/1972/1972 305/305/305
f 1936/1936/1936 2706/2706/2706 1964/1964/1964
f 2707/2707/2707 2402/2402/2402 2401/2401/2401
f 2708/2708/2708 2707/2707/2707 2183/2183/2183
f 738/738/738 2163/2163/2163 2116/2116/2116
f 2349/2349/2349 2348/2348/2348 2432/2432/2432
f 2711/2711/2711 2712/2712/2712 2020/2020/2020
f 2400/2400/2400 2711/2711/2711 2019/2019/2019
f 2714/2714/2714 2715/2715/2715 2716/2716/2716
f 2717/2717/2717 2718/2718/2718 2719/2719/2719
f 2721/2721/2721 2722/2722/2722 2723/2723/2723
f 2726/2726/2726 2727/2727/2727 2728/2728/2728
f 2725/2725/2725 2728/2728/2728 2730/2730/2730
f 2731/2731/2731 2725/2725/2725 2729/2729/2729
f 2732/2732/2732 2726/2726/2726 2725/2725/2725
f 2734/2734/2734 2735/2735/2735 2736/2736/2736
f 2738/2738/2738 2739/2739/2739 2740/2740/2740
f 2737/2737/2737 2740/2740/2740 2741/2741/2741
f 2744/2744/2744 2745/2745/2745 2746/2746/2746
f 2745/2745/2745 2744/2744/2744 2748/2748/2748
f 2749/2749/2749 2750/2750/2750 2747/2747/2747
f 2753/2753/2753 2749/2749/2749 2751/2751/2751
f 2250/2250/2250 1380/1380/1380 2246/2246/2246
f 2754/2754/2754 1396/1396/1396 1614/1614/1614
f 3598/3598/3598 2754/2754/2754 2755/2755/2755
f 3608/3608/3608 2745/2745/2745 2747/2747/2747
f 1617/1617/1617 2756/2756/2756 2755/2755/2755
f 2242/2242/2242 2758/2758/2758 1620/1620/1620
f 2191/2191/2191 2085/2085/2085 2760/2760/2760
f 2761/2761/2761 2759/2759/2759 2760/2760/2760
f 3648/3648/3648 2759/2759/2759 2761/2761/2761
f 3623/3623/3623 2191/2191/2191 2759/2759/2759
f 3209/3209/3209 3248/3248/3248 3223/3223/3223
f 1395/1395/1395 1394/1394/1394 2236/2236/2236
f 1395/1395/1395 2235/2235/2235 1636/1636/1636
f 1616/1616/1616 1635/1635/1635 2229/2229/2229
f 1617/1617/1617 2234/2234/2234 2763/2763/2763
f 2756/2756/2756 2763/2763/2763 3628/3628/3628
f 2765/2765/2765 2763/2763/2763 2234/2234/2234
f 2766/2766/2766 2764/2764/2764 3628/3628/3628
f 3202/3202/3202 3199/3199/3199 3246/3246/3246
f 1516/1516/1516 437/437/437 435/435/435
f 2768/2768/2768 2769/2769/2769 3552/3552/3552
f 1495/1495/1495 541/541/541 578/578/578
f 2135/2135/2135 2136/2136/2136 28/28/28
f 3526/3526/3526 3540/3540/3540 2773/2773/2773
f 1690/1690/1690 1689/1689/1689 3926/3926/3926
f 2778/2778/2778 2779/2779/2779 2780/2780/2780
f 2777/2777/2777 2780/2780/2780 2781/2781/2781
f 2784/2784/2784 2778/2778/2778 2777/2777/2777
f 3555/3555/3555 3521/3521/3521 575/575/575
f 1494/1494/1494 1904/1904/1904 9/9/9
f 3529/3529/3529 2016/2016/2016 2015/2015/2015
f 451/451/451 61/61/61 505/505/505
f 2786/2786/2786 2787/2787/2787 2788/2788/2788
f 2779/2779/2779 2786/2786/2786 2785/2785/2785
f 2789/2789/2789 2752/2752/2752 2741/2741/2741
f 2790/2790/2790 2753/2753/2753 2752/2752/2752
f 2792/2792/2792 2793/2793/2793 2794/2794/2794
f 2793/2793/2793 2795/2795/2795 2796/2796/2796
f 2796/2796/2796 2797/2797/2797 2750/2750/2750
f 2794/2794/2794 2796/2796/2796 2749/2749/2749
f 2798/2798/2798 1393/1393/1393 1396/1396/1396
f 3591/3591/3591 2798/2798/2798 2754/2754/2754
f 2798/2798/2798 2799/2799/2799 2800/2800/2800
f 3591/3591/3591 3662/3662/3662 2799/2799/2799
f 2797/2797/2797 2796/2796/2796 2795/2795/2795
f 2791/2791/2791 2794/2794/2794 2753/2753/2753
f 216/216/216 233/233/233 232/232/232
f 3804/3804/3804 2806/2806/2806 2807/2807/2807
f 3805/3805/3805 2809/2809/2809 2804/2804/2804
f 2769/2769/2769 2810/2810/2810 3557/3557/3557
f 183/183/183 185/185/185 184/184/184
f 2811/2811/2811 2812/2812/2812 2775/2775/2775
f 2804/2804/2804 2811/2811/2811 2776/2776/2776
f 2809/2809/2809 2813/2813/2813 2811/2811/2811
f 2812/2812/2812 2811/2811/2811 2813/2813/2813
f 3805/3805/3805 2808/2808/2808 2816/2816/2816
f 3796/3796/3796 2818/2818/2818 2815/2815/2815
f 3798/3798/3798 3800/3800/3800 2820/2820/2820
f 3793/3793/3793 2823/2823/2823 2819/2819/2819
f 2824/2824/2824 2736/2736/2736 2735/2735/2735
f 2823/2823/2823 2825/2825/2825 2824/2824/2824
f 2825/2825/2825 2823/2823/2823 2826/2826/2826
f 3793/3793/3793 2822/2822/2822 2827/2827/2827
f 3796/3796/3796 2817/2817/2817 2826/2826/2826
f 2713/2713/2713 2716/2716/2716 2829/2829/2829
f 2828/2828/2828 2829/2829/2829 2831/2831/2831
f 2822/2822/2822 2821/2821/2821 2828/2828/2828
f 2821/2821/2821 2820/2820/2820 2713/2713/2713
f 2832/2832/2832 2827/2827/2827 2822/2822/2822
f 2833/2833/2833 2832/2832/2832 2830/2830/2830
f 2834/2834/2834 2835/2835/2835 2832/2832/2832
f 2835/2835/2835 2818/2818/2818 2827/2827/2827
f 2837/2837/2837 2838/2838/2838 2839/2839/2839
f 2836/2836/2836 2839/2839/2839 2841/2841/2841
f 2842/2842/2842 2836/2836/2836 2840/2840/2840
f 2843/2843/2843 2837/2837/2837 2836/2836/2836
f 2840/2840/2840 2841/2841/2841 2845/2845/2845
f 2718/2718/2718 2844/2844/2844 2845/2845/2845
f 2730/2730/2730 2728/2728/2728 2844/2844/2844
f 2727/2727/2727 2840/2840/2840 2844/2844/2844
f 2846/2846/2846 2845/2845/2845 2841/2841/2841
f 2829/2829/2829 2846/2846/2846 2847/2847/2847
f 2847/2847/2847 2841/2841/2841 2839/2839/2839
f 2848/2848/2848 2839/2839/2839 2838/2838/2838
f 2833/2833/2833 2848/2848/2848 2849/2849/2849
f 2831/2831/2831 2847/2847/2847 2848/2848/2848
f 2850/2850/2850 2814/2814/2814 2851/2851/2851
f 2853/2853/2853 2850/2850/2850 2852/2852/2852
f 2783/2783/2783 2777/2777/2777 2782/2782/2782
f 2785/2785/2785 2788/2788/2788 2853/2853/2853
f 2780/2780/2780 2785/2785/2785 2856/2856/2856
f 2857/2857/2857 2858/2858/2858 2855/2855/2855
f 2859/2859/2859 2857/2857/2857 2782/2782/2782
f 2861/2861/2861 2843/2843/2843 2842/2842/2842
f 2860/2860/2860 2842/2842/2842 2727/2727/2727
f 2862/2862/2862 2860/2860/2860 2726/2726/2726
f 2863/2863/2863 2861/2861/2861 2860/2860/2860
f 2861/2861/2861 2863/2863/2863 2858/2858/2858
f 2843/2843/2843 2861/2861/2861 2857/2857/2857
f 2856/2856/2856 2853/2853/2853 2854/2854/2854
f 2781/2781/2781 2856/2856/2856 2864/2864/2864
f 2837/2837/2837 2843/2843/2843 2859/2859/2859
f 2838/2838/2838 2837/2837/2837 2864/2864/2864
f 2852/2852/2852 2851/2851/2851 2834/2834/2834
f 2854/2854/2854 2852/2852/2852 2849/2849/2849
f 2865/2865/2865 2815/2815/2815 2818/2818/2818
f 2851/2851/2851 2865/2865/2865 2835/2835/2835
f 2813/2813/2813 2809/2809/2809 2815/2815/2815
f 2814/2814/2814 2813/2813/2813 2865/2865/2865
f 2866/2866/2866 2812/2812/2812 2814/2814/2814
f 2788/2788/2788 2866/2866/2866 2850/2850/2850
f 2866/2866/2866 2788/2788/2788 2787/2787/2787
f 2812/2812/2812 2866/2866/2866 2867/2867/2867
f 1892/1892/1892 1889/1889/1889 1890/1890/1890
f 2720/2720/2720 2719/2719/2719 2846/2846/2846
f 298/298/298 299/299/299 256/256/256
f 2872/2872/2872 2714/2714/2714 2713/2713/2713
f 3794/3794/3794 3800/3800/3800 2735/2735/2735
f 2729/2729/2729 2730/2730/2730 2874/2874/2874
f 2846/2846/2846 2716/2716/2716 2715/2715/2715
f 2876/2876/2876 2877/2877/2877 2878/2878/2878
f 2733/2733/2733 2875/2875/2875 2878/2878/2878
f 3806/3806/3806 3807/3807/3807 2879/2879/2879
f 3806/3806/3806 2880/2880/2880 2872/2872/2872
f 2882/2882/2882 2883/2883/2883 2884/2884/2884
f 2881/2881/2881 2884/2884/2884 2715/2715/2715
f 2880/2880/2880 2881/2881/2881 2714/2714/2714
f 2879/2879/2879 2882/2882/2882 2881/2881/2881
f 2885/2885/2885 2886/2886/2886 2887/2887/2887
f 2888/2888/2888 2889/2889/2889 2890/2890/2890
f 2885/2885/2885 2890/2890/2890 2892/2892/2892
f 2893/2893/2893 2886/2886/2886 2885/2885/2885
f 1942/1942/1942 2151/2151/2151 2532/2532/2532
f 2895/2895/2895 2892/2892/2892 2720/2720/2720
f 2884/2884/2884 2895/2895/2895 2870/2870/2870
f 2883/2883/2883 2896/2896/2896 2895/2895/2895
f 2896/2896/2896 2891/2891/2891 2892/2892/2892
f 2889/2889/2889 2874/2874/2874 2717/2717/2717
f 2890/2890/2890 2717/2717/2717 2720/2720/2720
f 2897/2897/2897 2893/2893/2893 2891/2891/2891
f 2898/2898/2898 2897/2897/2897 2896/2896/2896
f 2899/2899/2899 2898/2898/2898 2883/2883/2883
f 2900/2900/2900 2899/2899/2899 2882/2882/2882
f 3797/3797/3797 2900/2900/2900 2879/2879/2879
f 2876/2876/2876 2902/2902/2902 2901/2901/2901
f 2901/2901/2901 2902/2902/2902 2904/2904/2904
f 1785/1785/1785 2656/2656/2656 1835/1835/1835
f 2905/2905/2905 2906/2906/2906 2899/2899/2899
f 2907/2907/2907 2908/2908/2908 2897/2897/2897
f 3797/3797/3797 2901/2901/2901 2903/2903/2903
f 632/632/632 576/576/576 577/577/577
f 3532/3532/3532 3547/3547/3547 2867/2867/2867
f 434/434/434 385/385/385 550/550/550
f 2768/2768/2768 2770/2770/2770 3640/3640/3640
f 2910/2910/2910 2911/2911/2911 1623/1623/1623
f 2241/2241/2241 2912/2912/2912 2758/2758/2758
f 3640/3640/3640 2770/2770/2770 2913/2913/2913
f 1623/1623/1623 2911/2911/2911 2757/2757/2757
f 3587/3587/3587 2242/2242/2242 2757/2757/2757
f 2229/2229/2229 1381/1381/1381 1380/1380/1380
f 2765/2765/2765 1630/1630/1630 1629/1629/1629
f 2915/2915/2915 2914/2914/2914 1629/1629/1629
f 3642/3642/3642 3641/3641/3641 2914/2914/2914
f 3641/3641/3641 3622/3622/3622 2765/2765/2765
f 2919/2919/2919 2916/2916/2916 3642/3642/3642
f 2918/2918/2918 2915/2915/2915 2912/2912/2912
f 3614/3614/3614 2918/2918/2918 2241/2241/2241
f 3618/3618/3618 2919/2919/2919 3613/3613/3613
f 3541/3541/3541 2177/2177/2177 2180/2180/2180
f 3521/3521/3521 2002/2002/2002 2188/2188/2188
f 3705/3705/3705 3573/3573/3573 714/714/714
f 2925/2925/2925 2766/2766/2766 2917/2917/2917
f 2924/2924/2924 2917/2917/2917 2916/2916/2916
f 3610/3610/3610 2924/2924/2924 2919/2919/2919
f 3611/3611/3611 2925/2925/2925 2924/2924/2924
f 2926/2926/2926 2927/2927/2927 2766/2766/2766
f 3658/3658/3658 2926/2926/2926 2925/2925/2925
f 1715/1715/1715 1713/1713/1713 1705/1705/1705
f 785/785/785 497/497/497 498/498/498
f 1387/1387/1387 651/651/651 565/565/565
f 374/374/374 375/375/375 1899/1899/1899
f 3573/3573/3573 2203/2203/2203 2206/2206/2206
f 2929/2929/2929 2930/2930/2930 2886/2886/2886
f 2932/2932/2932 2933/2933/2933 2934/2934/2934
f 1905/1905/1905 1906/1906/1906 1908/1908/1908
f 2930/2930/2930 2935/2935/2935 2936/2936/2936
f 2938/2938/2938 2935/2935/2935 2930/2930/2930
f 1493/1493/1493 369/369/369 517/517/517
f 1603/1603/1603 1585/1585/1585 1586/1586/1586
f 2939/2939/2939 2938/2938/2938 2929/2929/2929
f 2940/2940/2940 2939/2939/2939 2908/2908/2908
f 3665/3665/3665 1707/1707/1707 1600/1600/1600
f 2886/2886/2886 2930/2930/2930 2937/2937/2937
f 2906/2906/2906 2907/2907/2907 2898/2898/2898
f 2908/2908/2908 2929/2929/2929 2893/2893/2893
f 2942/2942/2942 2934/2934/2934 2933/2933/2933
f 2941/2941/2941 2933/2933/2933 2937/2937/2937
f 3501/3501/3501 2941/2941/2941 2936/2936/2936
f 3498/3498/3498 2942/2942/2942 2941/2941/2941
f 2943/2943/2943 2944/2944/2944 2710/2710/2710
f 2943/2943/2943 2873/2873/2873 2874/2874/2874
f 2945/2945/2945 2943/2943/2943 2889/2889/2889
f 2946/2946/2946 2944/2944/2944 2943/2943/2943
f 2932/2932/2932 2945/2945/2945 2888/2888/2888
f 2931/2931/2931 2946/2946/2946 2945/2945/2945
f 727/727/727 1928/1928/1928 1929/1929/1929
f 2903/2903/2903 2904/2904/2904 2947/2947/2947
f 545/545/545 594/594/594 42/42/42
f 1480/1480/1480 1570/1570/1570 533/533/533
f 2907/2907/2907 2906/2906/2906 2949/2949/2949
f 2906/2906/2906 2905/2905/2905 2950/2950/2950
f 1558/1558/1558 452/452/452 215/215/215
f 3799/3799/3799 2903/2903/2903 2948/2948/2948
f 2054/2054/2054 1645/1645/1645 1644/1644/1644
f 3705/3705/3705 3684/3684/3684 2203/2203/2203
f 1828/1828/1828 1837/1837/1837 1849/1849/1849
f 2953/2953/2953 2954/2954/2954 2955/2955/2955
f 2952/2952/2952 2955/2955/2955 2957/2957/2957
f 2956/2956/2956 2261/2261/2261 2258/2258/2258
f 2953/2953/2953 2952/2952/2952 2258/2258/2258
f 2454/2454/2454 2455/2455/2455 2474/2474/2474
f 3747/3747/3747 2958/2958/2958 2959/2959/2959
f 3747/3747/3747 2132/2132/2132 2131/2131/2131
f 2961/2961/2961 2962/2962/2962 2963/2963/2963
f 2958/2958/2958 2963/2963/2963 2964/2964/2964
f 222/222/222 221/221/221 2485/2485/2485
f 2477/2477/2477 2226/2226/2226 2966/2966/2966
f 2631/2631/2631 2561/2561/2561 2006/2006/2006
f 2384/2384/2384 2454/2454/2454 2496/2496/2496
f 2967/2967/2967 2968/2968/2968 2959/2959/2959
f 2968/2968/2968 2967/2967/2967 2970/2970/2970
f 3759/3759/3759 2033/2033/2033 2971/2971/2971
f 3784/3784/3784 2971/2971/2971 2960/2960/2960
f 2972/2972/2972 2971/2971/2971 2033/2033/2033
f 2007/2007/2007 2377/2377/2377 2973/2973/2973
f 3560/3560/3560 3559/3559/3559 2134/2134/2134
f 1836/1836/1836 1833/1833/1833 1832/1832/1832
f 3506/3506/3506 2188/2188/2188 2090/2090/2090
f 955/955/955 810/810/810 959/959/959
f 672/672/672 675/675/675 674/674/674
f 633/633/633 710/710/710 713/713/713
f 2024/2024/2024 732/732/732 733/733/733
f 2025/2025/2025 2024/2024/2024 803/803/803
f 425/425/425 1552/1552/1552 1550/1550/1550
f 2975/2975/2975 2976/2976/2976 888/888/888
f 1319/1319/1319 1158/1158/1158 1157/1157/1157
f 1212/1212/1212 1935/1935/1935 2977/2977/2977
f 889/889/889 957/957/957 2228/2228/2228
f 1978/1978/1978 1974/1974/1974 1975/1975/1975
f 1138/1138/1138 1078/1078/1078 1329/1329/1329
f 751/751/751 665/665/665 2979/2979/2979
f 1619/1619/1619 1613/1613/1613 1625/1625/1625
f 2252/2252/2252 2255/2255/2255 1728/1728/1728
f 1157/1157/1157 1160/1160/1160 845/845/845
f 2706/2706/2706 1936/1936/1936 1938/1938/1938
f 2980/2980/2980 2255/2255/2255 2254/2254/2254
f 2982/2982/2982 2975/2975/2975 887/887/887
f 802/802/802 712/712/712 711/711/711
f 678/678/678 677/677/677 2029/2029/2029
f 527/527/527 840/840/840 690/690/690
f 1839/1839/1839 1207/1207/1207 2629/2629/2629
f 2983/2983/2983 2984/2984/2984 602/602/602
f 2983/2983/2983 1914/1914/1914 1913/1913/1913
f 2985/2985/2985 2983/2983/2983 1331/1331/1331
f 2986/2986/2986 2984/2984/2984 2983/2983/2983
f 2987/2987/2987 2637/2637/2637 2635/2635/2635
f 2985/2985/2985 2988/2988/2988 2639/2639/2639
f 2990/2990/2990 1319/1319/1319 1318/1318/1318
f 2991/2991/2991 2992/2992/2992 2993/2993/2993
f 2995/2995/2995 2991/2991/2991 2994/2994/2994
f 1106/1106/1106 1058/1058/1058 2991/2991/2991
f 1058/1058/1058 1057/1057/1057 2992/2992/2992
f 1415/1415/1415 1406/1406/1406 1365/1365/1365
f 1317/1317/1317 922/922/922 2217/2217/2217
f 1932/1932/1932 1728/1728/1728 2255/2255/2255
f 926/926/926 2998/2998/2998 2999/2999/2999
f 3001/3001/3001 2993/2993/2993 2992/2992/2992
f 3000/3000/3000 2992/2992/2992 1057/1057/1057
f 2999/2999/2999 3000/3000/3000 2978/2978/2978
f 2998/2998/2998 3001/3001/3001 3000/3000/3000
f 3002/3002/3002 2998/2998/2998 2209/2209/2209
f 3002/3002/3002 3003/3003/3003 2996/2996/2996
f 2993/2993/2993 3001/3001/3001 3002/3002/3002
f 1103/1103/1103 1106/1106/1106 2995/2995/2995
f 3004/3004/3004 2995/2995/2995 2996/2996/2996
f 2209/2209/2209 2210/2210/2210 3004/3004/3004
f 588/588/588 1103/1103/1103 3004/3004/3004
f 295/295/295 296/296/296 433/433/433
f 2638/2638/2638 2639/2639/2639 2988/2988/2988
f 3005/3005/3005 2988/2988/2988 1056/1056/1056
f 1305/1305/1305 3005/3005/3005 1930/1930/1930
f 1276/1276/1276 2638/2638/2638 3005/3005/3005
f 1987/1987/1987 1968/1968/1968 1993/1993/1993
f 2633/2633/2633 1762/1762/1762 1761/1761/1761
f 1423/1423/1423 1422/1422/1422 1417/1417/1417
f 3561/3561/3561 3517/3517/3517 739/739/739
f 2671/2671/2671 2670/2670/2670 2704/2704/2704
f 1473/1473/1473 1872/1872/1872 2035/2035/2035
f 922/922/922 1317/1317/1317 2694/2694/2694
f 1401/1401/1401 1400/1400/1400 1378/1378/1378
f 556/556/556 2028/2028/2028 1884/1884/1884
f 842/842/842 848/848/848 3825/3825/3825
f 1854/1854/1854 2706/2706/2706 2617/2617/2617
f 933/933/933 1082/1082/1082 1081/1081/1081
f 1440/1440/1440 1441/1441/1441 1436/1436/1436
f 529/529/529 657/657/657 719/719/719
f 1031/1031/1031 1025/1025/1025 1027/1027/1027
f 777/777/777 913/913/913 912/912/912
f 2645/2645/2645 1205/1205/1205 1204/1204/1204
f 441/441/441 438/438/438 1538/1538/1538
f 790/790/790 1287/1287/1287 587/587/587
f 2065/2065/2065 2066/2066/2066 1610/1610/1610
f 1860/1860/1860 991/991/991 990/990/990
f 60/60/60 106/106/106 87/87/87
f 1424/1424/1424 1017/1017/1017 1948/1948/1948
f 332/332/332 1527/1527/1527 1507/1507/1507
f 261/261/261 262/262/262 138/138/138
f 187/187/187 188/188/188 449/449/449
f 1719/1719/1719 1720/1720/1720 1726/1726/1726
f 1931/1931/1931 1055/1055/1055 1059/1059/1059
f 3006/3006/3006 1059/1059/1059 1105/1105/1105
f 1287/1287/1287 3006/3006/3006 1104/1104/1104
f 1286/1286/1286 1931/1931/1931 3006/3006/3006
f 3007/3007/3007 3008/3008/3008 3009/3009/3009
f 3009/3009/3009 3008/3008/3008 653/653/653
f 618/618/618 999/999/999 26/26/26
f 2029/2029/2029 677/677/677 1210/1210/1210
f 957/957/957 601/601/601 600/600/600
f 1049/1049/1049 2146/2146/2146 2228/2228/2228
f 2631/2631/2631 890/890/890 3011/3011/3011
f 890/890/890 889/889/889 2227/2227/2227
f 3011/3011/3011 2227/2227/2227 2145/2145/2145
f 2561/2561/2561 3011/3011/3011 3012/3012/3012
f 1026/1026/1026 656/656/656 609/609/609
f 2706/2706/2706 1854/1854/1854 1961/1961/1961
f 3013/3013/3013 2965/2965/2965 2485/2485/2485
f 2148/2148/2148 2147/2147/2147 1267/1267/1267
f 3015/3015/3015 1267/1267/1267 1266/1266/1266
f 2997/2997/2997 2264/2264/2264 1101/1101/1101
f 642/642/642 641/641/641 1773/1773/1773
f 186/186/186 477/477/477 461/461/461
f 1041/1041/1041 1040/1040/1040 1320/1320/1320
f 1121/1121/1121 3016/3016/3016 3017/3017/3017
f 2984/2984/2984 2986/2986/2986 2987/2987/2987
f 3018/3018/3018 2987/2987/2987 2634/2634/2634
f 1048/1048/1048 603/603/603 3018/3018/3018
f 603/603/603 602/602/602 2984/2984/2984
f 2679/2679/2679 2678/2678/2678 801/801/801
f 2062/2062/2062 2072/2072/2072 2074/2074/2074
f 2061/2061/2061 2074/2074/2074 2076/2076/2076
f 414/414/414 303/303/303 1545/1545/1545
f 3016/3016/3016 1121/1121/1121 2683/2683/2683
f 3019/3019/3019 2683/2683/2683 2704/2704/2704
f 3020/3020/3020 3019/3019/3019 2670/2670/2670
f 3007/3007/3007 3016/3016/3016 3019/3019/3019
f 1871/1871/1871 1090/1090/1090 1091/1091/1091
f 3021/3021/3021 1787/1787/1787 1122/1122/1122
f 3022/3022/3022 3021/3021/3021 3017/3017/3017
f 1314/1314/1314 3021/3021/3021 3022/3022/3022
f 1784/1784/1784 1787/1787/1787 3021/3021/3021
f 1316/1316/1316 1315/1315/1315 1763/1763/1763
f 3023/3023/3023 3022/3022/3022 3010/3010/3010
f 3023/3023/3023 3009/3009/3009 795/795/795
f 1763/1763/1763 3023/3023/3023 1092/1092/1092
f 1315/1315/1315 3022/3022/3022 3023/3023/3023
f 3016/3016/3016 3007/3007/3007 3010/3010/3010
f 752/752/752 751/751/751 2978/2978/2978
f 2986/2986/2986 2639/2639/2639 2637/2637/2637
f 3024/3024/3024 654/654/654 653/653/653
f 3020/3020/3020 3024/3024/3024 3008/3008/3008
f 720/720/720 723/723/723 3024/3024/3024
f 723/723/723 2621/2621/2621 654/654/654
f 2681/2681/2681 1098/1098/1098 1268/1268/1268
f 2671/2671/2671 3025/3025/3025 1268/1268/1268
f 2705/2705/2705 2681/2681/2681 3025/3025/3025
f 1313/1313/1313 3026/3026/3026 3027/3027/3027
f 3026/3026/3026 3028/3028/3028 3029/3029/3029
f 3027/3027/3027 3029/3029/3029 3030/3030/3030
f 1311/1311/1311 3027/3027/3027 3031/3031/3031
f 2012/2012/2012 568/568/568 731/731/731
f 917/917/917 2657/2657/2657 974/974/974
f 743/743/743 1206/1206/1206 856/856/856
f 1888/1888/1888 2027/2027/2027 2030/2030/2030
f 2682/2682/2682 2705/2705/2705 2684/2684/2684
f 3032/3032/3032 2684/2684/2684 1124/1124/1124
f 1100/1100/1100 3032/3032/3032 2989/2989/2989
f 1099/1099/1099 2682/2682/2682 3032/3032/3032
f 1123/1123/1123 2990/2990/2990 2989/2989/2989
f 3033/3033/3033 1834/1834/1834 1159/1159/1159
f 2990/2990/2990 3033/3033/3033 1158/1158/1158
f 1123/1123/1123 1786/1786/1786 3033/3033/3033
f 1786/1786/1786 1785/1785/1785 1834/1834/1834
f 1054/1054/1054 1056/1056/1056 2988/2988/2988
f 2979/2979/2979 665/665/665 664/664/664
f 2623/2623/2623 2622/2622/2622 2663/2663/2663
f 1095/1095/1095 660/660/660 688/688/688
f 3034/3034/3034 3035/3035/3035 2261/2261/2261
f 3036/3036/3036 3034/3034/3034 2956/2956/2956
f 3037/3037/3037 3038/3038/3038 3034/3034/3034
f 3038/3038/3038 3039/3039/3039 3035/3035/3035
f 3040/3040/3040 3041/3041/3041 3026/3026/3026
f 2263/2263/2263 3042/3042/3042 3041/3041/3041
f 3042/3042/3042 3039/3039/3039 3043/3043/3043
f 3041/3041/3041 3043/3043/3043 3028/3028/3028
f 3044/3044/3044 3045/3045/3045 3043/3043/3043
f 3046/3046/3046 3047/3047/3047 3045/3045/3045
f 3047/3047/3047 3048/3048/3048 3049/3049/3049
f 3043/3043/3043 3045/3045/3045 3049/3049/3049
f 3038/3038/3038 3037/3037/3037 3051/3051/3051
f 3050/3050/3050 3051/3051/3051 3053/3053/3053
f 3052/3052/3052 3046/3046/3046 3044/3044/3044
f 3039/3039/3039 3038/3038/3038 3050/3050/3050
f 3054/3054/3054 3035/3035/3035 3039/3039/3039
f 3042/3042/3042 2263/2263/2263 2262/2262/2262
f 2261/2261/2261 3035/3035/3035 3054/3054/3054
f 2216/2216/2216 2263/2263/2263 2997/2997/2997
f 2212/2212/2212 2211/2211/2211 2667/2667/2667
f 3056/3056/3056 868/868/868 2209/2209/2209
f 934/934/934 3057/3057/3057 1961/1961/1961
f 2013/2013/2013 3755/3755/3755 3757/3757/3757
f 3058/3058/3058 3059/3059/3059 3060/3060/3060
f 3059/3059/3059 3062/3062/3062 3063/3063/3063
f 3060/3060/3060 3063/3063/3063 2213/2213/2213
f 3061/3061/3061 3060/3060/3060 1963/1963/1963
f 3063/3063/3063 3064/3064/3064 2214/2214/2214
f 3062/3062/3062 3065/3065/3065 3064/3064/3064
f 3065/3065/3065 2257/2257/2257 2260/2260/2260
f 3064/3064/3064 2260/2260/2260 2215/2215/2215
f 3066/3066/3066 3067/3067/3067 3031/3031/3031
f 2608/2608/2608 2966/2966/2966 3067/3067/3067
f 2966/2966/2966 2562/2562/2562 3068/3068/3068
f 3031/3031/3031 3067/3067/3067 3068/3068/3068
f 2455/2455/2455 2458/2458/2458 2461/2461/2461
f 2476/2476/2476 2223/2223/2223 2226/2226/2226
f 3551/3551/3551 2090/2090/2090 2089/2089/2089
f 3526/3526/3526 2774/2774/2774 3769/3769/3769
f 433/433/433 354/354/354 355/355/355
f 2115/2115/2115 1423/1423/1423 1419/1419/1419
f 3509/3509/3509 2868/2868/2868 2922/2922/2922
f 3769/3769/3769 3737/3737/3737 2131/2131/2131
f 3069/3069/3069 2611/2611/2611 2167/2167/2167
f 2971/2971/2971 2972/2972/2972 2928/2928/2928
f 2961/2961/2961 2774/2774/2774 2773/2773/2773
f 3070/3070/3070 2475/2475/2475 2478/2478/2478
f 2610/2610/2610 2609/2609/2609 3071/3071/3071
f 2502/2502/2502 2371/2371/2371 2374/2374/2374
f 3072/3072/3072 2592/2592/2592 2595/2595/2595
f 2964/2964/2964 3046/3046/3046 3052/3052/3052
f 3048/3048/3048 2593/2593/2593 3074/3074/3074
f 2593/2593/2593 2592/2592/2592 3075/3075/3075
f 3075/3075/3075 3030/3030/3030 3029/3029/3029
f 3074/3074/3074 3029/3029/3029 3028/3028/3028
f 3072/3072/3072 3076/3076/3076 3075/3075/3075
f 3076/3076/3076 3072/3072/3072 2482/2482/2482
f 2481/2481/2481 2608/2608/2608 3066/3066/3066
f 3076/3076/3076 3066/3066/3066 3030/3030/3030
f 2967/2967/2967 3052/3052/3052 3053/3053/3053
f 2482/2482/2482 3072/3072/3072 3073/3073/3073
f 479/479/479 480/480/480 493/493/493
f 706/706/706 3900/3900/3900 3873/3873/3873
f 3561/3561/3561 2194/2194/2194 2221/2221/2221
f 2013/2013/2013 2010/2010/2010 3754/3754/3754
f 3533/3533/3533 2032/2032/2032 2016/2016/2016
f 3562/3562/3562 3519/3519/3519 2222/2222/2222
f 1171/1171/1171 1154/1154/1154 1155/1155/1155
f 2586/2586/2586 2566/2566/2566 2565/2565/2565
f 2982/2982/2982 110/110/110 113/113/113
f 2562/2562/2562 2376/2376/2376 3077/3077/3077
f 2376/2376/2376 2375/2375/2375 3012/3012/3012
f 3012/3012/3012 2145/2145/2145 2148/2148/2148
f 3077/3077/3077 2148/2148/2148 3015/3015/3015
f 2963/2963/2963 3047/3047/3047 3046/3046/3046
f 3051/3051/3051 3078/3078/3078 2970/2970/2970
f 1683/1683/1683 2173/2173/2173 491/491/491
f 3850/3850/3850 2122/2122/2122 1447/1447/1447
f 1986/1986/1986 2181/2181/2181 3734/3734/3734
f 3079/3079/3079 3080/3080/3080 2546/2546/2546
f 3081/3081/3081 3079/3079/3079 2575/2575/2575
f 1983/1983/1983 1986/1986/1986 3768/3768/3768
f 3082/3082/3082 2323/2323/2323 2319/2319/2319
f 3080/3080/3080 3082/3082/3082 2545/2545/2545
f 3734/3734/3734 3732/3732/3732 3082/3082/3082
f 3732/3732/3732 3748/3748/3748 2323/2323/2323
f 1309/1309/1309 1471/1471/1471 1888/1888/1888
f 3073/3073/3073 2595/2595/2595 2772/2772/2772
f 2760/2760/2760 3083/3083/3083 3084/3084/3084
f 2760/2760/2760 2085/2085/2085 2088/2088/2088
f 3085/3085/3085 3084/3084/3084 3086/3086/3086
f 3089/3089/3089 3085/3085/3085 3090/3090/3090
f 3089/3089/3089 2762/2762/2762 3084/3084/3084
f 3092/3092/3092 3088/3088/3088 3090/3090/3090
f 3093/3093/3093 2748/2748/2748 2744/2744/2744
f 2751/2751/2751 2747/2747/2747 2748/2748/2748
f 3093/3093/3093 2741/2741/2741 2752/2752/2752
f 2742/2742/2742 2741/2741/2741 3093/3093/3093
f 3094/3094/3094 3093/3093/3093 2743/2743/2743
f 3096/3096/3096 3097/3097/3097 3098/3098/3098
f 3099/3099/3099 3096/3096/3096 3087/3087/3087
f 3097/3097/3097 3094/3094/3094 3095/3095/3095
f 3100/3100/3100 2743/2743/2743 2746/2746/2746
f 3101/3101/3101 2927/2927/2927 3102/3102/3102
f 2764/2764/2764 2766/2766/2766 2927/2927/2927
f 2745/2745/2745 2764/2764/2764 3101/3101/3101
f 3102/3102/3102 3092/3092/3092 3091/3091/3091
f 3100/3100/3100 3091/3091/3091 3095/3095/3095
f 2869/2869/2869 2802/2802/2802 3592/3592/3592
f 3102/3102/3102 3103/3103/3103 3104/3104/3104
f 3658/3658/3658 2868/2868/2868 2869/2869/2869
f 2927/2927/2927 2926/2926/2926 3103/3103/3103
f 3098/3098/3098 3095/3095/3095 3091/3091/3091
f 3087/3087/3087 3098/3098/3098 3090/3090/3090
f 2088/2088/2088 2125/2125/2125 3105/3105/3105
f 3083/3083/3083 3105/3105/3105 3086/3086/3086
f 2483/2483/2483 3073/3073/3073 2771/2771/2771
f 2401/2401/2401 2186/2186/2186 2185/2185/2185
f 3099/3099/3099 3086/3086/3086 3105/3105/3105
f 2125/2125/2125 2207/2207/2207 3106/3106/3106
f 3108/3108/3108 2737/2737/2737 2742/2742/2742
f 3107/3107/3107 2742/2742/2742 3094/3094/3094
f 3110/3110/3110 3108/3108/3108 3107/3107/3107
f 3109/3109/3109 3107/3107/3107 3097/3097/3097
f 3111/3111/3111 3109/3109/3109 3096/3096/3096
f 3112/3112/3112 3110/3110/3110 3109/3109/3109
f 3113/3113/3113 2738/2738/2738 2737/2737/2737
f 3115/3115/3115 2723/2723/2723 2722/2722/2722
f 3117/3117/3117 3115/3115/3115 3114/3114/3114
f 3119/3119/3119 3117/3117/3117 3116/3116/3116
f 3118/3118/3118 3116/3116/3116 3120/3120/3120
f 3116/3116/3116 3114/3114/3114 3113/3113/3113
f 3122/3122/3122 3112/3112/3112 3111/3111/3111
f 3122/3122/3122 3123/3123/3123 1755/1755/1755
f 3124/3124/3124 3125/3125/3125 3126/3126/3126
f 3125/3125/3125 3118/3118/3118 3121/3121/3121
f 3128/3128/3128 3119/3119/3119 3118/3118/3118
f 3129/3129/3129 3128/3128/3128 3125/3125/3125
f 2020/2020/2020 2712/2712/2712 3128/3128/3128
f 3853/3853/3853 3857/3857/3857 1346/1346/1346
f 1065/1065/1065 1046/1046/1046 1047/1047/1047
f 1814/1814/1814 3838/3838/3838 3830/3830/3830
f 2021/2021/2021 2020/2020/2020 3129/3129/3129
f 3111/3111/3111 3099/3099/3099 3106/3106/3106
f 3123/3123/3123 3106/3106/3106 2207/2207/2207
f 2377/2377/2377 2225/2225/2225 2224/2224/2224
f 3014/3014/3014 2485/2485/2485 113/113/113
f 1756/1756/1756 2208/2208/2208 3782/3782/3782
f 3131/3131/3131 3132/3132/3132 2530/2530/2530
f 3133/3133/3133 3131/3131/3131 2528/2528/2528
f 1753/1753/1753 1756/1756/1756 3767/3767/3767
f 3134/3134/3134 3124/3124/3124 3127/3127/3127
f 2327/2327/2327 2408/2408/2408 2314/2314/2314
f 2436/2436/2436 2318/2318/2318 2317/2317/2317
f 2018/2018/2018 2021/2021/2021 3711/3711/3711
f 2534/2534/2534 3136/3136/3136 3137/3137/3137
f 2320/2320/2320 2322/2322/2322 3136/3136/3136
f 2185/2185/2185 2018/2018/2018 3712/3712/3712
f 3138/3138/3138 3139/3139/3139 2542/2542/2542
f 3134/3134/3134 3135/3135/3135 3744/3744/3744
f 3785/3785/3785 3130/3130/3130 3134/3134/3134
f 3140/3140/3140 3138/3138/3138 2539/2539/2539
f 2535/2535/2535 3137/3137/3137 3140/3140/3140
f 3711/3711/3711 2021/2021/2021 3130/3130/3130
f 2558/2558/2558 2530/2530/2530 3132/3132/3132
f 3782/3782/3782 3760/3760/3760 3141/3141/3141
f 2560/2560/2560 2558/2558/2558 3141/3141/3141
f 3760/3760/3760 3777/3777/3777 3142/3142/3142
f 958/958/958 888/888/888 2976/2976/2976
f 1933/1933/1933 1932/1932/1932 2980/2980/2980
f 2399/2399/2399 2424/2424/2424 2418/2418/2418
f 2348/2348/2348 2342/2342/2342 2343/2343/2343
f 2322/2322/2322 2320/2320/2320 2319/2319/2319
f 2718/2718/2718 2717/2717/2717 2874/2874/2874
f 2709/2709/2709 2729/2729/2729 2873/2873/2873
f 2894/2894/2894 2871/2871/2871 1361/1361/1361
f 346/346/346 289/289/289 176/176/176
f 1876/1876/1876 1877/1877/1877 1882/1882/1882
f 2802/2802/2802 2803/2803/2803 3607/3607/3607
f 3104/3104/3104 3144/3144/3144 3088/3088/3088
f 2974/2974/2974 2222/2222/2222 3649/3649/3649
f 3089/3089/3089 3145/3145/3145 2761/2761/2761
f 3088/3088/3088 3144/3144/3144 3145/3145/3145
f 2803/2803/2803 2974/2974/2974 3603/3603/3603
f 3870/3870/3870 3909/3909/3909 692/692/692
f 2123/2123/2123 1419/1419/1419 1418/1418/1418
f 1365/1365/1365 1363/1363/1363 1368/1368/1368
f 1581/1581/1581 1766/1766/1766 1782/1782/1782
f 3569/3569/3569 2202/2202/2202 2129/2129/2129
f 3555/3555/3555 2003/2003/2003 2002/2002/2002
f 3146/3146/3146 2585/2585/2585 2551/2551/2551
f 3751/3751/3751 3146/3146/3146 3147/3147/3147
f 3742/3742/3742 3149/3149/3149 3146/3146/3146
f 3149/3149/3149 2584/2584/2584 2585/2585/2585
f 3196/3196/3196 3198/3198/3198 3197/3197/3197
f 3604/3604/3604 2192/2192/2192 2191/2191/2191
f 3142/3142/3142 3150/3150/3150 2556/2556/2556
f 3777/3777/3777 3778/3778/3778 3150/3150/3150
f 3646/3646/3646 3152/3152/3152 2550/2550/2550
f 3150/3150/3150 3151/3151/3151 2555/2555/2555
f 3778/3778/3778 3780/3780/3780 3151/3151/3151
f 3788/3788/3788 3781/3781/3781 3152/3152/3152
f 3153/3153/3153 3147/3147/3147 2551/2551/2551
f 3152/3152/3152 3153/3153/3153 2549/2549/2549
f 3781/3781/3781 3776/3776/3776 3153/3153/3153
f 3776/3776/3776 3750/3750/3750 3147/3147/3147
f 3148/3148/3148 2767/2767/2767 2206/2206/2206
f 2183/2183/2183 2401/2401/2401 2321/2321/2321
f 2132/2132/2132 2960/2960/2960 2928/2928/2928
f 3684/3684/3684 3685/3685/3685 2204/2204/2204
f 3719/3719/3719 2198/2198/2198 2197/2197/2197
f 2594/2594/2594 2962/2962/2962 2773/2773/2773
f 2595/2595/2595 2594/2594/2594 2951/2951/2951
f 1870/1870/1870 798/798/798 799/799/799
f 3713/3713/3713 2179/2179/2179 2178/2178/2178
f 3706/3706/3706 2178/2178/2178 3736/3736/3736
f 336/336/336 3154/3154/3154 3774/3774/3774
f 339/339/339 3155/3155/3155 3154/3154/3154
f 3789/3789/3789 3683/3683/3683 3149/3149/3149
f 3683/3683/3683 3697/3697/3697 2584/2584/2584
f 2963/2963/2963 2962/2962/2962 3048/3048/3048
f 3722/3722/3722 3730/3730/3730 337/337/337
f 339/339/339 338/338/338 2566/2566/2566
f 3156/3156/3156 3157/3157/3157 2168/2168/2168
f 2610/2610/2610 3156/3156/3156 2167/2167/2167
f 2954/2954/2954 2953/2953/2953 3156/3156/3156
f 3157/3157/3157 3156/3156/3156 2953/2953/2953
f 3707/3707/3707 2166/2166/2166 2169/2169/2169
f 2567/2567/2567 3158/3158/3158 3159/3159/3159
f 337/337/337 3158/3158/3158 2567/2567/2567
f 3730/3730/3730 3069/3069/3069 2166/2166/2166
f 3764/3764/3764 2190/2190/2190 1983/1983/1983
f 2579/2579/2579 3160/3160/3160 3081/3081/3081
f 2568/2568/2568 3159/3159/3159 3160/3160/3160
f 3709/3709/3709 2169/2169/2169 2190/2190/2190
f 3065/3065/3065 3062/3062/3062 3162/3162/3162
f 3161/3161/3161 3162/3162/3162 1984/1984/1984
f 3157/3157/3157 3161/3161/3161 2189/2189/2189
f 2257/2257/2257 3065/3065/3065 3161/3161/3161
f 734/734/734 735/735/735 1922/1922/1922
f 3059/3059/3059 3058/3058/3058 2708/2708/2708
f 3163/3163/3163 2708/2708/2708 2182/2182/2182
f 3162/3162/3162 3163/3163/3163 1985/1985/1985
f 3062/3062/3062 3059/3059/3059 3163/3163/3163
f 3203/3203/3203 3206/3206/3206 3205/3205/3205
f 2122/2122/2122 2119/2119/2119 1448/1448/1448
f 3817/3817/3817 1686/1686/1686 1685/1685/1685
f 139/139/139 140/140/140 444/444/444
f 1570/1570/1570 569/569/569 566/566/566
f 2957/2957/2957 3164/3164/3164 3165/3165/3165
f 2955/2955/2955 3166/3166/3166 3164/3164/3164
f 1912/1912/1912 454/454/454 341/341/341
f 3130/3130/3130 3129/3129/3129 3124/3124/3124
f 1548/1548/1548 322/322/322 319/319/319
f 1949/1949/1949 1950/1950/1950 1327/1327/1327
f 2969/2969/2969 2970/2970/2970 3078/3078/3078
f 3167/3167/3167 3078/3078/3078 3169/3169/3169
f 3724/3724/3724 2014/2014/2014 2017/2017/2017
f 3720/3720/3720 2017/2017/2017 2033/2033/2033
f 3168/3168/3168 3169/3169/3169 3165/3165/3165
f 3170/3170/3170 3165/3165/3165 3164/3164/3164
f 3779/3779/3779 3170/3170/3170 3171/3171/3171
f 3724/3724/3724 3168/3168/3168 3170/3170/3170
f 3171/3171/3171 3164/3164/3164 3166/3166/3166
f 3172/3172/3172 3166/3166/3166 3071/3071/3071
f 3752/3752/3752 3172/3172/3172 3173/3173/3173
f 3756/3756/3756 3171/3171/3171 3172/3172/3172
f 3169/3169/3169 3037/3037/3037 3036/3036/3036
f 2593/2593/2593 3048/3048/3048 2962/2962/2962
f 3173/3173/3173 3071/3071/3071 2609/2609/2609
f 3174/3174/3174 2609/2609/2609 2199/2199/2199
f 3783/3783/3783 3174/3174/3174 2198/2198/2198
f 3749/3749/3749 3173/3173/3173 3174/3174/3174
f 2190/2190/2190 2189/2189/2189 1984/1984/1984
f 2196/2196/2196 2195/2195/2195 2767/2767/2767
f 2119/2119/2119 2120/2120/2120 1414/1414/1414
f 1464/1464/1464 1463/1463/1463 1466/1466/1466
f 2199/2199/2199 2611/2611/2611 3069/3069/3069
f 2457/2457/2457 2456/2456/2456 2587/2587/2587
f 2226/2226/2226 2225/2225/2225 2562/2562/2562
f 481/481/481 478/478/478 1627/1627/1627
f 333/333/333 1512/1512/1512 235/235/235
f 3078/3078/3078 3051/3051/3051 3037/3037/3037
f 3040/3040/3040 2264/2264/2264 2997/2997/2997
f 2219/2219/2219 1934/1934/1934 1933/1933/1933
f 2385/2385/2385 2384/2384/2384 2497/2497/2497
f 221/221/221 2220/2220/2220 3175/3175/3175
f 2220/2220/2220 1933/1933/1933 3143/3143/3143
f 3175/3175/3175 3143/3143/3143 2976/2976/2976
f 2484/2484/2484 3175/3175/3175 2975/2975/2975
f 2954/2954/2954 3071/3071/3071 3166/3166/3166
f 2630/2630/2630 1858/1858/1858 110/110/110
f 1547/1547/1547 319/319/319 1952/1952/1952
f 2091/2091/2091 2090/2090/2090 2188/2188/2188
f 3733/3733/3733 3736/3736/3736 2178/2178/2178
f 1918/1918/1918 1919/1919/1919 1927/1927/1927
f 3563/3563/3563 112/112/112 111/111/111
f 955/955/955 956/956/956 960/960/960
f 2037/2037/2037 3014/3014/3014 112/112/112
f 3143/3143/3143 2980/2980/2980 2981/2981/2981
f 2218/2218/2218 2211/2211/2211 2214/2214/2214
f 672/672/672 3877/3877/3877 3787/3787/3787
f 2152/2152/2152 3013/3013/3013 3014/3014/3014
f 1147/1147/1147 1144/1144/1144 1143/1143/1143
f 2248/2248/2248 2246/2246/2246 1409/1409/1409
f 1615/1615/1615 1636/1636/1636 1635/1635/1635
f 1410/1410/1410 1409/1409/1409 2246/2246/2246
f 3241/3241/3241 3243/3243/3243 3242/3242/3242
f 1382/1382/1382 3176/3176/3176 3177/3177/3177
f 3177/3177/3177 1410/1410/1410 2247/2247/2247
f 2247/2247/2247 1383/1383/1383 3177/3177/3177
f 3176/3176/3176 2238/2238/2238 2230/2230/2230
f 1410/1410/1410 3177/3177/3177 3179/3179/3179
f 3179/3179/3179 3180/3180/3180 2243/2243/2243
f 1633/1633/1633 3181/3181/3181 2800/2800/2800
f 1621/1621/1621 1620/1620/1620 2758/2758/2758
f 1622/1622/1622 1621/1621/1621 2245/2245/2245
f 2236/2236/2236 1394/1394/1394 3181/3181/3181
f 2237/2237/2237 2236/2236/2236 3182/3182/3182
f 2250/2250/2250 1631/1631/1631 2233/2233/2233
f 2912/2912/2912 1629/1629/1629 1628/1628/1628
f 135/135/135 136/136/136 1564/1564/1564
f 1567/1567/1567 419/419/419 512/512/512
f 1085/1085/1085 1084/1084/1084 2653/2653/2653
f 3184/3184/3184 869/869/869 868/868/868
f 869/869/869 3184/3184/3184 3057/3057/3057
f 1266/1266/1266 1268/1268/1268 1098/1098/1098
f 1267/1267/1267 2147/2147/2147 722/722/722
f 937/937/937 1146/1146/1146 2646/2646/2646
f 2146/2146/2146 1049/1049/1049 722/722/722
f 2211/2211/2211 2218/2218/2218 921/921/921
f 1957/1957/1957 510/510/510 507/507/507
f 1313/1313/1313 1312/1312/1312 2264/2264/2264
f 1496/1496/1496 362/362/362 1493/1493/1493
f 2887/2887/2887 2937/2937/2937 2933/2933/2933
f 1687/1687/1687 1688/1688/1688 1659/1659/1659
f 145/145/145 1499/1499/1499 1498/1498/1498
f 37/37/37 38/38/38 418/418/418
f 1935/1935/1935 1934/1934/1934 3185/3185/3185
f 104/104/104 89/89/89 301/301/301
f 2101/2101/2101 2098/2098/2098 2083/2083/2083
f 543/543/543 298/298/298 360/360/360
f 1934/1934/1934 2219/2219/2219 3186/3186/3186
f 234/234/234 1521/1521/1521 212/212/212
f 3845/3845/3845 3821/3821/3821 1822/1822/1822
f 1976/1976/1976 1875/1875/1875 1874/1874/1874
f 223/223/223 3186/3186/3186 2219/2219/2219
f 3655/3655/3655 3656/3656/3656 3605/3605/3605
f 2165/2165/2165 2164/2164/2164 467/467/467
f 467/467/467 468/468/468 2165/2165/2165
f 773/773/773 476/476/476 2165/2165/2165
f 1935/1935/1935 1212/1212/1212 1728/1728/1728
f 3240/3240/3240 3225/3225/3225 3226/3226/3226
f 3261/3261/3261 3249/3249/3249 3250/3250/3250
f 3215/3215/3215 3216/3216/3216 3244/3244/3244
f 3265/3265/3265 3221/3221/3221 3215/3215/3215
f 3267/3267/3267 3245/3245/3245 3198/3198/3198
f 3205/3205/3205 3206/3206/3206 3269/3269/3269
f 3214/3214/3214 3211/3211/3211 3265/3265/3265
f 3271/3271/3271 3213/3213/3213 3214/3214/3214
f 3251/3251/3251 3252/3252/3252 3239/3239/3239
f 3222/3222/3222 3221/3221/3221 3266/3266/3266
f 3232/3232/3232 3235/3235/3235 3234/3234/3234
f 3216/3216/3216 3242/3242/3242 3243/3243/3243
f 3196/3196/3196 3193/3193/3193 3268/3268/3268
f 3244/3244/3244 3243/3243/3243 3254/3254/3254
f 3238/3238/3238 3239/3239/3239 3247/3247/3247
f 3264/3264/3264 3244/3244/3244 3255/3255/3255
f 3253/3253/3253 3242/3242/3242 3216/3216/3216
f 3211/3211/3211 3266/3266/3266 3221/3221/3221
f 3257/3257/3257 3217/3217/3217 3218/3218/3218
f 3258/3258/3258 3222/3222/3222 3272/3272/3272
f 3274/3274/3274 3275/3275/3275 3280/3280/3280
f 3228/3228/3228 3229/3229/3229 3262/3262/3262
f 3275/3275/3275 3231/3231/3231 3281/3281/3281
f 3226/3226/3226 3227/3227/3227 3273/3273/3273
f 3236/3236/3236 3263/3263/3263 3260/3260/3260
f 3281/3281/3281 3263/3263/3263 3236/3236/3236
f 3287/3287/3287 3271/3271/3271 3192/3192/3192
f 3235/3235/3235 3226/3226/3226 3280/3280/3280
f 3234/3234/3234 3280/3280/3280 3281/3281/3281
f 3288/3288/3288 3290/3290/3290 3259/3259/3259
f 3260/3260/3260 3250/3250/3250 3276/3276/3276
f 3289/3289/3289 3212/3212/3212 3278/3278/3278
f 3210/3210/3210 3209/3209/3209 3224/3224/3224
f 3199/3199/3199 3202/3202/3202 3201/3201/3201
f 3228/3228/3228 3231/3231/3231 3230/3230/3230
f 3290/3290/3290 3288/3288/3288 3285/3285/3285
f 3282/3282/3282 3279/3279/3279 3271/3271/3271
f 3260/3260/3260 3263/3263/3263 3262/3262/3262
f 3243/3243/3243 3241/3241/3241 3268/3268/3268
f 3267/3267/3267 3268/3268/3268 3241/3241/3241
f 3194/3194/3194 3207/3207/3207 3208/3208/3208
f 3191/3191/3191 3270/3270/3270 3269/3269/3269
f 3270/3270/3270 3191/3191/3191 3192/3192/3192
f 3275/3275/3275 3274/3274/3274 3230/3230/3230
f 3264/3264/3264 3269/3269/3269 3270/3270/3270
f 3252/3252/3252 3251/3251/3251 3276/3276/3276
f 3248/3248/3248 3252/3252/3252 3291/3291/3291
f 3213/3213/3213 3271/3271/3271 3279/3279/3279
f 3272/3272/3272 3266/3266/3266 3289/3289/3289
f 3277/3277/3277 3278/3278/3278 3212/3212/3212
f 3228/3228/3228 3263/3263/3263 3281/3281/3281
f 3220/3220/3220 3225/3225/3225 3253/3253/3253
f 3219/3219/3219 3253/3253/3253 3217/3217/3217
f 3256/3256/3256 3218/3218/3218 3222/3222/3222
f 3247/3247/3247 3239/3239/3239 3252/3252/3252
f 3245/3245/3245 3267/3267/3267 3232/3232/3232
f 3266/3266/3266 3211/3211/3211 3212/3212/3212
f 3208/3208/3208 3205/3205/3205 3255/3255/3255
f 3288/3288/3288 3289/3289/3289 3284/3284/3284
f 3204/3204/3204 3205/3205/3205 3208/3208/3208
f 560/560/560 1899/1899/1899 3187/3187/3187
f 3209/3209/3209 3210/3210/3210 3201/3201/3201
f 3189/3189/3189 3192/3192/3192 3191/3191/3191
f 448/448/448 1980/1980/1980 807/807/807
f 647/647/647 648/648/648 122/122/122
f 1833/1833/1833 1848/1848/1848 1780/1780/1780
f 510/510/510 509/509/509 508/508/508
f 3210/3210/3210 1949/1949/1949 1887/1887/1887
f 1887/1887/1887 15/15/15 3200/3200/3200
f 15/15/15 16/16/16 3197/3197/3197
f 16/16/16 3188/3188/3188 3195/3195/3195
f 3195/3195/3195 3188/3188/3188 3187/3187/3187
f 3194/3194/3194 3187/3187/3187 1899/1899/1899
f 3207/3207/3207 1899/1899/1899 375/375/375
f 387/387/387 173/173/173 126/126/126
f 3189/3189/3189 1791/1791/1791 1760/1760/1760
f 3577/3577/3577 763/763/763 757/757/757
f 763/763/763 3577/3577/3577 2172/2172/2172
f 3583/3583/3583 3582/3582/3582 3580/3580/3580
f 3581/3581/3581 3580/3580/3580 3579/3579/3579
f 3594/3594/3594 3597/3597/3597 3596/3596/3596
f 3400/3400/3400 3601/3601/3601 3602/3602/3602
f 3626/3626/3626 3624/3624/3624 3625/3625/3625
f 3631/3631/3631 3635/3635/3635 3599/3599/3599
f 3636/3636/3636 3637/3637/3637 3595/3595/3595
f 3647/3647/3647 3584/3584/3584 3588/3588/3588
f 3650/3650/3650 3582/3582/3582 3584/3584/3584
f 3653/3653/3653 3579/3579/3579 3580/3580/3580
f 3653/3653/3653 2176/2176/2176 3654/3654/3654
f 1801/1801/1801 1864/1864/1864 3656/3656/3656
f 3651/3651/3651 3580/3580/3580 3582/3582/3582
f 3644/3644/3644 3638/3638/3638 3595/3595/3595
f 1767/1767/1767 1768/1768/1768 3659/3659/3659
f 1597/1597/1597 3663/3663/3663 3661/3661/3661
f 1708/1708/1708 1707/1707/1707 3665/3665/3665
f 3671/3671/3671 3668/3668/3668 3667/3667/3667
f 3666/3666/3666 3667/3667/3667 3673/3673/3673
f 1588/1588/1588 1708/1708/1708 3664/3664/3664
f 2080/2080/2080 3671/3671/3671 3666/3666/3666
f 2082/2082/2082 3666/3666/3666 3672/3672/3672
f 3674/3674/3674 3677/3677/3677 3635/3635/3635
f 3677/3677/3677 3678/3678/3678 3636/3636/3636
f 3682/3682/3682 3647/3647/3647 3645/3645/3645
f 3692/3692/3692 3651/3651/3651 3650/3650/3650
f 3681/3681/3681 3645/3645/3645 3644/3644/3644
f 786/786/786 3694/3694/3694 3692/3692/3692
f 3694/3694/3694 3653/3653/3653 3651/3651/3651
f 785/785/785 3692/3692/3692 3686/3686/3686
f 497/497/497 3686/3686/3686 3682/3682/3682
f 650/650/650 3682/3682/3682 3681/3681/3681
f 3696/3696/3696 564/564/564 3681/3681/3681
f 3405/3405/3405 3606/3606/3606 3605/3605/3605
f 3702/3702/3702 3699/3699/3699 3678/3678/3678
f 3699/3699/3699 3698/3698/3698 3679/3679/3679
f 3645/3645/3645 3588/3588/3588 3638/3638/3638
f 1799/1799/1799 3657/3657/3657 3659/3659/3659
f 3708/3708/3708 3704/3704/3704 3458/3458/3458
f 3462/3462/3462 3710/3710/3710 3708/3708/3708
f 3714/3714/3714 463/463/463 564/564/564
f 3615/3615/3615 3606/3606/3606 3602/3602/3602
f 3710/3710/3710 3714/3714/3714 3696/3696/3696
f 3635/3635/3635 3636/3636/3636 3596/3596/3596
f 3629/3629/3629 3626/3626/3626 3627/3627/3627
f 3597/3597/3597 3600/3600/3600 3599/3599/3599
f 3630/3630/3630 3716/3716/3716 3715/3715/3715
f 3627/3627/3627 3625/3625/3625 3597/3597/3597
f 3717/3717/3717 3716/3716/3716 3723/3723/3723
f 3715/3715/3715 3663/3663/3663 3660/3660/3660
f 3716/3716/3716 3717/3717/3717 3725/3725/3725
f 3668/3668/3668 3665/3665/3665 3661/3661/3661
f 3668/3668/3668 3725/3725/3725 3717/3717/3717
f 3667/3667/3667 3717/3717/3717 3718/3718/3718
f 3727/3727/3727 3728/3728/3728 3673/3673/3673
f 3728/3728/3728 1576/1576/1576 3672/3672/3672
f 3726/3726/3726 3727/3727/3727 3718/3718/3718
f 1576/1576/1576 2101/2101/2101 2084/2084/2084
f 3727/3727/3727 3726/3726/3726 3731/3731/3731
f 3203/3203/3203 376/376/376 1387/1387/1387
f 3190/3190/3190 1387/1387/1387 1791/1791/1791
f 3283/3283/3283 2152/2152/2152 1949/1949/1949
f 317/317/317 240/240/240 259/259/259
f 2000/2000/2000 2176/2176/2176 3653/3653/3653
f 3601/3601/3601 3599/3599/3599 3600/3600/3600
f 3589/3589/3589 3588/3588/3588 3584/3584/3584
f 3577/3577/3577 758/758/758 756/756/756
f 3585/3585/3585 3584/3584/3584 3582/3582/3582
f 3678/3678/3678 3679/3679/3679 3637/3637/3637
f 3204/3204/3204 375/375/375 376/376/376
f 1801/1801/1801 3655/3655/3655 3657/3657/3657
f 3729/3729/3729 3735/3735/3735 3728/3728/3728
f 1575/1575/1575 3735/3735/3735 3738/3738/3738
f 3735/3735/3735 1575/1575/1575 1576/1576/1576
f 1776/1776/1776 1795/1795/1795 1796/1796/1796
f 1293/1293/1293 1294/1294/1294 1290/1290/1290
f 1326/1326/1326 14/14/14 1327/1327/1327
f 1294/1294/1294 1245/1245/1245 1234/1234/1234
f 878/878/878 1244/1244/1244 1330/1330/1330
f 497/497/497 373/373/373 374/374/374
f 122/122/122 648/648/648 413/413/413
f 3699/3699/3699 3702/3702/3702 3704/3704/3704
f 3606/3606/3606 3405/3405/3405 3401/3401/3401
f 3708/3708/3708 3710/3710/3710 3698/3698/3698
f 3464/3464/3464 3714/3714/3714 3710/3710/3710
f 3704/3704/3704 3674/3674/3674 3443/3443/3443
f 439/439/439 398/398/398 399/399/399
f 1512/1512/1512 1528/1528/1528 1526/1526/1526
f 1668/1668/1668 1741/1741/1741 1738/1738/1738
f 839/839/839 849/849/849 1362/1362/1362
f 1362/1362/1362 1357/1357/1357 826/826/826
f 3843/3843/3843 740/740/740 1896/1896/1896
f 2053/2053/2053 2054/2054/2054 2118/2118/2118
f 3888/3888/3888 3887/3887/3887 2120/2120/2120
f 696/696/696 697/697/697 3816/3816/3816
f 1826/1826/1826 1878/1878/1878 639/639/639
f 3740/3740/3740 3739/3739/3739 3729/3729/3729
f 956/956/956 885/885/885 886/886/886
f 1980/1980/1980 806/806/806 1922/1922/1922
f 33/33/33 34/34/34 105/105/105
f 1343/1343/1343 1344/1344/1344 3856/3856/3856
f 3907/3907/3907 2127/2127/2127 2128/2128/2128
f 1766/1766/1766 1581/1581/1581 1582/1582/1582
f 14/14/14 1326/1326/1326 2163/2163/2163
f 595/595/595 98/98/98 99/99/99
f 3233/3233/3233 3238/3238/3238 3246/3246/3246
f 1346/1346/1346 1035/1035/1035 1044/1044/1044
f 748/748/748 1888/1888/1888 1425/1425/1425
f 3193/3193/3193 3208/3208/3208 3254/3254/3254
f 3190/3190/3190 3191/3191/3191 3206/3206/3206
f 3612/3612/3612 3605/3605/3605 3606/3606/3606
f 3624/3624/3624 3612/3612/3612 3615/3615/3615
f 3631/3631/3631 3415/3415/3415 3443/3443/3443
f 3679/3679/3679 3680/3680/3680 3644/3644/3644
f 3686/3686/3686 3650/3650/3650 3647/3647/3647
f 3702/3702/3702 3677/3677/3677 3674/3674/3674
f 3625/3625/3625 3615/3615/3615 3600/3600/3600
f 3601/3601/3601 3400/3400/3400 3415/3415/3415
f 3739/3739/3739 3738/3738/3738 3735/3735/3735
f 3630/3630/3630 3627/3627/3627 3594/3594/3594
f 3741/3741/3741 3723/3723/3723 3716/3716/3716
f 1284/1284/1284 1290/1290/1290 1288/1288/1288
f 3698/3698/3698 3696/3696/3696 3680/3680/3680
f 1778/1778/1778 1781/1781/1781 1780/1780/1780
f 1792/1792/1792 1759/1759/1759 1584/1584/1584
f 695/695/695 570/570/570 571/571/571
f 3638/3638/3638 3741/3741/3741 3594/3594/3594
f 3741/3741/3741 3638/3638/3638 3588/3588/3588
f 3247/3247/3247 3248/3248/3248 3209/3209/3209
f 3292/3292/3292 3293/3293/3293 3294/3294/3294
f 3296/3296/3296 3297/3297/3297 3298/3298/3298
f 3299/3299/3299 3298/3298/3298 3300/3300/3300
f 3302/3302/3302 3303/3303/3303 3304/3304/3304
f 3306/3306/3306 3307/3307/3307 3308/3308/3308
f 3307/3307/3307 3310/3310/3310 3311/3311/3311
f 3303/3303/3303 3302/3302/3302 3301/3301/3301
f 3312/3312/3312 3305/3305/3305 3304/3304/3304
f 3314/3314/3314 3315/3315/3315 3316/3316/3316
f 3318/3318/3318 3319/3319/3319 3320/3320/3320
f 3324/3324/3324 3318/3318/3318 3321/3321/3321
f 3326/3326/3326 3327/3327/3327 3328/3328/3328
f 3329/3329/3329 3330/3330/3330 3331/3331/3331
f 3333/3333/3333 3334/3334/3334 3335/3335/3335
f 3337/3337/3337 3338/3338/3338 3339/3339/3339
f 3333/3333/3333 3336/3336/3336 3341/3341/3341
f 3342/3342/3342 3341/3341/3341 3343/3343/3343
f 3319/3319/3319 3345/3345/3345 3344/3344/3344
f 3338/3338/3338 3335/3335/3335 3334/3334/3334
f 3346/3346/3346 3301/3301/3301 3302/3302/3302
f 3305/3305/3305 3348/3348/3348 3347/3347/3347
f 3312/3312/3312 3224/3224/3224 3223/3223/3223
f 3350/3350/3350 3337/3337/3337 3340/3340/3340
f 3312/3312/3312 3349/3349/3349 3348/3348/3348
f 3352/3352/3352 3343/3343/3343 3341/3341/3341
f 3311/3311/3311 3353/3353/3353 3354/3354/3354
f 3341/3341/3341 3336/3336/3336 3327/3327/3327
f 3359/3359/3359 3360/3360/3360 3361/3361/3361
f 3360/3360/3360 3359/3359/3359 3250/3250/3250
f 3318/3318/3318 3363/3363/3363 3345/3345/3345
f 3364/3364/3364 3363/3363/3363 3318/3318/3318
f 3314/3314/3314 3364/3364/3364 3324/3324/3324
f 3366/3366/3366 3299/3299/3299 3301/3301/3301
f 3299/3299/3299 3366/3366/3366 3367/3367/3367
f 3308/3308/3308 3354/3354/3354 3368/3368/3368
f 3369/3369/3369 3317/3317/3317 3295/3295/3295
f 3317/3317/3317 3369/3369/3369 3364/3364/3364
f 3370/3370/3370 3295/3295/3295 3317/3317/3317
f 3325/3325/3325 3371/3371/3371 3365/3365/3365
f 3352/3352/3352 3320/3320/3320 3319/3319/3319
f 3296/3296/3296 3367/3367/3367 3353/3353/3353
f 3297/3297/3297 3296/3296/3296 3311/3311/3311
f 3363/3363/3363 3368/3368/3368 3354/3354/3354
f 3345/3345/3345 3354/3354/3354 3353/3353/3353
f 3344/3344/3344 3353/3353/3353 3367/3367/3367
f 3366/3366/3366 3333/3333/3333 3342/3342/3342
f 3347/3347/3347 3339/3339/3339 3334/3334/3334
f 3339/3339/3339 3347/3347/3347 3348/3348/3348
f 3348/3348/3348 3349/3349/3349 3351/3351/3351
f 3363/3363/3363 3364/3364/3364 3369/3369/3369
f 3294/3294/3294 3309/3309/3309 3368/3368/3368
f 3293/3293/3293 3306/3306/3306 3309/3309/3309
f 3331/3331/3331 3373/3373/3373 3374/3374/3374
f 3346/3346/3346 3334/3334/3334 3333/3333/3333
f 3323/3323/3323 3322/3322/3322 3352/3352/3352
f 3356/3356/3356 3355/3355/3355 3321/3321/3321
f 3355/3355/3355 3357/3357/3357 3325/3325/3325
f 3357/3357/3357 3358/3358/3358 3371/3371/3371
f 3322/3322/3322 3356/3356/3356 3320/3320/3320
f 3361/3361/3361 3330/3330/3330 3329/3329/3329
f 3373/3373/3373 3372/3372/3372 3375/3375/3375
f 3374/3374/3374 3375/3375/3375 3376/3376/3376
f 3329/3329/3329 3332/3332/3332 3376/3376/3376
f 3327/3327/3327 3375/3375/3375 3372/3372/3372
f 3336/3336/3336 3335/3335/3335 3375/3375/3375
f 3335/3335/3335 3338/3338/3338 3376/3376/3376
f 3376/3376/3376 3338/3338/3338 3337/3337/3337
f 3337/3337/3337 3350/3350/3350 3359/3359/3359
f 3359/3359/3359 3350/3350/3350 3276/3276/3276
f 3377/3377/3377 3292/3292/3292 3295/3295/3295
f 3277/3277/3277 3316/3316/3316 3315/3315/3315
f 3371/3371/3371 3378/3378/3378 3379/3379/3379
f 3378/3378/3378 3371/3371/3371 3358/3358/3358
f 3365/3365/3365 3379/3379/3379 3315/3315/3315
f 3316/3316/3316 3277/3277/3277 3279/3279/3279
f 3282/3282/3282 3377/3377/3377 3370/3370/3370
f 3313/3313/3313 3283/3283/3283 3224/3224/3224
f 3378/3378/3378 3285/3285/3285 3284/3284/3284
f 3380/3380/3380 3286/3286/3286 3285/3285/3285
f 3379/3379/3379 3284/3284/3284 3278/3278/3278
f 3276/3276/3276 3350/3350/3350 3351/3351/3351
f 3291/3291/3291 3351/3351/3351 3349/3349/3349
f 3313/3313/3313 3304/3304/3304 2965/2965/2965
f 2965/2965/2965 3304/3304/3304 3303/3303/3303
f 222/222/222 3303/3303/3303 3300/3300/3300
f 223/223/223 3300/3300/3300 3298/3298/3298
f 3298/3298/3298 3297/3297/3297 3185/3185/3185
f 3297/3297/3297 3310/3310/3310 2977/2977/2977
f 3310/3310/3310 3307/3307/3307 1213/1213/1213
f 3307/3307/3307 3306/3306/3306 1214/1214/1214
f 2532/2532/2532 1214/1214/1214 3306/3306/3306
f 2894/2894/2894 2532/2532/2532 3293/3293/3293
f 2871/2871/2871 2894/2894/2894 3292/3292/3292
f 3253/3253/3253 3225/3225/3225 3240/3240/3240
f 3283/3283/3283 3313/3313/3313 3013/3013/3013
f 1997/1997/1997 1996/1996/1996 1889/1889/1889
f 1237/1237/1237 745/745/745 744/744/744
f 1535/1535/1535 1534/1534/1534 120/120/120
f 1531/1531/1531 1532/1532/1532 201/201/201
f 1119/1119/1119 1241/1241/1241 1032/1032/1032
f 946/946/946 948/948/948 824/824/824
f 163/163/163 8/8/8 5/5/5
f 3589/3589/3589 3726/3726/3726 3723/3723/3723
f 1155/1155/1155 1156/1156/1156 1162/1162/1162
f 427/427/427 213/213/213 327/327/327
f 553/553/553 1902/1902/1902 796/796/796
f 3381/3381/3381 2232/2232/2232 2231/2231/2231
f 3381/3381/3381 3178/3178/3178 2230/2230/2230
f 2237/2237/2237 3183/3183/3183 3180/3180/3180
f 3383/3383/3383 3384/3384/3384 3385/3385/3385
f 3384/3384/3384 3386/3386/3386 3387/3387/3387
f 3386/3386/3386 3388/3388/3388 3389/3389/3389
f 3388/3388/3388 3390/3390/3390 3391/3391/3391
f 3392/3392/3392 3393/3393/3393 3394/3394/3394
f 3395/3395/3395 3394/3394/3394 3396/3396/3396
f 3398/3398/3398 3399/3399/3399 3397/3397/3397
f 3400/3400/3400 3401/3401/3401 3399/3399/3399
f 3403/3403/3403 3404/3404/3404 3405/3405/3405
f 3406/3406/3406 3407/3407/3407 3404/3404/3404
f 3408/3408/3408 3409/3409/3409 3407/3407/3407
f 3410/3410/3410 3411/3411/3411 3409/3409/3409
f 3412/3412/3412 3413/3413/3413 3411/3411/3411
f 3415/3415/3415 3400/3400/3400 3398/3398/3398
f 3414/3414/3414 3398/3398/3398 3396/3396/3396
f 3416/3416/3416 3396/3396/3396 3394/3394/3394
f 3417/3417/3417 3394/3394/3394 3393/3393/3393
f 3393/3393/3393 3419/3419/3419 3420/3420/3420
f 3419/3419/3419 3390/3390/3390 3421/3421/3421
f 3390/3390/3390 3388/3388/3388 3422/3422/3422
f 3388/3388/3388 3386/3386/3386 3423/3423/3423
f 3386/3386/3386 3384/3384/3384 3424/3424/3424
f 3384/3384/3384 3383/3383/3383 3425/3425/3425
f 3425/3425/3425 3383/3383/3383 3426/3426/3426
f 2904/2904/2904 3427/3427/3427 3428/3428/3428
f 3429/3429/3429 3427/3427/3427 2904/2904/2904
f 3430/3430/3430 3429/3429/3429 2902/2902/2902
f 2875/2875/2875 3431/3431/3431 3430/3430/3430
f 3432/3432/3432 3433/3433/3433 2733/2733/2733
f 2825/2825/2825 3434/3434/3434 3435/3435/3435
f 3437/3437/3437 3438/3438/3438 3439/3439/3439
f 3441/3441/3441 3437/3437/3437 3436/3436/3436
f 2724/2724/2724 2723/2723/2723 3434/3434/3434
f 3436/3436/3436 3439/3439/3439 3115/3115/3115
f 3440/3440/3440 3436/3436/3436 3117/3117/3117
f 3443/3443/3443 3415/3415/3415 3414/3414/3414
f 3442/3442/3442 3414/3414/3414 3416/3416/3416
f 3444/3444/3444 3416/3416/3416 3417/3417/3417
f 3445/3445/3445 3417/3417/3417 3418/3418/3418
f 3446/3446/3446 3418/3418/3418 3420/3420/3420
f 3420/3420/3420 3421/3421/3421 3448/3448/3448
f 3421/3421/3421 3422/3422/3422 3449/3449/3449
f 3422/3422/3422 3423/3423/3423 3450/3450/3450
f 3423/3423/3423 3424/3424/3424 3451/3451/3451
f 3424/3424/3424 3425/3425/3425 3452/3452/3452
f 3425/3425/3425 3184/3184/3184 3056/3056/3056
f 3451/3451/3451 3452/3452/3452 2253/2253/2253
f 3450/3450/3450 3451/3451/3451 2252/2252/2252
f 3449/3449/3449 3450/3450/3450 1727/1727/1727
f 3448/3448/3448 3449/3449/3449 2150/2150/2150
f 3453/3453/3453 3447/3447/3447 3448/3448/3448
f 3454/3454/3454 3446/3446/3446 3447/3447/3447
f 3455/3455/3455 3445/3445/3445 3446/3446/3446
f 3456/3456/3456 3444/3444/3444 3445/3445/3445
f 3442/3442/3442 3444/3444/3444 3456/3456/3456
f 3443/3443/3443 3442/3442/3442 3457/3457/3457
f 3459/3459/3459 3460/3460/3460 3458/3458/3458
f 3457/3457/3457 3456/3456/3456 3455/3455/3455
f 3459/3459/3459 3455/3455/3455 3454/3454/3454
f 3462/3462/3462 3460/3460/3460 3459/3459/3459
f 3461/3461/3461 3454/3454/3454 3453/3453/3453
f 3464/3464/3464 3462/3462/3462 3461/3461/3461
f 3463/3463/3463 3453/3453/3453 1941/1941/1941
f 3404/3404/3404 3399/3399/3399 3401/3401/3401
f 3407/3407/3407 3397/3397/3397 3399/3399/3399
f 3409/3409/3409 3395/3395/3395 3397/3397/3397
f 3411/3411/3411 3392/3392/3392 3395/3395/3395
f 3465/3465/3465 3466/3466/3466 3413/3413/3413
f 3467/3467/3467 3468/3468/3468 3469/3469/3469
f 3465/3465/3465 3412/3412/3412 3431/3431/3431
f 3470/3470/3470 3467/3467/3467 3466/3466/3466
f 3438/3438/3438 3470/3470/3470 3432/3432/3432
f 3467/3467/3467 3470/3470/3470 3438/3438/3438
f 3468/3468/3468 3467/3467/3467 3437/3437/3437
f 3471/3471/3471 3469/3469/3469 3468/3468/3468
f 3472/3472/3472 3468/3468/3468 3441/3441/3441
f 3473/3473/3473 3441/3441/3441 3440/3440/3440
f 2712/2712/2712 3440/3440/3440 3119/3119/3119
f 3475/3475/3475 3471/3471/3471 3472/3472/3472
f 3474/3474/3474 3472/3472/3472 3473/3473/3473
f 3476/3476/3476 3473/3473/3473 2712/2712/2712
f 3477/3477/3477 3476/3476/3476 2711/2711/2711
f 3478/3478/3478 3474/3474/3474 3476/3476/3476
f 3479/3479/3479 3475/3475/3475 3474/3474/3474
f 3392/3392/3392 3411/3411/3411 3413/3413/3413
f 3466/3466/3466 3469/3469/3469 3480/3480/3480
f 3419/3419/3419 3393/3393/3393 3392/3392/3392
f 3390/3390/3390 3419/3419/3419 3480/3480/3480
f 3469/3469/3469 3471/3471/3471 3391/3391/3391
f 3389/3389/3389 3391/3391/3391 3471/3471/3471
f 3387/3387/3387 3389/3389/3389 3475/3475/3475
f 3385/3385/3385 3387/3387/3387 3479/3479/3479
f 3482/3482/3482 3477/3477/3477 2400/2400/2400
f 3483/3483/3483 3478/3478/3478 3477/3477/3477
f 3481/3481/3481 3479/3479/3479 3478/3478/3478
f 3484/3484/3484 3482/3482/3482 2402/2402/2402
f 3058/3058/3058 3484/3484/3484 2707/2707/2707
f 3061/3061/3061 3485/3485/3485 3484/3484/3484
f 3485/3485/3485 3483/3483/3483 3482/3482/3482
f 3382/3382/3382 3385/3385/3385 3481/3481/3481
f 3486/3486/3486 3481/3481/3481 3483/3483/3483
f 3426/3426/3426 3383/3383/3383 3382/3382/3382
f 3487/3487/3487 3382/3382/3382 3486/3486/3486
f 3486/3486/3486 3485/3485/3485 3061/3061/3061
f 1961/1961/1961 3057/3057/3057 3487/3487/3487
f 3057/3057/3057 3184/3184/3184 3426/3426/3426
f 3428/3428/3428 3403/3403/3403 3402/3402/3402
f 3427/3427/3427 3406/3406/3406 3403/3403/3403
f 3429/3429/3429 3408/3408/3408 3406/3406/3406
f 3430/3430/3430 3410/3410/3410 3408/3408/3408
f 3431/3431/3431 3412/3412/3412 3410/3410/3410
f 3470/3470/3470 3465/3465/3465 3433/3433/3433
f 3434/3434/3434 3439/3439/3439 3438/3438/3438
f 2723/2723/2723 3115/3115/3115 3439/3439/3439
f 2875/2875/2875 2733/2733/2733 3433/3433/3433
f 2736/2736/2736 2824/2824/2824 3435/3435/3435
f 2947/2947/2947 3428/3428/3428 3488/3488/3488
f 3464/3464/3464 3463/3463/3463 1360/1360/1360
f 1900/1900/1900 1925/1925/1925 1924/1924/1924
f 1736/1736/1736 1717/1717/1717 1718/1718/1718
f 1955/1955/1955 1952/1952/1952 1943/1943/1943
f 1671/1671/1671 1738/1738/1738 1735/1735/1735
f 1696/1696/1696 1750/1750/1750 1698/1698/1698
f 1800/1800/1800 1865/1865/1865 1864/1864/1864
f 2063/2063/2063 2055/2055/2055 2056/2056/2056
f 1737/1737/1737 1734/1734/1734 1717/1717/1717
f 1751/1751/1751 1735/1735/1735 1697/1697/1697
f 943/943/943 3885/3885/3885 3899/3899/3899
f 3656/3656/3656 3488/3488/3488 3402/3402/3402
f 1577/1577/1577 1578/1578/1578 1764/1764/1764
f 3917/3917/3917 1598/1598/1598 1599/1599/1599
f 1945/1945/1945 146/146/146 82/82/82
f 68/68/68 6/6/6 7/7/7
f 147/147/147 1542/1542/1542 1543/1543/1543
f 1109/1109/1109 1135/1135/1135 1133/1133/1133
f 1503/1503/1503 1910/1910/1910 1907/1907/1907
f 1499/1499/1499 1501/1501/1501 1909/1909/1909
f 452/452/452 1922/1922/1922 735/735/735
f 1824/1824/1824 2068/2068/2068 3835/3835/3835
f 1825/1825/1825 2067/2067/2067 2068/2068/2068
f 1463/1463/1463 1462/1462/1462 1022/1022/1022
f 841/841/841 1012/1012/1012 1009/1009/1009
f 1568/1568/1568 1547/1547/1547 1955/1955/1955
f 1910/1910/1910 1503/1503/1503 1502/1502/1502
f 1939/1939/1939 1502/1502/1502 422/422/422
f 309/309/309 280/280/280 1940/1940/1940
f 1804/1804/1804 1851/1851/1851 1866/1866/1866
f 269/269/269 1482/1482/1482 1954/1954/1954
f 2065/2065/2065 1607/1607/1607 2060/2060/2060
f 3812/3812/3812 1685/1685/1685 1758/1758/1758
f 280/280/280 276/276/276 552/552/552
f 1875/1875/1875 1873/1873/1873 1869/1869/1869
f 1739/1739/1739 1721/1721/1721 1734/1734/1734
f 1778/1778/1778 1779/1779/1779 1790/1790/1790
f 310/310/310 1920/1920/1920 1915/1915/1915
f 1909/1909/1909 1908/1908/1908 1906/1906/1906
f 1789/1789/1789 1783/1783/1783 1778/1778/1778
f 978/978/978 981/981/981 980/980/980
f 1584/1584/1584 1759/1759/1759 1731/1731/1731
f 425/425/425 426/426/426 311/311/311
f 148/148/148 1543/1543/1543 115/115/115
f 2044/2044/2044 3897/3897/3897 3894/3894/3894
f 277/277/277 1910/1910/1910 1939/1939/1939
f 1943/1943/1943 1946/1946/1946 1945/1945/1945
f 1461/1461/1461 1462/1462/1462 1463/1463/1463
f 2253/2253/2253 3452/3452/3452 3056/3056/3056
f 2981/2981/2981 2254/2254/2254 3489/3489/3489
f 2209/2209/2209 2998/2998/2998 3489/3489/3489
f 2254/2254/2254 2253/2253/2253 3055/3055/3055
f 2998/2998/2998 926/926/926 958/958/958
f 2826/2826/2826 2817/2817/2817 2721/2721/2721
f 3490/3490/3490 2739/2739/2739 2721/2721/2721
f 2816/2816/2816 3491/3491/3491 3490/3490/3490
f 2334/2334/2334 2297/2297/2297 2296/2296/2296
f 2298/2298/2298 2297/2297/2297 2334/2334/2334
f 2301/2301/2301 2298/2298/2298 2336/2336/2336
f 2311/2311/2311 2301/2301/2301 2338/2338/2338
f 2312/2312/2312 2311/2311/2311 2354/2354/2354
f 2359/2359/2359 2358/2358/2358 2361/2361/2361
f 2335/2335/2335 2296/2296/2296 2359/2359/2359
f 2414/2414/2414 2413/2413/2413 2365/2365/2365
f 2413/2413/2413 2270/2270/2270 2361/2361/2361
f 2355/2355/2355 2352/2352/2352 2540/2540/2540
f 2541/2541/2541 2540/2540/2540 2539/2539/2539
f 2722/2722/2722 2721/2721/2721 2739/2739/2739
f 3114/3114/3114 2722/2722/2722 2738/2738/2738
f 3110/3110/3110 3112/3112/3112 3121/3121/3121
f 3108/3108/3108 3110/3110/3110 3120/3120/3120
f 3122/3122/3122 1754/1754/1754 3127/3127/3127
f 3112/3112/3112 3122/3122/3122 3126/3126/3126
f 3127/3127/3127 1754/1754/1754 1753/1753/1753
f 3139/3139/3139 3133/3133/3133 2529/2529/2529
f 3744/3744/3744 3775/3775/3775 3133/3133/3133
f 3490/3490/3490 2789/2789/2789 2740/2740/2740
f 3491/3491/3491 2790/2790/2790 2789/2789/2789
f 228/228/228 229/229/229 91/91/91
f 245/245/245 244/244/244 243/243/243
f 248/248/248 7/7/7 247/247/247
f 2/2/2 297/297/297 296/296/296
f 145/145/145 146/146/146 300/300/300
f 327/327/327 213/213/213 210/210/210
f 329/329/329 332/332/332 331/331/331
f 239/239/239 241/241/241 240/240/240
f 373/373/373 376/376/376 375/375/375
f 178/178/178 177/177/177 176/176/176
f 1218/1218/1218 1225/1225/1225 1228/1228/1228
f 3862/3862/3862 1231/1231/1231 1295/1295/1295
f 808/808/808 809/809/809 824/824/824
f 3858/3858/3858 3859/3859/3859 1013/1013/1013
f 3813/3813/3813 3810/3810/3810 1411/1411/1411
f 2154/2154/2154 2149/2149/2149 2159/2159/2159
f 3845/3845/3845 3835/3835/3835 1758/1758/1758
f 306/306/306 807/807/807 1922/1922/1922
f 2157/2157/2157 2153/2153/2153 1976/1976/1976
f 708/708/708 709/709/709 2031/2031/2031
f 1450/1450/1450 1226/1226/1226 1227/1227/1227
f 1672/1672/1672 1604/1604/1604 1605/1605/1605
f 1813/1813/1813 1814/1814/1814 1821/1821/1821
f 1717/1717/1717 1716/1716/1716 1715/1715/1715
f 176/176/176 159/159/159 402/402/402
f 1710/1710/1710 1705/1705/1705 3916/3916/3916
f 1712/1712/1712 1580/1580/1580 1577/1577/1577
f 1705/1705/1705 1713/1713/1713 1711/1711/1711
f 971/971/971 978/978/978 979/979/979
f 822/822/822 823/823/823 1094/1094/1094
f 2909/2909/2909 2810/2810/2810 2793/2793/2793
f 2810/2810/2810 2769/2769/2769 2795/2795/2795
f 2799/2799/2799 2910/2910/2910 2249/2249/2249
f 3662/3662/3662 3643/3643/3643 2910/2910/2910
f 2769/2769/2769 2768/2768/2768 2801/2801/2801
f 3177/3177/3177 3176/3176/3176 3178/3178/3178
f 3178/3178/3178 3381/3381/3381 3180/3180/3180
f 3181/3181/3181 1394/1394/1394 1393/1393/1393
f 3181/3181/3181 1633/1633/1633 1632/1632/1632
f 3182/3182/3182 1632/1632/1632 2244/2244/2244
f 3183/3183/3183 2244/2244/2244 2243/2243/2243
f 3492/3492/3492 2791/2791/2791 2790/2790/2790
f 2808/2808/2808 3492/3492/3492 3491/3491/3491
f 2239/2239/2239 3574/3574/3574 3572/3572/3572
f 1149/1149/1149 1150/1150/1150 3571/3571/3571
f 1150/1150/1150 2009/2009/2009 3567/3567/3567
f 2202/2202/2202 3569/3569/3569 3566/3566/3566
f 2921/2921/2921 3564/3564/3564 3565/3565/3565
f 3568/3568/3568 3560/3560/3560 2133/2133/2133
f 1777/1777/1777 1579/1579/1579 1759/1759/1759
f 1201/1201/1201 1196/1196/1196 1183/1183/1183
f 3561/3561/3561 3554/3554/3554 2195/2195/2195
f 3553/3553/3553 3576/3576/3576 2770/2770/2770
f 3927/3927/3927 3925/3925/3925 1687/1687/1687
f 1516/1516/1516 152/152/152 154/154/154
f 3549/3549/3549 3562/3562/3562 2974/2974/2974
f 3550/3550/3550 3548/3548/3548 2779/2779/2779
f 2771/2771/2771 2772/2772/2772 3575/3575/3575
f 3070/3070/3070 2771/2771/2771 3546/3546/3546
f 3547/3547/3547 3544/3544/3544 2775/2775/2775
f 1376/1376/1376 1375/1375/1375 1370/1370/1370
f 2767/2767/2767 3543/3543/3543 3556/3556/3556
f 2195/2195/2195 3554/3554/3554 3543/3543/3543
f 2775/2775/2775 3544/3544/3544 3542/3542/3542
f 3377/3377/3377 3282/3282/3282 3545/3545/3545
f 3804/3804/3804 3802/3802/3802 3539/3539/3539
f 2776/2776/2776 3542/3542/3542 3538/3538/3538
f 2240/2240/2240 3572/3572/3572 3535/3535/3535
f 2920/2920/2920 3535/3535/3535 3669/3669/3669
f 3548/3548/3548 3534/3534/3534 2786/2786/2786
f 1805/1805/1805 1850/1850/1850 1851/1851/1851
f 3534/3534/3534 3532/3532/3532 2787/2787/2787
f 2951/2951/2951 2773/2773/2773 3540/3540/3540
f 2772/2772/2772 2951/2951/2951 3531/3531/3531
f 2973/2973/2973 2224/2224/2224 3530/3530/3530
f 2224/2224/2224 2223/2223/2223 3537/3537/3537
f 1957/1957/1957 1953/1953/1953 320/320/320
f 306/306/306 305/305/305 304/304/304
f 2770/2770/2770 3576/3576/3576 3528/3528/3528
f 2913/2913/2913 3528/3528/3528 3574/3574/3574
f 2923/2923/2923 3565/3565/3565 3527/3527/3527
f 308/308/308 1940/1940/1940 431/431/431
f 207/207/207 208/208/208 132/132/132
f 1879/1879/1879 1876/1876/1876 1881/1881/1881
f 3733/3733/3733 3787/3787/3787 3525/3525/3525
f 2475/2475/2475 3070/3070/3070 3558/3558/3558
f 2476/2476/2476 2475/2475/2475 3524/3524/3524
f 2223/2223/2223 2476/2476/2476 3523/3523/3523
f 3522/3522/3522 3549/3549/3549 2803/2803/2803
f 2037/2037/2037 3563/3563/3563 11/11/11
f 1959/1959/1959 1958/1958/1958 450/450/450
f 2003/2003/2003 3555/3555/3555 3520/3520/3520
f 9/9/9 10/10/10 334/334/334
f 2009/2009/2009 2008/2008/2008 3518/3518/3518
f 2008/2008/2008 2973/2973/2973 3536/3536/3536
f 3877/3877/3877 672/672/672 673/673/673
f 3515/3515/3515 3550/3550/3550 2778/2778/2778
f 2935/2935/2935 3514/3514/3514 3513/3513/3513
f 111/111/111 1149/1149/1149 3570/3570/3570
f 3510/3510/3510 3514/3514/3514 2935/2935/2935
f 683/683/683 3876/3876/3876 3885/3885/3885
f 3508/3508/3508 3557/3557/3557 2810/2810/2810
f 736/736/736 733/733/733 732/732/732
f 1795/1795/1795 1804/1804/1804 1803/1803/1803
f 3505/3505/3505 3510/3510/3510 2938/2938/2938
f 3507/3507/3507 3505/3505/3505 2939/2939/2939
f 2950/2950/2950 3512/3512/3512 3504/3504/3504
f 2940/2940/2940 2949/2949/2949 3504/3504/3504
f 3801/3801/3801 3791/3791/3791 3512/3512/3512
f 2868/2868/2868 3509/3509/3509 3502/3502/3502
f 2869/2869/2869 3502/3502/3502 3522/3522/3522
f 1024/1024/1024 1034/1034/1034 1023/1023/1023
f 3500/3500/3500 3503/3503/3503 2948/2948/2948
f 551/551/551 1939/1939/1939 442/442/442
f 2972/2972/2972 3499/3499/3499 3568/3568/3568
f 2032/2032/2032 3533/3533/3533 3499/3499/3499
f 216/216/216 93/93/93 1924/1924/1924
f 203/203/203 202/202/202 201/201/201
f 1828/1828/1828 1848/1848/1848 1847/1847/1847
f 1958/1958/1958 1957/1957/1957 449/449/449
f 272/272/272 271/271/271 178/178/178
f 2871/2871/2871 3545/3545/3545 3495/3495/3495
f 3619/3619/3619 3669/3669/3669 3564/3564/3564
f 2801/2801/2801 2768/2768/2768 3643/3643/3643
f 2005/2005/2005 3758/3758/3758 3654/3654/3654
f 960/960/960 886/886/886 899/899/899
f 3657/3657/3657 3655/3655/3655 3612/3612/3612
f 3780/3780/3780 3788/3788/3788 3646/3646/3646
f 3151/3151/3151 3646/3646/3646 3593/3593/3593
f 2193/2193/2193 3604/3604/3604 3623/3623/3623
f 3607/3607/3607 3603/3603/3603 3145/3145/3145
f 3603/3603/3603 3649/3649/3649 2761/2761/2761
f 3592/3592/3592 3607/3607/3607 3144/3144/3144
f 2926/2926/2926 3658/3658/3658 3634/3634/3634
f 3634/3634/3634 3592/3592/3592 3104/3104/3104
f 3755/3755/3755 3754/3754/3754 3746/3746/3746
f 566/566/566 567/567/567 3758/3758/3758
f 3488/3488/3488 3656/3656/3656 1864/1864/1864
f 1602/1602/1602 1586/1586/1586 2079/2079/2079
f 2868/2868/2868 3658/3658/3658 3611/3611/3611
f 2922/2922/2922 3611/3611/3611 3610/3610/3610
f 2923/2923/2923 3610/3610/3610 3618/3618/3618
f 3670/3670/3670 3613/3613/3613 2918/2918/2918
f 3619/3619/3619 3670/3670/3670 3614/3614/3614
f 2921/2921/2921 3618/3618/3618 3670/3670/3670
f 2920/2920/2920 3614/3614/3614 3586/3586/3586
f 3613/3613/3613 3642/3642/3642 2915/2915/2915
f 2917/2917/2917 2766/2766/2766 3622/3622/3622
f 2916/2916/2916 2917/2917/2917 3641/3641/3641
f 2239/2239/2239 3587/3587/3587 3652/3652/3652
f 2911/2911/2911 3640/3640/3640 3652/3652/3652
f 3643/3643/3643 3640/3640/3640 2911/2911/2911
f 2797/2797/2797 2801/2801/2801 3662/3662/3662
f 2797/2797/2797 3591/3591/3591 3598/3598/3598
f 3622/3622/3622 3628/3628/3628 2763/2763/2763
f 3608/3608/3608 3628/3628/3628 2764/2764/2764
f 2194/2194/2194 3623/3623/3623 3648/3648/3648
f 2221/2221/2221 3648/3648/3648 3649/3649/3649
f 2756/2756/2756 3608/3608/3608 3609/3609/3609
f 2750/2750/2750 3598/3598/3598 3609/3609/3609
f 3669/3669/3669 3535/3535/3535 1817/1817/1817
f 3763/3763/3763 3770/3770/3770 1691/1691/1691
f 2515/2515/2515 3621/3621/3621 3590/3590/3590
f 2548/2548/2548 3590/3590/3590 3593/3593/3593
f 2513/2513/2513 2489/2489/2489 3632/3632/3632
f 2513/2513/2513 3616/3616/3616 3621/3621/3621
f 2509/2509/2509 3633/3633/3633 3620/3620/3620
f 2510/2510/2510 3632/3632/3632 3633/3633/3633
f 2289/2289/2289 3620/3620/3620 3639/3639/3639
f 2283/2283/2283 3639/3639/3639 3617/3617/3617
f 2240/2240/2240 3586/3586/3586 3587/3587/3587
f 3659/3659/3659 3657/3657/3657 3624/3624/3624
f 716/716/716 2121/2121/2121 3887/3887/3887
f 727/727/727 1999/1999/1999 3761/3761/3761
f 2165/2165/2165 2171/2171/2171 2170/2170/2170
f 3660/3660/3660 3659/3659/3659 3626/3626/3626
f 3743/3743/3743 3581/3581/3581 3578/3578/3578
f 2175/2175/2175 2172/2172/2172 769/769/769
f 2100/2100/2100 500/500/500 2095/2095/2095
f 3758/3758/3758 567/567/567 3757/3757/3757
f 640/640/640 3560/3560/3560 3568/3568/3568
f 1653/1653/1653 3576/3576/3576 3553/3553/3553
f 1895/1895/1895 3536/3536/3536 3530/3530/3530
f 746/746/746 3530/3530/3530 3537/3537/3537
f 1653/1653/1653 1810/1810/1810 3528/3528/3528
f 3762/3762/3762 1603/1603/1603 1604/1604/1604
f 2093/2093/2093 2075/2075/2075 2073/2073/2073
f 959/959/959 996/996/996 995/995/995
f 962/962/962 899/899/899 919/919/919
f 1400/1400/1400 1401/1401/1401 1398/1398/1398
f 1000/1000/1000 817/817/817 1127/1127/1127
f 956/956/956 959/959/959 884/884/884
f 1662/1662/1662 3548/3548/3548 3550/3550/3550
f 2034/2034/2034 3558/3558/3558 3546/3546/3546
f 3926/3926/3926 1689/1689/1689 3539/3539/3539
f 3535/3535/3535 3572/3572/3572 766/766/766
f 3572/3572/3572 3574/3574/3574 765/765/765
f 334/334/334 3570/3570/3570 3571/3571/3571
f 1868/1868/1868 3531/3531/3531 3540/3540/3540
f 1684/1684/1684 1651/1651/1651 1652/1652/1652
f 1682/1682/1682 1683/1683/1683 775/775/775
f 1585/1585/1585 1603/1603/1603 3762/3762/3762
f 3763/3763/3763 3762/3762/3762 1672/1672/1672
f 2173/2173/2173 2174/2174/2174 490/490/490
f 1658/1658/1658 3544/3544/3544 3547/3547/3547
f 3556/3556/3556 3543/3543/3543 1650/1650/1650
f 1571/1571/1571 3754/3754/3754 2010/2010/2010
f 1587/1587/1587 3664/3664/3664 3671/3671/3671
f 2099/2099/2099 2095/2095/2095 2077/2077/2077
f 787/787/787 3761/3761/3761 1999/1999/1999
f 2000/2000/2000 3694/3694/3694 786/786/786
f 3155/3155/3155 339/339/339 3697/3697/3697
f 3713/3713/3713 3155/3155/3155 3683/3683/3683
f 2180/2180/2180 2179/2179/2179 3685/3685/3685
f 3496/3496/3496 2180/2180/2180 3684/3684/3684
f 1684/1684/1684 3846/3846/3846 3840/3840/3840
f 1760/1760/1760 464/464/464 3495/3495/3495
f 2607/2607/2607 3689/3689/3689 3693/3693/3693
f 2581/2581/2581 3676/3676/3676 3689/3689/3689
f 2371/2371/2371 2502/2502/2502 3700/3700/3700
f 2371/2371/2371 3695/3695/3695 3693/3693/3693
f 2587/2587/2587 3676/3676/3676 3675/3675/3675
f 2586/2586/2586 3675/3675/3675 3697/3697/3697
f 2497/2497/2497 3691/3691/3691 3687/3687/3687
f 2502/2502/2502 2503/2503/2503 3687/3687/3687
f 2494/2494/2494 3691/3691/3691 3690/3690/3690
f 3690/3690/3690 3688/3688/3688 2472/2472/2472
f 3688/3688/3688 3701/3701/3701 2468/2468/2468
f 3701/3701/3701 3703/3703/3703 2469/2469/2469
f 726/726/726 3908/3908/3908 3892/3892/3892
f 581/581/581 3567/3567/3567 3518/3518/3518
f 10/10/10 3511/3511/3511 3570/3570/3570
f 1837/1837/1837 3514/3514/3514 3510/3510/3510
f 741/741/741 3537/3537/3537 3523/3523/3523
f 1299/1299/1299 3524/3524/3524 3558/3558/3558
f 1851/1851/1851 3507/3507/3507 3504/3504/3504
f 3527/3527/3527 3565/3565/3565 1820/1820/1820
f 580/580/580 3518/3518/3518 3536/3536/3536
f 1758/1758/1758 1685/1685/1685 3522/3522/3522
f 1693/1693/1693 3557/3557/3557 3508/3508/3508
f 3504/3504/3504 3512/3512/3512 1867/1867/1867
f 1894/1894/1894 1826/1826/1826 3568/3568/3568
f 2126/2126/2126 1418/1418/1418 3813/3813/3813
f 3906/3906/3906 2126/2126/2126 3841/3841/3841
f 2113/2113/2113 3911/3911/3911 3867/3867/3867
f 2179/2179/2179 3713/3713/3713 3789/3789/3789
f 624/624/624 3903/3903/3903 3904/3904/3904
f 2192/2192/2192 3604/3604/3604 3788/3788/3788
f 2177/2177/2177 3541/3541/3541 3787/3787/3787
f 1364/1364/1364 3824/3824/3824 3833/3833/3833
f 3858/3858/3858 3855/3855/3855 1470/1470/1470
f 3135/3135/3135 1753/1753/1753 3775/3775/3775
f 2069/2069/2069 3812/3812/3812 3835/3835/3835
f 1351/1351/1351 3861/3861/3861 3853/3853/3853
f 2108/2108/2108 3882/3882/3882 3901/3901/3901
f 2089/2089/2089 2092/2092/2092 3736/3736/3736
f 3828/3828/3828 3834/3834/3834 1358/1358/1358
f 2001/2001/2001 3749/3749/3749 3783/3783/3783
f 2187/2187/2187 3783/3783/3783 3719/3719/3719
f 2130/2130/2130 3756/3756/3756 3752/3752/3752
f 2004/2004/2004 3752/3752/3752 3749/3749/3749
f 2014/2014/2014 3724/3724/3724 3779/3779/3779
f 2201/2201/2201 3779/3779/3779 3756/3756/3756
f 3167/3167/3167 3720/3720/3720 3759/3759/3759
f 3168/3168/3168 3724/3724/3724 3720/3720/3720
f 3159/3159/3159 3709/3709/3709 3764/3764/3764
f 3160/3160/3160 3764/3764/3764 3765/3765/3765
f 3730/3730/3730 3707/3707/3707 3158/3158/3158
f 3158/3158/3158 3707/3707/3707 3709/3709/3709
f 2200/2200/2200 3069/3069/3069 3730/3730/3730
f 3685/3685/3685 3789/3789/3789 3742/3742/3742
f 3722/3722/3722 3774/3774/3774 2197/2197/2197
f 3790/3790/3790 3736/3736/3736 2092/2092/2092
f 3774/3774/3774 3790/3790/3790 3721/3721/3721
f 3154/3154/3154 3706/3706/3706 3790/3790/3790
f 3155/3155/3155 3713/3713/3713 3706/3706/3706
f 2091/2091/2091 3719/3719/3719 3721/3721/3721
f 2196/2196/2196 3148/3148/3148 3750/3750/3750
f 2193/2193/2193 2196/2196/2196 3776/3776/3776
f 3604/3604/3604 2193/2193/2193 3781/3781/3781
f 2086/2086/2086 2192/2192/2192 3780/3780/3780
f 2087/2087/2087 2086/2086/2086 3778/3778/3778
f 2204/2204/2204 3742/3742/3742 3751/3751/3751
f 2205/2205/2205 3751/3751/3751 3750/3750/3750
f 3909/3909/3909 3886/3886/3886 574/574/574
f 2124/2124/2124 2087/2087/2087 3777/3777/3777
f 2208/2208/2208 2124/2124/2124 3760/3760/3760
f 3711/3711/3711 3785/3785/3785 3140/3140/3140
f 3785/3785/3785 3745/3745/3745 3138/3138/3138
f 3745/3745/3745 3744/3744/3744 3139/3139/3139
f 3771/3771/3771 3712/3712/3712 3136/3136/3136
f 3712/3712/3712 3711/3711/3711 3137/3137/3137
f 3775/3775/3775 3767/3767/3767 3131/3131/3131
f 3767/3767/3767 3782/3782/3782 3132/3132/3132
f 1813/1813/1813 3839/3839/3839 3838/3838/3838
f 1293/1293/1293 3854/3854/3854 3856/3856/3856
f 2184/2184/2184 2321/2321/2321 3748/3748/3748
f 2181/2181/2181 2184/2184/2184 3732/3732/3732
f 3765/3765/3765 3768/3768/3768 3079/3079/3079
f 3768/3768/3768 3734/3734/3734 3080/3080/3080
f 709/709/709 3873/3873/3873 3875/3875/3875
f 2774/2774/2774 2961/2961/2961 3737/3737/3737
f 3786/3786/3786 3769/3769/3769 2134/2134/2134
f 3809/3809/3809 3808/3808/3808 766/766/766
f 2968/2968/2968 3784/3784/3784 3766/3766/3766
f 2969/2969/2969 3759/3759/3759 3784/3784/3784
f 2958/2958/2958 3747/3747/3747 3737/3737/3737
f 2132/2132/2132 3747/3747/3747 3766/3766/3766
f 2321/2321/2321 2185/2185/2185 3771/3771/3771
f 3860/3860/3860 3848/3848/3848 1449/1449/1449
f 3905/3905/3905 3874/3874/3874 582/582/582
f 3886/3886/3886 3889/3889/3889 577/577/577
f 3847/3847/3847 3826/3826/3826 1818/1818/1818
f 705/705/705 3902/3902/3902 3887/3887/3887
f 3816/3816/3816 3912/3912/3912 3907/3907/3907
f 2111/2111/2111 3883/3883/3883 3911/3911/3911
f 3810/3810/3810 3829/3829/3829 1366/1366/1366
f 1812/1812/1812 3839/3839/3839 3822/3822/3822
f 675/675/675 3851/3851/3851 3852/3852/3852
f 3496/3496/3496 3705/3705/3705 3851/3851/3851
f 2110/2110/2110 3867/3867/3867 3868/3868/3868
f 2104/2104/2104 3896/3896/3896 3901/3901/3901
f 2109/2109/2109 3868/3868/3868 3899/3899/3899
f 3842/3842/3842 3831/3831/3831 703/703/703
f 1680/1680/1680 3811/3811/3811 3846/3846/3846
f 1639/1639/1639 1627/1627/1627 3819/3819/3819
f 623/623/623 3904/3904/3904 3906/3906/3906
f 2139/2139/2139 2140/2140/2140 3866/3866/3866
f 1808/1808/1808 1640/1640/1640 3844/3844/3844
f 3820/3820/3820 3821/3821/3821 1819/1819/1819
f 3872/3872/3872 3914/3914/3914 3900/3900/3900
f 1646/1646/1646 3832/3832/3832 3830/3830/3830
f 3889/3889/3889 3890/3890/3890 633/633/633
f 2139/2139/2139 3865/3865/3865 3875/3875/3875
f 2156/2156/2156 2155/2155/2155 3871/3871/3871
f 674/674/674 3852/3852/3852 3913/3913/3913
f 2117/2117/2117 3817/3817/3817 3812/3812/3812
f 1815/1815/1815 3822/3822/3822 3847/3847/3847
f 3855/3855/3855 3849/3849/3849 1444/1444/1444
f 697/697/697 3906/3906/3906 3912/3912/3912
f 866/866/866 842/842/842 3836/3836/3836
f 3864/3864/3864 3869/3869/3869 2136/2136/2136
f 3585/3585/3585 3731/3731/3731 3726/3726/3726
f 3583/3583/3583 3740/3740/3740 3731/3731/3731
f 3753/3753/3753 3746/3746/3746 3738/3738/3738
f 3740/3740/3740 3583/3583/3583 3581/3581/3581
f 1088/1088/1088 3738/3738/3738 3746/3746/3746
f 3739/3739/3739 3740/3740/3740 3743/3743/3743
f 2791/2791/2791 3492/3492/3492 3493/3493/3493
f 3492/3492/3492 2808/2808/2808 2807/2807/2807
f 2792/2792/2792 3493/3493/3493 3494/3494/3494
f 3493/3493/3493 2807/2807/2807 2806/2806/2806
f 3508/3508/3508 2909/2909/2909 3494/3494/3494
f 3516/3516/3516 3494/3494/3494 2806/2806/2806
f 2948/2948/2948 3503/3503/3503 3791/3791/3791
f 2105/2105/2105 3908/3908/3908 3896/3896/3896
f 3538/3538/3538 3802/3802/3802 3804/3804/3804
f 680/680/680 3878/3878/3878 3876/3876/3876
f 1891/1891/1891 1890/1890/1890 3910/3910/3910
f 2905/2905/2905 3799/3799/3799 3801/3801/3801
f 2900/2900/2900 3797/3797/3797 3799/3799/3799
f 2901/2901/2901 3797/3797/3797 3807/3807/3807
f 2734/2734/2734 2878/2878/2878 3806/3806/3806
f 2877/2877/2877 3807/3807/3807 3806/3806/3806
f 2820/2820/2820 3800/3800/3800 3794/3794/3794
f 2818/2818/2818 3796/3796/3796 3792/3792/3792
f 2823/2823/2823 3793/3793/3793 3792/3792/3792
f 2822/2822/2822 3793/3793/3793 3798/3798/3798
f 2819/2819/2819 2735/2735/2735 3800/3800/3800
f 2817/2817/2817 3796/3796/3796 3795/3795/3795
f 2809/2809/2809 3805/3805/3805 3795/3795/3795
f 2808/2808/2808 3805/3805/3805 3803/3803/3803
f 2805/2805/2805 3804/3804/3804 3803/3803/3803
f 1702/1702/1702 3921/3921/3921 3923/3923/3923
f 3922/3922/3922 3920/3920/3920 1797/1797/1797
f 3915/3915/3915 3916/3916/3916 1706/1706/1706
f 3918/3918/3918 3927/3927/3927 1692/1692/1692
f 1657/1657/1657 3898/3898/3898 3880/3880/3880
f 1890/1890/1890 1877/1877/1877 3895/3895/3895
f 3772/3772/3772 3770/3770/3770 1674/1674/1674
f 1689/1689/1689 1690/1690/1690 3772/3772/3772
f 3926/3926/3926 3802/3802/3802 3538/3538/3538
f 3516/3516/3516 3539/3539/3539 1689/1689/1689
f 3917/3917/3917 3923/3923/3923 1703/1703/1703
f 1598/1598/1598 3917/3917/3917 3928/3928/3928
f 3880/3880/3880 3884/3884/3884 1876/1876/1876
f 1691/1691/1691 1690/1690/1690 3925/3925/3925
f 3925/3925/3925 3926/3926/3926 1688/1688/1688
f 3934/3934/3934 3933/3933/3933 3937/3937/3937
f 3934/3934/3934 3938/3938/3938 3939/3939/3939
f 3932/3932/3932 3936/3936/3936 3937/3937/3937
f 3938/3938/3938 3942/3942/3942 3943/3943/3943
f 3937/3937/3937 3936/3936/3936 3940/3940/3940
f 3937/3937/3937 3941/3941/3941 3942/3942/3942
f 3942/3942/3942 3946/3946/3946 3947/3947/3947
f 3941/3941/3941 3940/3940/3940 3944/3944/3944
f 3942/3942/3942 3941/3941/3941 3945/3945/3945
f 3947/3947/3947 3946/3946/3946 3950/3950/3950
f 3944/3944/3944 3948/3948/3948 3949/3949/3949
f 3945/3945/3945 3949/3949/3949 3950/3950/3950
f 3950/3950/3950 3954/3954/3954 3955/3955/3955
f 3949/3949/3949 3948/3948/3948 3952/3952/3952
f 3950/3950/3950 3949/3949/3949 3953/3953/3953
f 3955/3955/3955 3954/3954/3954 3958/3958/3958
f 3953/3953/3953 3952/3952/3952 3956/3956/3956
f 3953/3953/3953 3957/3957/3957 3958/3958/3958
f 3959/3959/3959 3958/3958/3958 3962/3962/3962
f 3957/3957/3957 3956/3956/3956 3960/3960/3960
f 3958/3958/3958 3957/3957/3957 3961/3961/3961
f 3962/3962/3962 3966/3966/3966 3967/3967/3967
f 3960/3960/3960 3964/3964/3964 3965/3965/3965
f 3961/3961/3961 3965/3965/3965 3966/3966/3966
f 3966/3966/3966 3970/3970/3970 3971/3971/3971
f 3965/3965/3965 3964/3964/3964 3968/3968/3968
f 3966/3966/3966 3965/3965/3965 3969/3969/3969
f 3970/3970/3970 3974/3974/3974 3975/3975/3975
f 3968/3968/3968 3972/3972/3972 3973/3973/3973
f 3969/3969/3969 3973/3973/3973 3974/3974/3974
f 3974/3974/3974 3978/3978/3978 3979/3979/3979
f 3973/3973/3973 3972/3972/3972 3976/3976/3976
f 3974/3974/3974 3973/3973/3973 3977/3977/3977
f 3979/3979/3979 3978/3978/3978 3982/3982/3982
f 3976/3976/3976 3980/3980/3980 3981/3981/3981
f 3977/3977/3977 3981/3981/3981 3982/3982/3982
f 3982/3982/3982 3986/3986/3986 3987/3987/3987
f 3981/3981/3981 3980/3980/3980 3984/3984/3984
f 3982/3982/3982 3981/3981/3981 3985/3985/3985
f 3987/3987/3987 3986/3986/3986 3990/3990/3990
f 3984/3984/3984 3988/3988/3988 3989/3989/3989
f 3985/3985/3985 3989/3989/3989 3990/3990/3990
f 3991/3991/3991 3990/3990/3990 3994/3994/3994
f 3989/3989/3989 3988/3988/3988 3992/3992/3992
f 3990/3990/3990 3989/3989/3989 3993/3993/3993
f 3995/3995/3995 3994/3994/3994 3998/3998/3998
f 3992/3992/3992 3996/3996/3996 3997/3997/3997
f 3993/3993/3993 3997/3997/3997 3998/3998/3998
f 3998/3998/3998 4002/4002/4002 4003/4003/4003
f 3997/3997/3997 3996/3996/3996 4000/4000/4000
f 3998/3998/3998 3997/3997/3997 4001/4001/4001
f 4002/4002/4002 4006/4006/4006 4007/4007/4007
f 4000/4000/4000 4004/4004/4004 4005/4005/4005
f 4001/4001/4001 4005/4005/4005 4006/4006/4006
f 4006/4006/4006 4010/4010/4010 4011/4011/4011
f 4005/4005/4005 4004/4004/4004 4008/4008/4008
f 4006/4006/4006 4005/4005/4005 4009/4009/4009
f 4011/4011/4011 4010/4010/4010 4014/4014/4014
f 4008/4008/4008 4012/4012/4012 4013/4013/4013
f 4009/4009/4009 4013/4013/4013 4014/4014/4014
f 4014/4014/4014 4018/4018/4018 4019/4019/4019
f 4013/4013/4013 4012/4012/4012 4016/4016/4016
f 4014/4014/4014 4013/4013/4013 4017/4017/4017
f 4019/4019/4019 4018/4018/4018 4022/4022/4022
f 4016/4016/4016 4020/4020/4020 4021/4021/4021
f 4017/4017/4017 4021/4021/4021 4022/4022/4022
f 4023/4023/4023 4022/4022/4022 4026/4026/4026
f 4021/4021/4021 4020/4020/4020 4024/4024/4024
f 4022/4022/4022 4021/4021/4021 4025/4025/4025
f 4027/4027/4027 4026/4026/4026 4030/4030/4030
f 4024/4024/4024 4028/4028/4028 4029/4029/4029
f 4025/4025/4025 4029/4029/4029 4030/4030/4030
f 4031/4031/4031 4030/4030/4030 4034/4034/4034
f 4029/4029/4029 4028/4028/4028 4032/4032/4032
f 4030/4030/4030 4029/4029/4029 4033/4033/4033
f 4034/4034/4034 4038/4038/4038 4039/4039/4039
f 4032/4032/4032 4036/4036/4036 4037/4037/4037
f 4033/4033/4033 4037/4037/4037 4038/4038/4038
f 4038/4038/4038 4042/4042/4042 4043/4043/4043
f 4037/4037/4037 4036/4036/4036 4040/4040/4040
f 4038/4038/4038 4037/4037/4037 4041/4041/4041
f 4043/4043/4043 4042/4042/4042 4046/4046/4046
f 4040/4040/4040 4044/4044/4044 4045/4045/4045
f 4041/4041/4041 4045/4045/4045 4046/4046/4046
f 4046/4046/4046 4050/4050/4050 4051/4051/4051
f 4045/4045/4045 4044/4044/4044 4048/4048/4048
f 4046/4046/4046 4045/4045/4045 4049/4049/4049
f 4051/4051/4051 4050/4050/4050 4055/4055/4055
f 4048/4048/4048 4053/4053/4053 4054/4054/4054
f 4049/4049/4049 4054/4054/4054 4055/4055/4055
f 4056/4056/4056 4055/4055/4055 4059/4059/4059
f 4053/4053/4053 4057/4057/4057 4058/4058/4058
f 4055/4055/4055 4054/4054/4054 4058/4058/4058
f 4060/4060/4060 4059/4059/4059 3934/3934/3934
f 4058/4058/4058 4057/4057/4057 3932/3932/3932
f 4058/4058/4058 3933/3933/3933 3934/3934/3934
f 4069/4069/4069 4068/4068/4068 4081/4081/4081
f 4066/4066/4066 4079/4079/4079 4080/4080/4080
f 4065/4065/4065 4064/4064/4064 4077/4077/4077
f 4063/4063/4063 4062/4062/4062 4075/4075/4075
f 4071/4071/4071 4084/4084/4084 4085/4085/4085
f 4069/4069/4069 4082/4082/4082 4083/4083/4083
f 4067/4067/4067 4080/4080/4080 4081/4081/4081
f 4066/4066/4066 4065/4065/4065 4078/4078/4078
f 4063/4063/4063 4076/4076/4076 4077/4077/4077
f 4061/4061/4061 4074/4074/4074 4075/4075/4075
f 4072/4072/4072 4085/4085/4085 4086/4086/4086
f 4071/4071/4071 4070/4070/4070 4083/4083/4083
f 4076/4076/4076 4089/4089/4089 4090/4090/4090
f 4074/4074/4074 4087/4087/4087 4088/4088/4088
f 4086/4086/4086 4085/4085/4085 4098/4098/4098
f 4083/4083/4083 4096/4096/4096 4097/4097/4097
f 4082/4082/4082 4081/4081/4081 4094/4094/4094
f 4079/4079/4079 4092/4092/4092 4093/4093/4093
f 4078/4078/4078 4077/4077/4077 4090/4090/4090
f 4076/4076/4076 4075/4075/4075 4088/4088/4088
f 4085/4085/4085 4084/4084/4084 4097/4097/4097
f 4082/4082/4082 4095/4095/4095 4096/4096/4096
f 4080/4080/4080 4093/4093/4093 4094/4094/4094
f 4079/4079/4079 4078/4078/4078 4091/4091/4091
f 4089/4089/4089 4102/4102/4102 4103/4103/4103
f 4088/4088/4088 4087/4087/4087 4100/4100/4100
f 4098/4098/4098 4111/4111/4111 4112/4112/4112
f 4096/4096/4096 4109/4109/4109 4110/4110/4110
f 4095/4095/4095 4094/4094/4094 4107/4107/4107
f 4092/4092/4092 4105/4105/4105 4106/4106/4106
f 4090/4090/4090 4103/4103/4103 4104/4104/4104
f 4089/4089/4089 4088/4088/4088 4101/4101/4101
f 4097/4097/4097 4110/4110/4110 4111/4111/4111
f 4095/4095/4095 4108/4108/4108 4109/4109/4109
f 4094/4094/4094 4093/4093/4093 4106/4106/4106
f 4092/4092/4092 4091/4091/4091 4104/4104/4104
f 4103/4103/4103 4102/4102/4102 4115/4115/4115
f 4100/4100/4100 4113/4113/4113 4114/4114/4114
f 4112/4112/4112 4111/4111/4111 4124/4124/4124
f 4110/4110/4110 4109/4109/4109 4122/4122/4122
f 4107/4107/4107 4120/4120/4120 4121/4121/4121
f 4105/4105/4105 4118/4118/4118 4119/4119/4119
f 4103/4103/4103 4116/4116/4116 4117/4117/4117
f 4101/4101/4101 4114/4114/4114 4115/4115/4115
f 4110/4110/4110 4123/4123/4123 4124/4124/4124
f 4109/4109/4109 4108/4108/4108 4121/4121/4121
f 4107/4107/4107 4106/4106/4106 4119/4119/4119
f 4105/4105/4105 4104/4104/4104 4117/4117/4117
f 4115/4115/4115 4128/4128/4128 4129/4129/4129
f 4114/4114/4114 4113/4113/4113 4126/4126/4126
f 4124/4124/4124 4137/4137/4137 4138/4138/4138
f 4123/4123/4123 4122/4122/4122 4135/4135/4135
f 4120/4120/4120 4133/4133/4133 4134/4134/4134
f 4119/4119/4119 4118/4118/4118 4131/4131/4131
f 4117/4117/4117 4116/4116/4116 4129/4129/4129
f 4114/4114/4114 4127/4127/4127 4128/4128/4128
f 4124/4124/4124 4123/4123/4123 4136/4136/4136
f 4122/4122/4122 4121/4121/4121 4134/4134/4134
f 4119/4119/4119 4132/4132/4132 4133/4133/4133
f 4117/4117/4117 4130/4130/4130 4131/4131/4131
f 4129/4129/4129 4128/4128/4128 4141/4141/4141
f 4126/4126/4126 4139/4139/4139 4140/4140/4140
f 4138/4138/4138 4137/4137/4137 4150/4150/4150
f 4136/4136/4136 4135/4135/4135 4148/4148/4148
f 4133/4133/4133 4146/4146/4146 4147/4147/4147
f 4131/4131/4131 4144/4144/4144 4145/4145/4145
f 4130/4130/4130 4129/4129/4129 4142/4142/4142
f 4127/4127/4127 4140/4140/4140 4141/4141/4141
f 4137/4137/4137 4136/4136/4136 4149/4149/4149
f 4135/4135/4135 4134/4134/4134 4147/4147/4147
f 4132/4132/4132 4145/4145/4145 4146/4146/4146
f 4131/4131/4131 4130/4130/4130 4143/4143/4143
f 4142/4142/4142 4141/4141/4141 4154/4154/4154
f 4140/4140/4140 4139/4139/4139 4152/4152/4152
f 4150/4150/4150 4163/4163/4163 4164/4164/4164
f 4149/4149/4149 4148/4148/4148 4161/4161/4161
f 4146/4146/4146 4159/4159/4159 4160/4160/4160
f 4144/4144/4144 4157/4157/4157 4158/4158/4158
f 4142/4142/4142 4155/4155/4155 4156/4156/4156
f 4140/4140/4140 4153/4153/4153 4154/4154/4154
f 4149/4149/4149 4162/4162/4162 4163/4163/4163
f 4148/4148/4148 4147/4147/4147 4160/4160/4160
f 4146/4146/4146 4145/4145/4145 4158/4158/4158
f 4144/4144/4144 4143/4143/4143 4156/4156/4156
f 4155/4155/4155 4154/4154/4154 4167/4167/4167
f 4153/4153/4153 4152/4152/4152 4165/4165/4165
f 4163/4163/4163 4176/4176/4176 4177/4177/4177
f 4161/4161/4161 4174/4174/4174 4175/4175/4175
f 4159/4159/4159 4172/4172/4172 4173/4173/4173
f 4158/4158/4158 4157/4157/4157 4170/4170/4170
f 4155/4155/4155 4168/4168/4168 4169/4169/4169
f 4153/4153/4153 4166/4166/4166 4167/4167/4167
f 4163/4163/4163 4162/4162/4162 4175/4175/4175
f 4161/4161/4161 4160/4160/4160 4173/4173/4173
f 4159/4159/4159 4158/4158/4158 4171/4171/4171
f 4156/4156/4156 4169/4169/4169 4170/4170/4170
f 4167/4167/4167 4180/4180/4180 4181/4181/4181
f 4165/4165/4165 4178/4178/4178 4179/4179/4179
f 4176/4176/4176 4189/4189/4189 4190/4190/4190
f 4175/4175/4175 4174/4174/4174 4187/4187/4187
f 4173/4173/4173 4172/4172/4172 4185/4185/4185
f 4170/4170/4170 4183/4183/4183 4184/4184/4184
f 4169/4169/4169 4168/4168/4168 4181/4181/4181
f 4167/4167/4167 4166/4166/4166 4179/4179/4179
f 4175/4175/4175 4188/4188/4188 4189/4189/4189
f 4173/4173/4173 4186/4186/4186 4187/4187/4187
f 4171/4171/4171 4184/4184/4184 4185/4185/4185
f 4170/4170/4170 4169/4169/4169 4182/4182/4182
f 4180/4180/4180 4193/4193/4193 4194/4194/4194
f 4178/4178/4178 4191/4191/4191 4192/4192/4192
f 4190/4190/4190 4189/4189/4189 4202/4202/4202
f 4187/4187/4187 4200/4200/4200 4201/4201/4201
f 4186/4186/4186 4185/4185/4185 4198/4198/4198
f 4183/4183/4183 4196/4196/4196 4197/4197/4197
f 4182/4182/4182 4181/4181/4181 4194/4194/4194
f 4180/4180/4180 4179/4179/4179 4192/4192/4192
f 4189/4189/4189 4188/4188/4188 4201/4201/4201
f 4186/4186/4186 4199/4199/4199 4200/4200/4200
f 4184/4184/4184 4197/4197/4197 4198/4198/4198
f 4183/4183/4183 4182/4182/4182 4195/4195/4195
f 4193/4193/4193 4206/4206/4206 4207/4207/4207
f 4192/4192/4192 4191/4191/4191 4204/4204/4204
f 4202/4202/4202 4215/4215/4215 4216/4216/4216
f 4200/4200/4200 4213/4213/4213 4214/4214/4214
f 4199/4199/4199 4198/4198/4198 4211/4211/4211
f 4196/4196/4196 4209/4209/4209 4210/4210/4210
f 4194/4194/4194 4207/4207/4207 4208/4208/4208
f 4193/4193/4193 4192/4192/4192 4205/4205/4205
f 4201/4201/4201 4214/4214/4214 4215/4215/4215
f 4199/4199/4199 4212/4212/4212 4213/4213/4213
f 4198/4198/4198 4197/4197/4197 4210/4210/4210
f 4196/4196/4196 4195/4195/4195 4208/4208/4208
f 4207/4207/4207 4206/4206/4206 4219/4219/4219
f 4204/4204/4204 4217/4217/4217 4218/4218/4218
f 4216/4216/4216 4215/4215/4215 4228/4228/4228
f 4213/4213/4213 4226/4226/4226 4227/4227/4227
f 4211/4211/4211 4224/4224/4224 4225/4225/4225
f 4209/4209/4209 4222/4222/4222 4223/4223/4223
f 4207/4207/4207 4220/4220/4220 4221/4221/4221
f 4205/4205/4205 4218/4218/4218 4219/4219/4219
f 4214/4214/4214 4227/4227/4227 4228/4228/4228
f 4213/4213/4213 4212/4212/4212 4225/4225/4225
f 4211/4211/4211 4210/4210/4210 4223/4223/4223
f 4209/4209/4209 4208/4208/4208 4221/4221/4221
f 4219/4219/4219 4232/4232/4232 4233/4233/4233
f 4218/4218/4218 4217/4217/4217 4230/4230/4230
f 4228/4228/4228 4241/4241/4241 4242/4242/4242
f 4226/4226/4226 4239/4239/4239 4240/4240/4240
f 4225/4225/4225 4224/4224/4224 4237/4237/4237
f 4223/4223/4223 4222/4222/4222 4235/4235/4235
f 4221/4221/4221 4220/4220/4220 4233/4233/4233
f 4218/4218/4218 4231/4231/4231 4232/4232/4232
f 4228/4228/4228 4227/4227/4227 4240/4240/4240
f 4226/4226/4226 4225/4225/4225 4238/4238/4238
f 4223/4223/4223 4236/4236/4236 4237/4237/4237
f 4221/4221/4221 4234/4234/4234 4235/4235/4235
f 4233/4233/4233 4232/4232/4232 4245/4245/4245
f 4230/4230/4230 4243/4243/4243 4244/4244/4244
f 4242/4242/4242 4241/4241/4241 4254/4254/4254
f 4240/4240/4240 4239/4239/4239 4252/4252/4252
f 4237/4237/4237 4250/4250/4250 4251/4251/4251
f 4235/4235/4235 4248/4248/4248 4249/4249/4249
f 4234/4234/4234 4233/4233/4233 4246/4246/4246
f 4231/4231/4231 4244/4244/4244 4245/4245/4245
f 4241/4241/4241 4240/4240/4240 4253/4253/4253
f 4239/4239/4239 4238/4238/4238 4251/4251/4251
f 4236/4236/4236 4249/4249/4249 4250/4250/4250
f 4235/4235/4235 4234/4234/4234 4247/4247/4247
f 4246/4246/4246 4245/4245/4245 4258/4258/4258
f 4244/4244/4244 4243/4243/4243 4256/4256/4256
f 4254/4254/4254 4267/4267/4267 4268/4268/4268
f 4253/4253/4253 4252/4252/4252 4265/4265/4265
f 4250/4250/4250 4263/4263/4263 4264/4264/4264
f 4248/4248/4248 4261/4261/4261 4262/4262/4262
f 4246/4246/4246 4259/4259/4259 4260/4260/4260
f 4244/4244/4244 4257/4257/4257 4258/4258/4258
f 4253/4253/4253 4266/4266/4266 4267/4267/4267
f 4252/4252/4252 4251/4251/4251 4264/4264/4264
f 4250/4250/4250 4249/4249/4249 4262/4262/4262
f 4248/4248/4248 4247/4247/4247 4260/4260/4260
f 4259/4259/4259 4258/4258/4258 4271/4271/4271
f 4257/4257/4257 4256/4256/4256 4269/4269/4269
f 4267/4267/4267 4280/4280/4280 4281/4281/4281
f 4265/4265/4265 4278/4278/4278 4279/4279/4279
f 4263/4263/4263 4276/4276/4276 4277/4277/4277
f 4262/4262/4262 4261/4261/4261 4274/4274/4274
f 4259/4259/4259 4272/4272/4272 4273/4273/4273
f 4257/4257/4257 4270/4270/4270 4271/4271/4271
f 4266/4266/4266 4279/4279/4279 4280/4280/4280
f 4265/4265/4265 4264/4264/4264 4277/4277/4277
f 4263/4263/4263 4262/4262/4262 4275/4275/4275
f 4260/4260/4260 4273/4273/4273 4274/4274/4274
f 4271/4271/4271 4284/4284/4284 4285/4285/4285
f 4269/4269/4269 4282/4282/4282 4283/4283/4283
f 4281/4281/4281 4280/4280/4280 4293/4293/4293
f 4279/4279/4279 4278/4278/4278 4291/4291/4291
f 4277/4277/4277 4276/4276/4276 4289/4289/4289
f 4274/4274/4274 4287/4287/4287 4288/4288/4288
f 4273/4273/4273 4272/4272/4272 4285/4285/4285
f 4271/4271/4271 4270/4270/4270 4283/4283/4283
f 4280/4280/4280 4279/4279/4279 4292/4292/4292
f 4277/4277/4277 4290/4290/4290 4291/4291/4291
f 4275/4275/4275 4288/4288/4288 4289/4289/4289
f 4274/4274/4274 4273/4273/4273 4286/4286/4286
f 4284/4284/4284 4297/4297/4297 4298/4298/4298
f 4282/4282/4282 4295/4295/4295 4296/4296/4296
f 4294/4294/4294 4293/4293/4293 4306/4306/4306
f 4291/4291/4291 4304/4304/4304 4305/4305/4305
f 4290/4290/4290 4289/4289/4289 4302/4302/4302
f 4287/4287/4287 4300/4300/4300 4301/4301/4301
f 4286/4286/4286 4285/4285/4285 4298/4298/4298
f 4284/4284/4284 4283/4283/4283 4296/4296/4296
f 4293/4293/4293 4292/4292/4292 4305/4305/4305
f 4290/4290/4290 4303/4303/4303 4304/4304/4304
f 4288/4288/4288 4301/4301/4301 4302/4302/4302
f 4287/4287/4287 4286/4286/4286 4299/4299/4299
f 4297/4297/4297 4310/4310/4310 4311/4311/4311
f 4296/4296/4296 4295/4295/4295 4308/4308/4308
f 4306/4306/4306 4319/4319/4319 4320/4320/4320
f 4304/4304/4304 4317/4317/4317 4318/4318/4318
f 4303/4303/4303 4302/4302/4302 4315/4315/4315
f 4300/4300/4300 4313/4313/4313 4314/4314/4314
f 4298/4298/4298 4311/4311/4311 4312/4312/4312
f 4297/4297/4297 4296/4296/4296 4309/4309/4309
f 4305/4305/4305 4318/4318/4318 4319/4319/4319
f 4304/4304/4304 4303/4303/4303 4316/4316/4316
f 4302/4302/4302 4301/4301/4301 4314/4314/4314
f 4300/4300/4300 4299/4299/4299 4312/4312/4312
f 4310/4310/4310 4323/4323/4323 4324/4324/4324
f 4308/4308/4308 4321/4321/4321 4322/4322/4322
f 4320/4320/4320 4319/4319/4319 4332/4332/4332
f 4318/4318/4318 4317/4317/4317 4330/4330/4330
f 4316/4316/4316 4315/4315/4315 4328/4328/4328
f 4313/4313/4313 4326/4326/4326 4327/4327/4327
f 4311/4311/4311 4324/4324/4324 4325/4325/4325
f 4310/4310/4310 4309/4309/4309 4322/4322/4322
f 4318/4318/4318 4331/4331/4331 4332/4332/4332
f 4316/4316/4316 4329/4329/4329 4330/4330/4330
f 4315/4315/4315 4314/4314/4314 4327/4327/4327
f 4312/4312/4312 4325/4325/4325 4326/4326/4326
f 4323/4323/4323 4336/4336/4336 4337/4337/4337
f 4322/4322/4322 4321/4321/4321 4334/4334/4334
f 4332/4332/4332 4345/4345/4345 4346/4346/4346
f 4330/4330/4330 4343/4343/4343 4344/4344/4344
f 4329/4329/4329 4328/4328/4328 4341/4341/4341
f 4327/4327/4327 4326/4326/4326 4339/4339/4339
f 4325/4325/4325 4324/4324/4324 4337/4337/4337
f 4322/4322/4322 4335/4335/4335 4336/4336/4336
f 4332/4332/4332 4331/4331/4331 4344/4344/4344
f 4330/4330/4330 4329/4329/4329 4342/4342/4342
f 4327/4327/4327 4340/4340/4340 4341/4341/4341
f 4325/4325/4325 4338/4338/4338 4339/4339/4339
f 4337/4337/4337 4336/4336/4336 4350/4350/4350
f 4334/4334/4334 4348/4348/4348 4349/4349/4349
f 4346/4346/4346 4345/4345/4345 4359/4359/4359
f 4344/4344/4344 4343/4343/4343 4357/4357/4357
f 4341/4341/4341 4355/4355/4355 4356/4356/4356
f 4340/4340/4340 4339/4339/4339 4353/4353/4353
f 4338/4338/4338 4337/4337/4337 4351/4351/4351
f 4335/4335/4335 4349/4349/4349 4350/4350/4350
f 4345/4345/4345 4344/4344/4344 4358/4358/4358
f 4343/4343/4343 4342/4342/4342 4356/4356/4356
f 4340/4340/4340 4354/4354/4354 4355/4355/4355
f 4338/4338/4338 4352/4352/4352 4353/4353/4353
f 4351/4351/4351 4350/4350/4350 4363/4363/4363
f 4349/4349/4349 4348/4348/4348 4361/4361/4361
f 4359/4359/4359 4372/4372/4372 4373/4373/4373
f 4358/4358/4358 4357/4357/4357 4370/4370/4370
f 4355/4355/4355 4368/4368/4368 4369/4369/4369
f 4354/4354/4354 4353/4353/4353 4366/4366/4366
f 4351/4351/4351 4364/4364/4364 4365/4365/4365
f 4349/4349/4349 4362/4362/4362 4363/4363/4363
f 4358/4358/4358 4371/4371/4371 4372/4372/4372
f 4357/4357/4357 4356/4356/4356 4369/4369/4369
f 4355/4355/4355 4354/4354/4354 4367/4367/4367
f 4352/4352/4352 4365/4365/4365 4366/4366/4366
f 4364/4364/4364 4363/4363/4363 4376/4376/4376
f 4362/4362/4362 4361/4361/4361 4374/4374/4374
f 4373/4373/4373 4372/4372/4372 4385/4385/4385
f 4370/4370/4370 4383/4383/4383 4384/4384/4384
f 4368/4368/4368 4381/4381/4381 4382/4382/4382
f 4367/4367/4367 4366/4366/4366 4379/4379/4379
f 4364/4364/4364 4377/4377/4377 4378/4378/4378
f 4362/4362/4362 4375/4375/4375 4376/4376/4376
f 4372/4372/4372 4371/4371/4371 4384/4384/4384
f 4370/4370/4370 4369/4369/4369 4382/4382/4382
f 4368/4368/4368 4367/4367/4367 4380/4380/4380
f 4365/4365/4365 4378/4378/4378 4379/4379/4379
f 4376/4376/4376 4389/4389/4389 4390/4390/4390
f 4374/4374/4374 4387/4387/4387 4388/4388/4388
f 4385/4385/4385 4398/4398/4398 4399/4399/4399
f 4384/4384/4384 4383/4383/4383 4396/4396/4396
f 4382/4382/4382 4381/4381/4381 4394/4394/4394
f 4379/4379/4379 4392/4392/4392 4393/4393/4393
f 4378/4378/4378 4377/4377/4377 4390/4390/4390
f 4376/4376/4376 4375/4375/4375 4388/4388/4388
f 4384/4384/4384 4397/4397/4397 4398/4398/4398
f 4382/4382/4382 4395/4395/4395 4396/4396/4396
f 4380/4380/4380 4393/4393/4393 4394/4394/4394
f 4379/4379/4379 4378/4378/4378 4391/4391/4391
f 4389/4389/4389 4402/4402/4402 4403/4403/4403
f 4387/4387/4387 4400/4400/4400 4401/4401/4401
f 4399/4399/4399 4398/4398/4398 4411/4411/4411
f 4396/4396/4396 4409/4409/4409 4410/4410/4410
f 4395/4395/4395 4394/4394/4394 4407/4407/4407
f 4393/4393/4393 4392/4392/4392 4405/4405/4405
f 4391/4391/4391 4390/4390/4390 4403/4403/4403
f 4389/4389/4389 4388/4388/4388 4401/4401/4401
f 4398/4398/4398 4397/4397/4397 4410/4410/4410
f 4395/4395/4395 4408/4408/4408 4409/4409/4409
f 4393/4393/4393 4406/4406/4406 4407/4407/4407
f 4391/4391/4391 4404/4404/4404 4405/4405/4405
f 4402/4402/4402 4415/4415/4415 4416/4416/4416
f 4401/4401/4401 4400/4400/4400 4413/4413/4413
f 4411/4411/4411 4424/4424/4424 4425/4425/4425
f 4409/4409/4409 4422/4422/4422 4423/4423/4423
f 4408/4408/4408 4407/4407/4407 4420/4420/4420
f 4406/4406/4406 4405/4405/4405 4418/4418/4418
f 4403/4403/4403 4416/4416/4416 4417/4417/4417
f 4402/4402/4402 4401/4401/4401 4414/4414/4414
f 4410/4410/4410 4423/4423/4423 4424/4424/4424
f 4408/4408/4408 4421/4421/4421 4422/4422/4422
f 4407/4407/4407 4406/4406/4406 4419/4419/4419
f 4404/4404/4404 4417/4417/4417 4418/4418/4418
f 4416/4416/4416 4415/4415/4415 4428/4428/4428
f 4413/4413/4413 4426/4426/4426 4427/4427/4427
f 4425/4425/4425 4424/4424/4424 4437/4437/4437
f 4423/4423/4423 4422/4422/4422 4435/4435/4435
f 4421/4421/4421 4420/4420/4420 4433/4433/4433
f 4418/4418/4418 4431/4431/4431 4432/4432/4432
f 4416/4416/4416 4429/4429/4429 4430/4430/4430
f 4415/4415/4415 4414/4414/4414 4427/4427/4427
f 4423/4423/4423 4436/4436/4436 4437/4437/4437
f 4421/4421/4421 4434/4434/4434 4435/4435/4435
f 4420/4420/4420 4419/4419/4419 4432/4432/4432
f 4418/4418/4418 4417/4417/4417 4430/4430/4430
f 4428/4428/4428 4441/4441/4441 4442/4442/4442
f 4426/4426/4426 4439/4439/4439 4440/4440/4440
f 4437/4437/4437 4450/4450/4450 4451/4451/4451
f 4435/4435/4435 4448/4448/4448 4449/4449/4449
f 4434/4434/4434 4433/4433/4433 4446/4446/4446
f 4432/4432/4432 4431/4431/4431 4444/4444/4444
f 4430/4430/4430 4429/4429/4429 4442/4442/4442
f 4427/4427/4427 4440/4440/4440 4441/4441/4441
f 4437/4437/4437 4436/4436/4436 4449/4449/4449
f 4435/4435/4435 4434/4434/4434 4447/4447/4447
f 4432/4432/4432 4445/4445/4445 4446/4446/4446
f 4430/4430/4430 4443/4443/4443 4444/4444/4444
f 4442/4442/4442 4441/4441/4441 4454/4454/4454
f 4439/4439/4439 4452/4452/4452 4453/4453/4453
f 4451/4451/4451 4450/4450/4450 4463/4463/4463
f 4449/4449/4449 4448/4448/4448 4461/4461/4461
f 4446/4446/4446 4459/4459/4459 4460/4460/4460
f 4444/4444/4444 4457/4457/4457 4458/4458/4458
f 4443/4443/4443 4442/4442/4442 4455/4455/4455
f 4440/4440/4440 4453/4453/4453 4454/4454/4454
f 4450/4450/4450 4449/4449/4449 4462/4462/4462
f 4447/4447/4447 4460/4460/4460 4461/4461/4461
f 4445/4445/4445 4458/4458/4458 4459/4459/4459
f 4444/4444/4444 4443/4443/4443 4456/4456/4456
f 4455/4455/4455 4454/4454/4454 4467/4467/4467
f 4453/4453/4453 4452/4452/4452 4465/4465/4465
f 4463/4463/4463 4476/4476/4476 4477/4477/4477
f 4462/4462/4462 4461/4461/4461 4474/4474/4474
f 4459/4459/4459 4472/4472/4472 4473/4473/4473
f 4457/4457/4457 4470/4470/4470 4471/4471/4471
f 4455/4455/4455 4468/4468/4468 4469/4469/4469
f 4453/4453/4453 4466/4466/4466 4467/4467/4467
f 4462/4462/4462 4475/4475/4475 4476/4476/4476
f 4461/4461/4461 4460/4460/4460 4473/4473/4473
f 4459/4459/4459 4458/4458/4458 4471/4471/4471
f 4457/4457/4457 4456/4456/4456 4469/4469/4469
f 4468/4468/4468 4467/4467/4467 4063/4063/4063
f 4466/4466/4466 4465/4465/4465 4061/4061/4061
f 4477/4477/4477 4476/4476/4476 4072/4072/4072
f 4474/4474/4474 4070/4070/4070 4071/4071/4071
f 4472/4472/4472 4068/4068/4068 4069/4069/4069
f 4471/4471/4471 4470/4470/4470 4066/4066/4066
f 4468/4468/4468 4064/4064/4064 4065/4065/4065
f 4466/4466/4466 4062/4062/4062 4063/4063/4063
f 4476/4476/4476 4475/4475/4475 4071/4071/4071
f 4474/4474/4474 4473/4473/4473 4069/4069/4069
f 4472/4472/4472 4471/4471/4471 4067/4067/4067
f 4469/4469/4469 4065/4065/4065 4066/4066/4066
f 3935/3935/3935 4061/4061/4061 4465/4465/4465
f 4465/4465/4465 4452/4452/4452 4056/4056/4056
f 4452/4452/4452 4439/4439/4439 4051/4051/4051
f 4439/4439/4439 4426/4426/4426 4047/4047/4047
f 4047/4047/4047 4426/4426/4426 4413/4413/4413
f 4043/4043/4043 4413/4413/4413 4400/4400/4400
f 4039/4039/4039 4400/4400/4400 4387/4387/4387
f 4387/4387/4387 4374/4374/4374 4031/4031/4031
f 4031/4031/4031 4374/4374/4374 4361/4361/4361
f 4361/4361/4361 4348/4348/4348 4023/4023/4023
f 4348/4348/4348 4334/4334/4334 4019/4019/4019
f 4334/4334/4334 4321/4321/4321 4015/4015/4015
f 4015/4015/4015 4321/4321/4321 4308/4308/4308
f 4011/4011/4011 4308/4308/4308 4295/4295/4295
f 4007/4007/4007 4295/4295/4295 4282/4282/4282
f 4282/4282/4282 4269/4269/4269 3999/3999/3999
f 3999/3999/3999 4269/4269/4269 4256/4256/4256
f 4256/4256/4256 4243/4243/4243 3991/3991/3991
f 4243/4243/4243 4230/4230/4230 3987/3987/3987
f 4230/4230/4230 4217/4217/4217 3983/3983/3983
f 3983/3983/3983 4217/4217/4217 4204/4204/4204
f 3979/3979/3979 4204/4204/4204 4191/4191/4191
f 3975/3975/3975 4191/4191/4191 4178/4178/4178
f 4178/4178/4178 4165/4165/4165 3967/3967/3967
f 3967/3967/3967 4165/4165/4165 4152/4152/4152
f 4152/4152/4152 4139/4139/4139 3959/3959/3959
f 4139/4139/4139 4126/4126/4126 3955/3955/3955
f 4126/4126/4126 4113/4113/4113 3951/3951/3951
f 3951/3951/3951 4113/4113/4113 4100/4100/4100
f 3947/3947/3947 4100/4100/4100 4087/4087/4087
f 3943/3943/3943 4087/4087/4087 4074/4074/4074
f 4074/4074/4074 4061/4061/4061 3935/3935/3935
f 4480/4480/4480 4479/4479/4479 4483/4483/4483
f 4480/4480/4480 4484/4484/4484 4485/4485/4485
f 4479/4479/4479 4478/4478/4478 4482/4482/4482
f 4484/4484/4484 4488/4488/4488 4489/4489/4489
f 4482/4482/4482 4486/4486/4486 4487/4487/4487
f 4483/4483/4483 4487/4487/4487 4488/4488/4488
f 4488/4488/4488 4492/4492/4492 4493/4493/4493
f 4487/4487/4487 4486/4486/4486 4490/4490/4490
f 4488/4488/4488 4487/4487/4487 4491/4491/4491
f 4493/4493/4493 4492/4492/4492 4496/4496/4496
f 4490/4490/4490 4494/4494/4494 4495/4495/4495
f 4491/4491/4491 4495/4495/4495 4496/4496/4496
f 4496/4496/4496 4500/4500/4500 4501/4501/4501
f 4495/4495/4495 4494/4494/4494 4498/4498/4498
f 4496/4496/4496 4495/4495/4495 4499/4499/4499
f 4501/4501/4501 4500/4500/4500 4504/4504/4504
f 4498/4498/4498 4502/4502/4502 4503/4503/4503
f 4499/4499/4499 4503/4503/4503 4504/4504/4504
f 4505/4505/4505 4504/4504/4504 4508/4508/4508
f 4503/4503/4503 4502/4502/4502 4506/4506/4506
f 4504/4504/4504 4503/4503/4503 4507/4507/4507
f 4509/4509/4509 4508/4508/4508 4512/4512/4512
f 4506/4506/4506 4510/4510/4510 4511/4511/4511
f 4507/4507/4507 4511/4511/4511 4512/4512/4512
f 4513/4513/4513 4512/4512/4512 4516/4516/4516
f 4511/4511/4511 4510/4510/4510 4514/4514/4514
f 4512/4512/4512 4511/4511/4511 4515/4515/4515
f 4516/4516/4516 4520/4520/4520 4521/4521/4521
f 4514/4514/4514 4518/4518/4518 4519/4519/4519
f 4515/4515/4515 4519/4519/4519 4520/4520/4520
f 4520/4520/4520 4524/4524/4524 4525/4525/4525
f 4518/4518/4518 4522/4522/4522 4523/4523/4523
f 4520/4520/4520 4519/4519/4519 4523/4523/4523
f 4525/4525/4525 4524/4524/4524 4528/4528/4528
f 4522/4522/4522 4526/4526/4526 4527/4527/4527
f 4523/4523/4523 4527/4527/4527 4528/4528/4528
f 4528/4528/4528 4532/4532/4532 4533/4533/4533
f 4527/4527/4527 4526/4526/4526 4530/4530/4530
f 4528/4528/4528 4527/4527/4527 4531/4531/4531
f 4533/4533/4533 4532/4532/4532 4536/4536/4536
f 4530/4530/4530 4534/4534/4534 4535/4535/4535
f 4531/4531/4531 4535/4535/4535 4536/4536/4536
f 4537/4537/4537 4536/4536/4536 4540/4540/4540
f 4534/4534/4534 4538/4538/4538 4539/4539/4539
f 4536/4536/4536 4535/4535/4535 4539/4539/4539
f 4541/4541/4541 4540/4540/4540 4544/4544/4544
f 4539/4539/4539 4538/4538/4538 4542/4542/4542
f 4539/4539/4539 4543/4543/4543 4544/4544/4544
f 4544/4544/4544 4548/4548/4548 4549/4549/4549
f 4542/4542/4542 4546/4546/4546 4547/4547/4547
f 4544/4544/4544 4543/4543/4543 4547/4547/4547
f 4548/4548/4548 4552/4552/4552 4553/4553/4553
f 4547/4547/4547 4546/4546/4546 4550/4550/4550
f 4547/4547/4547 4551/4551/4551 4552/4552/4552
f 4552/4552/4552 4556/4556/4556 4557/4557/4557
f 4551/4551/4551 4550/4550/4550 4554/4554/4554
f 4552/4552/4552 4551/4551/4551 4555/4555/4555
f 4557/4557/4557 4556/4556/4556 4560/4560/4560
f 4554/4554/4554 4558/4558/4558 4559/4559/4559
f 4555/4555/4555 4559/4559/4559 4560/4560/4560
f 4560/4560/4560 4564/4564/4564 4565/4565/4565
f 4559/4559/4559 4558/4558/4558 4562/4562/4562
f 4560/4560/4560 4559/4559/4559 4563/4563/4563
f 4565/4565/4565 4564/4564/4564 4568/4568/4568
f 4562/4562/4562 4566/4566/4566 4567/4567/4567
f 4563/4563/4563 4567/4567/4567 4568/4568/4568
f 4569/4569/4569 4568/4568/4568 4572/4572/4572
f 4567/4567/4567 4566/4566/4566 4570/4570/4570
f 4568/4568/4568 4567/4567/4567 4571/4571/4571
f 4572/4572/4572 4576/4576/4576 4577/4577/4577
f 4570/4570/4570 4574/4574/4574 4575/4575/4575
f 4571/4571/4571 4575/4575/4575 4576/4576/4576
f 4576/4576/4576 4580/4580/4580 4581/4581/4581
f 4575/4575/4575 4574/4574/4574 4578/4578/4578
f 4576/4576/4576 4575/4575/4575 4579/4579/4579
f 4580/4580/4580 4584/4584/4584 4585/4585/4585
f 4578/4578/4578 4582/4582/4582 4583/4583/4583
f 4579/4579/4579 4583/4583/4583 4584/4584/4584
f 4584/4584/4584 4588/4588/4588 4589/4589/4589
f 4583/4583/4583 4582/4582/4582 4586/4586/4586
f 4584/4584/4584 4583/4583/4583 4587/4587/4587
f 4589/4589/4589 4588/4588/4588 4592/4592/4592
f 4586/4586/4586 4590/4590/4590 4591/4591/4591
f 4587/4587/4587 4591/4591/4591 4592/4592/4592
f 4592/4592/4592 4596/4596/4596 4597/4597/4597
f 4591/4591/4591 4590/4590/4590 4594/4594/4594
f 4592/4592/4592 4591/4591/4591 4595/4595/4595
f 4597/4597/4597 4596/4596/4596 4601/4601/4601
f 4594/4594/4594 4599/4599/4599 4600/4600/4600
f 4595/4595/4595 4600/4600/4600 4601/4601/4601
f 4602/4602/4602 4601/4601/4601 4605/4605/4605
f 4600/4600/4600 4599/4599/4599 4603/4603/4603
f 4601/4601/4601 4600/4600/4600 4604/4604/4604
f 4606/4606/4606 4605/4605/4605 4480/4480/4480
f 4603/4603/4603 4478/4478/4478 4479/4479/4479
f 4604/4604/4604 4479/4479/4479 4480/4480/4480
f 4615/4615/4615 4614/4614/4614 4627/4627/4627
f 4612/4612/4612 4625/4625/4625 4626/4626/4626
f 4611/4611/4611 4610/4610/4610 4623/4623/4623
f 4609/4609/4609 4608/4608/4608 4621/4621/4621
f 4618/4618/4618 4617/4617/4617 4630/4630/4630
f 4615/4615/4615 4628/4628/4628 4629/4629/4629
f 4613/4613/4613 4626/4626/4626 4627/4627/4627
f 4612/4612/4612 4611/4611/4611 4624/4624/4624
f 4609/4609/4609 4622/4622/4622 4623/4623/4623
f 4607/4607/4607 4620/4620/4620 4621/4621/4621
f 4619/4619/4619 4618/4618/4618 4631/4631/4631
f 4617/4617/4617 4616/4616/4616 4629/4629/4629
f 4622/4622/4622 4635/4635/4635 4636/4636/4636
f 4620/4620/4620 4633/4633/4633 4634/4634/4634
f 4632/4632/4632 4631/4631/4631 4644/4644/4644
f 4629/4629/4629 4642/4642/4642 4643/4643/4643
f 4628/4628/4628 4627/4627/4627 4640/4640/4640
f 4626/4626/4626 4625/4625/4625 4638/4638/4638
f 4624/4624/4624 4623/4623/4623 4636/4636/4636
f 4622/4622/4622 4621/4621/4621 4634/4634/4634
f 4631/4631/4631 4630/4630/4630 4643/4643/4643
f 4628/4628/4628 4641/4641/4641 4642/4642/4642
f 4626/4626/4626 4639/4639/4639 4640/4640/4640
f 4624/4624/4624 4637/4637/4637 4638/4638/4638
f 4635/4635/4635 4648/4648/4648 4649/4649/4649
f 4634/4634/4634 4633/4633/4633 4646/4646/4646
f 4644/4644/4644 4657/4657/4657 4658/4658/4658
f 4642/4642/4642 4655/4655/4655 4656/4656/4656
f 4641/4641/4641 4640/4640/4640 4653/4653/4653
f 4639/4639/4639 4638/4638/4638 4651/4651/4651
f 4636/4636/4636 4649/4649/4649 4650/4650/4650
f 4635/4635/4635 4634/4634/4634 4647/4647/4647
f 4643/4643/4643 4656/4656/4656 4657/4657/4657
f 4642/4642/4642 4641/4641/4641 4654/4654/4654
f 4640/4640/4640 4639/4639/4639 4652/4652/4652
f 4637/4637/4637 4650/4650/4650 4651/4651/4651
f 4648/4648/4648 4661/4661/4661 4662/4662/4662
f 4646/4646/4646 4659/4659/4659 4660/4660/4660
f 4658/4658/4658 4657/4657/4657 4670/4670/4670
f 4656/4656/4656 4655/4655/4655 4668/4668/4668
f 4653/4653/4653 4666/4666/4666 4667/4667/4667
f 4651/4651/4651 4664/4664/4664 4665/4665/4665
f 4649/4649/4649 4662/4662/4662 4663/4663/4663
f 4648/4648/4648 4647/4647/4647 4660/4660/4660
f 4656/4656/4656 4669/4669/4669 4670/4670/4670
f 4654/4654/4654 4667/4667/4667 4668/4668/4668
f 4653/4653/4653 4652/4652/4652 4665/4665/4665
f 4651/4651/4651 4650/4650/4650 4663/4663/4663
f 4661/4661/4661 4674/4674/4674 4675/4675/4675
f 4660/4660/4660 4659/4659/4659 4672/4672/4672
f 4670/4670/4670 4683/4683/4683 4684/4684/4684
f 4668/4668/4668 4681/4681/4681 4682/4682/4682
f 4667/4667/4667 4666/4666/4666 4679/4679/4679
f 4665/4665/4665 4664/4664/4664 4677/4677/4677
f 4663/4663/4663 4662/4662/4662 4675/4675/4675
f 4661/4661/4661 4660/4660/4660 4673/4673/4673
f 4670/4670/4670 4669/4669/4669 4682/4682/4682
f 4667/4667/4667 4680/4680/4680 4681/4681/4681
f 4665/4665/4665 4678/4678/4678 4679/4679/4679
f 4663/4663/4663 4676/4676/4676 4677/4677/4677
f 4675/4675/4675 4674/4674/4674 4687/4687/4687
f 4672/4672/4672 4685/4685/4685 4686/4686/4686
f 4684/4684/4684 4683/4683/4683 4696/4696/4696
f 4682/4682/4682 4681/4681/4681 4694/4694/4694
f 4679/4679/4679 4692/4692/4692 4693/4693/4693
f 4678/4678/4678 4677/4677/4677 4690/4690/4690
f 4676/4676/4676 4675/4675/4675 4688/4688/4688
f 4673/4673/4673 4686/4686/4686 4687/4687/4687
f 4683/4683/4683 4682/4682/4682 4695/4695/4695
f 4681/4681/4681 4680/4680/4680 4693/4693/4693
f 4678/4678/4678 4691/4691/4691 4692/4692/4692
f 4676/4676/4676 4689/4689/4689 4690/4690/4690
f 4688/4688/4688 4687/4687/4687 4700/4700/4700
f 4686/4686/4686 4685/4685/4685 4698/4698/4698
f 4696/4696/4696 4709/4709/4709 4710/4710/4710
f 4695/4695/4695 4694/4694/4694 4707/4707/4707
f 4692/4692/4692 4705/4705/4705 4706/4706/4706
f 4691/4691/4691 4690/4690/4690 4703/4703/4703
f 4688/4688/4688 4701/4701/4701 4702/4702/4702
f 4686/4686/4686 4699/4699/4699 4700/4700/4700
f 4695/4695/4695 4708/4708/4708 4709/4709/4709
f 4694/4694/4694 4693/4693/4693 4706/4706/4706
f 4692/4692/4692 4691/4691/4691 4704/4704/4704
f 4689/4689/4689 4702/4702/4702 4703/4703/4703
f 4701/4701/4701 4700/4700/4700 4713/4713/4713
f 4699/4699/4699 4698/4698/4698 4711/4711/4711
f 4710/4710/4710 4709/4709/4709 4722/4722/4722
f 4707/4707/4707 4720/4720/4720 4721/4721/4721
f 4705/4705/4705 4718/4718/4718 4719/4719/4719
f 4704/4704/4704 4703/4703/4703 4716/4716/4716
f 4701/4701/4701 4714/4714/4714 4715/4715/4715
f 4699/4699/4699 4712/4712/4712 4713/4713/4713
f 4709/4709/4709 4708/4708/4708 4721/4721/4721
f 4707/4707/4707 4706/4706/4706 4719/4719/4719
f 4705/4705/4705 4704/4704/4704 4717/4717/4717
f 4702/4702/4702 4715/4715/4715 4716/4716/4716
f 4713/4713/4713 4726/4726/4726 4727/4727/4727
f 4711/4711/4711 4724/4724/4724 4725/4725/4725
f 4723/4723/4723 4722/4722/4722 4735/4735/4735
f 4721/4721/4721 4720/4720/4720 4733/4733/4733
f 4719/4719/4719 4718/4718/4718 4731/4731/4731
f 4716/4716/4716 4729/4729/4729 4730/4730/4730
f 4715/4715/4715 4714/4714/4714 4727/4727/4727
f 4713/4713/4713 4712/4712/4712 4725/4725/4725
f 4721/4721/4721 4734/4734/4734 4735/4735/4735
f 4719/4719/4719 4732/4732/4732 4733/4733/4733
f 4717/4717/4717 4730/4730/4730 4731/4731/4731
f 4716/4716/4716 4715/4715/4715 4728/4728/4728
f 4726/4726/4726 4739/4739/4739 4740/4740/4740
f 4724/4724/4724 4737/4737/4737 4738/4738/4738
f 4736/4736/4736 4735/4735/4735 4748/4748/4748
f 4733/4733/4733 4746/4746/4746 4747/4747/4747
f 4732/4732/4732 4731/4731/4731 4744/4744/4744
f 4730/4730/4730 4729/4729/4729 4742/4742/4742
f 4728/4728/4728 4727/4727/4727 4740/4740/4740
f 4726/4726/4726 4725/4725/4725 4738/4738/4738
f 4735/4735/4735 4734/4734/4734 4747/4747/4747
f 4732/4732/4732 4745/4745/4745 4746/4746/4746
f 4730/4730/4730 4743/4743/4743 4744/4744/4744
f 4728/4728/4728 4741/4741/4741 4742/4742/4742
f 4739/4739/4739 4752/4752/4752 4753/4753/4753
f 4738/4738/4738 4737/4737/4737 4750/4750/4750
f 4748/4748/4748 4761/4761/4761 4762/4762/4762
f 4746/4746/4746 4759/4759/4759 4760/4760/4760
f 4745/4745/4745 4744/4744/4744 4757/4757/4757
f 4743/4743/4743 4742/4742/4742 4755/4755/4755
f 4740/4740/4740 4753/4753/4753 4754/4754/4754
f 4739/4739/4739 4738/4738/4738 4751/4751/4751
f 4747/4747/4747 4760/4760/4760 4761/4761/4761
f 4745/4745/4745 4758/4758/4758 4759/4759/4759
f 4744/4744/4744 4743/4743/4743 4756/4756/4756
f 4741/4741/4741 4754/4754/4754 4755/4755/4755
f 4753/4753/4753 4752/4752/4752 4765/4765/4765
f 4750/4750/4750 4763/4763/4763 4764/4764/4764
f 4762/4762/4762 4761/4761/4761 4774/4774/4774
f 4759/4759/4759 4772/4772/4772 4773/4773/4773
f 4758/4758/4758 4757/4757/4757 4770/4770/4770
f 4755/4755/4755 4768/4768/4768 4769/4769/4769
f 4753/4753/4753 4766/4766/4766 4767/4767/4767
f 4752/4752/4752 4751/4751/4751 4764/4764/4764
f 4760/4760/4760 4773/4773/4773 4774/4774/4774
f 4758/4758/4758 4771/4771/4771 4772/4772/4772
f 4757/4757/4757 4756/4756/4756 4769/4769/4769
f 4755/4755/4755 4754/4754/4754 4767/4767/4767
f 4765/4765/4765 4778/4778/4778 4779/4779/4779
f 4764/4764/4764 4763/4763/4763 4776/4776/4776
f 4774/4774/4774 4787/4787/4787 4788/4788/4788
f 4772/4772/4772 4785/4785/4785 4786/4786/4786
f 4771/4771/4771 4770/4770/4770 4783/4783/4783
f 4769/4769/4769 4768/4768/4768 4781/4781/4781
f 4767/4767/4767 4766/4766/4766 4779/4779/4779
f 4765/4765/4765 4764/4764/4764 4777/4777/4777
f 4774/4774/4774 4773/4773/4773 4786/4786/4786
f 4771/4771/4771 4784/4784/4784 4785/4785/4785
f 4769/4769/4769 4782/4782/4782 4783/4783/4783
f 4767/4767/4767 4780/4780/4780 4781/4781/4781
f 4779/4779/4779 4778/4778/4778 4791/4791/4791
f 4776/4776/4776 4789/4789/4789 4790/4790/4790
f 4788/4788/4788 4787/4787/4787 4800/4800/4800
f 4786/4786/4786 4785/4785/4785 4798/4798/4798
f 4783/4783/4783 4796/4796/4796 4797/4797/4797
f 4782/4782/4782 4781/4781/4781 4794/4794/4794
f 4780/4780/4780 4779/4779/4779 4792/4792/4792
f 4777/4777/4777 4790/4790/4790 4791/4791/4791
f 4787/4787/4787 4786/4786/4786 4799/4799/4799
f 4785/4785/4785 4784/4784/4784 4797/4797/4797
f 4782/4782/4782 4795/4795/4795 4796/4796/4796
f 4780/4780/4780 4793/4793/4793 4794/4794/4794
f 4792/4792/4792 4791/4791/4791 4804/4804/4804
f 4790/4790/4790 4789/4789/4789 4802/4802/4802
f 4800/4800/4800 4813/4813/4813 4814/4814/4814
f 4799/4799/4799 4798/4798/4798 4811/4811/4811
f 4796/4796/4796 4809/4809/4809 4810/4810/4810
f 4795/4795/4795 4794/4794/4794 4807/4807/4807
f 4792/4792/4792 4805/4805/4805 4806/4806/4806
f 4790/4790/4790 4803/4803/4803 4804/4804/4804
f 4799/4799/4799 4812/4812/4812 4813/4813/4813
f 4798/4798/4798 4797/4797/4797 4810/4810/4810
f 4796/4796/4796 4795/4795/4795 4808/4808/4808
f 4793/4793/4793 4806/4806/4806 4807/4807/4807
f 4805/4805/4805 4804/4804/4804 4817/4817/4817
f 4803/4803/4803 4802/4802/4802 4815/4815/4815
f 4814/4814/4814 4813/4813/4813 4826/4826/4826
f 4811/4811/4811 4824/4824/4824 4825/4825/4825
f 4809/4809/4809 4822/4822/4822 4823/4823/4823
f 4808/4808/4808 4807/4807/4807 4820/4820/4820
f 4805/4805/4805 4818/4818/4818 4819/4819/4819
f 4803/4803/4803 4816/4816/4816 4817/4817/4817
f 4813/4813/4813 4812/4812/4812 4825/4825/4825
f 4811/4811/4811 4810/4810/4810 4823/4823/4823
f 4809/4809/4809 4808/4808/4808 4821/4821/4821
f 4806/4806/4806 4819/4819/4819 4820/4820/4820
f 4817/4817/4817 4830/4830/4830 4831/4831/4831
f 4815/4815/4815 4828/4828/4828 4829/4829/4829
f 4826/4826/4826 4839/4839/4839 4840/4840/4840
f 4825/4825/4825 4824/4824/4824 4837/4837/4837
f 4823/4823/4823 4822/4822/4822 4835/4835/4835
f 4820/4820/4820 4833/4833/4833 4834/4834/4834
f 4819/4819/4819 4818/4818/4818 4831/4831/4831
f 4817/4817/4817 4816/4816/4816 4829/4829/4829
f 4825/4825/4825 4838/4838/4838 4839/4839/4839
f 4823/4823/4823 4836/4836/4836 4837/4837/4837
f 4821/4821/4821 4834/4834/4834 4835/4835/4835
f 4820/4820/4820 4819/4819/4819 4832/4832/4832
f 4830/4830/4830 4843/4843/4843 4844/4844/4844
f 4828/4828/4828 4841/4841/4841 4842/4842/4842
f 4840/4840/4840 4839/4839/4839 4852/4852/4852
f 4837/4837/4837 4850/4850/4850 4851/4851/4851
f 4836/4836/4836 4835/4835/4835 4848/4848/4848
f 4834/4834/4834 4833/4833/4833 4846/4846/4846
f 4832/4832/4832 4831/4831/4831 4844/4844/4844
f 4830/4830/4830 4829/4829/4829 4842/4842/4842
f 4839/4839/4839 4838/4838/4838 4851/4851/4851
f 4836/4836/4836 4849/4849/4849 4850/4850/4850
f 4834/4834/4834 4847/4847/4847 4848/4848/4848
f 4832/4832/4832 4845/4845/4845 4846/4846/4846
f 4843/4843/4843 4856/4856/4856 4857/4857/4857
f 4842/4842/4842 4841/4841/4841 4854/4854/4854
f 4852/4852/4852 4865/4865/4865 4866/4866/4866
f 4850/4850/4850 4863/4863/4863 4864/4864/4864
f 4849/4849/4849 4848/4848/4848 4861/4861/4861
f 4847/4847/4847 4846/4846/4846 4859/4859/4859
f 4844/4844/4844 4857/4857/4857 4858/4858/4858
f 4843/4843/4843 4842/4842/4842 4855/4855/4855
f 4851/4851/4851 4864/4864/4864 4865/4865/4865
f 4849/4849/4849 4862/4862/4862 4863/4863/4863
f 4848/4848/4848 4847/4847/4847 4860/4860/4860
f 4845/4845/4845 4858/4858/4858 4859/4859/4859
f 4857/4857/4857 4856/4856/4856 4869/4869/4869
f 4855/4855/4855 4854/4854/4854 4867/4867/4867
f 4866/4866/4866 4865/4865/4865 4878/4878/4878
f 4864/4864/4864 4863/4863/4863 4876/4876/4876
f 4862/4862/4862 4861/4861/4861 4874/4874/4874
f 4859/4859/4859 4872/4872/4872 4873/4873/4873
f 4857/4857/4857 4870/4870/4870 4871/4871/4871
f 4856/4856/4856 4855/4855/4855 4868/4868/4868
f 4864/4864/4864 4877/4877/4877 4878/4878/4878
f 4862/4862/4862 4875/4875/4875 4876/4876/4876
f 4861/4861/4861 4860/4860/4860 4873/4873/4873
f 4859/4859/4859 4858/4858/4858 4871/4871/4871
f 4869/4869/4869 4882/4882/4882 4883/4883/4883
f 4868/4868/4868 4867/4867/4867 4880/4880/4880
f 4878/4878/4878 4891/4891/4891 4892/4892/4892
f 4877/4877/4877 4876/4876/4876 4889/4889/4889
f 4874/4874/4874 4887/4887/4887 4888/4888/4888
f 4873/4873/4873 4872/4872/4872 4885/4885/4885
f 4871/4871/4871 4870/4870/4870 4883/4883/4883
f 4868/4868/4868 4881/4881/4881 4882/4882/4882
f 4878/4878/4878 4877/4877/4877 4890/4890/4890
f 4876/4876/4876 4875/4875/4875 4888/4888/4888
f 4873/4873/4873 4886/4886/4886 4887/4887/4887
f 4871/4871/4871 4884/4884/4884 4885/4885/4885
f 4883/4883/4883 4882/4882/4882 4896/4896/4896
f 4880/4880/4880 4894/4894/4894 4895/4895/4895
f 4892/4892/4892 4891/4891/4891 4905/4905/4905
f 4890/4890/4890 4889/4889/4889 4903/4903/4903
f 4887/4887/4887 4901/4901/4901 4902/4902/4902
f 4885/4885/4885 4899/4899/4899 4900/4900/4900
f 4884/4884/4884 4883/4883/4883 4897/4897/4897
f 4881/4881/4881 4895/4895/4895 4896/4896/4896
f 4891/4891/4891 4890/4890/4890 4904/4904/4904
f 4889/4889/4889 4888/4888/4888 4902/4902/4902
f 4886/4886/4886 4900/4900/4900 4901/4901/4901
f 4885/4885/4885 4884/4884/4884 4898/4898/4898
f 4897/4897/4897 4896/4896/4896 4909/4909/4909
f 4895/4895/4895 4894/4894/4894 4907/4907/4907
f 4905/4905/4905 4918/4918/4918 4919/4919/4919
f 4904/4904/4904 4903/4903/4903 4916/4916/4916
f 4901/4901/4901 4914/4914/4914 4915/4915/4915
f 4899/4899/4899 4912/4912/4912 4913/4913/4913
f 4897/4897/4897 4910/4910/4910 4911/4911/4911
f 4895/4895/4895 4908/4908/4908 4909/4909/4909
f 4904/4904/4904 4917/4917/4917 4918/4918/4918
f 4903/4903/4903 4902/4902/4902 4915/4915/4915
f 4901/4901/4901 4900/4900/4900 4913/4913/4913
f 4899/4899/4899 4898/4898/4898 4911/4911/4911
f 4910/4910/4910 4909/4909/4909 4922/4922/4922
f 4908/4908/4908 4907/4907/4907 4920/4920/4920
f 4919/4919/4919 4918/4918/4918 4931/4931/4931
f 4916/4916/4916 4929/4929/4929 4930/4930/4930
f 4914/4914/4914 4927/4927/4927 4928/4928/4928
f 4913/4913/4913 4912/4912/4912 4925/4925/4925
f 4910/4910/4910 4923/4923/4923 4924/4924/4924
f 4908/4908/4908 4921/4921/4921 4922/4922/4922
f 4918/4918/4918 4917/4917/4917 4930/4930/4930
f 4916/4916/4916 4915/4915/4915 4928/4928/4928
f 4914/4914/4914 4913/4913/4913 4926/4926/4926
f 4911/4911/4911 4924/4924/4924 4925/4925/4925
f 4922/4922/4922 4935/4935/4935 4936/4936/4936
f 4920/4920/4920 4933/4933/4933 4934/4934/4934
f 4931/4931/4931 4944/4944/4944 4945/4945/4945
f 4930/4930/4930 4929/4929/4929 4942/4942/4942
f 4928/4928/4928 4927/4927/4927 4940/4940/4940
f 4925/4925/4925 4938/4938/4938 4939/4939/4939
f 4924/4924/4924 4923/4923/4923 4936/4936/4936
f 4922/4922/4922 4921/4921/4921 4934/4934/4934
f 4930/4930/4930 4943/4943/4943 4944/4944/4944
f 4928/4928/4928 4941/4941/4941 4942/4942/4942
f 4926/4926/4926 4939/4939/4939 4940/4940/4940
f 4925/4925/4925 4924/4924/4924 4937/4937/4937
f 4935/4935/4935 4948/4948/4948 4949/4949/4949
f 4933/4933/4933 4946/4946/4946 4947/4947/4947
f 4945/4945/4945 4944/4944/4944 4957/4957/4957
f 4942/4942/4942 4955/4955/4955 4956/4956/4956
f 4941/4941/4941 4940/4940/4940 4953/4953/4953
f 4938/4938/4938 4951/4951/4951 4952/4952/4952
f 4937/4937/4937 4936/4936/4936 4949/4949/4949
f 4935/4935/4935 4934/4934/4934 4947/4947/4947
f 4944/4944/4944 4943/4943/4943 4956/4956/4956
f 4941/4941/4941 4954/4954/4954 4955/4955/4955
f 4939/4939/4939 4952/4952/4952 4953/4953/4953
f 4938/4938/4938 4937/4937/4937 4950/4950/4950
f 4948/4948/4948 4961/4961/4961 4962/4962/4962
f 4947/4947/4947 4946/4946/4946 4959/4959/4959
f 4957/4957/4957 4970/4970/4970 4971/4971/4971
f 4955/4955/4955 4968/4968/4968 4969/4969/4969
f 4954/4954/4954 4953/4953/4953 4966/4966/4966
f 4951/4951/4951 4964/4964/4964 4965/4965/4965
f 4949/4949/4949 4962/4962/4962 4963/4963/4963
f 4948/4948/4948 4947/4947/4947 4960/4960/4960
f 4956/4956/4956 4969/4969/4969 4970/4970/4970
f 4954/4954/4954 4967/4967/4967 4968/4968/4968
f 4953/4953/4953 4952/4952/4952 4965/4965/4965
f 4951/4951/4951 4950/4950/4950 4963/4963/4963
f 4962/4962/4962 4961/4961/4961 4974/4974/4974
f 4959/4959/4959 4972/4972/4972 4973/4973/4973
f 4971/4971/4971 4970/4970/4970 4983/4983/4983
f 4968/4968/4968 4981/4981/4981 4982/4982/4982
f 4966/4966/4966 4979/4979/4979 4980/4980/4980
f 4964/4964/4964 4977/4977/4977 4978/4978/4978
f 4962/4962/4962 4975/4975/4975 4976/4976/4976
f 4960/4960/4960 4973/4973/4973 4974/4974/4974
f 4969/4969/4969 4982/4982/4982 4983/4983/4983
f 4967/4967/4967 4980/4980/4980 4981/4981/4981
f 4966/4966/4966 4965/4965/4965 4978/4978/4978
f 4964/4964/4964 4963/4963/4963 4976/4976/4976
f 4975/4975/4975 4974/4974/4974 4987/4987/4987
f 4973/4973/4973 4972/4972/4972 4985/4985/4985
f 4983/4983/4983 4996/4996/4996 4997/4997/4997
f 4981/4981/4981 4994/4994/4994 4995/4995/4995
f 4979/4979/4979 4992/4992/4992 4993/4993/4993
f 4978/4978/4978 4977/4977/4977 4990/4990/4990
f 4976/4976/4976 4975/4975/4975 4988/4988/4988
f 4973/4973/4973 4986/4986/4986 4987/4987/4987
f 4983/4983/4983 4982/4982/4982 4995/4995/4995
f 4981/4981/4981 4980/4980/4980 4993/4993/4993
f 4978/4978/4978 4991/4991/4991 4992/4992/4992
f 4976/4976/4976 4989/4989/4989 4990/4990/4990
f 4988/4988/4988 4987/4987/4987 5000/5000/5000
f 4985/4985/4985 4998/4998/4998 4999/4999/4999
f 4997/4997/4997 4996/4996/4996 5009/5009/5009
f 4995/4995/4995 4994/4994/4994 5007/5007/5007
f 4992/4992/4992 5005/5005/5005 5006/5006/5006
f 4991/4991/4991 4990/4990/4990 5003/5003/5003
f 4989/4989/4989 4988/4988/4988 5001/5001/5001
f 4986/4986/4986 4999/4999/4999 5000/5000/5000
f 4996/4996/4996 4995/4995/4995 5008/5008/5008
f 4994/4994/4994 4993/4993/4993 5006/5006/5006
f 4991/4991/4991 5004/5004/5004 5005/5005/5005
f 4989/4989/4989 5002/5002/5002 5003/5003/5003
f 5001/5001/5001 5000/5000/5000 5013/5013/5013
f 4999/4999/4999 4998/4998/4998 5011/5011/5011
f 5009/5009/5009 5022/5022/5022 5023/5023/5023
f 5008/5008/5008 5007/5007/5007 5020/5020/5020
f 5005/5005/5005 5018/5018/5018 5019/5019/5019
f 5004/5004/5004 5003/5003/5003 5016/5016/5016
f 5001/5001/5001 5014/5014/5014 5015/5015/5015
f 4999/4999/4999 5012/5012/5012 5013/5013/5013
f 5008/5008/5008 5021/5021/5021 5022/5022/5022
f 5007/5007/5007 5006/5006/5006 5019/5019/5019
f 5005/5005/5005 5004/5004/5004 5017/5017/5017
f 5002/5002/5002 5015/5015/5015 5016/5016/5016
f 5014/5014/5014 5013/5013/5013 4609/4609/4609
f 5012/5012/5012 5011/5011/5011 4607/4607/4607
f 5022/5022/5022 4618/4618/4618 4619/4619/4619
f 5020/5020/5020 4616/4616/4616 4617/4617/4617
f 5018/5018/5018 4614/4614/4614 4615/4615/4615
f 5017/5017/5017 5016/5016/5016 4612/4612/4612
f 5014/5014/5014 4610/4610/4610 4611/4611/4611
f 5012/5012/5012 4608/4608/4608 4609/4609/4609
f 5021/5021/5021 4617/4617/4617 4618/4618/4618
f 5020/5020/5020 5019/5019/5019 4615/4615/4615
f 5018/5018/5018 5017/5017/5017 4613/4613/4613
f 5015/5015/5015 4611/4611/4611 4612/4612/4612
f 4481/4481/4481 4607/4607/4607 5011/5011/5011
f 5011/5011/5011 4998/4998/4998 4602/4602/4602
f 4998/4998/4998 4985/4985/4985 4597/4597/4597
f 4985/4985/4985 4972/4972/4972 4593/4593/4593
f 4593/4593/4593 4972/4972/4972 4959/4959/4959
f 4589/4589/4589 4959/4959/4959 4946/4946/4946
f 4585/4585/4585 4946/4946/4946 4933/4933/4933
f 4933/4933/4933 4920/4920/4920 4577/4577/4577
f 4577/4577/4577 4920/4920/4920 4907/4907/4907
f 4907/4907/4907 4894/4894/4894 4569/4569/4569
f 4894/4894/4894 4880/4880/4880 4565/4565/4565
f 4880/4880/4880 4867/4867/4867 4561/4561/4561
f 4561/4561/4561 4867/4867/4867 4854/4854/4854
f 4557/4557/4557 4854/4854/4854 4841/4841/4841
f 4553/4553/4553 4841/4841/4841 4828/4828/4828
f 4828/4828/4828 4815/4815/4815 4545/4545/4545
f 4545/4545/4545 4815/4815/4815 4802/4802/4802
f 4802/4802/4802 4789/4789/4789 4537/4537/4537
f 4789/4789/4789 4776/4776/4776 4533/4533/4533
f 4776/4776/4776 4763/4763/4763 4529/4529/4529
f 4529/4529/4529 4763/4763/4763 4750/4750/4750
f 4525/4525/4525 4750/4750/4750 4737/4737/4737
f 4521/4521/4521 4737/4737/4737 4724/4724/4724
f 4724/4724/4724 4711/4711/4711 4513/4513/4513
f 4513/4513/4513 4711/4711/4711 4698/4698/4698
f 4698/4698/4698 4685/4685/4685 4505/4505/4505
f 4685/4685/4685 4672/4672/4672 4501/4501/4501
f 4672/4672/4672 4659/4659/4659 4497/4497/4497
f 4497/4497/4497 4659/4659/4659 4646/4646/4646
f 4493/4493/4493 4646/4646/4646 4633/4633/4633
f 4489/4489/4489 4633/4633/4633 4620/4620/4620
f 4620/4620/4620 4607/4607/4607 4481/4481/4481
