# DreamTalk FLAME 3D Face Mesh (textured)
# 5023 vertices, 9976 faces
mtllib generated_head.mtl
usemtl face_texture

v 0.173947 -0.050781 -0.130592
v 0.181575 -0.056735 -0.124641
v 0.186389 -0.053320 -0.122468
v 0.178117 -0.048521 -0.129611
v 0.212170 -0.046572 -0.112145
v 0.240082 -0.041541 -0.105928
v 0.224638 -0.033012 -0.103745
v 0.210069 -0.031697 -0.106885
v 0.082761 -0.062604 -0.302442
v 0.050345 -0.052527 -0.311692
v 0.048727 -0.044113 -0.287483
v 0.071322 -0.046940 -0.267266
v 0.053008 0.072993 -0.172066
v 0.068189 0.054947 -0.193258
v 0.048233 0.121907 -0.168330
v 0.040619 0.104207 -0.154467
v 0.089822 0.097233 0.079773
v 0.109928 0.093101 0.073628
v 0.114602 0.075769 0.090944
v -0.187688 -0.054010 -0.037322
v -0.194539 -0.056082 -0.034580
v -0.195231 -0.054732 -0.035737
v -0.188078 -0.053853 -0.037192
v -0.187281 -0.049348 -0.056598
v -0.199236 -0.042172 -0.047773
v -0.201044 -0.032825 -0.047824
v -0.194319 -0.031694 -0.055429
v 0.096058 0.076579 0.100210
v 0.212163 -0.005043 -0.074496
v 0.207880 -0.010874 -0.066331
v 0.200465 -0.014352 -0.053282
v 0.208369 -0.008596 -0.060384
v 0.208361 -0.035980 -0.057675
v 0.207784 -0.019409 -0.066638
v 0.209055 -0.014460 -0.070990
v 0.208853 -0.020033 -0.064575
v 0.208803 -0.061075 -0.051240
v 0.213448 -0.061645 -0.057667
v 0.208588 -0.049090 -0.055187
v 0.204862 -0.047285 -0.046412
v 0.149681 -0.166228 -0.099222
v 0.152292 -0.155288 -0.102488
v 0.159800 -0.167595 -0.102429
v 0.156724 -0.186796 -0.095683
v 0.162007 -0.152937 -0.103005
v 0.166908 -0.161184 -0.107646
v 0.177488 -0.135453 -0.104083
v 0.173317 -0.134762 -0.103414
v 0.211074 0.024978 -0.076675
v 0.210194 0.020952 -0.070544
v 0.214735 0.020380 -0.062793
v 0.213287 0.024440 -0.070090
v 0.213459 -0.072967 -0.145915
v 0.206506 -0.088051 -0.143366
v 0.217579 -0.074759 -0.133224
v 0.222197 -0.072068 -0.131230
v 0.209153 0.003452 -0.070341
v 0.207002 0.005281 -0.074332
v 0.205423 0.000268 -0.072781
v 0.212758 -0.002495 -0.066352
v 0.214446 -0.004156 -0.086839
v 0.211438 -0.010147 -0.080257
v 0.164568 -0.110248 -0.104455
v 0.176918 -0.094986 -0.093328
v 0.181414 -0.093858 -0.094265
v 0.170858 -0.101277 -0.102593
v 0.214058 -0.047099 -0.120724
v 0.223331 -0.036573 -0.109806
v 0.205170 -0.097423 -0.072074
v 0.209168 -0.094117 -0.065184
v 0.214371 -0.078134 -0.057896
v 0.205572 -0.077665 -0.063098
v 0.205579 -0.083340 -0.061632
v 0.214419 -0.072840 -0.059391
v 0.214988 -0.071598 -0.060611
v 0.210639 -0.077908 -0.060869
v 0.204751 0.013725 -0.079999
v 0.204976 0.021916 -0.071589
v 0.206665 0.017358 -0.071379
v 0.203648 0.010107 -0.078493
v 0.221488 -0.042079 -0.108293
v 0.219124 -0.028009 -0.107689
v 0.220504 -0.035200 -0.118524
v 0.223982 -0.047980 -0.122558
v 0.206995 0.002934 -0.076953
v 0.208459 -0.003349 -0.073977
v 0.207622 -0.005512 -0.070284
v 0.198133 0.002251 -0.062379
v 0.200297 0.003415 -0.065947
v 0.199818 0.000267 -0.069860
v 0.201851 -0.000597 -0.071140
v 0.174073 -0.165911 -0.102108
v 0.198952 -0.108426 -0.124620
v 0.199695 -0.103834 -0.117443
v 0.205851 -0.090613 -0.115332
v 0.204571 -0.092089 -0.130357
v 0.158283 -0.135141 -0.103700
v 0.154257 -0.142398 -0.107761
v 0.150071 -0.152341 -0.104210
v 0.153960 -0.158260 -0.097944
v 0.204898 0.008732 -0.062198
v 0.209693 0.005656 -0.063221
v 0.205884 0.004116 -0.065437
v 0.201765 0.007202 -0.064027
v 0.213478 -0.023516 -0.062168
v 0.210627 -0.008070 -0.063726
v 0.231788 -0.045917 -0.057277
v 0.226066 -0.045133 -0.060445
v 0.217863 -0.052809 -0.059409
v -0.047145 -0.060794 -0.280422
v -0.010970 -0.052094 -0.304345
v -0.004697 -0.043491 -0.275977
v -0.031188 -0.045827 -0.240288
v 0.227344 -0.054274 -0.056683
v 0.242579 -0.027951 -0.057720
v 0.230898 -0.027193 -0.059806
v 0.208335 -0.009772 -0.060365
v 0.210194 -0.023439 -0.056429
v 0.208141 -0.006901 -0.067524
v 0.214801 -0.020905 -0.129026
v 0.215788 -0.019709 -0.156191
v 0.220904 -0.041631 -0.163864
v 0.222744 -0.034940 -0.135455
v 0.198863 -0.080957 -0.088844
v 0.204045 -0.073193 -0.091783
v 0.190420 -0.078957 -0.100095
v 0.181224 -0.089672 -0.100065
v 0.205644 -0.096753 -0.110880
v 0.198947 -0.108888 -0.115339
v 0.198366 -0.112507 -0.114854
v 0.204463 -0.103429 -0.108830
v 0.209417 0.007384 -0.064862
v 0.211936 -0.001682 -0.061356
v 0.215594 -0.002971 -0.058056
v 0.179369 -0.097295 -0.092662
v 0.186927 -0.086578 -0.087828
v 0.189886 -0.094791 -0.081815
v 0.178275 -0.111784 -0.091064
v 0.201181 -0.133691 -0.086011
v 0.188101 -0.135817 -0.101194
v 0.180412 -0.146702 -0.102431
v 0.188394 -0.150479 -0.097320
v 0.177427 -0.095252 -0.101114
v 0.190818 -0.089110 -0.091702
v 0.220964 -0.036362 -0.097175
v 0.220887 -0.022939 -0.097455
v 0.225305 -0.006187 -0.060026
v 0.233526 -0.011072 -0.056924
v 0.209855 -0.038085 -0.103207
v 0.204903 -0.036115 -0.109020
v 0.205882 -0.041232 -0.110956
v 0.211828 -0.044721 -0.104481
v 0.210856 -0.040133 -0.097133
v 0.211443 -0.046684 -0.099014
v 0.209568 -0.046437 -0.096307
v 0.208771 -0.043393 -0.095307
v 0.202635 -0.034399 -0.113513
v 0.203975 -0.036552 -0.111496
v 0.204050 -0.032863 -0.110700
v 0.207435 -0.025150 -0.086744
v 0.210694 -0.037786 -0.086115
v 0.200839 -0.040030 -0.104160
v 0.205476 -0.029467 -0.103167
v 0.214186 -0.042522 -0.059021
v 0.214181 0.021094 -0.051834
v 0.211629 0.024764 -0.062464
v 0.213537 0.027438 -0.074889
v 0.175137 -0.080396 -0.121581
v 0.180520 -0.085944 -0.114120
v 0.177948 -0.088667 -0.116784
v 0.174564 -0.084667 -0.122038
v 0.196067 -0.067503 -0.111215
v 0.185122 -0.075940 -0.110501
v 0.199914 -0.071864 -0.102738
v 0.209664 -0.017936 -0.082761
v 0.208134 -0.029437 -0.102067
v 0.208957 -0.035143 -0.099130
v 0.208610 -0.034041 -0.092233
v 0.201384 -0.061460 -0.056530
v 0.195310 -0.046070 -0.050835
v 0.203485 -0.054689 -0.071422
v 0.206949 -0.068072 -0.074987
v 0.161683 -0.118534 -0.101065
v 0.173781 -0.112654 -0.100610
v 0.163912 -0.098244 -0.091685
v 0.214367 0.013555 -0.088698
v 0.217385 0.015132 -0.095556
v 0.216543 0.009090 -0.095158
v 0.214436 0.007843 -0.086289
v 0.193904 -0.012330 -0.088966
v 0.198698 -0.021443 -0.093723
v 0.198135 -0.016406 -0.087948
v 0.188819 -0.006827 -0.083577
v 0.145054 -0.081076 -0.262599
v 0.164122 -0.089530 -0.203154
v 0.185482 -0.082302 -0.230025
v 0.165959 -0.080549 -0.281786
v 0.196508 -0.120199 -0.074819
v 0.187214 -0.140281 -0.091653
v 0.223958 0.001868 -0.051020
v 0.228001 0.001987 -0.048848
v 0.219832 0.014833 -0.052690
v 0.230781 0.012731 -0.038511
v 0.205529 -0.025317 -0.074213
v 0.199952 -0.025150 -0.059801
v 0.203624 0.011959 -0.059222
v 0.207178 0.015795 -0.063760
v 0.205801 0.010124 -0.060978
v 0.202151 0.008760 -0.059520
v 0.212783 -0.005937 -0.070392
v 0.211543 -0.001379 -0.065086
v 0.204344 0.001337 -0.063821
v 0.202873 -0.001331 -0.068636
v 0.204161 0.008351 -0.059998
v 0.196162 0.019789 -0.073135
v 0.200420 -0.107585 -0.135501
v 0.217277 0.000606 -0.058743
v 0.222949 0.007659 -0.049189
v 0.214528 0.003844 -0.060233
v -0.025662 0.059524 -0.120471
v -0.029377 0.048204 -0.145517
v -0.014509 0.114033 -0.127706
v -0.013288 0.088773 -0.106763
v 0.191204 -0.087351 -0.080247
v 0.194593 -0.088076 -0.086224
v 0.201481 0.008233 -0.060334
v 0.199141 0.006607 -0.061397
v 0.197335 0.001831 -0.062578
v 0.198738 0.002319 -0.072715
v 0.220263 -0.028360 -0.066624
v 0.217129 -0.040352 -0.056173
v 0.197117 -0.097039 -0.181111
v 0.179981 -0.073835 -0.137919
v 0.199629 0.002981 -0.061585
v 0.199062 0.004282 -0.059439
v 0.199140 0.003009 -0.060165
v 0.197952 0.001466 -0.066554
v 0.170662 -0.152473 -0.101746
v 0.223204 -0.014044 -0.057963
v 0.212691 -0.015977 -0.065402
v 0.213501 -0.008842 -0.065262
v 0.207214 -0.039231 -0.047375
v 0.208143 -0.024512 -0.049166
v 0.197039 -0.026870 -0.046857
v 0.198626 -0.037477 -0.044786
v 0.164036 -0.135511 -0.102540
v 0.204316 -0.023616 -0.099265
v 0.213304 -0.028856 -0.103070
v 0.191450 0.004550 -0.080556
v 0.194326 0.002386 -0.067413
v 0.204119 -0.079029 -0.082990
v 0.206548 0.012009 -0.078825
v 0.207472 0.007783 -0.077876
v 0.206771 0.008832 -0.075675
v 0.207222 0.011855 -0.074106
v 0.208394 0.017300 -0.070141
v 0.204559 0.022503 -0.071983
v 0.206990 0.015857 -0.077471
v 0.205904 -0.005062 -0.070967
v 0.206760 -0.003934 -0.069788
v 0.171448 -0.110486 -0.100533
v 0.161400 -0.134524 -0.101567
v 0.218618 -0.062682 -0.059503
v 0.224718 -0.060539 -0.053752
v 0.210315 -0.046456 -0.080191
v 0.206452 -0.026897 -0.079517
v 0.216640 -0.031281 -0.086897
v 0.218064 -0.049530 -0.089069
v 0.223582 -0.061707 -0.126912
v 0.222671 -0.064412 -0.147345
v 0.208532 -0.041237 -0.092000
v 0.212435 -0.030311 -0.077159
v 0.189365 -0.001024 -0.079107
v 0.191256 0.003689 -0.073329
v 0.211325 -0.088425 -0.105749
v 0.196627 -0.109285 -0.100271
v 0.206942 -0.093823 -0.099725
v 0.193439 -0.109371 -0.106828
v 0.190059 -0.111446 -0.103140
v 0.190855 -0.113810 -0.100316
v 0.211300 -0.075756 -0.060870
v 0.218188 -0.071229 -0.056674
v 0.204980 -0.036515 -0.116282
v 0.201085 -0.039852 -0.122738
v 0.199419 -0.037932 -0.116565
v 0.230719 -0.026507 -0.066490
v 0.229459 -0.043338 -0.060245
v 0.208646 0.005229 -0.062336
v 0.216475 -0.023403 -0.091868
v 0.216483 -0.013242 -0.076545
v 0.213079 0.014609 -0.055126
v 0.209182 0.010608 -0.057546
v 0.211086 0.007327 -0.059959
v 0.215214 0.008661 -0.056936
v 0.176999 -0.062108 -0.128733
v 0.180386 -0.068153 -0.121890
v 0.188362 -0.061344 -0.117629
v 0.205737 0.018800 -0.067931
v 0.208959 0.012131 -0.066974
v 0.217016 -0.017742 -0.088381
v 0.202496 0.003165 -0.066421
v 0.204889 -0.001251 -0.067201
v 0.195295 0.006900 -0.153579
v 0.199554 0.007183 -0.128650
v 0.197933 0.011563 -0.116414
v 0.191282 0.018015 -0.131594
v 0.181167 -0.123248 -0.101030
v 0.184685 -0.124176 -0.101487
v 0.188204 -0.117313 -0.100491
v 0.186251 -0.116380 -0.100976
v 0.178023 -0.088676 -0.117441
v 0.174151 -0.087175 -0.122051
v 0.216559 -0.062031 -0.062058
v 0.218591 -0.063716 -0.060818
v 0.218571 -0.053275 -0.061368
v 0.212703 -0.049840 -0.059304
v 0.197672 -0.009348 -0.084730
v 0.194641 -0.013495 -0.088819
v 0.201896 -0.000405 -0.106817
v 0.205219 0.004138 -0.101596
v 0.204028 0.012627 -0.098775
v 0.199956 0.007883 -0.105849
v 0.210494 -0.012583 -0.083588
v 0.209557 -0.004461 -0.066164
v 0.214219 -0.006012 -0.062463
v 0.205222 -0.002251 -0.068375
v 0.200968 -0.003283 -0.074458
v 0.212949 -0.010096 -0.079609
v 0.203943 0.017483 -0.056767
v 0.204917 0.025169 -0.063668
v 0.208109 0.022180 -0.066469
v 0.204137 0.016703 -0.056715
v 0.201921 0.005713 -0.059530
v 0.053140 -0.050852 -0.341397
v 0.057184 -0.052843 -0.369621
v -0.097471 0.095935 0.038925
v -0.114882 0.092135 0.029917
v -0.116659 0.077372 0.042254
v -0.100906 0.078929 0.054026
v 0.208529 0.023167 -0.067439
v 0.204180 0.023496 -0.080997
v 0.207917 0.026644 -0.077703
v 0.208226 0.024970 -0.068764
v 0.207967 0.009114 -0.072603
v 0.206043 -0.000719 -0.071932
v 0.217286 -0.033170 -0.107597
v 0.208302 -0.039366 -0.119587
v 0.178832 -0.042116 -0.133161
v 0.181261 -0.039198 -0.130325
v 0.183062 -0.039708 -0.135771
v 0.182858 -0.041212 -0.141236
v 0.183356 -0.063582 -0.147767
v 0.184760 -0.066203 -0.136703
v 0.180792 -0.069982 -0.129623
v 0.179688 -0.066868 -0.138741
v 0.174043 -0.050021 -0.137426
v 0.176740 -0.045814 -0.136209
v 0.178971 -0.047048 -0.142931
v 0.175319 -0.052989 -0.144947
v 0.207449 0.022322 -0.066241
v 0.206421 0.022168 -0.070108
v 0.206968 -0.007125 -0.061329
v 0.207303 -0.012459 -0.052826
v 0.206471 0.010507 -0.076667
v 0.206167 0.005555 -0.075293
v 0.206386 -0.063802 -0.090716
v 0.206646 -0.063837 -0.097867
v 0.205150 -0.069072 -0.097483
v 0.208589 -0.004540 -0.068384
v 0.213398 0.000548 -0.080818
v 0.157852 -0.126394 -0.107110
v 0.154662 -0.131056 -0.108747
v -0.001133 -0.038398 -0.018316
v 0.013676 -0.015190 -0.054136
v 0.002704 0.015365 -0.047238
v -0.012892 -0.005758 -0.014698
v 0.220309 0.019841 -0.043001
v 0.210568 0.022422 -0.052032
v 0.171683 -0.056863 -0.132884
v 0.170868 -0.056202 -0.135833
v 0.176921 -0.062022 -0.134466
v 0.189711 -0.049572 -0.121650
v 0.181010 -0.045397 -0.126801
v 0.188764 -0.054438 -0.151727
v 0.192708 -0.037624 -0.132037
v 0.192356 -0.037372 -0.124301
v 0.176521 -0.084047 -0.113032
v 0.175168 -0.086768 -0.119466
v 0.178774 -0.089835 -0.110372
v 0.174105 -0.057079 -0.140409
v 0.194069 0.001765 -0.086419
v 0.196651 -0.052744 -0.137651
v 0.194231 -0.058795 -0.132204
v 0.184160 -0.067956 -0.132058
v 0.190367 -0.061471 -0.141363
v 0.195619 -0.091809 -0.070318
v 0.200115 -0.082815 -0.068688
v 0.179770 -0.072787 -0.121627
v 0.186274 -0.077088 -0.109725
v 0.218442 -0.025272 -0.101035
v 0.213971 -0.017151 -0.088123
v 0.207061 -0.035720 -0.115380
v 0.200539 -0.046713 -0.130666
v 0.203956 -0.051703 -0.129089
v 0.191416 -0.045365 -0.120589
v 0.199598 -0.046314 -0.114554
v 0.199334 -0.042361 -0.115496
v 0.192063 -0.041731 -0.120453
v 0.212283 -0.002697 -0.061028
v 0.222652 0.019575 -0.040436
v 0.223289 0.015102 -0.043897
v 0.215287 0.001097 -0.189332
v 0.222963 -0.024367 -0.200366
v 0.201044 -0.003968 -0.160015
v 0.193947 -0.046586 -0.146868
v 0.182902 -0.037161 -0.128842
v 0.184481 -0.041265 -0.126499
v 0.209098 -0.074383 -0.059733
v 0.177149 -0.093983 -0.109271
v 0.198260 -0.009145 -0.079680
v 0.212495 -0.058062 -0.084477
v 0.211862 -0.070143 -0.083034
v 0.192592 -0.002943 -0.076501
v 0.194230 0.000655 -0.074630
v 0.173979 -0.088121 -0.122438
v 0.177795 -0.089835 -0.114796
v 0.195787 0.001018 -0.071474
v 0.205028 -0.065711 -0.104002
v 0.216206 -0.003328 -0.062177
v 0.184726 -0.120974 -0.098054
v 0.182678 -0.129630 -0.101301
v 0.183672 -0.043047 -0.125421
v 0.179959 -0.066755 -0.129574
v 0.194666 -0.042768 -0.138244
v 0.205299 -0.054869 -0.111274
v 0.201086 -0.060927 -0.110277
v 0.208337 -0.058875 -0.103643
v 0.195982 -0.068204 -0.096378
v 0.188048 -0.063462 -0.115577
v 0.198257 -0.056851 -0.104364
v 0.206519 -0.056320 -0.079029
v 0.204448 -0.082971 -0.083941
v 0.197004 -0.099698 -0.092955
v 0.196365 -0.105024 -0.093071
v 0.202335 -0.083950 -0.079387
v 0.208184 0.040315 -0.227075
v 0.208624 0.020723 -0.168284
v 0.203449 0.061891 -0.193141
v 0.209853 0.008008 -0.096460
v 0.209015 0.001427 -0.095043
v 0.216040 0.002717 -0.091506
v 0.191011 0.020319 -0.096297
v 0.194696 0.013069 -0.102884
v 0.202656 0.018198 -0.085522
v 0.201015 -0.043766 -0.069439
v 0.214384 -0.006614 -0.064042
v 0.215126 -0.006331 -0.066812
v 0.212478 -0.084410 -0.109292
v 0.204738 -0.068948 -0.067865
v 0.217544 -0.064224 -0.056428
v 0.207700 0.018031 -0.075515
v 0.206424 0.021136 -0.068045
v 0.008407 -0.130332 0.128625
v 0.005333 -0.089624 0.109096
v 0.010416 -0.043821 0.062599
v 0.012615 -0.044571 0.059538
v 0.009672 -0.040373 0.056529
v 0.008907 -0.040383 0.057882
v 0.007451 -0.064268 0.060393
v 0.006281 -0.061256 0.058917
v 0.010641 -0.062209 0.058409
v 0.011436 -0.065374 0.059007
v 0.006934 -0.039425 0.055950
v 0.002611 -0.042398 0.062984
v 0.006234 -0.043238 0.064271
v 0.007893 -0.039967 0.056790
v 0.215604 0.021491 -0.080945
v 0.017358 -0.065697 0.062358
v 0.016055 -0.060219 0.060345
v 0.016782 -0.058933 0.065517
v 0.022144 -0.063303 0.068307
v -0.002015 -0.060296 0.077533
v 0.002650 -0.055004 0.079654
v -0.003227 -0.056452 0.071729
v -0.005068 -0.061433 0.067607
v 0.009592 -0.054450 0.079898
v 0.015498 -0.056842 0.087661
v 0.019420 -0.056104 0.082950
v 0.013570 -0.055579 0.077204
v 0.001396 -0.052227 0.063045
v 0.002027 -0.057489 0.064410
v -0.000411 -0.049875 0.070527
v 0.016516 -0.053430 0.061134
v 0.016247 -0.056055 0.058223
v 0.013285 -0.046097 0.057567
v 0.012794 -0.046186 0.057591
v 0.017183 -0.059077 -0.019934
v 0.032279 -0.029202 -0.058736
v 0.094922 -0.003501 0.097967
v 0.089390 -0.012332 0.094632
v 0.073743 -0.010755 0.085787
v 0.078664 -0.003266 0.088988
v 0.210763 -0.052908 -0.098870
v 0.208150 -0.049304 -0.095418
v 0.211212 -0.005971 -0.088894
v 0.205424 0.016048 -0.079961
v 0.211040 0.012954 -0.095820
v 0.209652 0.021248 -0.087434
v 0.207796 0.016594 -0.092210
v 0.206797 0.009833 -0.097628
v 0.209185 0.008571 -0.079028
v 0.171339 -0.102695 -0.110522
v 0.230355 -0.015836 -0.054606
v 0.208787 0.024199 -0.082468
v 0.214920 0.027246 -0.079749
v 0.208210 -0.038669 -0.054387
v 0.209501 0.002803 -0.074651
v 0.205896 0.004682 -0.074308
v 0.213585 0.017846 -0.052706
v 0.210690 -0.045085 -0.084705
v 0.215519 -0.040309 -0.047822
v 0.213949 -0.047160 -0.060851
v -0.214910 0.002312 -0.045013
v -0.214609 -0.005601 -0.035730
v -0.216436 -0.006789 -0.032621
v -0.216502 -0.001505 -0.034021
v -0.218103 -0.029500 -0.047351
v -0.221472 -0.010104 -0.052168
v -0.222564 -0.003950 -0.053619
v -0.220877 -0.011085 -0.047466
v 0.209468 -0.052414 -0.091453
v 0.203697 -0.018359 -0.093983
v 0.211267 -0.074878 -0.076280
v 0.180662 -0.120263 -0.085513
v -0.219481 -0.066688 -0.038772
v -0.212189 -0.062287 -0.045003
v -0.216544 -0.050180 -0.043726
v -0.224824 -0.051058 -0.033641
v 0.193359 -0.104806 -0.069292
v 0.092400 -0.064343 -0.330336
v 0.102766 -0.062139 -0.354692
v 0.196150 -0.040562 -0.055689
v 0.211020 0.019436 -0.065829
v 0.167855 -0.110116 -0.111441
v 0.156274 -0.133289 -0.107847
v 0.163909 -0.121508 -0.108619
v 0.210020 -0.003856 -0.064243
v 0.212803 -0.085196 -0.121412
v 0.213761 -0.081499 -0.130938
v 0.184153 -0.037485 -0.134922
v 0.200684 -0.096963 -0.096991
v 0.189805 -0.112993 -0.096585
v 0.031437 -0.006259 -0.090423
v 0.051527 0.013414 -0.127889
v -0.145280 -0.167819 -0.041185
v -0.144805 -0.154322 -0.050966
v -0.158622 -0.168203 -0.047556
v -0.152002 -0.178846 -0.040832
v 0.027741 0.035361 -0.115929
v 0.011583 0.010849 -0.087956
v 0.209861 -0.037809 -0.072834
v 0.206221 -0.055162 -0.083977
v 0.208230 -0.059786 -0.078947
v 0.029617 -0.126513 0.086781
v 0.002775 -0.083997 0.072478
v 0.191165 -0.066483 -0.063517
v 0.165403 -0.060207 -0.027329
v 0.193301 -0.024865 -0.029603
v 0.188489 -0.041828 -0.058300
v 0.154824 0.049957 0.054246
v 0.150338 0.051178 0.038171
v 0.167208 0.031460 0.049645
v 0.171754 0.034502 0.064348
v 0.041551 0.215716 0.078512
v 0.011175 0.217743 0.077476
v 0.011070 0.234807 0.085773
v 0.041094 0.231080 0.079646
v 0.106847 -0.068492 -0.371587
v 0.109040 -0.061778 -0.388886
v 0.057481 -0.058421 -0.405405
v 0.057561 -0.060368 -0.386994
v 0.029738 0.259525 -0.006435
v 0.001081 0.267118 0.004593
v -0.001383 0.274268 -0.030472
v -0.149537 -0.155961 -0.044042
v -0.161560 -0.158893 -0.056549
v -0.163749 -0.140528 -0.058979
v -0.156840 -0.138437 -0.049194
v 0.027428 0.265761 -0.040584
v 0.162117 -0.007974 0.092116
v 0.171425 -0.021777 0.097105
v 0.159814 -0.024787 0.102526
v 0.152514 -0.009712 0.097969
v 0.152563 -0.149608 -0.105297
v 0.153171 -0.139394 -0.109410
v -0.205052 0.042467 -0.057488
v -0.200162 0.039312 -0.055579
v -0.195566 0.041071 -0.056436
v -0.205143 0.042986 -0.056973
v -0.191570 -0.050077 -0.068686
v -0.182359 -0.064798 -0.063758
v -0.201127 -0.055748 -0.060732
v -0.209731 -0.052853 -0.062021
v -0.003069 0.279105 -0.069476
v 0.026293 0.270319 -0.077992
v 0.012920 0.012084 0.065487
v -0.206502 0.021403 -0.055223
v -0.209046 0.020296 -0.057962
v -0.213079 0.012566 -0.054103
v -0.211054 0.010994 -0.050639
v -0.211213 0.004710 -0.055813
v -0.211552 -0.003244 -0.048110
v -0.136010 -0.123515 -0.053769
v -0.151745 -0.103461 -0.046584
v -0.162094 -0.097720 -0.045016
v -0.147167 -0.109805 -0.052709
v -0.214211 -0.056022 -0.041914
v -0.208916 -0.040679 -0.044785
v -0.198530 -0.106148 -0.050093
v -0.204133 -0.099588 -0.044883
v -0.215474 -0.082469 -0.039739
v -0.213711 -0.087392 -0.044861
v 0.015103 0.018232 0.061259
v 0.028279 0.009049 0.065614
v 0.025819 0.002428 0.067222
v 0.009041 0.138158 0.075360
v 0.008868 0.159253 0.077568
v 0.032746 0.160939 0.083843
v 0.030226 0.139911 0.084962
v 0.045317 0.002427 0.072968
v 0.041213 -0.003108 0.072416
v 0.007701 0.248145 0.062247
v 0.037446 0.242949 0.052942
v 0.021967 0.267989 -0.224496
v -0.190602 -0.082636 -0.044259
v -0.199560 -0.069209 -0.045371
v -0.202734 -0.067372 -0.047109
v -0.199872 -0.075774 -0.045281
v 0.023836 0.272371 -0.199189
v -0.006625 0.279668 -0.200904
v -0.202660 0.026704 -0.062112
v -0.197874 0.036280 -0.057813
v -0.196658 0.035133 -0.055530
v -0.203979 0.023525 -0.055761
v -0.004172 0.273374 -0.236373
v 0.203338 -0.064090 -0.259330
v 0.219379 -0.073631 -0.200717
v 0.222769 -0.045418 -0.210980
v 0.208732 -0.028417 -0.268886
v 0.026560 -0.100358 0.041505
v -0.001539 -0.065276 0.029239
v -0.214627 -0.029009 -0.063908
v -0.209188 -0.016950 -0.070842
v -0.209281 -0.022065 -0.070617
v -0.213525 -0.031454 -0.067181
v -0.216337 0.014569 -0.056040
v -0.219562 0.008498 -0.055180
v -0.217747 0.004925 -0.051970
v -0.180723 0.018617 -0.048191
v -0.182736 0.023484 -0.055214
v -0.183173 0.019508 -0.056923
v -0.184599 0.016042 -0.054177
v -0.165003 -0.166833 -0.053831
v -0.174959 -0.094394 -0.058951
v -0.180122 -0.092790 -0.056982
v -0.188522 -0.079812 -0.055843
v -0.183247 -0.075541 -0.061317
v 0.121802 0.109548 0.046964
v 0.122781 0.123175 0.035532
v 0.127270 0.102537 0.026180
v 0.130592 0.091929 0.042650
v 0.007311 0.106411 0.072960
v 0.025987 0.106623 0.085304
v 0.020844 0.091863 0.078642
v 0.005245 0.091284 0.070324
v -0.143378 -0.148688 -0.031882
v -0.141249 -0.149843 -0.043205
v -0.141381 -0.156940 -0.044313
v -0.141837 -0.165512 -0.034987
v 0.181911 0.019240 0.073245
v 0.179944 0.013003 0.060626
v 0.182318 -0.002681 0.074674
v 0.177635 0.005532 0.081179
v 0.168315 -0.003789 0.087460
v -0.185476 0.029774 -0.052682
v -0.191875 0.027990 -0.053334
v -0.186219 0.026896 -0.056025
v -0.181525 0.027859 -0.054853
v 0.177003 -0.017383 0.089834
v -0.219265 -0.014523 -0.049632
v -0.215968 0.002353 -0.048266
v 0.037714 0.190322 0.085673
v 0.010102 0.189158 0.080260
v 0.134911 0.077414 0.025990
v 0.140101 0.070737 0.044326
v 0.002244 0.018558 0.061770
v 0.006300 0.024792 0.057799
v -0.001441 0.035639 0.049605
v -0.213480 -0.036817 -0.042195
v -0.216156 -0.037344 -0.046357
v -0.212344 -0.048240 -0.045534
v -0.205358 -0.046322 -0.041822
v -0.003344 0.036233 0.060621
v -0.005302 0.043841 0.050676
v -0.003371 0.046569 0.047660
v 0.075576 0.138050 0.079866
v 0.081910 0.159521 0.077265
v 0.100695 0.153816 0.064486
v 0.094953 0.133788 0.070066
v 0.033379 0.251929 0.024438
v -0.211535 -0.014862 -0.041781
v -0.218228 -0.017034 -0.046535
v 0.004210 0.258439 0.035179
v -0.000335 0.069608 0.066229
v 0.007840 0.072820 0.061622
v -0.000595 0.063906 0.051629
v -0.216102 -0.002693 -0.041195
v -0.219997 -0.016324 -0.042678
v -0.217900 0.001014 -0.048296
v -0.210574 -0.014186 -0.086966
v -0.213433 -0.011843 -0.107638
v -0.208756 -0.027054 -0.099551
v -0.211985 -0.022333 -0.082884
v -0.003843 0.060841 0.056533
v 0.057392 -0.007692 0.078762
v 0.061329 -0.001534 0.080510
v 0.191550 -0.100732 -0.106841
v 0.177751 -0.123377 -0.105690
v 0.178680 0.007436 -0.063612
v 0.190054 -0.016706 -0.058937
v 0.188760 0.003997 -0.035179
v 0.169486 0.030962 -0.047435
v 0.175303 0.055346 -0.063265
v 0.182813 0.074463 -0.083791
v 0.190446 0.033012 -0.085082
v 0.173113 0.025673 -0.071292
v 0.045363 0.056660 -0.147841
v 0.064669 0.032269 -0.165156
v 0.001826 0.028210 0.066093
v 0.002838 0.019639 0.071509
v 0.051087 0.011981 -0.443667
v -0.184752 -0.076778 -0.038981
v -0.193485 -0.067489 -0.039869
v -0.188535 -0.073580 -0.041182
v -0.176963 -0.085012 -0.041271
v 0.054260 -0.014138 -0.436476
v 0.107669 -0.007983 -0.414727
v 0.103405 0.018796 -0.420441
v 0.196093 -0.079963 -0.243963
v -0.190225 -0.089135 -0.056152
v -0.181013 -0.098250 -0.056792
v -0.180370 -0.102011 -0.056698
v -0.189464 -0.096332 -0.055725
v 0.209750 -0.087876 -0.190385
v 0.014930 -0.050692 0.065428
v 0.010324 -0.039030 0.055834
v 0.010606 -0.046564 0.058019
v 0.011129 -0.037982 0.055993
v 0.016869 -0.056274 0.072491
v 0.022882 -0.059493 0.077099
v 0.010184 -0.057263 0.057129
v 0.007799 -0.056026 0.058240
v 0.009021 -0.045320 0.058549
v 0.010043 -0.039935 0.055749
v -0.006458 -0.064930 0.078906
v -0.002817 -0.063823 0.090356
v 0.006701 -0.060127 0.091892
v 0.000624 -0.062819 0.083495
v 0.007207 -0.038167 0.057353
v 0.004400 -0.044150 0.061047
v 0.002349 -0.049118 0.074343
v 0.008394 -0.043615 0.064257
v 0.008347 -0.040313 0.057486
v 0.008073 -0.048680 0.073582
v -0.002307 -0.062693 0.062297
v 0.011617 -0.049686 0.070088
v -0.199914 0.027901 -0.051393
v -0.205030 0.015816 -0.046382
v -0.196848 0.018656 -0.051723
v -0.181154 -0.094886 -0.041845
v -0.186465 -0.084498 -0.041616
v -0.185156 -0.093809 -0.043858
v -0.174183 -0.109782 -0.048211
v 0.194336 -0.077804 -0.079516
v 0.071304 -0.057077 -0.050718
v 0.147093 -0.068466 -0.074267
v 0.122457 -0.055670 -0.089710
v -0.182114 -0.137029 -0.054477
v -0.179851 -0.145789 -0.065038
v -0.170263 -0.152264 -0.056841
v -0.173375 -0.151990 -0.055062
v -0.162449 -0.096783 -0.046181
v -0.172665 -0.088352 -0.042271
v -0.216724 -0.026730 -0.055691
v -0.212690 -0.011705 -0.063560
v 0.067067 -0.040383 -0.070933
v 0.216864 -0.007525 -0.058248
v 0.141913 0.114009 -0.026897
v 0.157908 0.138680 -0.049453
v 0.173101 0.106514 -0.073317
v -0.208457 0.009080 -0.047789
v -0.212071 0.000968 -0.045786
v 0.168243 0.081775 -0.052691
v 0.157010 0.157582 -0.078521
v 0.172494 0.128765 -0.101994
v 0.184098 0.093978 -0.120252
v 0.200677 0.033942 -0.144988
v 0.111323 0.024948 0.081248
v 0.112261 0.025038 0.080651
v 0.107815 0.024806 0.082240
v -0.202215 -0.039811 -0.042361
v -0.200592 -0.040473 -0.043075
v -0.202873 -0.043983 -0.041148
v -0.205946 -0.043714 -0.041874
v 0.107538 0.024876 0.083235
v 0.111515 0.022640 0.078982
v 0.105911 0.025070 0.080614
v -0.198836 -0.039360 -0.044941
v -0.203828 -0.043711 -0.042445
v -0.199891 -0.043513 -0.043624
v -0.197659 -0.041086 -0.044371
v 0.116661 0.018489 0.078256
v 0.114562 0.024423 0.080079
v 0.116059 0.024631 0.079166
v 0.063454 0.029227 0.080578
v 0.063347 0.027662 0.079259
v 0.070820 0.022450 0.083134
v 0.070263 0.027560 0.083381
v 0.063492 0.028851 0.078965
v 0.070888 0.027476 0.082101
v -0.201334 -0.042625 -0.036648
v -0.201303 -0.042092 -0.039802
v -0.200466 -0.039635 -0.040245
v -0.183525 -0.011854 -0.062736
v -0.183572 -0.035301 -0.058682
v -0.185229 -0.043295 -0.067362
v -0.193736 -0.026356 -0.060029
v 0.071954 0.024790 0.067673
v 0.069284 0.026330 0.065475
v -0.217214 -0.035077 -0.048355
v 0.075628 0.023501 0.070670
v 0.053472 0.026301 0.072858
v 0.055132 0.035187 0.069235
v -0.201688 0.037049 -0.049000
v -0.205004 0.042496 -0.050961
v -0.209184 0.046911 -0.061502
v 0.069862 0.035758 0.065318
v 0.067883 0.028103 0.064819
v 0.055351 0.024131 0.073310
v -0.191096 -0.070284 -0.044517
v -0.188575 -0.076353 -0.044831
v -0.188457 -0.078054 -0.043733
v -0.191599 -0.072196 -0.043268
v -0.200625 -0.061313 -0.041696
v -0.192712 -0.068289 -0.043150
v -0.198302 -0.064940 -0.040694
v -0.188204 -0.017899 -0.054399
v -0.199077 -0.035213 -0.043115
v -0.197252 -0.036650 -0.045906
v -0.192797 -0.034029 -0.049512
v -0.219422 -0.069302 -0.040397
v -0.222598 -0.053753 -0.037782
v -0.217712 -0.054678 -0.040873
v -0.213931 -0.073039 -0.048817
v 0.051777 0.026321 0.071644
v 0.049899 0.030714 0.069064
v -0.141639 -0.132040 -0.040875
v -0.154218 -0.125442 -0.034220
v -0.148913 -0.110731 -0.037325
v -0.212944 0.027750 -0.063741
v -0.213520 0.031489 -0.072210
v -0.213326 0.023127 -0.069413
v -0.213795 0.018903 -0.058795
v -0.189976 -0.013399 -0.050268
v -0.193650 -0.022133 -0.047105
v -0.191017 -0.018172 -0.047674
v -0.186663 -0.007358 -0.050066
v 0.051675 0.036208 0.061862
v 0.084905 0.025378 0.081923
v 0.085857 0.024309 0.082705
v 0.073222 0.026080 0.081379
v 0.072089 0.027497 0.081288
v 0.083917 0.025765 0.082633
v 0.093407 0.025493 0.082356
v 0.093989 0.025031 0.081188
v 0.094914 0.023891 0.082521
v -0.120293 -0.073625 -0.209869
v -0.140742 -0.080244 -0.133410
v -0.168197 -0.069376 -0.162089
v -0.148234 -0.070252 -0.226976
v -0.182832 -0.121329 -0.045816
v -0.170343 -0.137382 -0.052203
v -0.189198 0.006692 -0.059139
v -0.195374 0.008230 -0.062541
v -0.205614 0.023950 -0.062424
v -0.194226 0.019462 -0.058720
v 0.064784 0.028496 0.079916
v 0.064483 0.029382 0.079178
v 0.095774 0.023375 0.084494
v 0.087203 0.023477 0.084639
v -0.213753 -0.020598 -0.036824
v -0.217627 -0.019979 -0.033028
v 0.074154 0.024916 0.082224
v 0.064827 0.027715 0.079330
v 0.057262 0.030344 0.075677
v 0.060535 0.030269 0.077648
v 0.088431 0.023008 0.087212
v 0.089284 0.020381 0.090141
v 0.075344 0.021740 0.088065
v 0.074952 0.023644 0.085475
v -0.185700 0.029939 -0.048738
v -0.191016 0.035011 -0.052587
v -0.186805 0.029248 -0.050950
v -0.182240 0.027168 -0.050140
v -0.200815 0.001097 -0.052875
v -0.201876 0.006442 -0.051980
v -0.192591 0.010510 -0.050299
v -0.192219 0.005333 -0.052049
v 0.096652 0.022735 0.085810
v 0.098137 0.021323 0.088335
v -0.200541 0.016695 -0.071653
v -0.201820 0.034162 -0.079265
v 0.122370 0.024268 0.077708
v 0.125013 0.024470 0.077050
v 0.126580 0.023987 0.078054
v -0.168097 -0.086253 -0.059119
v 0.124456 0.023897 0.077652
v 0.141870 0.020217 0.080810
v 0.150693 0.022275 0.084949
v 0.158086 0.021796 0.085772
v -0.198289 0.005620 -0.050845
v -0.198063 0.014646 -0.054134
v -0.202749 0.010931 -0.053525
v -0.163255 -0.092770 -0.041481
v -0.169304 -0.090285 -0.043317
v -0.180157 0.028492 -0.050445
v -0.179558 0.025232 -0.051091
v -0.180045 0.014282 -0.046270
v -0.184508 0.012068 -0.051952
v 0.150242 0.018792 0.082163
v -0.195206 -0.003070 -0.044921
v -0.201884 -0.030784 -0.040176
v 0.174009 0.000657 0.083368
v 0.157384 0.012871 0.084347
v 0.163973 0.015873 0.084558
v 0.119325 0.024362 0.077454
v 0.116404 0.024271 0.078125
v 0.118638 0.024198 0.078633
v 0.121187 0.024147 0.077945
v 0.121353 0.023586 0.077995
v 0.117399 0.023482 0.077725
v 0.112861 0.024716 0.079465
v 0.112863 0.023779 0.077978
v 0.108271 0.023879 0.079811
v 0.107787 0.024626 0.080249
v 0.101814 0.024796 0.081001
v -0.182017 -0.079568 -0.098470
v -0.138975 -0.063078 -0.063220
v 0.102563 0.024809 0.082835
v 0.102594 0.023665 0.081768
v 0.109401 0.023413 0.080692
v 0.103790 0.023155 0.083006
v 0.114321 0.023276 0.079143
v 0.119719 0.022963 0.078689
v 0.124150 0.023013 0.078627
v 0.127584 0.022958 0.078477
v 0.130063 0.023658 0.078625
v 0.126924 0.022485 0.079026
v 0.131176 0.021187 0.079738
v 0.125795 0.021330 0.081062
v 0.122104 0.022639 0.079404
v 0.131179 0.022452 0.078723
v 0.136084 0.021460 0.079248
v -0.186041 0.013428 -0.048510
v -0.183509 0.016734 -0.046655
v -0.182772 0.014494 -0.045691
v -0.185813 0.009513 -0.050189
v 0.117613 0.022414 0.080702
v 0.119921 0.021627 0.082193
v 0.113088 0.021522 0.084659
v 0.111529 0.022530 0.083036
v -0.162138 -0.151881 -0.053872
v -0.194202 0.012092 -0.050673
v -0.184962 0.012725 -0.057185
v -0.188634 0.013100 -0.053779
v 0.104789 0.023010 0.083793
v 0.107376 0.021448 0.087099
v -0.223409 -0.039539 -0.039110
v -0.224676 -0.020865 -0.035997
v -0.223911 -0.021449 -0.033066
v -0.226782 -0.039864 -0.032357
v 0.083136 0.024589 0.086300
v 0.081375 0.023764 0.087032
v 0.091045 0.025132 0.088275
v 0.093196 0.024887 0.085675
v 0.102336 0.024788 0.084656
v -0.145864 -0.147221 -0.040744
v -0.197473 -0.024140 -0.047921
v -0.201505 -0.028699 -0.046564
v 0.100717 0.024802 0.083537
v 0.093031 0.020323 0.086232
v 0.088796 0.023307 0.074553
v 0.092410 0.023453 0.073781
v 0.100951 0.018495 0.083216
v -0.186344 0.007827 -0.054777
v -0.182029 0.008524 -0.048158
v 0.084147 0.020225 0.086443
v 0.084486 0.023178 0.074497
v 0.074358 0.019973 0.083338
v -0.178119 -0.077819 -0.040950
v 0.079843 0.023116 0.073088
v 0.066009 0.021874 0.080102
v 0.094289 0.054788 0.075625
v 0.093151 0.055097 0.080436
v 0.109802 0.050041 0.086500
v 0.108308 0.049831 0.080965
v 0.143349 -0.060685 -0.360128
v 0.144636 -0.032040 -0.375472
v 0.110589 -0.039254 -0.404431
v 0.118948 0.045315 0.090670
v 0.117772 0.046484 0.089170
v 0.126978 0.041693 0.091191
v 0.126320 0.040243 0.090706
v 0.117352 0.042664 0.089957
v -0.209069 0.029375 -0.062371
v -0.212795 0.021420 -0.058015
v -0.205309 0.026429 -0.060522
v -0.203257 0.029900 -0.059763
v -0.199986 0.035737 -0.058542
v -0.198204 0.037458 -0.059261
v -0.205558 0.034257 -0.062863
v -0.186442 0.009093 -0.051896
v -0.185576 0.013987 -0.054736
v 0.124097 0.038029 0.089656
v 0.109163 0.048010 0.089959
v -0.170187 -0.109537 -0.047727
v -0.158912 -0.131026 -0.052080
v -0.202653 -0.057851 -0.045831
v -0.199273 -0.056012 -0.039774
v -0.213890 -0.041910 -0.046125
v -0.207958 -0.021116 -0.046057
v -0.211441 -0.022879 -0.052321
v -0.216157 -0.043128 -0.051239
v 0.109749 0.050695 0.089524
v 0.108449 0.050696 0.085538
v 0.117540 0.039478 0.079126
v 0.115490 0.039918 0.078753
v -0.213931 -0.043674 -0.065087
v -0.206970 -0.043062 -0.073500
v -0.190379 -0.038812 -0.050151
v -0.187156 -0.026893 -0.053346
v -0.185481 -0.000791 -0.050457
v -0.183557 0.004698 -0.049011
v -0.200377 -0.082300 -0.056017
v -0.184415 -0.107648 -0.051270
v -0.198923 -0.091535 -0.053995
v -0.173439 -0.110522 -0.053846
v -0.169700 -0.114431 -0.051037
v -0.176106 -0.116288 -0.051715
v 0.118740 0.035369 0.081848
v 0.122142 0.036883 0.081744
v 0.119740 0.038777 0.078072
v 0.122671 0.038181 0.080933
v 0.104171 0.036529 0.071612
v 0.102809 0.036595 0.071466
v 0.100803 0.037539 0.071303
v -0.191257 -0.076158 -0.040887
v -0.195880 -0.068861 -0.043704
v 0.105021 0.035757 0.071516
v -0.203929 -0.044927 -0.035423
v -0.203534 -0.051405 -0.034416
v -0.200349 -0.046437 -0.034727
v -0.209556 -0.010277 -0.041506
v -0.210628 -0.033626 -0.039208
v -0.197129 0.013730 -0.052577
v 0.105284 0.033766 0.071195
v -0.200225 -0.023357 -0.048809
v -0.197262 -0.010505 -0.051184
v -0.196786 0.024108 -0.057243
v -0.195896 0.019766 -0.054731
v -0.199033 0.015502 -0.054154
v -0.200541 0.016724 -0.055386
v -0.194440 -0.057930 -0.037319
v -0.196756 -0.063070 -0.033569
v -0.199442 -0.058334 -0.034258
v 0.104953 0.030848 0.070916
v 0.103433 0.029498 0.069878
v 0.182943 -0.037421 0.088496
v 0.181172 -0.011225 0.082513
v -0.197524 0.036380 -0.054818
v -0.200475 0.031096 -0.054231
v -0.207668 -0.008977 -0.058857
v 0.184444 -0.030175 0.078013
v 0.117034 0.023864 0.079137
v -0.184356 0.023782 -0.056283
v -0.184017 0.021241 -0.058266
v 0.119811 0.024326 0.078375
v -0.212383 0.014164 -0.126439
v -0.212876 0.015522 -0.104933
v -0.212286 0.022004 -0.098916
v -0.209822 0.029872 -0.116964
v 0.119021 0.019698 0.077728
v -0.161988 -0.127635 -0.049829
v -0.169707 -0.128404 -0.051597
v -0.171655 -0.121034 -0.050824
v -0.165843 -0.120409 -0.051481
v -0.191488 -0.075934 -0.041826
v -0.191846 -0.074780 -0.043350
v 0.121209 0.022266 0.077253
v -0.207548 -0.057302 -0.048375
v -0.206141 -0.058045 -0.047985
v -0.211440 -0.046940 -0.048958
v -0.211027 -0.044536 -0.048381
v 0.122674 0.024599 0.077369
v 0.124663 0.025074 0.076672
v 0.112375 0.018040 0.077480
v 0.097893 0.024481 0.070268
v 0.100084 0.024671 0.070673
v -0.188350 -0.000083 -0.060198
v -0.187683 -0.011501 -0.053879
v -0.204087 0.005273 -0.080991
v -0.205991 0.016455 -0.080762
v -0.206783 0.027390 -0.081992
v -0.204878 0.016155 -0.084202
v -0.203292 -0.005495 -0.055177
v 0.115378 0.018554 0.077263
v 0.107290 0.020291 0.077651
v 0.095249 0.024111 0.071653
v 0.100278 0.027403 0.070174
v 0.101625 0.028488 0.069805
v -0.186297 0.016068 -0.055148
v -0.187297 0.016285 -0.055638
v 0.115190 0.022283 0.077587
v -0.185526 0.017223 -0.055353
v 0.116817 0.025650 0.076308
v 0.121636 0.024869 0.076393
v -0.191152 0.000846 -0.051195
v -0.200482 -0.004689 -0.053853
v -0.192717 0.026617 -0.053904
v -0.194263 0.037874 -0.055528
v -0.195314 0.035797 -0.058787
v -0.191033 0.028666 -0.050904
v 0.119729 0.027725 0.076497
v 0.120619 0.031935 0.076480
v 0.121884 0.023098 0.078269
v -0.182686 0.022235 -0.046138
v 0.123102 0.028357 0.078878
v 0.118595 0.026431 0.076146
v -0.016793 -0.049946 -0.331571
v -0.025286 -0.051626 -0.359179
v 0.120609 0.036138 0.077373
v 0.123347 0.032714 0.079815
v 0.127983 0.024834 0.077775
v 0.127808 0.025946 0.077905
v 0.132257 0.028157 0.080077
v 0.132041 0.024968 0.079100
v -0.209467 0.039972 -0.058168
v -0.207224 0.040857 -0.070396
v -0.206087 0.044638 -0.065610
v -0.206914 0.042497 -0.057353
v -0.203716 0.027105 -0.058442
v 0.138786 0.025133 0.082141
v 0.134472 0.023427 0.079158
v 0.141845 0.029155 0.086214
v 0.153413 0.028768 0.094383
v -0.214256 0.008145 -0.051281
v -0.210012 -0.037187 -0.045971
v -0.209741 -0.049773 -0.038107
v 0.147904 0.025272 0.086229
v 0.141229 0.023299 0.081434
v 0.126411 0.026110 0.078710
v -0.187595 -0.051406 -0.034539
v -0.187992 -0.050290 -0.035357
v -0.189460 -0.051641 -0.035730
v -0.190015 -0.051969 -0.033986
v 0.126616 0.026753 0.078961
v 0.136979 0.030580 0.086233
v -0.198894 -0.058272 -0.033815
v -0.202572 -0.059729 -0.035589
v -0.200554 -0.061749 -0.035830
v -0.198777 -0.058362 -0.038206
v 0.142911 0.031699 0.090285
v 0.131383 0.029896 0.083037
v 0.130091 0.031747 0.085565
v 0.134660 0.032543 0.088706
v -0.187551 -0.053514 -0.033873
v -0.187453 -0.052438 -0.034023
v -0.189355 -0.053861 -0.034409
v -0.189607 -0.054655 -0.036386
v 0.137709 0.033376 0.090311
v 0.131398 0.035750 0.090004
v -0.195088 0.038993 -0.054800
v -0.198650 0.038184 -0.057723
v 0.133182 0.036907 0.091128
v 0.127671 0.034312 0.087612
v 0.125634 0.028384 0.079941
v -0.214844 -0.000143 -0.037295
v -0.218376 -0.007388 -0.031746
v -0.208331 0.023733 -0.057606
v -0.211556 0.015465 -0.053903
v 0.124640 0.031354 0.081171
v 0.123368 0.034164 0.083707
v 0.120577 0.036658 0.086664
v -0.194655 -0.059443 -0.042793
v -0.201883 -0.058945 -0.041611
v -0.200108 -0.063104 -0.041096
v -0.213876 0.004040 -0.039698
v -0.213799 0.009888 -0.052179
v -0.136913 -0.137454 -0.051593
v -0.138065 -0.140361 -0.047285
v 0.038441 -0.067773 0.003542
v 0.019854 -0.040686 -0.023362
v 0.036806 -0.015877 -0.018095
v 0.044251 -0.038212 0.009072
v -0.198554 0.032177 -0.051815
v -0.205196 0.036956 -0.049439
v 0.115653 0.040064 0.089168
v 0.109855 0.036406 0.082814
v 0.107567 0.045284 0.089178
v -0.188448 -0.056733 -0.039215
v -0.188557 -0.056210 -0.035190
v -0.195857 -0.057548 -0.036831
v -0.195832 -0.053033 -0.036859
v -0.188673 -0.052577 -0.038073
v 0.097505 0.038635 0.081245
v 0.093158 0.056793 0.088935
v 0.112437 0.050552 0.096578
v 0.098762 0.044680 0.081709
v 0.093224 0.041322 0.072906
v 0.089066 0.042083 0.073986
v 0.090932 0.046278 0.082735
v -0.199309 -0.057679 -0.029538
v 0.059929 0.040348 0.072716
v 0.063269 0.046695 0.078955
v -0.196413 -0.052616 -0.032772
v -0.195609 -0.050058 -0.033620
v -0.184735 -0.075885 -0.048594
v -0.191612 -0.074079 -0.045315
v -0.186899 -0.080362 -0.042219
v -0.191697 -0.057650 -0.039459
v -0.187140 0.006084 -0.059070
v 0.074866 0.041509 0.071783
v 0.072295 0.039167 0.068259
v 0.056175 0.039690 0.068882
v 0.060918 0.044539 0.075780
v -0.205317 -0.058181 -0.028791
v -0.206268 -0.061945 -0.037040
v -0.202083 -0.061999 -0.038734
v -0.203414 -0.059143 -0.030520
v -0.184252 -0.092072 -0.044846
v -0.184140 -0.083008 -0.043610
v -0.189594 -0.068856 -0.047989
v -0.189126 -0.069688 -0.045120
v -0.201956 -0.026813 -0.047632
v -0.202027 -0.015913 -0.051276
v -0.205254 -0.042542 -0.040084
v -0.205526 -0.055951 -0.031800
v -0.211147 -0.059168 -0.035823
v -0.195749 -0.051726 -0.037740
v -0.202087 -0.049953 -0.036609
v -0.201533 -0.048171 -0.034975
v -0.195570 -0.050711 -0.036632
v -0.189271 0.021491 -0.058200
v -0.203320 0.030257 -0.048683
v -0.194861 0.023980 -0.057254
v -0.237919 0.010413 -0.157218
v -0.234714 -0.014076 -0.152917
v -0.214381 0.001593 -0.123723
v -0.201425 -0.057919 -0.028304
v -0.187627 -0.051521 -0.035166
v -0.189285 -0.051920 -0.038697
v -0.207726 -0.077106 -0.045776
v -0.177624 -0.089384 -0.044741
v -0.190427 -0.007695 -0.048046
v -0.214592 -0.056022 -0.048712
v -0.210661 -0.072100 -0.053468
v -0.186608 0.000022 -0.048916
v -0.185902 0.003555 -0.050733
v -0.193320 -0.074124 -0.043646
v -0.190129 -0.078362 -0.041431
v -0.186128 0.005863 -0.050850
v -0.204186 -0.060024 -0.039929
v -0.210279 0.013593 -0.047529
v 0.077204 0.050191 0.084230
v 0.082435 0.042267 0.075298
v -0.180953 -0.125888 -0.056680
v -0.172297 -0.135621 -0.056527
v 0.078555 0.042343 0.074170
v -0.189360 -0.051575 -0.038833
v 0.069652 0.050390 0.082890
v -0.198748 -0.060787 -0.033520
v -0.198673 -0.054028 -0.032664
v 0.075816 0.053928 0.083879
v 0.067241 0.051791 0.080153
v 0.090968 0.043716 0.080817
v -0.205370 -0.052512 -0.042516
v -0.203692 -0.057008 -0.040801
v -0.206808 -0.054871 -0.041451
v 0.044979 0.095628 -0.439617
v 0.048499 0.058228 -0.446390
v -0.187431 -0.065598 -0.045409
v -0.182429 -0.060403 -0.052820
v -0.181726 -0.058303 -0.055612
v -0.189603 -0.059036 -0.043213
v -0.204475 -0.088597 -0.055198
v -0.194952 -0.106323 -0.059001
v -0.194316 -0.119259 -0.068959
v -0.203747 -0.094119 -0.058507
v 0.098976 0.062602 -0.423011
v 0.094048 0.095986 -0.417542
v -0.234642 0.049015 -0.204533
v -0.236069 0.031603 -0.146231
v -0.234099 0.071936 -0.177683
v -0.205982 0.020432 -0.073428
v -0.204820 0.011155 -0.068765
v -0.213330 0.013818 -0.063265
v -0.207752 0.038218 -0.094083
v -0.209155 0.028031 -0.093499
v -0.213724 0.036010 -0.079451
v -0.216574 -0.040062 -0.035206
v 0.108364 0.042337 0.080483
v 0.097111 0.039585 0.071803
v 0.119455 0.100659 -0.394979
v 0.113534 0.123454 -0.388328
v 0.090960 0.126345 -0.405042
v 0.082106 -0.056470 -0.241630
v 0.057759 -0.010801 -0.230361
v -0.187783 -0.003567 -0.054920
v -0.196276 -0.002338 -0.049621
v 0.052059 0.040789 0.070355
v -0.199298 -0.075976 -0.056646
v 0.059233 0.042364 0.075232
v -0.189196 -0.071016 -0.039091
v -0.195111 -0.064800 -0.037651
v -0.203555 0.033310 -0.053682
v -0.195477 0.038835 -0.055418
v 0.047215 0.038477 0.067073
v 0.044390 0.037562 0.062185
v 0.049324 0.040727 0.063897
v 0.055761 0.043768 0.067952
v 0.066002 0.045046 0.078549
v 0.063977 0.046866 0.074727
v 0.074625 0.050188 0.081947
v 0.074131 0.047660 0.082987
v 0.095546 0.048575 0.087436
v 0.096897 0.052191 0.088892
v 0.073371 0.052505 0.075680
v 0.062405 0.047869 0.064308
v 0.071691 0.054385 0.066794
v 0.061425 0.051024 0.060586
v 0.096481 0.054547 0.081415
v 0.097418 0.053862 0.086664
v 0.056231 0.031209 0.075149
v 0.049848 0.033187 0.071643
v 0.057022 0.031374 0.077266
v 0.050332 0.032815 0.073584
v 0.057475 0.026732 0.075966
v 0.047799 0.035081 0.069669
v 0.045356 0.034384 0.066136
v 0.003780 -0.134962 0.132372
v 0.010871 -0.096776 0.114607
v 0.059113 0.024007 0.076063
v 0.045655 0.040500 0.057140
v 0.039851 0.036591 0.056111
v 0.039175 0.041902 0.047157
v 0.034087 0.036377 0.050410
v 0.050393 0.047759 0.052858
v 0.052204 0.044245 0.057743
v 0.041508 0.033751 0.062200
v 0.044908 0.033084 0.068184
v 0.036939 0.033097 0.059056
v 0.041110 0.031880 0.064549
v 0.064231 0.026441 0.080128
v 0.063546 0.024833 0.081735
v 0.054720 0.029416 0.075251
v 0.052003 0.027682 0.073164
v 0.089084 0.018124 0.091116
v 0.099901 0.018539 0.092607
v 0.088598 0.014847 0.092986
v -0.025453 -0.046998 0.046756
v -0.028475 -0.046616 0.043844
v -0.025043 -0.043705 0.040450
v -0.023730 -0.044277 0.041530
v 0.100650 0.015296 0.094911
v 0.072266 0.015773 0.088145
v 0.074230 0.018950 0.087121
v -0.012846 -0.028779 0.025498
v 0.135811 0.019479 0.081748
v 0.142556 0.017224 0.083094
v 0.135164 0.016446 0.085556
v 0.129824 0.019566 0.083547
v 0.123427 0.019678 0.085297
v -0.029467 -0.066010 0.045986
v -0.027368 -0.064094 0.042808
v -0.030615 -0.064938 0.038819
v -0.032065 -0.065908 0.042887
v 0.127936 0.016931 0.089302
v 0.120251 0.016999 0.092699
v 0.115222 0.019543 0.087120
v 0.109795 0.019129 0.090447
v 0.111782 0.015821 0.094781
v 0.159038 0.023757 0.091884
v 0.164703 0.028101 0.098748
v 0.168137 0.022081 0.097593
v 0.172382 0.027934 0.097802
v 0.025936 0.045967 0.040590
v -0.021300 -0.044181 0.039489
v -0.018433 -0.048318 0.047350
v -0.021696 -0.048155 0.049043
v -0.021897 -0.044536 0.040397
v 0.025823 0.037198 0.045270
v 0.015028 0.048789 0.037260
v 0.013459 0.038944 0.038555
v 0.020311 0.056816 0.043024
v 0.035403 0.053565 0.045059
v 0.030324 0.032285 0.054214
v 0.035691 0.030135 0.061304
v 0.020508 0.030111 0.048778
v 0.028358 0.027279 0.057336
v 0.060836 0.021853 0.080022
v 0.057515 0.018777 0.079116
v 0.048186 0.025413 0.071163
v 0.042503 0.022337 0.068800
v 0.141439 -0.076895 -0.342319
v 0.141187 0.000511 -0.385060
v 0.127685 0.059509 0.094389
v 0.124750 0.050815 0.098502
v 0.114252 0.054857 0.099559
v 0.116023 0.062943 0.100891
v 0.128806 0.071113 0.083632
v 0.137165 0.062990 0.082999
v 0.135095 0.055366 0.091237
v 0.132673 0.047070 0.097687
v 0.159164 0.033869 0.095244
v 0.153942 0.033183 0.096535
v 0.146396 0.037851 0.093759
v 0.150120 0.040570 0.091709
v 0.165433 0.034968 0.090839
v 0.154666 0.043649 0.085871
v 0.142773 0.047369 0.090534
v 0.139391 0.042453 0.095922
v 0.144647 0.052532 0.082760
v 0.056562 0.066357 0.074341
v 0.060682 0.062772 0.067611
v 0.051674 0.057449 0.056152
v 0.041928 0.059540 0.058280
v 0.047913 0.068846 0.068034
v 0.030626 0.061656 0.054714
v 0.096329 0.067294 0.100483
v 0.095463 0.060675 0.096775
v 0.069947 0.056503 0.066243
v 0.063514 0.053826 0.062868
v 0.066529 0.057453 0.064050
v 0.059389 0.054009 0.059451
v 0.130921 0.157874 -0.339231
v 0.135256 0.177038 -0.304090
v 0.090618 0.202682 -0.324748
v 0.090640 0.179068 -0.358838
v 0.115506 0.046005 0.086760
v 0.118777 0.045103 0.091763
v 0.127611 0.039901 0.094589
v 0.124835 0.041442 0.089893
v 0.132626 0.036779 0.090827
v 0.135338 0.036452 0.095025
v 0.141394 0.034394 0.095205
v 0.138340 0.033846 0.091288
v 0.142156 0.032144 0.091104
v 0.146817 0.032920 0.094596
v 0.058317 0.056787 0.061567
v 0.064993 0.059494 0.067878
v 0.127778 0.070717 -0.396673
v 0.108686 0.173775 0.053876
v 0.122040 0.158330 0.034626
v 0.115613 0.143612 0.049398
v 0.121799 0.046019 0.099173
v 0.130636 0.041881 0.098359
v 0.137769 0.038665 0.096795
v 0.143306 0.035336 0.096072
v 0.146867 0.033308 0.095089
v 0.212211 -0.068883 -0.079887
v 0.206503 -0.068646 -0.085380
v 0.222844 -0.058581 -0.117755
v 0.226708 -0.051916 -0.133025
v 0.224483 -0.045264 -0.134306
v 0.204987 0.014605 -0.058470
v 0.209462 0.019714 -0.065570
v 0.205491 -0.087272 -0.065357
v 0.198804 -0.093272 -0.064095
v -0.211191 0.036418 -0.057567
v 0.207789 -0.081693 -0.062873
v 0.206212 0.006974 -0.075160
v 0.206677 0.001475 -0.071385
v 0.206888 -0.001795 -0.067797
v 0.119969 -0.066878 -0.300722
v 0.135810 -0.073711 -0.323781
v 0.207045 -0.003954 -0.066578
v 0.205660 -0.054080 -0.094293
v 0.221250 -0.055238 -0.106409
v 0.219731 -0.052128 -0.098302
v 0.218451 -0.060284 -0.091636
v 0.221264 -0.061357 -0.095222
v 0.215664 -0.070786 -0.087978
v 0.218094 -0.071263 -0.093800
v 0.212884 -0.072235 -0.060059
v 0.215701 -0.060727 -0.061697
v 0.209474 0.021580 -0.066842
v 0.209443 0.021520 -0.065922
v 0.207455 0.023180 -0.067224
v 0.208798 -0.058867 -0.098326
v 0.200521 0.008110 -0.059968
v 0.201587 0.008037 -0.058818
v 0.199835 0.007572 -0.058065
v 0.203225 -0.041992 -0.113539
v 0.202988 -0.038107 -0.112637
v 0.206588 -0.048245 -0.111445
v 0.211461 -0.052250 -0.104017
v 0.183720 -0.071634 -0.114671
v 0.178045 -0.074690 -0.121979
v 0.175402 -0.077634 -0.116516
v 0.216791 0.024450 -0.086646
v 0.203789 0.005754 -0.061354
v 0.206255 0.008411 -0.059506
v 0.204187 0.011820 -0.056836
v 0.205372 0.023584 -0.067744
v 0.203136 0.014166 -0.055194
v 0.202626 0.012433 -0.057014
v 0.205067 0.016047 -0.056876
v 0.201631 0.010607 -0.057562
v 0.202409 -0.050731 -0.106607
v 0.201604 -0.055399 -0.116267
v 0.209872 -0.011439 -0.061670
v 0.219492 -0.011928 -0.060631
v 0.189852 -0.104185 -0.075843
v 0.208091 -0.016321 -0.116489
v 0.207779 -0.009758 -0.135810
v 0.213874 -0.049881 -0.058865
v 0.210843 -0.057574 -0.063225
v 0.200044 -0.067653 -0.079733
v 0.218887 -0.052930 -0.052290
v 0.223937 -0.049652 -0.054256
v 0.192699 -0.006612 -0.083339
v 0.225331 -0.008513 -0.054702
v 0.236709 -0.013803 -0.053204
v 0.221993 -0.009057 -0.055362
v 0.199628 0.001048 -0.138374
v 0.202014 0.004822 -0.123890
v 0.202049 -0.004234 -0.112987
v 0.203785 0.002849 -0.114571
v 0.193791 -0.062737 -0.113409
v 0.172859 -0.081167 -0.125736
v 0.179256 -0.077029 -0.131052
v 0.171618 -0.085628 -0.126576
v 0.177470 -0.079514 -0.127858
v 0.181816 -0.072242 -0.126190
v 0.188143 -0.062335 -0.124679
v 0.208375 -0.056138 -0.121408
v 0.198241 -0.051155 -0.115640
v 0.205625 0.020993 -0.064242
v 0.194869 -0.056446 -0.117837
v 0.203537 -0.046474 -0.112928
v 0.202604 -0.051930 -0.113124
v 0.199690 -0.057224 -0.114288
v 0.175523 -0.097738 -0.105400
v 0.182901 -0.086483 -0.100905
v 0.173598 -0.096373 -0.112351
v 0.190952 -0.077463 -0.093154
v 0.175359 -0.092872 -0.113783
v 0.208621 -0.010874 -0.118544
v 0.204397 -0.002993 -0.125499
v 0.213094 -0.057741 -0.072943
v 0.185068 -0.019918 0.063865
v 0.183803 -0.001022 0.047727
v 0.057368 -0.169801 0.033636
v 0.056218 -0.181618 0.036713
v 0.176555 -0.045215 0.097527
v 0.163108 -0.059380 0.104831
v 0.050314 -0.149608 0.059753
v 0.043767 -0.152390 0.063296
v 0.042929 -0.150720 0.065465
v 0.047719 -0.147892 0.062123
v 0.048369 -0.154550 0.062964
v 0.051732 -0.152691 0.057195
v 0.051306 -0.150943 0.062027
v 0.045388 -0.151386 0.065639
v 0.074774 -0.114243 0.059343
v 0.100491 -0.100600 0.095428
v 0.111064 -0.112819 0.093437
v 0.088427 -0.121167 0.068051
v 0.052397 -0.153291 0.037819
v 0.053390 -0.143877 0.035947
v 0.054619 -0.144934 0.042297
v 0.051331 -0.148595 0.044617
v 0.053666 -0.162714 0.039229
v 0.051183 -0.155758 0.046584
v 0.056368 -0.159368 0.032510
v 0.055638 -0.147283 0.031178
v 0.091587 -0.163862 0.094736
v 0.067810 -0.158945 0.067201
v 0.075416 -0.150197 0.065782
v 0.096736 -0.151664 0.084095
v 0.064706 -0.077429 0.085923
v 0.083267 -0.088425 0.096874
v 0.067265 -0.105790 0.059495
v 0.051618 -0.092522 0.057889
v 0.037864 -0.076249 0.052799
v 0.048618 -0.062288 0.078570
v 0.032950 -0.049557 0.068382
v 0.039215 -0.059757 0.066831
v 0.036345 -0.062432 0.071799
v 0.039463 -0.054588 0.074666
v 0.028320 -0.073161 0.061424
v 0.035852 -0.067381 0.057796
v 0.013172 -0.073713 0.054561
v -0.037166 -0.063881 0.047509
v -0.034860 -0.060340 0.043732
v -0.035497 -0.058092 0.049887
v -0.040643 -0.060003 0.054479
v 0.013959 -0.072830 0.057515
v 0.026704 -0.074900 0.058193
v -0.019830 -0.064138 0.068896
v -0.022819 -0.059115 0.068471
v -0.019187 -0.062008 0.060444
v -0.018677 -0.065223 0.059777
v 0.027359 -0.079273 0.051881
v 0.015703 -0.078526 0.050596
v 0.011768 -0.067897 0.058191
v 0.020076 -0.068110 0.060914
v -0.027149 -0.056117 0.067759
v -0.031855 -0.054054 0.076430
v -0.035882 -0.053073 0.070143
v -0.030438 -0.056231 0.063676
v -0.020768 -0.057099 0.048326
v -0.021432 -0.061992 0.050856
v -0.017817 -0.055932 0.056248
v -0.034604 -0.053711 0.044665
v -0.034716 -0.056595 0.040340
v -0.029625 -0.048829 0.039638
v -0.030146 -0.047850 0.040861
v 0.026750 -0.064513 0.068434
v -0.003593 -0.062670 0.074067
v 0.002308 -0.060753 0.084634
v 0.002126 0.011850 0.064875
v 0.010968 0.003383 0.066058
v 0.005526 0.004962 0.069013
v 0.011999 -0.002906 0.068513
v 0.025679 -0.058023 0.076984
v 0.030364 -0.053989 0.080515
v 0.020708 -0.054162 0.086539
v 0.018083 -0.047982 0.089586
v -0.004754 0.052908 0.051046
v -0.009011 -0.070529 0.054757
v -0.005986 -0.073617 0.054157
v -0.007863 -0.067866 0.060168
v 0.039183 0.155044 -0.408559
v 0.037148 0.189967 -0.379098
v 0.029966 0.234918 -0.314170
v 0.021578 0.251757 -0.279814
v 0.014564 -0.125334 0.052081
v 0.012636 -0.118664 0.045936
v 0.032491 -0.133575 0.033574
v 0.018112 -0.135708 0.035448
v 0.017469 -0.144455 0.045096
v 0.029855 -0.141817 0.043254
v 0.038998 -0.140024 0.042962
v 0.041638 -0.131945 0.035582
v 0.033018 -0.128496 0.028144
v 0.018163 -0.130524 0.028989
v 0.026836 -0.148709 0.058156
v 0.016548 -0.151812 0.060603
v 0.017351 -0.142596 0.065868
v 0.027817 -0.140005 0.061309
v 0.038337 -0.094196 0.054069
v 0.027748 -0.088714 0.054843
v 0.014067 -0.086260 0.054534
v 0.006217 -0.083087 0.058446
v 0.002115 -0.076155 0.053462
v 0.006496 -0.077376 0.050742
v 0.000265 -0.073385 0.053188
v 0.004785 -0.073290 0.052568
v 0.003868 -0.070503 0.052839
v 0.006198 -0.066494 0.058891
v 0.000056 -0.065432 0.057999
v 0.003559 -0.063755 0.061320
v -0.002070 -0.069819 0.051624
v 0.005120 -0.002544 0.095691
v 0.002010 0.004168 0.085473
v 0.022669 -0.115596 0.051477
v 0.011479 -0.112510 0.050916
v 0.006491 -0.094478 0.064920
v 0.019460 -0.097774 0.063864
v 0.033729 -0.102185 0.063265
v 0.036195 -0.118379 0.054810
v -0.003167 -0.076029 0.055496
v 0.024298 -0.120633 0.050256
v 0.026225 -0.126824 0.055860
v 0.037227 -0.123619 0.054349
v 0.036746 -0.128692 0.055444
v 0.049922 -0.123030 0.058691
v 0.048635 -0.108510 0.063283
v 0.061156 -0.118054 0.061264
v 0.058904 -0.129988 0.058338
v 0.075777 -0.142096 0.065185
v 0.054835 -0.150526 0.057930
v 0.056281 -0.145290 0.059115
v 0.058409 -0.140059 0.058849
v 0.080097 -0.133807 0.069076
v 0.094372 -0.140763 0.075607
v 0.095803 -0.130146 0.074460
v 0.073638 -0.127062 0.063681
v 0.059938 -0.135683 0.058485
v 0.053513 -0.145320 0.058737
v 0.050670 -0.146623 0.059500
v 0.054061 -0.141783 0.057220
v 0.051719 -0.143892 0.057048
v 0.054290 -0.139208 0.056582
v 0.051317 -0.141357 0.054872
v 0.049698 -0.139347 0.053445
v 0.053198 -0.135859 0.054996
v 0.052959 -0.144680 0.051525
v 0.050026 -0.146044 0.050580
v 0.046807 -0.145796 0.052364
v 0.050158 -0.146233 0.054059
v 0.054896 -0.146418 0.052328
v 0.052119 -0.147044 0.056756
v 0.055292 -0.141186 0.041876
v 0.056123 -0.140933 0.040881
v 0.021754 -0.084907 0.005787
v 0.003923 -0.051726 -0.025279
v 0.054409 -0.148668 0.053021
v 0.054000 -0.149655 0.058419
v 0.049321 -0.146574 0.062040
v 0.050661 -0.145979 0.057092
v 0.049824 -0.144347 0.054406
v 0.047483 -0.142206 0.052327
v 0.035945 -0.134008 0.057276
v 0.044764 -0.132551 0.055024
v 0.042771 -0.136642 0.054531
v 0.035562 -0.140797 0.057685
v 0.041996 -0.142344 0.054768
v 0.043756 -0.127897 0.032082
v 0.035093 -0.146727 0.055410
v 0.051875 -0.132163 0.036349
v 0.053247 -0.129888 0.032212
v 0.048620 -0.140291 0.042670
v 0.054975 -0.136751 0.035757
v 0.056479 -0.134482 0.034728
v 0.056099 -0.138365 0.030857
v 0.057047 -0.133217 0.031114
v 0.042905 -0.145852 0.052052
v 0.048192 -0.128322 0.056221
v 0.027316 -0.133364 0.059414
v 0.016324 -0.132912 0.059759
v -0.092395 -0.006012 0.030378
v -0.091612 -0.011705 0.034205
v -0.080812 -0.008792 0.032290
v -0.081164 -0.004289 0.027936
v 0.008729 -0.026222 0.107827
v 0.008007 -0.012075 0.102403
v 0.042777 -0.151772 0.066260
v 0.002739 -0.045401 0.097747
v -0.203505 -0.048757 -0.043716
v -0.197957 -0.045703 -0.045032
v -0.204697 0.002046 -0.061426
v 0.047289 -0.155135 0.059995
v 0.053690 -0.173614 0.040207
v 0.050903 -0.165789 0.049290
v 0.081279 -0.173930 0.108922
v 0.063161 -0.182188 0.122597
v 0.047629 -0.173026 0.101891
v 0.059672 -0.167899 0.081626
v 0.029685 -0.163560 0.086663
v 0.038627 -0.159829 0.066655
v -0.203439 0.029096 -0.063445
v 0.035714 -0.156564 0.071045
v 0.025840 -0.159818 0.081852
v 0.026943 -0.156680 0.077665
v 0.035551 -0.154541 0.071114
v 0.033161 -0.149473 0.077783
v 0.026714 -0.146365 0.079514
v 0.026816 -0.166861 0.065818
v 0.035582 -0.168499 0.063173
v 0.047722 -0.168250 0.054072
v 0.042832 -0.153286 0.068106
v -0.205443 0.028892 -0.075784
v -0.204368 0.037684 -0.070685
v -0.205006 0.032321 -0.075098
v -0.204322 0.024326 -0.078470
v 0.030669 -0.147286 0.075613
v 0.038898 -0.148819 0.070339
v 0.023019 -0.143316 0.081481
v -0.004262 -0.041906 0.063825
v 0.037492 -0.152591 0.070586
v 0.029551 -0.151791 0.076006
v 0.020474 -0.149794 0.081951
v 0.018301 -0.155572 0.085880
v 0.017039 -0.159784 0.095440
v 0.019275 -0.163568 0.110438
v 0.042557 -0.178988 0.152053
v 0.057434 -0.191931 0.172995
v 0.027138 -0.179136 0.186430
v 0.040401 -0.195843 0.206818
v 0.012607 -0.163005 0.125881
v 0.012228 -0.158142 0.105445
v 0.012496 -0.153266 0.093960
v 0.014505 -0.146398 0.088520
v -0.000192 -0.081011 0.060105
v -0.004593 -0.064522 0.058562
v -0.004952 -0.063922 0.064132
v 0.009894 -0.057718 0.089494
v -0.007966 -0.065788 0.068731
v 0.018007 -0.055364 0.091853
v 0.014175 -0.056846 0.095004
v 0.014802 -0.052371 0.099950
v 0.016248 -0.050513 0.097370
v 0.010632 -0.059375 0.097382
v 0.013930 -0.053568 0.102878
v 0.000290 -0.062756 0.098356
v 0.005747 -0.054940 0.110811
v 0.009128 -0.037880 0.111796
v 0.008666 -0.048205 0.115251
v 0.016795 -0.048673 0.102439
v 0.017024 -0.043258 0.098717
v -0.210374 0.021779 -0.053353
v 0.016618 -0.034223 0.095951
v 0.019695 -0.040976 0.088278
v -0.004194 0.282322 -0.156100
v 0.016543 -0.139022 0.087449
v 0.018735 -0.142044 0.081942
v -0.163760 -0.103720 -0.049797
v -0.203755 0.005821 -0.041324
v 0.021593 -0.194843 0.050091
v 0.023009 -0.183877 0.053466
v 0.013135 -0.182590 0.053213
v -0.205251 0.041761 -0.068684
v -0.208385 0.045005 -0.064267
v 0.010264 -0.192280 0.050592
v 0.010513 -0.138420 0.082511
v -0.214343 -0.035571 -0.046063
v -0.211706 0.013218 -0.047604
v -0.209039 0.014568 -0.049071
v -0.192719 0.033942 -0.054365
v -0.187277 -0.048097 -0.057799
v -0.197447 -0.043296 -0.041175
v -0.193811 -0.052466 -0.040912
v -0.186358 -0.055682 -0.056422
v -0.188865 -0.019039 -0.053108
v 0.009922 -0.159808 0.066962
v 0.016386 -0.162591 0.066898
v 0.009333 -0.137184 0.091122
v 0.008572 -0.142255 0.094014
v 0.007399 -0.149892 0.099623
v 0.006805 -0.181493 0.052010
v 0.004943 -0.190918 0.048463
v -0.178889 -0.076100 -0.040937
v 0.049787 -0.180861 0.043702
v -0.173623 -0.119204 -0.049204
v -0.184231 -0.108326 -0.044945
v -0.060709 -0.062319 -0.310431
v -0.075369 -0.059162 -0.332312
v -0.221201 -0.040480 -0.034548
v 0.049752 -0.189668 0.040043
v 0.036483 -0.183120 0.050924
v 0.036713 -0.195084 0.045730
v 0.020306 -0.192348 0.226667
v 0.012504 -0.179490 0.209525
v 0.006661 -0.157299 0.109479
v 0.007657 -0.164573 0.129047
v 0.034365 0.214657 -0.348823
v 0.145513 0.160749 -0.029005
v 0.135748 0.146853 -0.013451
v -0.196976 0.038807 -0.055021
v 0.126789 0.172371 0.009602
v 0.131532 0.182436 -0.003902
v 0.144622 0.175483 -0.056838
v 0.129342 0.193285 -0.032054
v 0.075036 0.249429 -0.213706
v 0.076270 0.252656 -0.173603
v 0.025845 0.274421 -0.159510
v 0.062378 0.244485 -0.252925
v 0.097209 0.219108 -0.277321
v 0.101901 0.231424 -0.224093
v 0.100540 0.236628 -0.181490
v -0.164662 -0.110061 -0.051451
v -0.148987 -0.134242 -0.052938
v -0.141824 -0.131014 -0.056013
v -0.186835 0.018229 -0.056150
v 0.043935 0.174550 -0.161024
v 0.135389 0.028557 -0.391785
v 0.096988 0.238777 -0.142646
v 0.074946 0.252723 -0.134161
v 0.074731 0.249763 -0.097218
v 0.094262 0.237349 -0.108428
v 0.025637 0.273051 -0.118080
v -0.004200 0.281666 -0.111138
v 0.057004 -0.042401 -0.423542
v 0.001635 0.011856 0.077840
v 0.118198 -0.081285 -0.234102
v 0.126235 -0.038098 -0.167916
v 0.002928 0.035686 -0.084629
v 0.195335 -0.112530 -0.113384
v 0.195956 -0.110536 -0.115206
v 0.069754 -0.026623 -0.102537
v 0.128593 -0.052798 -0.119139
v 0.102316 -0.068722 -0.270050
v 0.216008 -0.079312 -0.113935
v 0.219966 -0.073400 -0.117885
v 0.215683 -0.078991 -0.102839
v 0.219551 -0.070010 -0.101813
v 0.220979 -0.062151 -0.105396
v 0.212983 -0.082238 -0.096088
v 0.197164 0.012304 -0.106286
v 0.200778 0.017132 -0.094246
v -0.197022 -0.070959 -0.057733
v -0.196576 -0.064264 -0.061976
v 0.189788 -0.111418 -0.106268
v 0.191919 -0.108509 -0.109283
v -0.189578 -0.051424 -0.035745
v 0.191402 -0.108602 -0.111033
v 0.190538 -0.111139 -0.108780
v 0.187405 -0.114252 -0.104319
v 0.189894 -0.112395 -0.107586
v 0.194361 0.039538 -0.113387
v 0.195641 -0.102508 -0.119844
v 0.198166 -0.112309 -0.122390
v 0.195415 -0.109186 -0.114596
v 0.192856 -0.106966 -0.113833
v 0.191956 -0.108062 -0.110469
v 0.188159 -0.108018 -0.105782
v 0.184816 -0.116561 -0.104922
v -0.196837 -0.098151 -0.055391
v -0.182643 -0.115668 -0.052765
v -0.030041 -0.040289 -0.040249
v -0.039690 -0.009807 -0.074047
v -0.018566 0.008515 -0.068030
v -0.002194 -0.018261 -0.043624
v -0.194346 -0.037166 -0.053293
v -0.186066 -0.052258 -0.047505
v -0.186153 -0.057866 -0.046388
v 0.208364 -0.083350 -0.091731
v 0.185783 -0.120034 -0.099919
v -0.012340 -0.138234 0.100848
v 0.013209 -0.102318 0.088620
v 0.211439 -0.013460 -0.106226
v 0.215698 -0.019100 -0.111423
v 0.218461 -0.016756 -0.104263
v 0.212331 -0.008497 -0.101986
v 0.172410 -0.075192 -0.299495
v 0.175221 -0.061277 -0.319930
v 0.033911 0.134997 -0.185239
v 0.044866 -0.022013 -0.252582
v 0.205510 0.011389 -0.270650
v 0.206124 -0.007159 -0.105081
v 0.207786 -0.001177 -0.102987
v 0.222452 -0.066414 -0.117869
v 0.206458 -0.009827 -0.113320
v 0.214515 -0.015967 -0.116284
v 0.208548 0.003716 -0.099533
v 0.209327 -0.002397 -0.099751
v 0.214094 -0.010367 -0.096950
v 0.218733 -0.023915 -0.119839
v -0.177593 -0.072169 -0.034796
v -0.182207 -0.069339 -0.013034
v -0.193045 -0.028244 -0.027851
v -0.186639 -0.046062 -0.042651
v 0.202789 -0.004233 -0.140837
v 0.195820 0.097483 -0.210981
v 0.198386 0.076748 -0.251811
v 0.181519 0.140245 -0.228704
v 0.182370 0.121614 -0.271785
v 0.174430 0.100877 -0.317826
v 0.191129 0.053542 -0.300091
v 0.200599 0.008478 -0.115557
v 0.205783 0.020638 -0.087109
v 0.143702 0.186858 -0.083878
v 0.156978 0.170611 -0.104364
v 0.126666 0.202638 -0.058330
v 0.123774 0.211054 -0.082781
v 0.140344 0.197900 -0.108021
v 0.160305 0.176589 -0.139469
v 0.195045 0.080607 -0.157502
v 0.187268 0.117429 -0.171799
v 0.176400 0.133513 -0.136343
v -0.148841 0.049511 0.002129
v -0.149276 0.051814 -0.006151
v -0.160527 0.029071 0.004915
v -0.160948 0.031483 0.011211
v 0.172953 0.158607 -0.186866
v 0.147468 0.195365 -0.163570
v 0.157773 0.182234 -0.203362
v 0.127499 0.213919 -0.179298
v 0.134448 0.205217 -0.218147
v 0.135035 0.194591 -0.261638
v 0.164045 0.168392 -0.242992
v 0.134049 0.207735 -0.129728
v 0.117766 0.218772 -0.103017
v 0.119356 0.220901 -0.144080
v 0.110684 0.225607 -0.119307
v 0.169898 0.141706 -0.117819
v 0.180412 -0.066132 -0.099624
v 0.226494 -0.095592 -0.100340
v -0.076205 0.213841 0.061937
v -0.046112 0.217750 0.069189
v -0.049176 0.233786 0.079050
v -0.081454 0.229499 0.070263
v 0.173408 -0.083720 -0.068407
v -0.087854 -0.064677 -0.348613
v -0.098387 -0.058065 -0.368318
v -0.041392 -0.056500 -0.394467
v -0.033274 -0.058648 -0.375688
v 0.183638 -0.018691 0.030241
v 0.171768 0.007765 0.015511
v 0.189657 -0.010994 -0.006632
v 0.174255 -0.043439 0.003302
v -0.086670 0.261978 -0.009376
v -0.056612 0.268158 0.002730
v -0.058407 0.275689 -0.031638
v -0.088137 0.268765 -0.042381
v -0.142818 -0.014790 0.041312
v -0.148212 -0.029794 0.051575
v -0.135758 -0.030653 0.049652
v -0.134821 -0.014624 0.042848
v 0.161033 0.037405 0.001747
v 0.173135 0.019067 -0.018571
v 0.168081 0.051371 -0.031754
v 0.153534 0.071859 -0.010918
v 0.154434 0.082436 -0.362606
v 0.164932 0.040350 -0.355862
v -0.143135 -0.150284 -0.051695
v -0.139326 -0.144785 -0.052537
v 0.172446 0.010357 -0.345593
v 0.110861 0.127528 0.058385
v -0.059990 0.280789 -0.070088
v -0.089778 0.273653 -0.078834
v 0.041843 0.130437 -0.424772
v 0.114284 0.191733 0.035784
v 0.124644 0.135236 -0.368684
v 0.023831 -0.041420 -0.264666
v 0.089795 0.147890 -0.389272
v 0.164342 0.151078 -0.284739
v 0.158240 0.131957 -0.324665
v 0.141256 0.110720 -0.366415
v 0.177521 -0.026201 -0.335622
v 0.097223 0.231770 -0.083221
v 0.170340 0.035152 0.083561
v 0.179193 0.025888 0.090991
v 0.157686 0.046183 0.075774
v 0.171188 0.018232 0.089506
v 0.023332 -0.004647 0.068256
v 0.020916 -0.010361 0.068336
v 0.023539 -0.015853 0.074596
v 0.032614 -0.017000 0.070583
v 0.034180 -0.023955 0.075736
v 0.015938 -0.015343 0.075792
v 0.014545 -0.008941 0.073403
v 0.023534 -0.022485 0.075999
v 0.022498 -0.031241 0.076274
v 0.017141 -0.022406 0.082896
v 0.033415 -0.066729 0.058155
v 0.036681 -0.052144 0.071155
v 0.029435 -0.041226 0.071016
v 0.050089 -0.029397 0.085070
v 0.046175 -0.039362 0.083517
v 0.031859 -0.031567 0.075855
v 0.049935 -0.021746 0.079252
v 0.028158 -0.040252 0.078194
v 0.032531 -0.048196 0.080392
v 0.017998 -0.031703 0.086660
v 0.016295 -0.024951 0.091048
v 0.016815 -0.014809 0.086418
v 0.037482 -0.009710 0.072779
v 0.054598 -0.014147 0.080826
v 0.062976 -0.046937 0.098719
v 0.082143 -0.055452 0.114299
v 0.069960 -0.034007 0.099178
v 0.088415 -0.040210 0.111871
v 0.069520 -0.024873 0.092928
v 0.088813 -0.030290 0.104579
v 0.101862 -0.069017 0.126214
v 0.120908 -0.080752 0.130559
v 0.137519 -0.098976 0.125922
v 0.128443 -0.063824 0.130578
v 0.146033 -0.079374 0.131476
v 0.126769 -0.045992 0.118009
v 0.145371 -0.062694 0.120160
v -0.034539 0.015541 0.033607
v -0.035525 0.021294 0.026254
v -0.045622 0.010816 0.027478
v -0.044603 0.004575 0.031520
v -0.028220 0.134414 0.060652
v -0.034000 0.156524 0.066807
v -0.057900 0.156621 0.062935
v -0.049907 0.134236 0.060903
v 0.107985 -0.049156 0.122111
v 0.108899 -0.037439 0.113820
v 0.087405 -0.021492 0.097199
v 0.069714 -0.017916 0.087494
v 0.124912 -0.016577 0.106401
v 0.126042 -0.031691 0.110538
v 0.108363 -0.025287 0.107878
v 0.107325 -0.013886 0.102867
v 0.144945 -0.040917 0.110421
v 0.141932 -0.021358 0.105262
v 0.138739 -0.007271 0.102587
v 0.086395 0.009442 0.095695
v 0.069058 0.010187 0.087212
v 0.100221 0.009801 0.099623
v 0.124229 -0.004812 0.106077
v 0.109742 -0.004272 0.103025
v 0.150430 0.011046 0.086513
v 0.142588 0.009998 0.090583
v 0.123654 0.010642 0.099976
v 0.112796 0.010092 0.100923
v 0.133591 0.010628 0.095727
v 0.053047 0.013636 0.077659
v 0.036089 0.018134 0.068687
v 0.085914 -0.009575 -0.145272
v 0.013045 -0.007789 0.079291
v 0.009540 -0.001813 0.073419
v 0.019233 0.063941 0.048787
v 0.006663 0.057336 0.036624
v -0.003640 0.054320 0.046943
v 0.035556 0.071877 0.063795
v 0.020916 0.023281 0.058004
v -0.056590 0.002547 0.026455
v -0.055596 -0.002327 0.030802
v 0.011434 0.028955 0.049930
v 0.002649 0.039036 0.038396
v 0.002974 0.049001 0.036739
v -0.052184 0.247842 0.057972
v -0.084145 0.243113 0.046566
v -0.086509 0.269957 -0.223949
v -0.088770 0.275427 -0.198445
v -0.059308 0.281120 -0.200503
v -0.060909 0.273867 -0.236435
v 0.066429 0.100673 0.083427
v 0.063147 0.084587 0.092354
v 0.132108 0.133266 0.017507
v 0.135777 0.109328 0.007700
v 0.124679 0.085930 0.070157
v 0.137417 0.073018 0.069521
v 0.145840 0.059523 0.068953
v 0.140139 0.077801 0.006583
v 0.153684 0.046951 0.019427
v 0.168331 0.021537 0.032789
v -0.199135 -0.052414 -0.205255
v -0.215283 -0.058081 -0.132225
v -0.224763 -0.032916 -0.153811
v -0.213766 -0.018950 -0.225638
v 0.110082 0.209622 -0.005191
v -0.002088 -0.126951 0.061856
v 0.024296 -0.092698 0.051740
v 0.022670 0.096975 -0.199315
v 0.105693 0.217842 -0.031930
v 0.114255 0.201452 0.023170
v 0.075892 0.244488 -0.066336
v 0.078935 0.238795 -0.036713
v 0.101534 0.225338 -0.057857
v 0.083952 0.231728 -0.008730
v 0.089705 0.223915 0.018942
v 0.094354 0.215821 0.048338
v 0.097469 0.205779 0.058363
v 0.089692 0.183935 0.070848
v 0.087735 0.007507 -0.195112
v 0.010085 -0.038970 0.055773
v 0.008925 -0.039434 0.056290
v -0.128250 0.108032 0.006152
v -0.135932 0.122921 -0.001647
v -0.132285 0.101512 -0.013610
v -0.134639 0.091576 0.000374
v 0.010140 -0.038751 0.055395
v 0.008495 -0.039031 0.055827
v 0.008699 -0.039310 0.057215
v 0.005178 -0.058903 0.061897
v 0.004118 -0.053278 0.060854
v 0.006152 -0.045194 0.059031
v 0.173895 -0.093784 -0.078708
v -0.022253 0.105316 0.063935
v -0.040923 0.103432 0.065448
v -0.034988 0.091222 0.062100
v -0.019355 0.091898 0.061211
v -0.165219 0.013518 0.017977
v -0.166724 0.007547 0.015451
v -0.168736 -0.009801 0.031165
v -0.161400 -0.002161 0.028489
v -0.150730 -0.012327 0.038085
v -0.157865 -0.026184 0.046655
v -0.067498 0.186904 0.066372
v -0.040191 0.188158 0.072643
v -0.138679 0.077042 -0.014293
v -0.139536 0.071263 -0.001658
v -0.027867 0.024758 0.038397
v -0.029592 0.029525 0.028626
v -0.024603 0.041270 0.035141
v -0.018055 0.038395 0.051817
v -0.015312 0.046404 0.044038
v -0.019723 0.049416 0.034999
v -0.093428 0.133322 0.046680
v -0.105072 0.155268 0.047812
v -0.121210 0.150205 0.032292
v -0.109563 0.129705 0.034197
v -0.085612 0.253456 0.020048
v -0.054578 0.258894 0.032376
v -0.012545 0.072879 0.049908
v -0.020299 0.076442 0.040775
v -0.016396 0.065797 0.035321
v -0.012004 0.062785 0.045795
v -0.067880 -0.006768 0.030812
v -0.068088 -0.002577 0.025841
v -0.163753 -0.104833 -0.049099
v -0.156299 -0.131163 -0.047845
v -0.195339 0.012104 -0.066685
v -0.201325 -0.018567 -0.054284
v -0.193160 0.004525 -0.041710
v -0.176596 0.040308 -0.062640
v -0.180273 0.067993 -0.079308
v -0.199776 0.087190 -0.086647
v -0.208127 0.047212 -0.084418
v -0.188493 0.038625 -0.081388
v -0.026288 0.036305 -0.096463
v -0.037804 0.018721 -0.111321
v -0.016961 0.028207 0.058833
v -0.015849 0.019882 0.065303
v -0.059920 0.013463 -0.436681
v -0.054352 -0.012475 -0.428157
v -0.112854 -0.004962 -0.399641
v -0.117074 0.021397 -0.408231
v -0.184694 -0.066768 -0.181505
v -0.200854 -0.070146 -0.112709
v -0.031337 -0.052259 0.049839
v -0.024596 -0.041982 0.038404
v -0.026845 -0.049712 0.040252
v -0.024039 -0.042797 0.037360
v -0.033683 -0.056859 0.057901
v -0.040348 -0.055385 0.064424
v -0.029294 -0.060276 0.038505
v -0.026557 -0.060170 0.040090
v -0.025691 -0.049208 0.041094
v -0.024921 -0.042435 0.039000
v -0.013832 -0.067268 0.077997
v -0.014394 -0.064318 0.089200
v -0.023957 -0.060568 0.085973
v -0.020359 -0.064507 0.077657
v -0.020933 -0.042829 0.040521
v -0.020361 -0.049703 0.044087
v -0.019878 -0.053674 0.061035
v -0.023444 -0.047465 0.048748
v -0.022741 -0.044476 0.041239
v -0.024561 -0.052031 0.059316
v -0.021255 -0.065685 0.051612
v -0.027320 -0.052093 0.055171
v -0.185359 -0.077444 -0.041802
v -0.056407 -0.085942 -0.012288
v -0.124448 -0.090207 -0.021287
v -0.096532 -0.069790 -0.029564
v -0.053042 -0.067777 -0.022839
v -0.192369 0.015983 -0.053775
v -0.156406 0.117049 -0.048246
v -0.189782 0.147546 -0.057803
v -0.195049 0.116874 -0.079285
v -0.171013 0.088927 -0.072606
v -0.197600 0.166910 -0.082700
v -0.206120 0.138787 -0.105101
v -0.213256 0.105350 -0.118915
v -0.229190 0.046185 -0.130592
v -0.108507 0.023023 0.012554
v -0.108840 0.023701 0.013307
v -0.104855 0.024016 0.015635
v -0.105145 0.023023 0.015095
v -0.109750 0.021637 0.009199
v -0.106855 0.019503 0.012212
v -0.113774 0.020848 0.006968
v -0.111128 0.022427 0.010517
v -0.111538 0.023402 0.011383
v -0.062570 0.026531 0.010933
v -0.064165 0.023660 0.014648
v -0.072474 0.026578 0.012852
v -0.069694 0.025900 0.014768
v -0.061729 0.025632 0.010936
v -0.069364 0.025179 0.014551
v -0.069123 0.027358 -0.003722
v -0.065153 0.029200 -0.005470
v -0.073028 0.026837 -0.003290
v -0.048542 0.034203 -0.003258
v -0.056800 0.036449 -0.004366
v -0.066366 0.035445 -0.009021
v -0.062600 0.032782 -0.008588
v -0.050586 0.028170 0.003460
v -0.047520 0.028363 0.000271
v -0.045951 0.033195 -0.007987
v -0.051792 0.035093 -0.008113
v -0.083123 0.023671 0.016918
v -0.083868 0.021894 0.017956
v -0.071352 0.021686 0.015619
v -0.070138 0.023695 0.014842
v -0.082522 0.025093 0.016337
v -0.091488 0.025783 0.016567
v -0.091727 0.024516 0.016784
v -0.092197 0.022640 0.017984
v -0.062265 0.023339 0.012839
v -0.061948 0.025289 0.012044
v -0.092396 0.020639 0.019808
v -0.084508 0.020213 0.018956
v -0.072105 0.020107 0.016286
v -0.062400 0.022361 0.013810
v -0.055201 0.024675 0.010230
v -0.057908 0.025259 0.010901
v -0.084685 0.017819 0.020764
v -0.084959 0.015720 0.022707
v -0.072538 0.015934 0.022347
v -0.072376 0.017920 0.019304
v -0.092571 0.018451 0.020550
v -0.093328 0.015680 0.023009
v -0.115190 0.022851 0.010100
v -0.117547 0.023003 0.008820
v -0.117722 0.022184 0.010478
v -0.116252 0.022180 0.011115
v -0.127332 0.013862 0.015959
v -0.131292 0.015485 0.015587
v -0.137519 0.012297 0.019237
v -0.133051 0.010496 0.019407
v -0.157416 -0.007985 0.033255
v -0.140376 0.003523 0.025125
v -0.145979 0.006436 0.023559
v -0.113103 0.023274 0.010332
v -0.111201 0.023384 0.011480
v -0.113284 0.022747 0.010023
v -0.115303 0.022734 0.008927
v -0.113744 0.022218 0.011229
v -0.111379 0.022571 0.012015
v -0.109000 0.023989 0.013871
v -0.109242 0.023167 0.014412
v -0.105126 0.023164 0.016743
v -0.104708 0.024693 0.015943
v -0.099106 0.025226 0.016403
v -0.100004 0.025319 0.016535
v -0.099546 0.022928 0.017834
v -0.105392 0.021364 0.017343
v -0.099864 0.021244 0.018528
v -0.109411 0.021234 0.015151
v -0.112072 0.021337 0.013306
v -0.115103 0.021032 0.012447
v -0.117817 0.020835 0.011964
v -0.119650 0.021229 0.011079
v -0.117228 0.019282 0.013942
v -0.120027 0.016891 0.015196
v -0.115904 0.017079 0.016667
v -0.113774 0.019596 0.014990
v -0.120088 0.019265 0.012790
v -0.123364 0.016883 0.013846
v -0.109990 0.019986 0.016014
v -0.111567 0.017475 0.017949
v -0.106535 0.017070 0.020322
v -0.105868 0.019527 0.018813
v -0.099627 0.019844 0.019956
v -0.101111 0.016703 0.022710
v -0.082971 0.026737 0.017392
v -0.081961 0.025474 0.011792
v -0.090121 0.025146 0.011545
v -0.092013 0.025289 0.017178
v -0.100635 0.023554 0.016428
v -0.095480 0.025850 0.011850
v -0.087661 0.023000 0.006180
v -0.083396 0.027078 -0.005399
v -0.087416 0.027968 -0.005931
v -0.094689 0.022708 0.005199
v -0.080706 0.022360 0.007292
v -0.079524 0.026644 -0.004023
v -0.073254 0.023915 0.008246
v -0.076165 0.026723 -0.003631
v -0.065568 0.024439 0.009487
v -0.088475 0.059242 0.015023
v -0.088760 0.059691 0.020875
v -0.105372 0.055605 0.025977
v -0.102713 0.056671 0.019251
v -0.137711 -0.055459 -0.333105
v -0.146153 -0.026858 -0.350539
v -0.107249 -0.035990 -0.386860
v -0.108677 0.048532 0.020597
v -0.108779 0.050558 0.021174
v -0.115997 0.045771 0.020458
v -0.115072 0.044404 0.018731
v -0.107887 0.046459 0.019252
v -0.113664 0.042058 0.016664
v -0.099997 0.050251 0.020641
v -0.100910 0.053424 0.021632
v -0.101013 0.055449 0.021007
v -0.111489 0.041375 0.002334
v -0.110830 0.046410 0.004521
v -0.114875 0.045082 0.009337
v -0.114857 0.039649 0.005482
v -0.112335 0.038576 0.001183
v -0.114144 0.035981 0.003587
v -0.097605 0.038625 -0.004672
v -0.097284 0.041021 -0.003942
v -0.096016 0.044294 -0.002351
v -0.097258 0.036549 -0.004367
v -0.096921 0.033992 -0.003178
v -0.096105 0.031975 -0.002842
v -0.095450 0.031873 -0.002752
v -0.163987 -0.046835 0.052504
v -0.164136 -0.020127 0.039441
v -0.170034 -0.039309 0.043354
v -0.113010 0.022236 0.009072
v -0.115082 0.022810 0.007925
v -0.115471 0.021559 0.006407
v -0.115551 0.024148 0.007340
v -0.117117 0.023764 0.006344
v -0.117767 0.023679 0.007311
v -0.107285 0.021544 0.005958
v -0.092660 0.028218 -0.004519
v -0.094474 0.029744 -0.003683
v -0.110249 0.023746 0.004078
v -0.103829 0.019463 0.006200
v -0.089485 0.028027 -0.005681
v -0.094689 0.031069 -0.003952
v -0.095187 0.031860 -0.003419
v -0.109556 0.026789 0.003697
v -0.109564 0.028482 0.004429
v -0.115483 0.025391 0.006319
v -0.112514 0.028372 0.002097
v -0.112483 0.031755 0.001935
v -0.116530 0.022948 0.004833
v -0.116637 0.029105 0.002805
v -0.110851 0.027206 0.003807
v -0.112021 0.035165 0.001427
v -0.114476 0.031519 0.003749
v -0.118911 0.022967 0.009114
v -0.119234 0.024648 0.007788
v -0.121534 0.027265 0.007629
v -0.121066 0.022704 0.009649
v -0.124471 0.022036 0.011320
v -0.122456 0.019838 0.011905
v -0.125960 0.028245 0.011099
v -0.133924 0.025726 0.019281
v -0.129809 0.020509 0.014053
v -0.126208 0.018113 0.013311
v -0.118324 0.025625 0.006635
v -0.119078 0.027516 0.005306
v -0.124065 0.032563 0.011480
v -0.128707 0.032761 0.017026
v -0.120646 0.031152 0.008511
v -0.119389 0.034471 0.011039
v -0.122055 0.035672 0.014251
v -0.125412 0.036630 0.017618
v -0.119219 0.039566 0.016564
v -0.121214 0.041230 0.018886
v -0.117213 0.037481 0.014205
v -0.118214 0.030503 0.005165
v -0.116812 0.033101 0.007102
v -0.114921 0.036633 0.010133
v -0.112013 0.039084 0.014158
v -0.107070 0.044173 0.016542
v -0.108598 0.053696 0.014555
v -0.098920 0.047640 0.018824
v -0.097234 0.059127 0.018830
v -0.089678 0.061230 0.027141
v -0.108906 0.055658 0.035771
v -0.096633 0.057767 0.014040
v -0.087824 0.048471 0.002022
v -0.082677 0.047044 0.002602
v -0.086094 0.056672 0.015885
v -0.059688 0.034887 -0.000155
v -0.060626 0.039486 0.004416
v -0.069552 0.038511 -0.003346
v -0.067955 0.036040 -0.006097
v -0.059023 0.033186 -0.002893
v -0.061420 0.037215 -0.000448
v -0.067940 0.048214 0.010587
v -0.073172 0.043322 0.001527
v -0.071125 0.040861 -0.001028
v -0.065861 0.044475 0.007416
v -0.068080 0.048384 0.010187
v -0.064301 0.044237 0.004240
v -0.086821 0.058185 0.018272
v -0.070907 0.096578 -0.435379
v -0.066299 0.059378 -0.440879
v -0.121104 0.064786 -0.413534
v -0.123478 0.097840 -0.410332
v -0.105646 0.053307 0.009777
v -0.092513 0.047520 0.000209
v -0.152054 0.103799 -0.385637
v -0.150970 0.126101 -0.381260
v -0.126761 0.127895 -0.399584
v -0.046106 -0.056014 -0.198940
v -0.010275 -0.011246 -0.202331
v -0.048025 0.037532 0.001113
v -0.053720 0.040884 0.003689
v -0.043278 0.034916 -0.001503
v -0.042206 0.034446 -0.001909
v -0.045768 0.038207 -0.000966
v -0.051030 0.042048 0.002097
v -0.059714 0.044005 0.006678
v -0.058037 0.045805 0.007237
v -0.067003 0.049516 0.013860
v -0.066923 0.046404 0.012268
v -0.087600 0.049163 0.019241
v -0.088520 0.052474 0.020811
v -0.066124 0.052627 0.011797
v -0.056590 0.048171 0.004573
v -0.064890 0.056051 0.009311
v -0.056573 0.051985 0.003811
v -0.088810 0.057415 0.017290
v -0.089272 0.055635 0.021229
v -0.054369 0.026726 0.007961
v -0.048041 0.027910 0.006272
v -0.055774 0.026853 0.008039
v -0.048775 0.027722 0.005723
v -0.055379 0.024201 0.010108
v -0.044465 0.030620 0.001111
v -0.043347 0.030657 0.002769
v -0.056882 0.024911 0.008397
v -0.043362 0.038693 -0.003675
v -0.039673 0.034155 -0.003077
v -0.039588 0.040861 -0.009024
v -0.036959 0.034483 -0.005679
v -0.048192 0.048585 -0.003472
v -0.048626 0.043463 -0.003245
v -0.041073 0.029715 0.002391
v -0.043856 0.027892 0.006197
v -0.038792 0.029529 0.001490
v -0.041652 0.027111 0.006501
v -0.062030 0.020615 0.014794
v -0.061643 0.019056 0.016926
v -0.053479 0.023614 0.011325
v -0.051718 0.022752 0.012510
v -0.085358 0.013604 0.025007
v -0.093489 0.013425 0.024467
v -0.085619 0.010761 0.026623
v -0.094861 0.010516 0.027020
v -0.072014 0.011501 0.024092
v -0.072439 0.014130 0.022973
v 0.032791 -0.056630 0.047992
v -0.123277 0.013746 0.017529
v -0.127826 0.009878 0.021228
v -0.122762 0.010371 0.023324
v -0.118790 0.014249 0.019231
v -0.114323 0.014241 0.021602
v -0.116680 0.010493 0.024786
v -0.110200 0.010420 0.026353
v -0.107713 0.013938 0.022087
v -0.101956 0.013923 0.024183
v -0.103600 0.010116 0.027051
v -0.135978 0.017402 0.017234
v -0.141867 0.022096 0.023692
v -0.142601 0.014009 0.021935
v -0.149371 0.020795 0.025102
v -0.030214 0.045860 -0.010974
v -0.032204 0.036053 -0.006900
v -0.022468 0.049261 -0.005118
v -0.025723 0.039296 -0.003101
v -0.028811 0.057245 0.003701
v -0.036712 0.053943 -0.005258
v -0.035849 0.029991 0.001356
v -0.039368 0.026281 0.005279
v -0.031725 0.029711 0.002224
v -0.036691 0.025167 0.006560
v -0.060550 0.017340 0.018465
v -0.059849 0.015268 0.019728
v -0.049758 0.021569 0.013910
v -0.047640 0.019751 0.012962
v -0.129736 -0.070438 -0.308838
v -0.151892 0.005214 -0.364524
v -0.124249 0.060360 0.038752
v -0.122513 0.052741 0.041938
v -0.112722 0.058010 0.043713
v -0.114441 0.066199 0.044343
v -0.127681 0.070995 0.033054
v -0.133014 0.060602 0.028014
v -0.131208 0.052629 0.034351
v -0.129664 0.046635 0.038410
v -0.144517 0.027630 0.028045
v -0.139318 0.028642 0.027708
v -0.138880 0.032843 0.032037
v -0.141738 0.034917 0.029279
v -0.149623 0.029028 0.024484
v -0.145820 0.038400 0.024552
v -0.137499 0.042755 0.031642
v -0.135073 0.038782 0.035632
v -0.138319 0.048984 0.025176
v -0.058808 0.067251 0.023389
v -0.059187 0.065000 0.013406
v -0.050890 0.059230 0.003400
v -0.046069 0.060788 0.010386
v -0.054223 0.071699 0.027456
v -0.038979 0.064519 0.014604
v -0.096428 0.068810 0.047167
v -0.093162 0.063107 0.039683
v -0.064811 0.057862 0.008088
v -0.059223 0.054651 0.004879
v -0.062779 0.058842 0.007776
v -0.056277 0.055719 0.004470
v -0.176246 0.160589 -0.334419
v -0.183344 0.180945 -0.299352
v -0.141150 0.205118 -0.321480
v -0.136785 0.180808 -0.355181
v -0.109532 0.051540 0.022904
v -0.114028 0.049854 0.028880
v -0.121606 0.043632 0.029857
v -0.117429 0.046317 0.023464
v -0.123813 0.041378 0.022073
v -0.127809 0.038537 0.029080
v -0.130922 0.034724 0.026942
v -0.127933 0.037197 0.021269
v -0.130410 0.033841 0.020024
v -0.132719 0.031544 0.023419
v -0.056431 0.057705 0.007670
v -0.062218 0.060418 0.011460
v -0.154039 0.074230 -0.384502
v -0.135623 0.173204 0.028228
v -0.146956 0.159568 0.007588
v -0.133894 0.141845 0.014784
v -0.118441 0.049289 0.038685
v -0.125998 0.043721 0.036783
v -0.131193 0.038520 0.033553
v -0.134934 0.033314 0.031491
v -0.136169 0.030876 0.027951
v -0.183613 -0.067383 -0.043820
v -0.185701 -0.065499 -0.043134
v -0.216551 -0.043554 -0.063333
v -0.213945 -0.032586 -0.069739
v -0.208586 -0.028176 -0.069749
v -0.187804 0.030142 -0.050128
v -0.192701 0.037226 -0.055545
v -0.198603 -0.091735 -0.047674
v -0.187096 -0.096139 -0.043262
v -0.198174 -0.082805 -0.046774
v -0.208780 0.019650 -0.053363
v -0.211710 0.010940 -0.047965
v -0.211661 0.006459 -0.042340
v -0.091013 -0.062905 -0.267534
v -0.114879 -0.067139 -0.285155
v -0.214148 0.003779 -0.043713
v -0.194855 -0.050361 -0.045479
v -0.217408 -0.042717 -0.057679
v -0.216951 -0.042945 -0.055005
v -0.215500 -0.054994 -0.051861
v -0.215271 -0.053302 -0.053330
v -0.211798 -0.068334 -0.050716
v -0.212150 -0.065036 -0.051138
v -0.204119 -0.070334 -0.046238
v -0.205758 -0.055940 -0.047017
v -0.194936 0.038163 -0.056900
v -0.194804 0.035980 -0.057969
v -0.195539 0.038601 -0.057704
v -0.202214 -0.054139 -0.043682
v -0.182019 0.025057 -0.049791
v -0.187395 0.019008 -0.049098
v -0.183079 0.021947 -0.047458
v -0.203608 -0.046133 -0.037054
v -0.201887 -0.043818 -0.037652
v -0.205304 -0.047935 -0.042768
v -0.208715 -0.049145 -0.041659
v -0.196789 -0.065156 -0.037765
v -0.198307 -0.065308 -0.035310
v -0.194410 -0.068475 -0.040871
v -0.209557 0.041646 -0.066344
v -0.190952 0.014938 -0.049744
v -0.193328 0.017729 -0.051459
v -0.190473 0.022199 -0.051710
v -0.195227 0.038722 -0.057119
v -0.189605 0.025561 -0.049609
v -0.187270 0.025503 -0.049224
v -0.189795 0.029509 -0.050043
v -0.184256 0.026259 -0.048382
v -0.184846 -0.054567 -0.060805
v -0.185511 -0.055862 -0.055357
v -0.196855 -0.008038 -0.061281
v -0.186558 -0.007794 -0.055341
v -0.181768 -0.104160 -0.044341
v -0.205874 -0.010230 -0.084532
v -0.210318 -0.003352 -0.100102
v -0.210748 -0.046142 -0.046490
v -0.192277 -0.060788 -0.038344
v -0.188550 -0.067465 -0.040861
v -0.197099 -0.054001 -0.039004
v -0.204139 -0.044928 -0.039606
v -0.189565 -0.006364 -0.051846
v -0.205334 0.010027 -0.044216
v -0.209272 0.003659 -0.041277
v -0.200383 0.012672 -0.047488
v -0.214675 0.007422 -0.109408
v -0.212638 0.011424 -0.096766
v -0.202789 -0.001670 -0.084831
v -0.209470 0.008564 -0.086307
v -0.200935 -0.059010 -0.036870
v -0.199880 -0.067340 -0.040501
v -0.204088 -0.064888 -0.039100
v -0.199747 -0.069178 -0.038411
v -0.200856 -0.067073 -0.041134
v -0.196642 -0.065341 -0.044639
v -0.193033 -0.060421 -0.046675
v -0.201463 -0.059167 -0.044028
v -0.201548 -0.052333 -0.036186
v -0.206674 0.035744 -0.063509
v -0.200904 -0.055419 -0.034998
v -0.203952 -0.048038 -0.038571
v -0.203736 -0.051332 -0.039026
v -0.202698 -0.055239 -0.037911
v -0.181760 -0.092558 -0.043284
v -0.187885 -0.080307 -0.043159
v -0.177523 -0.090805 -0.045960
v -0.188620 -0.073528 -0.042773
v -0.180981 -0.085578 -0.044631
v -0.210449 -0.005456 -0.087899
v -0.212191 0.002892 -0.094243
v -0.182272 -0.058061 -0.046104
v -0.174476 -0.026840 0.031406
v -0.173002 -0.005499 0.012342
v -0.056470 -0.163049 0.025054
v -0.055579 -0.176873 0.026906
v -0.155381 -0.053399 0.057431
v -0.142326 -0.063102 0.062930
v -0.039619 -0.143301 0.037505
v -0.035080 -0.147862 0.045837
v -0.036521 -0.146547 0.050866
v -0.039447 -0.142561 0.044802
v -0.045611 -0.145092 0.052132
v -0.050929 -0.144070 0.046831
v -0.048502 -0.143716 0.049396
v -0.042671 -0.146198 0.052585
v -0.069083 -0.107437 0.035380
v -0.086666 -0.099281 0.047386
v -0.093847 -0.109464 0.052624
v -0.077163 -0.113708 0.043632
v -0.053735 -0.144019 0.029680
v -0.055065 -0.136391 0.028815
v -0.053922 -0.137288 0.035589
v -0.053704 -0.139828 0.036886
v -0.053795 -0.153519 0.030179
v -0.052657 -0.145864 0.037596
v -0.055999 -0.151689 0.024508
v -0.056225 -0.140568 0.024215
v -0.058759 -0.158646 0.053919
v -0.041469 -0.153058 0.030215
v -0.052371 -0.142215 0.028669
v -0.069483 -0.145455 0.046528
v -0.067013 -0.076921 0.038796
v -0.077000 -0.089134 0.045882
v -0.064870 -0.100073 0.029054
v -0.054220 -0.089325 0.024576
v -0.049532 -0.072944 0.026348
v -0.060741 -0.062490 0.037532
v -0.062259 -0.044502 0.049364
v -0.062741 -0.054444 0.049027
v -0.056595 -0.056174 0.056202
v -0.061732 -0.049319 0.057755
v -0.046777 -0.067187 0.045016
v -0.059361 -0.062590 0.041313
v -0.030508 -0.070157 0.039228
v -0.031432 -0.068103 0.041036
v -0.047062 -0.070294 0.041186
v -0.045058 -0.074367 0.035629
v -0.030716 -0.072893 0.036307
v -0.031938 -0.066349 0.044068
v -0.039367 -0.064656 0.046964
v -0.043382 -0.058412 0.054362
v -0.018720 -0.066548 0.068530
v -0.022343 -0.063564 0.076328
v -0.030089 0.019577 0.047646
v -0.035283 0.008335 0.040011
v -0.031747 0.011820 0.053807
v -0.037597 0.002672 0.046398
v -0.042799 -0.052587 0.065210
v -0.046844 -0.047682 0.066375
v -0.037217 -0.050377 0.075744
v -0.039183 -0.042072 0.080502
v -0.011974 0.053596 0.041531
v -0.011581 -0.071698 0.052309
v -0.011098 -0.073748 0.050334
v -0.013271 -0.068799 0.059392
v -0.078526 0.155776 -0.406033
v -0.082554 0.190758 -0.377035
v -0.085594 0.236963 -0.312271
v -0.081648 0.253634 -0.278648
v -0.008140 -0.124048 0.046783
v -0.009430 -0.117509 0.038842
v -0.027704 -0.128265 0.032990
v -0.013985 -0.132167 0.035149
v -0.013774 -0.140198 0.044738
v -0.025807 -0.135428 0.041770
v -0.033869 -0.132552 0.038658
v -0.037324 -0.125695 0.031721
v -0.028764 -0.122585 0.026307
v -0.013877 -0.126683 0.028923
v -0.022743 -0.141162 0.057105
v -0.011314 -0.145423 0.060436
v -0.009814 -0.140721 0.062918
v -0.020922 -0.137782 0.058426
v -0.048622 -0.087573 0.033862
v -0.038843 -0.082746 0.038511
v -0.027166 -0.080426 0.043062
v -0.018865 -0.079582 0.046920
v -0.015786 -0.073941 0.042419
v -0.020718 -0.072812 0.038612
v -0.016015 -0.071943 0.043864
v -0.021292 -0.071531 0.040546
v -0.021620 -0.067875 0.040267
v -0.027664 -0.067480 0.045328
v -0.022315 -0.066941 0.047279
v -0.024797 -0.066196 0.048014
v -0.016791 -0.068936 0.044837
v -0.020963 -0.001947 0.088069
v -0.018856 0.005323 0.079674
v -0.021072 -0.111512 0.040850
v -0.012070 -0.110885 0.041135
v -0.013989 -0.094080 0.053405
v -0.025770 -0.094742 0.051882
v -0.038528 -0.095661 0.051046
v -0.031679 -0.113259 0.042816
v -0.010916 -0.075483 0.048992
v -0.018663 -0.117388 0.041708
v -0.018598 -0.123862 0.049060
v -0.029896 -0.119865 0.044881
v -0.029028 -0.125785 0.048597
v -0.042094 -0.117751 0.042673
v -0.049684 -0.101715 0.046913
v -0.059015 -0.110901 0.041538
v -0.047919 -0.124806 0.039106
v -0.057940 -0.134923 0.033185
v -0.040633 -0.143060 0.030657
v -0.043648 -0.137324 0.032932
v -0.046295 -0.132488 0.033780
v -0.063462 -0.128010 0.035685
v -0.075056 -0.133836 0.043889
v -0.081354 -0.123563 0.047181
v -0.064360 -0.120061 0.038735
v -0.047998 -0.129429 0.034815
v -0.043456 -0.138012 0.035757
v -0.042502 -0.140224 0.041316
v -0.044521 -0.134827 0.036108
v -0.043729 -0.137508 0.039635
v -0.044719 -0.132858 0.036520
v -0.043706 -0.135871 0.039246
v -0.041942 -0.134113 0.040026
v -0.044049 -0.130200 0.039148
v -0.049020 -0.137725 0.044277
v -0.045814 -0.139295 0.043567
v -0.042654 -0.141156 0.044158
v -0.045077 -0.140317 0.043736
v -0.051674 -0.139558 0.044472
v -0.047177 -0.140364 0.045342
v -0.051892 -0.134607 0.035882
v -0.051325 -0.134155 0.035294
v -0.055147 -0.141634 0.044566
v -0.051658 -0.143451 0.046620
v -0.043473 -0.140573 0.048344
v -0.044501 -0.139634 0.043125
v -0.043731 -0.138413 0.041823
v -0.041763 -0.137487 0.042134
v -0.028667 -0.131415 0.051689
v -0.036352 -0.128103 0.045474
v -0.035985 -0.132612 0.047392
v -0.029400 -0.136634 0.053588
v -0.036751 -0.137368 0.048800
v -0.041091 -0.122387 0.028338
v -0.030435 -0.138379 0.051698
v -0.047607 -0.126985 0.031966
v -0.051582 -0.125609 0.027884
v -0.043468 -0.132901 0.036814
v -0.053935 -0.131360 0.029666
v -0.053656 -0.129445 0.029617
v -0.056591 -0.133362 0.024526
v -0.056656 -0.129036 0.025585
v -0.038326 -0.139148 0.045865
v -0.039103 -0.123631 0.044177
v -0.019786 -0.131160 0.055571
v -0.009100 -0.132581 0.057725
v -0.019106 -0.024675 0.101988
v -0.021490 -0.010452 0.096003
v -0.037986 -0.147800 0.053135
v 0.019271 -0.053277 0.103999
v -0.035117 -0.149343 0.038320
v -0.052692 -0.166266 0.030531
v -0.049321 -0.155861 0.039454
v -0.053253 -0.173102 0.081074
v -0.052498 -0.183078 0.118161
v -0.040132 -0.173762 0.096173
v -0.039171 -0.166846 0.060665
v -0.029434 -0.161455 0.081856
v -0.032237 -0.156098 0.053995
v -0.031376 -0.154050 0.059448
v -0.027275 -0.157650 0.076643
v -0.025688 -0.154941 0.068501
v -0.031752 -0.151729 0.059748
v -0.031660 -0.149393 0.068878
v -0.025373 -0.149364 0.072929
v -0.022078 -0.163425 0.057710
v -0.030984 -0.162993 0.055119
v -0.042961 -0.160646 0.044670
v -0.039884 -0.146335 0.058927
v -0.028422 -0.149736 0.064644
v -0.036973 -0.145068 0.058942
v -0.021565 -0.146883 0.072208
v 0.026452 -0.061013 0.076392
v -0.033987 -0.150153 0.057905
v -0.027124 -0.151208 0.064610
v -0.018892 -0.150473 0.072218
v -0.016868 -0.153943 0.075663
v -0.018058 -0.157751 0.088553
v -0.021312 -0.162471 0.106021
v -0.039330 -0.177940 0.147142
v -0.055612 -0.192589 0.175419
v -0.025706 -0.179933 0.181425
v -0.039705 -0.195922 0.211197
v -0.011110 -0.162588 0.114709
v -0.010120 -0.156920 0.094167
v -0.010279 -0.152245 0.083696
v -0.012407 -0.148764 0.079553
v -0.011197 -0.080461 0.047363
v -0.018526 -0.066581 0.050614
v -0.015896 -0.065701 0.057351
v -0.027440 -0.058383 0.080059
v -0.013016 -0.067854 0.067551
v -0.034313 -0.052229 0.082586
v -0.029339 -0.054283 0.086035
v -0.031794 -0.049210 0.092543
v -0.034825 -0.046338 0.089572
v -0.025346 -0.057203 0.090276
v -0.029305 -0.050764 0.096670
v -0.014650 -0.062277 0.096911
v -0.014857 -0.052890 0.107543
v -0.016299 -0.036892 0.104368
v -0.014946 -0.046447 0.108216
v -0.032440 -0.044432 0.095780
v -0.035864 -0.037531 0.092248
v -0.037172 -0.027630 0.087262
v -0.041966 -0.034438 0.076696
v -0.061892 0.285048 -0.155415
v -0.014411 -0.144008 0.080084
v -0.016573 -0.149243 0.078056
v -0.020305 -0.193045 0.042122
v -0.019822 -0.181169 0.045269
v -0.010597 -0.182162 0.046506
v -0.009571 -0.191968 0.043336
v -0.009639 -0.142835 0.080276
v -0.009570 -0.161720 0.064089
v -0.015549 -0.163130 0.060829
v -0.007432 -0.141979 0.085129
v -0.006162 -0.146878 0.085950
v -0.004807 -0.151322 0.091708
v -0.006772 -0.182116 0.048659
v -0.005935 -0.190403 0.043842
v -0.047315 -0.176409 0.033301
v -0.048265 -0.186276 0.030131
v -0.033001 -0.179882 0.041078
v -0.035991 -0.192108 0.036465
v -0.016733 -0.195228 0.223877
v -0.011487 -0.181438 0.199533
v -0.003761 -0.155973 0.096629
v -0.004627 -0.161278 0.115216
v -0.084887 0.215852 -0.347015
v -0.183526 0.168464 -0.038936
v -0.163772 0.152025 -0.033655
v -0.161665 0.176948 -0.008756
v -0.172447 0.188702 -0.014850
v -0.186934 0.184010 -0.063214
v -0.174691 0.200619 -0.039645
v -0.136123 0.253766 -0.211931
v -0.138707 0.257813 -0.172287
v -0.091034 0.278364 -0.158806
v -0.121484 0.247833 -0.250832
v -0.151415 0.222746 -0.274202
v -0.158866 0.236769 -0.221092
v -0.159897 0.242584 -0.179493
v -0.003084 0.171026 -0.135744
v -0.154157 0.032546 -0.375954
v -0.157489 0.245303 -0.141512
v -0.137743 0.258483 -0.133527
v -0.136723 0.255837 -0.097545
v -0.154511 0.244353 -0.108199
v -0.090687 0.276688 -0.118078
v -0.061100 0.283615 -0.111224
v -0.048602 -0.040622 -0.413883
v -0.016960 0.012972 0.072177
v -0.089076 -0.077759 -0.178054
v -0.098708 -0.040229 -0.101851
v 0.018762 0.003246 -0.042028
v -0.173566 -0.104086 -0.053752
v -0.174834 -0.098753 -0.052921
v -0.064071 -0.052049 -0.041230
v -0.097798 -0.061499 -0.049032
v -0.069325 -0.065469 -0.230322
v -0.203770 -0.066359 -0.055439
v -0.210279 -0.058472 -0.055286
v -0.206198 -0.070709 -0.053513
v -0.211046 -0.060157 -0.052659
v -0.214329 -0.050700 -0.054075
v -0.206517 -0.077728 -0.051976
v -0.208155 0.022622 -0.091160
v -0.209649 0.032395 -0.081711
v -0.166667 -0.113900 -0.052335
v -0.168749 -0.110272 -0.052831
v -0.166560 -0.109862 -0.054542
v -0.165101 -0.112017 -0.051993
v -0.163946 -0.116712 -0.050772
v -0.163332 -0.112206 -0.050488
v -0.219474 0.053297 -0.106307
v -0.163843 -0.096578 -0.055873
v -0.171416 -0.098101 -0.055684
v -0.169883 -0.105081 -0.054686
v -0.167498 -0.107835 -0.055873
v -0.164595 -0.109499 -0.055622
v -0.163020 -0.112127 -0.052191
v -0.161893 -0.120077 -0.049003
v -0.205864 -0.083083 -0.052817
v -0.174794 -0.123721 -0.053389
v -0.204907 -0.007128 -0.074672
v -0.207784 -0.012596 -0.074134
v -0.210858 -0.006204 -0.071133
v -0.208226 0.000692 -0.073165
v -0.160928 -0.065476 -0.251248
v -0.172022 -0.053356 -0.281987
v 0.007081 0.133066 -0.171481
v 0.003731 -0.021733 -0.239290
v -0.222467 0.019457 -0.239344
v -0.205060 -0.001720 -0.076562
v -0.207903 0.007554 -0.076382
v -0.215147 -0.050992 -0.059608
v -0.202587 -0.005609 -0.082638
v -0.204924 -0.010791 -0.080805
v -0.206694 0.015956 -0.077197
v -0.206628 0.007713 -0.073989
v -0.208403 -0.000609 -0.067361
v -0.207018 -0.016048 -0.078262
v -0.214388 0.001580 -0.108124
v -0.231334 0.106324 -0.201020
v -0.230581 0.084408 -0.237017
v -0.223279 0.147902 -0.222407
v -0.221027 0.128268 -0.262235
v -0.208820 0.106456 -0.305446
v -0.217418 0.059821 -0.281022
v -0.210057 0.015976 -0.092436
v -0.206124 0.038136 -0.073765
v -0.190882 0.195567 -0.087385
v -0.202373 0.179654 -0.106498
v -0.176171 0.210521 -0.063051
v -0.176999 0.219024 -0.085141
v -0.191172 0.206457 -0.109294
v -0.207235 0.185379 -0.139351
v -0.226515 0.091841 -0.148636
v -0.224487 0.127049 -0.166820
v -0.215335 0.143234 -0.135613
v -0.218029 0.166804 -0.183938
v -0.199368 0.203119 -0.161762
v -0.208168 0.189221 -0.200516
v -0.183058 0.220637 -0.176735
v -0.187391 0.211635 -0.214570
v -0.186027 0.199912 -0.257490
v -0.211369 0.175045 -0.238777
v -0.187976 0.215800 -0.129268
v -0.173976 0.226615 -0.103500
v -0.176619 0.228135 -0.142525
v -0.168870 0.233131 -0.118579
v -0.210494 0.151120 -0.119621
v -0.156087 -0.074618 -0.040178
v -0.186064 -0.101744 -0.032984
v -0.167641 -0.092247 -0.028966
v -0.174900 -0.023100 0.006771
v -0.168830 0.006191 -0.009498
v -0.184591 -0.013649 -0.021308
v -0.179714 -0.049868 -0.005387
v -0.157267 0.038437 -0.025462
v -0.176564 0.020326 -0.035820
v -0.167552 0.056593 -0.054982
v -0.153460 0.072172 -0.038048
v -0.184477 0.087000 -0.349266
v -0.188578 0.044963 -0.339347
v -0.189438 0.016172 -0.323031
v -0.121847 0.123290 0.017930
v -0.075130 0.131209 -0.421558
v -0.148621 0.192229 0.016224
v -0.165684 0.138009 -0.362528
v -0.130716 0.149410 -0.384920
v -0.208726 0.156797 -0.278688
v -0.199487 0.136293 -0.317140
v -0.177404 0.114651 -0.356948
v -0.184987 -0.019246 -0.305094
v -0.155530 0.238966 -0.084380
v -0.154556 0.030614 0.020001
v -0.157159 0.019773 0.021533
v -0.147437 0.043403 0.015717
v -0.149759 0.009733 0.021457
v -0.045347 -0.000868 0.036841
v -0.046496 -0.005073 0.042058
v -0.048420 -0.011452 0.047890
v -0.054863 -0.012906 0.037972
v -0.056481 -0.020195 0.043621
v -0.045603 -0.007774 0.060459
v -0.040455 -0.003261 0.053229
v -0.050568 -0.017034 0.052933
v -0.049411 -0.025389 0.054769
v -0.047385 -0.014673 0.065839
v -0.058320 -0.063951 0.037293
v -0.060467 -0.049812 0.039826
v -0.055220 -0.037361 0.045775
v -0.066309 -0.026560 0.045279
v -0.062827 -0.037183 0.043843
v -0.055240 -0.027714 0.044973
v -0.066866 -0.018111 0.039404
v -0.052954 -0.034766 0.059338
v -0.051772 -0.042846 0.064925
v -0.044674 -0.024493 0.071677
v -0.039601 -0.017683 0.080084
v -0.043634 -0.007128 0.074610
v -0.054500 -0.007719 0.034374
v -0.068422 -0.011466 0.037715
v -0.074559 -0.046264 0.055192
v -0.085766 -0.056461 0.066325
v -0.081465 -0.030792 0.056303
v -0.092307 -0.039324 0.064421
v -0.083564 -0.019303 0.051725
v -0.094943 -0.027408 0.056917
v -0.096541 -0.069287 0.074301
v -0.108282 -0.081456 0.079200
v -0.118871 -0.098059 0.077270
v -0.117568 -0.064129 0.081638
v -0.131585 -0.080047 0.087472
v -0.116456 -0.048209 0.066058
v -0.131073 -0.064009 0.075259
v -0.103695 -0.050448 0.071122
v -0.105276 -0.038575 0.059463
v -0.093631 -0.018392 0.044135
v -0.082340 -0.012573 0.041901
v -0.113467 -0.020484 0.041522
v -0.113954 -0.034822 0.050287
v -0.103687 -0.027344 0.045487
v -0.102992 -0.015694 0.036469
v -0.127155 -0.044705 0.056366
v -0.125580 -0.025142 0.047245
v -0.124808 -0.011599 0.041280
v -0.084079 0.005160 0.027137
v -0.070799 0.006452 0.024612
v -0.095083 0.005129 0.030927
v -0.113789 -0.008966 0.036918
v -0.103568 -0.007501 0.033366
v -0.134240 0.002185 0.027260
v -0.128488 0.003112 0.031255
v -0.113743 0.004892 0.033330
v -0.105331 0.005061 0.032680
v -0.120953 0.004238 0.031778
v -0.058531 0.011364 0.021879
v -0.044745 0.016479 0.017288
v -0.066327 -0.024780 -0.085044
v -0.041337 0.000299 0.069004
v -0.034822 0.004735 0.060178
v -0.030355 0.067083 0.016465
v -0.021794 0.058899 0.010741
v -0.016584 0.056478 0.034829
v -0.045023 0.075610 0.032201
v -0.034249 0.022839 0.013033
v -0.026551 0.029866 0.007271
v -0.021294 0.040624 0.006259
v -0.016864 0.050535 0.006313
v -0.078744 0.097780 0.051891
v -0.075670 0.084207 0.065238
v -0.149473 0.134626 -0.013655
v -0.145734 0.108806 -0.024793
v -0.123665 0.084386 0.021257
v -0.133396 0.072726 0.017495
v -0.139172 0.058282 0.014192
v -0.141913 0.077162 -0.028163
v -0.153701 0.047740 -0.015757
v -0.162003 0.020032 -0.003865
v -0.157805 0.215303 -0.013036
v -0.157468 0.224510 -0.037203
v -0.158152 0.205309 0.012819
v -0.135814 0.250584 -0.067996
v -0.135850 0.244580 -0.040062
v -0.156932 0.232446 -0.060870
v -0.137087 0.236712 -0.014132
v -0.138529 0.227426 0.011279
v -0.138429 0.216918 0.038403
v -0.131035 0.203524 0.038166
v -0.117705 0.180374 0.044912
v -0.051575 0.002610 -0.137807
v -0.024106 -0.042424 0.038907
v -0.022874 -0.043491 0.039532
v -0.023829 -0.042214 0.038386
v -0.022424 -0.043210 0.039036
v -0.023018 -0.043673 0.039547
v -0.026013 -0.062337 0.047320
v -0.023838 -0.058542 0.044418
v -0.022669 -0.049596 0.042275
v -0.162773 -0.105818 -0.024785
v -0.000099 0.034959 -0.062185
v -0.012246 0.053134 -0.089139
v 0.016228 0.062354 -0.106525
v 0.032653 0.075051 -0.135582
v -0.015767 0.011060 0.058169
v -0.021716 0.013997 0.024067
v -0.025264 0.057192 0.031859
v -0.020558 0.060655 0.068621
v 0.023289 0.148337 -0.072950
v 0.009787 0.090633 -0.099282
v 0.033630 0.122088 -0.118734
v 0.052694 0.194062 -0.084721
v 0.047964 0.163185 -0.128235
v 0.063326 0.227233 -0.092220
v 0.058042 0.254416 -0.094023
v 0.048651 0.197233 -0.128825
v 0.039226 0.238483 -0.120004
v 0.046251 0.282084 -0.092196
v -0.018612 0.028455 -0.009786
v -0.004441 0.049003 -0.037175
v -0.005850 0.081374 -0.029945
v -0.014968 0.055272 -0.003949
v 0.002137 0.058612 -0.078570
v -0.000777 0.102792 -0.066187
v 0.033736 0.270073 -0.105263
v 0.027959 0.200669 -0.143688
v -0.016564 0.147792 0.101264
v -0.006326 0.151627 0.106374
v -0.008046 0.115557 0.095909
v -0.020917 0.105675 0.079861
v 0.014241 0.195193 0.102509
v 0.043503 0.221194 0.087973
v 0.062319 0.236069 0.123888
v 0.031057 0.219267 0.138955
v 0.103228 0.266632 0.113664
v 0.133809 0.319141 0.083753
v -0.006413 0.186751 0.110291
v 0.007828 0.207396 0.158221
v 0.031626 0.281321 -0.094930
v 0.021903 0.223213 -0.127007
v 0.125641 0.329431 0.078897
v 0.140025 0.353738 0.034279
v 0.152953 0.346992 0.041455
v 0.102377 0.361760 0.008894
v 0.106893 0.356559 0.017251
v 0.126273 0.366787 0.020560
v 0.117919 0.368511 0.010396
v 0.109194 0.313792 -0.001720
v 0.111020 0.327314 -0.022917
v 0.118120 0.350329 -0.006297
v 0.127871 0.351086 0.025003
v 0.075504 0.352864 -0.028790
v 0.096024 0.344049 -0.030037
v 0.093008 0.325974 -0.039412
v 0.072972 0.344914 -0.047521
v 0.108665 0.313240 0.057702
v 0.078156 0.263362 0.016868
v 0.079652 0.252937 0.066188
v 0.048427 0.216049 0.024510
v 0.012676 0.182440 0.033718
v 0.081413 0.281457 -0.056760
v 0.075871 0.300153 -0.064748
v 0.067883 0.319605 -0.068885
v 0.050162 0.312285 -0.079234
v 0.034820 0.350595 -0.004855
v 0.033391 0.362554 -0.016709
v 0.047397 0.358205 -0.039154
v 0.051879 0.332513 -0.061759
v 0.094281 0.276474 0.100879
v 0.016689 0.165624 -0.026833
v -0.001383 0.125507 -0.006036
v 0.053191 0.202091 0.170819
v 0.077615 0.220732 0.145157
v 0.036698 0.184942 0.202359
v 0.027485 0.172554 0.217100
v 0.066963 0.351351 -0.016573
v 0.073667 0.350142 -0.000788
v 0.080193 0.346793 0.010439
v 0.083869 0.354610 -0.005197
v -0.008591 0.138137 0.048646
v -0.017192 0.148883 0.082686
v -0.008711 0.182825 0.132137
v 0.076708 0.254210 -0.045484
v 0.050820 0.210264 -0.033012
v -0.009822 0.088434 0.012788
v -0.023377 0.100125 0.047601
v -0.005568 0.073816 0.094071
v 0.004644 0.194610 0.179999
v 0.146732 0.363391 0.009802
v 0.139977 0.367521 0.009704
v 0.131556 0.373285 0.012156
v 0.026488 0.364333 -0.039770
v 0.012285 0.136469 0.100758
v 0.012486 0.165806 0.115040
v 0.011320 0.096635 0.107158
v 0.128008 0.366264 0.005746
v 0.106519 0.363274 -0.005025
v 0.011163 0.036465 0.114164
v 0.020911 0.156218 -0.160287
v 0.010852 0.181594 0.150976
v 0.010387 0.173072 0.187079
v 0.012110 0.150586 0.237046
v -0.004107 0.016406 0.091023
v 0.006767 0.178869 0.184189
v -0.002665 0.173663 0.137472
v 0.024953 0.159789 0.227810
v 0.026227 0.317835 -0.070427
v 0.040124 -0.004567 0.071541
v 0.044708 -0.007027 0.047456
v 0.052290 0.041959 0.049609
v 0.044621 0.050393 0.076538
v 0.012850 0.133973 -0.035834
v 0.020231 0.064564 -0.059409
v -0.006709 0.102984 -0.075259
v -0.013438 0.186649 -0.046855
v -0.010870 0.155364 -0.087917
v -0.018749 0.226798 -0.059374
v -0.011913 0.258166 -0.068548
v -0.007576 0.193484 -0.096137
v 0.001985 0.238730 -0.097423
v -0.000258 0.286884 -0.074370
v 0.052180 0.002477 0.015094
v 0.055877 0.019129 -0.013317
v 0.055267 0.061875 -0.008571
v 0.048523 0.038734 0.017824
v 0.043461 0.024165 -0.044548
v 0.052171 0.078227 -0.035142
v 0.008116 0.270439 -0.094452
v 0.009944 0.199625 -0.129793
v 0.040359 0.144793 0.114076
v 0.029322 0.149290 0.109944
v 0.029464 0.112598 0.098465
v 0.045999 0.098236 0.086203
v 0.020318 0.183815 0.112807
v -0.009475 0.233117 0.117145
v -0.030297 0.252258 0.154536
v -0.000846 0.231729 0.166927
v -0.071079 0.290140 0.147666
v -0.092407 0.345341 0.117135
v 0.036320 0.182694 0.129384
v 0.016268 0.210527 0.176980
v -0.078998 0.357511 0.113456
v -0.087413 0.380892 0.066295
v -0.099664 0.375704 0.071217
v -0.036780 0.382635 0.022267
v -0.039096 0.377159 0.031146
v -0.056657 0.392138 0.034736
v -0.052832 0.392398 0.025825
v -0.052529 0.327770 0.029061
v -0.045901 0.332330 0.000574
v -0.058346 0.369751 0.017154
v -0.071693 0.369967 0.056368
v -0.014437 0.368201 -0.020034
v -0.039313 0.367335 -0.013185
v -0.034725 0.353200 -0.023518
v -0.018054 0.355939 -0.037894
v -0.062038 0.331007 0.090313
v -0.045731 0.274418 0.046437
v -0.038151 0.266820 0.100323
v -0.013322 0.223979 0.059661
v 0.022839 0.175781 0.055387
v -0.032307 0.289516 -0.028189
v -0.023348 0.308956 -0.043919
v -0.009827 0.325747 -0.057957
v 0.009048 0.296575 -0.070365
v 0.008444 0.350100 -0.035796
v -0.003598 0.379882 -0.051814
v -0.053159 0.297007 0.135132
v 0.020416 0.159329 0.007269
v 0.035632 0.116594 0.021228
v -0.026860 0.217186 0.195852
v -0.051861 0.238186 0.177451
v -0.010854 0.188473 0.208987
v -0.002602 0.165509 0.220579
v 0.015540 0.354880 -0.013294
v 0.001342 0.353157 0.003973
v -0.025235 0.370162 0.019996
v -0.020811 0.372960 0.003555
v 0.034479 0.131702 0.060662
v 0.047364 0.137563 0.090565
v 0.033764 0.186587 0.148302
v -0.031044 0.258738 -0.011922
v -0.011083 0.208683 0.002546
v 0.041500 0.078533 0.031166
v 0.052416 0.092734 0.059419
v 0.030427 0.066407 0.097436
v 0.019176 0.192723 0.185956
v -0.093243 0.389976 0.038067
v -0.077750 0.394694 0.029152
v -0.069738 0.398618 0.031254
v -0.071467 0.390962 0.030687
v -0.048950 0.385432 0.011859
v 0.027044 0.009272 0.095813
v 0.013308 0.173368 0.184314
v 0.024402 0.174197 0.144131
v -0.001026 0.150773 0.226642
v -0.024185 -0.043306 0.038243
v -0.180434 -0.101155 0.015472
v -0.177815 -0.116726 0.008034
v -0.164107 -0.135608 0.026298
v -0.175502 -0.121937 0.036241
v -0.153485 -0.153912 0.053534
v -0.169573 -0.139340 0.058686
v -0.155225 -0.175321 0.087276
v -0.178635 -0.162982 0.089424
v -0.171264 -0.202291 0.131990
v -0.199446 -0.187305 0.123327
v -0.130328 -0.218439 0.205786
v -0.125605 -0.217428 0.217177
v -0.106766 -0.238754 0.247672
v -0.100245 -0.233231 0.242251
v -0.070749 -0.248433 0.269099
v -0.070739 -0.244471 0.269814
v -0.034946 -0.258651 0.283761
v -0.031570 -0.245518 0.281139
v 0.008694 -0.262397 0.288969
v 0.007433 -0.250820 0.289155
v 0.004287 -0.220149 0.266459
v -0.024561 -0.221304 0.261659
v -0.028639 -0.235977 0.274082
v 0.005408 -0.239501 0.280612
v -0.056999 -0.219335 0.253075
v -0.069617 -0.236047 0.263926
v -0.084105 -0.216082 0.224924
v -0.099602 -0.228471 0.231709
v -0.099872 -0.205770 0.177292
v -0.117989 -0.220476 0.189924
v -0.106585 -0.192499 0.150718
v -0.132907 -0.201674 0.160803
v -0.031682 -0.246411 0.281833
v 0.007626 -0.255658 0.291051
v -0.064920 -0.236661 0.266104
v -0.090965 -0.225233 0.244455
v -0.099193 -0.202526 0.219696
v -0.159746 -0.214608 0.175253
v -0.124210 -0.198242 0.183369
v -0.132913 -0.188818 0.140012
v -0.106497 -0.164754 0.084470
v -0.122873 -0.152686 0.047766
v -0.160480 -0.142861 0.016520
v -0.173379 -0.123885 -0.002079
v -0.178877 -0.102408 -0.002942
v -0.044632 -0.207175 0.239741
v -0.021215 -0.206104 0.245719
v -0.063714 -0.206436 0.210233
v -0.072268 -0.195352 0.153173
v -0.080505 -0.181931 0.116296
v -0.096375 -0.150658 0.078571
v -0.088832 -0.166168 0.094554
v -0.099455 -0.121666 0.059294
v -0.098744 -0.134779 0.063120
v -0.139117 -0.104908 0.085943
v -0.148642 -0.128383 0.093710
v -0.127585 -0.135153 0.087711
v -0.122615 -0.116210 0.076993
v -0.144085 -0.084576 0.079549
v -0.161970 -0.116090 0.091304
v -0.029141 -0.232370 0.261743
v 0.008039 -0.234380 0.266900
v -0.053377 -0.226134 0.247358
v -0.063902 -0.210517 0.221624
v -0.067493 -0.189959 0.193420
v -0.074325 -0.177781 0.166565
v -0.070878 -0.161675 0.127799
v -0.054772 -0.142419 0.077229
v -0.054772 -0.126556 0.033270
v -0.119501 -0.129330 0.001415
v -0.155771 -0.115181 -0.015528
v -0.033544 -0.172030 0.141787
v -0.038742 -0.196919 0.175820
v -0.038632 -0.222529 0.203311
v -0.037322 -0.236681 0.220780
v -0.018917 -0.241736 0.225999
v 0.006946 -0.243056 0.230249
v -0.014428 -0.228379 0.203311
v 0.004836 -0.236210 0.213187
v -0.015672 -0.198594 0.190813
v 0.004086 -0.221411 0.204966
v -0.010193 -0.171341 0.165416
v 0.004673 -0.173173 0.178037
v -0.122000 -0.174864 0.132535
v -0.155542 -0.177026 0.136644
v -0.158037 -0.153008 0.113585
v -0.181535 -0.145590 0.109198
v -0.185482 -0.178004 0.125947
v -0.131339 -0.155545 0.113334
v -0.210053 -0.166664 0.112553
v -0.193558 -0.132530 0.099341
v -0.169489 -0.096333 0.080354
v -0.185487 -0.110166 0.080262
v -0.188285 -0.144687 0.085085
v -0.171554 -0.084656 0.069152
v -0.171226 -0.068476 0.056565
v -0.175140 -0.096823 0.060427
v -0.174449 -0.119854 0.058231
v -0.168800 -0.202579 0.152660
v -0.171278 -0.104638 0.040321
v -0.169032 -0.057786 0.042372
v -0.169062 -0.079333 0.041952
v -0.172627 -0.045176 0.026702
v -0.174597 -0.067991 0.017670
v -0.176533 -0.087389 0.015582
v -0.189750 -0.087937 -0.005678
v 0.004229 -0.203542 0.245402
v -0.139786 -0.070481 -0.050353
v -0.055834 -0.100089 0.037368
v -0.047233 -0.090310 0.045092
v -0.034416 -0.086917 0.048880
v -0.022650 -0.085255 0.050430
v -0.012483 -0.084978 0.051945
v 0.008580 -0.081434 0.135528
v -0.006322 0.090621 0.064551
v 0.004548 -0.116267 0.148386
v -0.001603 -0.189094 0.045688
v -0.032214 0.287904 -0.104720
v 0.003385 -0.189373 0.234438
v 0.001331 -0.181425 0.051517
v -0.003698 -0.012627 0.099537
v 0.000612 -0.179223 0.216302
v 0.001090 -0.155131 0.112707
v 0.001333 -0.140708 0.093571
v -0.014550 0.186473 0.074178
v 0.001422 -0.147018 0.098897
v -0.005950 -0.081944 0.055461
v -0.002988 -0.025150 0.105918
v 0.001073 -0.136973 0.089833
v 0.020399 -0.050275 -0.311287
v 0.001690 -0.164818 0.148286
v -0.002487 -0.161871 0.067334
v 0.000338 -0.138796 0.082171
v 0.003905 -0.131358 0.027703
v -0.004526 -0.088151 0.058986
v -0.007222 0.030504 0.063622
v 0.009914 -0.050138 -0.404029
v -0.006131 0.023373 0.070951
v -0.020845 0.250626 0.065677
v -0.017503 0.216180 0.071599
v -0.005917 -0.000242 0.093691
v -0.006948 0.059213 -0.453007
v -0.011263 0.097492 -0.447344
v -0.008920 0.135270 0.061578
v -0.030029 0.255577 -0.288990
v -0.002356 -0.036787 0.111326
v -0.009811 -0.067893 0.067304
v -0.028973 0.279830 -0.023372
v 0.002101 -0.011045 -0.440346
v -0.024600 0.217425 -0.358064
v 0.003380 -0.142223 0.064008
v -0.030814 0.285085 -0.062778
v 0.002866 -0.152641 0.060541
v -0.007421 -0.062977 0.096917
v 0.006292 -0.036775 -0.425250
v -0.002344 0.013270 -0.448830
v -0.000757 -0.114348 0.042410
v -0.003850 -0.098454 0.057328
v -0.027216 0.237937 -0.325016
v -0.006226 0.104668 0.063056
v 0.002285 -0.121259 0.041084
v -0.007719 0.051555 0.047487
v 0.003035 -0.126292 0.050215
v 0.010552 -0.030822 0.123047
v -0.018541 0.158403 -0.416564
v 0.003156 -0.133017 0.056642
v 0.002272 -0.145864 0.047894
v -0.006915 0.008090 0.084815
v 0.003721 -0.136404 0.036178
v -0.011483 0.156381 0.068015
v -0.009386 -0.074198 0.054648
v -0.010310 -0.072355 0.056905
v -0.009480 0.047934 0.052087
v -0.017743 0.236584 0.084737
v -0.006284 0.060464 0.053706
v -0.007729 -0.075670 0.054196
v -0.015260 0.133831 -0.432507
v -0.032656 0.276750 -0.239744
v -0.033243 0.282702 -0.203788
v -0.008967 0.038611 0.057883
v -0.005622 0.015682 0.077193
v 0.022913 -0.050780 -0.296232
v -0.003630 -0.055289 0.110738
v -0.002151 -0.047558 0.115356
v -0.026636 0.271753 0.011738
v 0.013811 -0.049898 -0.384748
v -0.033243 0.287969 -0.153588
v -0.023874 0.261999 0.041084
v 0.019417 -0.039919 -0.338088
v 0.017377 -0.041587 -0.366570
v -0.009128 -0.064246 0.088467
v -0.006418 0.069945 0.058034
v -0.009742 -0.065957 0.076608
v -0.021840 0.193660 -0.387454
v -0.010521 -0.069809 0.060488
v 0.010712 -0.038755 0.056519
v 0.174782 -0.089579 -0.007728
v 0.180886 -0.105029 -0.029463
v 0.167434 -0.120070 -0.002561
v 0.170756 -0.109953 0.017347
v 0.159382 -0.137918 0.032012
v 0.176184 -0.129168 0.043933
v 0.157912 -0.158769 0.069607
v 0.188969 -0.153153 0.077815
v -0.018906 -0.062516 0.088047
v -0.017097 -0.066441 0.078217
v 0.179470 -0.188014 0.118846
v 0.205315 -0.180940 0.115147
v -0.034061 0.032681 -0.002978
v -0.025172 -0.067337 0.043693
v -0.034058 -0.001813 0.083800
v -0.029331 0.033686 -0.000903
v 0.139805 -0.208484 0.192507
v 0.137317 -0.212249 0.201398
v 0.105586 -0.224007 0.227771
v 0.105742 -0.223555 0.230741
v -0.030586 -0.065367 0.041295
v 0.082064 -0.246762 0.261875
v 0.079835 -0.242535 0.263972
v 0.051623 -0.262409 0.285175
v 0.047797 -0.252773 0.286354
v -0.027057 0.011103 0.067587
v -0.026688 0.036768 0.031499
v 0.031419 -0.222753 0.261102
v 0.038473 -0.239492 0.269992
v -0.029477 0.003845 0.075390
v -0.048639 -0.057638 0.053625
v -0.041471 -0.063905 0.044438
v -0.024414 -0.045311 0.102351
v -0.027310 -0.036064 0.100074
v 0.056282 -0.221602 0.243354
v -0.027286 -0.053614 0.094017
v -0.020386 -0.060363 0.094545
v 0.069058 -0.235902 0.253022
v -0.039632 0.031995 -0.000300
v -0.062913 0.036433 -0.011743
v -0.022935 -0.051822 0.102120
v -0.014450 -0.058566 0.102565
v -0.047482 0.034972 -0.010766
v -0.037337 0.032384 -0.002562
v -0.038148 -0.046396 0.078386
v -0.025319 0.033487 0.044528
v 0.081004 -0.216036 0.213567
v 0.097174 -0.226919 0.223562
v 0.105011 -0.203904 0.176324
v 0.122647 -0.211681 0.187264
v -0.044146 -0.049574 0.065615
v 0.129737 -0.190478 0.164846
v 0.151882 -0.194267 0.160135
v 0.047572 -0.247566 0.279025
v -0.041683 0.032724 -0.001113
v -0.042068 0.033392 -0.001995
v -0.034517 -0.011150 0.090164
v 0.078994 -0.235909 0.257434
v 0.094884 -0.210785 0.226097
v 0.115641 -0.199277 0.204768
v 0.182370 -0.212113 0.163337
v -0.052174 0.038520 -0.007896
v -0.014199 -0.067511 0.058090
v -0.034496 -0.049173 0.085723
v -0.030944 -0.051653 0.090324
v -0.013099 -0.068325 0.050075
v 0.143209 -0.203329 0.170840
v 0.141148 -0.174654 0.122334
v -0.023889 0.035126 0.005874
v 0.107235 -0.139697 0.064132
v -0.025149 0.026401 0.054602
v -0.025053 0.018004 0.061923
v 0.130835 -0.130991 0.018862
v 0.151001 -0.114325 -0.022851
v -0.015509 -0.067147 0.068057
v 0.203893 -0.111592 -0.063669
v 0.170617 -0.091308 -0.046661
v 0.044076 -0.209636 0.230189
v 0.026006 -0.206968 0.243051
v 0.062573 -0.205757 0.203438
v -0.030279 -0.024073 0.096908
v 0.080457 -0.193810 0.154726
v 0.105457 -0.182531 0.140953
v 0.126293 -0.153100 0.113284
v -0.019034 -0.067141 0.046139
v 0.120222 -0.169891 0.127480
v 0.119385 -0.126140 0.094133
v 0.118920 -0.140150 0.093559
v 0.158345 -0.104737 0.123679
v 0.168662 -0.127474 0.121481
v 0.146926 -0.137530 0.115682
v -0.005626 -0.060234 0.104393
v -0.021313 -0.056397 0.099033
v 0.145280 -0.116920 0.118456
v 0.159598 -0.082945 0.114144
v 0.182489 -0.114902 0.117449
v 0.044779 -0.228739 0.256904
v -0.076649 0.069352 0.036324
v -0.075219 0.065723 0.027576
v 0.067378 -0.221316 0.239000
v 0.074835 -0.202309 0.209412
v 0.083347 -0.188118 0.182730
v 0.097075 -0.181399 0.156453
v 0.094144 -0.157885 0.115938
v 0.063301 -0.116207 0.056017
v -0.060063 0.078151 0.049399
v -0.015445 0.082978 0.054749
v -0.028056 0.083227 0.052858
v 0.072699 -0.102135 0.002254
v -0.077429 0.053410 0.016666
v -0.074973 0.053287 0.013127
v -0.075253 0.063081 0.017404
v -0.076558 0.047677 0.015425
v -0.077556 0.050552 0.017270
v 0.117215 -0.098103 -0.039543
v -0.075903 0.058909 0.014647
v 0.175155 -0.090940 -0.070284
v -0.075235 0.058317 0.012729
v 0.054139 -0.174942 0.137289
v -0.072816 0.074561 0.044387
v 0.051624 -0.192411 0.167916
v 0.050287 -0.214800 0.193914
v -0.076427 0.056491 0.013879
v -0.075571 0.052791 0.014277
v 0.048302 -0.229023 0.213600
v -0.077751 0.045931 0.003302
v 0.031758 -0.239895 0.221467
v -0.005723 0.080177 0.062902
v -0.060954 0.101358 0.064517
v -0.127164 0.096454 0.015729
v 0.025284 -0.227971 0.196899
v -0.134039 0.081403 0.010780
v 0.029244 -0.199582 0.186175
v -0.131492 -0.004153 0.036051
v -0.137862 -0.004072 0.033362
v -0.053352 0.088403 0.062275
v 0.020851 -0.165759 0.157146
v 0.145248 -0.173855 0.148512
v 0.176136 -0.174979 0.140400
v 0.176106 -0.152334 0.129447
v 0.200733 -0.142357 0.124703
v -0.082179 0.156319 0.058066
v -0.114839 0.260148 -0.054527
v -0.072173 0.133950 0.055821
v -0.100267 0.111470 0.036625
v 0.205284 -0.173729 0.129306
v -0.114926 0.253875 -0.023690
v 0.152177 -0.155556 0.133698
v 0.207355 -0.157364 0.107868
v 0.207395 -0.126524 0.111009
v 0.187820 -0.092384 0.106907
v 0.196782 -0.102498 0.090317
v -0.115170 0.106573 0.022687
v 0.195750 -0.135416 0.080469
v -0.154720 0.005255 0.024844
v -0.024669 0.117384 0.059858
v -0.161748 0.018089 0.020822
v 0.187477 -0.077832 0.095092
v -0.044882 0.117138 0.062695
v -0.103126 0.259974 -0.236627
v 0.185935 -0.058848 0.080836
v 0.186815 -0.088235 0.071644
v 0.182873 -0.109714 0.057203
v 0.195274 -0.201249 0.151206
v -0.031424 0.076842 0.036034
v 0.177163 -0.094949 0.036757
v -0.105120 -0.000586 0.033740
v -0.114493 -0.000750 0.035623
v 0.183411 -0.048662 0.067330
v -0.114396 0.264796 -0.204491
v -0.151076 0.001345 0.027990
v -0.105934 0.209261 0.053265
v -0.019015 0.058269 0.023326
v -0.022011 0.067838 0.024470
v -0.112512 0.224442 0.057685
v 0.180517 -0.070206 0.053358
v 0.183729 -0.037476 0.051225
v 0.179309 -0.060669 0.031856
v -0.114233 0.236716 0.031615
v 0.172788 -0.078715 0.012796
v 0.173507 -0.077478 -0.034063
v -0.115942 0.265112 -0.088183
v -0.057031 0.006612 0.022751
v 0.175818 -0.069483 -0.113780
v 0.052340 -0.107776 0.056471
v 0.040166 -0.097665 0.059869
v -0.138618 0.064557 0.007315
v -0.148282 0.046587 0.010369
v -0.117018 0.268503 -0.165576
v -0.082675 0.000521 0.026924
v -0.157564 0.032026 0.016516
v -0.072024 0.263276 -0.258535
v 0.026147 -0.092707 0.061516
v -0.144966 -0.002554 0.030873
v 0.013501 -0.088257 0.063781
v 0.002910 -0.084607 0.064886
v -0.083793 0.114382 0.046642
v -0.094189 -0.000200 0.030889
v -0.018940 0.050745 0.021324
v -0.045182 0.013947 0.021460
v -0.035238 0.022283 0.019077
v -0.114631 0.246151 0.004777
v -0.028324 0.031042 0.017669
v -0.021727 0.041770 0.020423
v -0.069457 0.002234 0.024675
v -0.094772 0.184952 0.058559
v -0.116451 0.268041 -0.125694
v -0.123642 -0.001889 0.035854
v -0.031784 0.266884 -0.265413
v -0.007845 0.118370 0.060108
v -0.025180 0.036614 0.019019
v -0.043240 0.081563 0.051491
v -0.065542 0.116002 0.058244
v -0.000679 -0.174084 0.188243
v -0.053521 -0.124759 0.033981
v -0.052452 -0.130836 0.032686
v -0.037280 -0.149110 0.026431
v -0.046352 -0.110829 0.044096
v -0.052365 -0.118516 0.038293
v -0.025449 -0.167977 0.124323
v -0.048648 -0.136333 0.030268
v -0.015512 -0.170794 0.143908
v -0.045850 -0.141959 0.026874
v -0.006935 -0.171705 0.151724
v -0.002671 -0.105780 0.051880
v -0.024629 -0.103364 0.046818
v -0.013039 -0.103855 0.048140
v -0.035317 -0.105377 0.045638
v -0.033381 -0.159205 0.055932
v -0.033127 -0.166094 0.097779
v 0.001851 -0.062057 0.091411
v -0.003166 -0.063820 0.081328
v 0.027467 0.034223 0.049195
v 0.004245 -0.067637 0.055248
v 0.012709 -0.007339 0.092228
v 0.018365 0.033898 0.044541
v 0.012548 -0.069876 0.057447
v 0.004974 0.006284 0.076319
v 0.001564 0.030998 0.053886
v 0.007223 -0.000998 0.084150
v 0.031769 -0.065022 0.068986
v 0.023790 -0.070849 0.060543
v 0.012988 -0.047935 0.109022
v 0.014574 -0.039596 0.107175
v 0.013035 -0.056481 0.100712
v 0.005848 -0.061458 0.098747
v 0.039384 0.035128 0.058427
v 0.067376 0.031370 0.064051
v 0.010834 -0.054006 0.107258
v 0.003247 -0.060657 0.105427
v 0.050317 0.037141 0.061083
v 0.034740 0.034904 0.054147
v 0.020583 -0.050885 0.088211
v -0.001513 0.026598 0.059764
v 0.027212 -0.056326 0.078166
v 0.043350 0.035651 0.060837
v 0.045413 0.036460 0.064654
v 0.014790 -0.016966 0.098505
v 0.053566 0.030468 0.069394
v -0.007258 -0.065101 0.061564
v 0.017286 -0.052657 0.094330
v 0.014899 -0.054344 0.098081
v -0.007941 -0.066912 0.056815
v 0.007417 0.033181 0.044442
v 0.001933 0.021240 0.065994
v 0.004733 0.013850 0.070579
v -0.006683 -0.062964 0.071066
v 0.013728 -0.028801 0.103336
v -0.002152 -0.066569 0.054533
v 0.008899 -0.059243 0.104315
v 0.075971 0.069419 0.087493
v 0.076865 0.063971 0.083597
v 0.049299 0.077969 0.078188
v 0.002944 0.080174 0.068715
v 0.014968 0.081472 0.070579
v 0.085047 0.052962 0.081534
v 0.085363 0.050494 0.083663
v 0.077808 0.059148 0.076522
v 0.084228 0.047943 0.084906
v 0.085369 0.051117 0.085216
v 0.080035 0.056395 0.072753
v 0.080770 0.057160 0.071504
v 0.067136 0.074899 0.087002
v 0.083026 0.055052 0.075699
v 0.084833 0.048220 0.084003
v 0.085745 0.042232 0.075012
v 0.046041 0.104713 0.087939
v 0.122487 0.097378 0.058540
v 0.133015 0.081254 0.057275
v 0.147483 0.001708 0.095046
v 0.155134 0.003955 0.089091
v 0.039307 0.089495 0.083291
v 0.058363 0.161512 0.085263
v 0.054128 0.255558 -0.052600
v 0.053604 0.140390 0.086619
v 0.090184 0.115000 0.075775
v 0.057518 0.249815 -0.020260
v 0.108999 0.109609 0.065215
v 0.174410 0.013934 0.086695
v 0.008124 0.120694 0.073377
v 0.181990 0.024075 0.084695
v 0.028210 0.122515 0.086358
v 0.040754 0.257267 -0.237821
v 0.019315 0.074260 0.060334
v 0.112946 0.004138 0.103764
v 0.123993 0.003724 0.103847
v 0.050791 0.261197 -0.205549
v 0.167564 0.010248 0.083593
v 0.071397 0.212015 0.071590
v -0.003211 0.057214 0.038335
v 0.006146 0.066173 0.046180
v 0.070021 0.225391 0.067524
v 0.065898 0.235232 0.038869
v 0.052872 0.260295 -0.087450
v 0.049569 0.008633 0.076487
v 0.145132 0.064540 0.059656
v 0.157865 0.048014 0.067922
v 0.052714 0.264095 -0.166382
v 0.083449 0.003819 0.094052
v 0.172891 0.035708 0.077014
v 0.009102 0.262307 -0.258813
v 0.162300 0.006702 0.085884
v 0.070368 0.118787 0.081800
v 0.098661 0.003903 0.100285
v -0.003498 0.047828 0.040510
v 0.032653 0.013900 0.067311
v 0.017750 0.020752 0.058389
v 0.061376 0.243053 0.009963
v 0.008756 0.028250 0.053373
v -0.000270 0.038022 0.045180
v 0.065516 0.004696 0.084284
v 0.065666 0.188739 0.082243
v 0.052234 0.263219 -0.125907
v 0.135800 0.002660 0.100682
v 0.003836 0.033022 0.048913
v 0.030931 0.080277 0.074533
v 0.050183 0.121853 0.088045
v 0.066764 -0.130754 0.061959
v 0.067180 -0.137352 0.062196
v 0.055413 -0.156873 0.055858
v 0.051072 -0.116991 0.062711
v 0.061441 -0.124842 0.062683
v 0.025822 -0.168679 0.129796
v 0.062519 -0.143962 0.059267
v 0.017742 -0.170369 0.157004
v 0.063398 -0.150006 0.059409
v 0.009754 -0.174210 0.167227
v 0.021465 -0.107830 0.057242
v 0.008182 -0.104591 0.058064
v 0.036141 -0.111268 0.059239
v 0.043989 -0.162676 0.069149
v 0.036264 -0.167290 0.100464
v 0.083467 0.032557 0.060711
v -0.076802 0.035592 -0.014842
v 0.072203 0.025596 0.093919
v 0.068306 0.025581 0.092751
v 0.064720 0.025570 0.090851
v 0.061716 0.025568 0.088388
v 0.072279 0.026392 0.093921
v 0.068463 0.027144 0.092752
v 0.064961 0.027833 0.090833
v 0.062016 0.028419 0.088365
v 0.072512 0.027158 0.093937
v 0.068914 0.028640 0.092765
v 0.065607 0.030015 0.090849
v 0.062836 0.031166 0.088379
v 0.072886 0.027861 0.093938
v 0.069656 0.030023 0.092763
v 0.066678 0.032021 0.090851
v 0.064168 0.033704 0.088407
v 0.073390 0.028481 0.093940
v 0.070644 0.031238 0.092758
v 0.068105 0.033793 0.090876
v 0.065973 0.035937 0.088431
v 0.074002 0.028994 0.093947
v 0.071845 0.032245 0.092784
v 0.069857 0.035246 0.090886
v 0.068194 0.037766 0.088422
v 0.074701 0.029376 0.093974
v 0.073222 0.032992 0.092799
v 0.071862 0.036324 0.090878
v 0.070722 0.039132 0.088422
v 0.075464 0.029609 0.093971
v 0.074717 0.033452 0.092794
v 0.074033 0.036997 0.090880
v 0.073462 0.039975 0.088410
v 0.076257 0.029689 0.093946
v 0.076276 0.033607 0.092769
v 0.076295 0.037219 0.090854
v 0.076317 0.040267 0.088392
v 0.077048 0.029615 0.093960
v 0.077831 0.033459 0.092767
v 0.078553 0.037004 0.090845
v 0.079167 0.039986 0.088366
v 0.077812 0.029386 0.093960
v 0.079325 0.033012 0.092767
v 0.080723 0.036357 0.090840
v 0.081902 0.039170 0.088361
v 0.078511 0.029014 0.093955
v 0.080697 0.032279 0.092767
v 0.082721 0.035298 0.090842
v 0.084419 0.037826 0.088351
v 0.079122 0.028505 0.093942
v 0.081898 0.031284 0.092748
v 0.084458 0.033854 0.090810
v 0.086619 0.036017 0.088339
v 0.079627 0.027894 0.093960
v 0.082878 0.030079 0.092744
v 0.085890 0.032101 0.090810
v 0.088412 0.033796 0.088309
v 0.079998 0.027190 0.093945
v 0.083616 0.028704 0.092746
v 0.086944 0.030096 0.090798
v 0.089749 0.031276 0.088309
v 0.080216 0.026424 0.093923
v 0.084048 0.027208 0.092729
v 0.087590 0.027928 0.090802
v 0.090550 0.028540 0.088290
v 0.080291 0.025633 0.093918
v 0.084190 0.025651 0.092706
v 0.087797 0.025672 0.090793
v 0.090828 0.025700 0.088313
v 0.080202 0.024840 0.093906
v 0.084027 0.024095 0.092721
v 0.087557 0.023418 0.090798
v 0.090513 0.022848 0.088291
v 0.079974 0.024075 0.093907
v 0.083576 0.022594 0.092721
v 0.086897 0.021231 0.090803
v 0.089678 0.020103 0.088309
v 0.079592 0.023371 0.093900
v 0.082829 0.021213 0.092738
v 0.085814 0.019227 0.090808
v 0.088322 0.017571 0.088325
v 0.079089 0.022751 0.093913
v 0.081841 0.019995 0.092749
v 0.084377 0.017455 0.090830
v 0.086505 0.015341 0.088353
v 0.078473 0.022236 0.093945
v 0.080625 0.018995 0.092762
v 0.082621 0.016007 0.090849
v 0.084294 0.013506 0.088370
v 0.077775 0.021855 0.093959
v 0.079253 0.018244 0.092787
v 0.080621 0.014922 0.090873
v 0.081773 0.012134 0.088397
v 0.077009 0.021611 0.093985
v 0.077756 0.017777 0.092807
v 0.078450 0.014240 0.090903
v 0.079038 0.011285 0.088425
v 0.076220 0.021528 0.093999
v 0.076205 0.017611 0.092831
v 0.076193 0.014013 0.090915
v 0.076191 0.010982 0.088451
v 0.075429 0.021598 0.094004
v 0.074648 0.017753 0.092840
v 0.073937 0.014213 0.090939
v 0.073346 0.011257 0.088463
v 0.074667 0.021832 0.094002
v 0.073160 0.018202 0.092842
v 0.071772 0.014864 0.090946
v 0.070613 0.012070 0.088477
v 0.073970 0.022205 0.093994
v 0.071790 0.018942 0.092828
v 0.069780 0.015932 0.090934
v 0.068099 0.013411 0.088478
v 0.073363 0.022720 0.093959
v 0.070592 0.019935 0.092808
v 0.068034 0.017371 0.090929
v 0.065899 0.015229 0.088473
v 0.072866 0.023334 0.093941
v 0.069607 0.021140 0.092811
v 0.066607 0.019123 0.090922
v 0.064101 0.017443 0.088456
v 0.076245 0.025618 0.094347
v 0.072498 0.024036 0.093939
v 0.068886 0.022525 0.092771
v 0.065555 0.021126 0.090897
v 0.062773 0.019969 0.088436
v 0.072273 0.024803 0.093938
v 0.068445 0.024026 0.092763
v 0.064920 0.023306 0.090875
v 0.061973 0.022709 0.088407
v 0.058744 0.025561 0.086325
v 0.054182 0.025555 0.082766
v 0.050306 0.025550 0.078081
v 0.047435 0.025558 0.072721
v 0.045698 0.025563 0.066884
v 0.045143 0.025598 0.060816
v 0.045750 0.025591 0.054735
v 0.047547 0.025606 0.048882
v 0.050454 0.025622 0.043481
v 0.054365 0.025648 0.038741
v 0.059117 0.025679 0.034844
v 0.064541 0.025703 0.031935
v 0.070416 0.025731 0.030136
v 0.059094 0.028996 0.086307
v 0.054612 0.029884 0.082763
v 0.050780 0.030651 0.078109
v 0.048007 0.031207 0.072713
v 0.046313 0.031562 0.066874
v 0.045750 0.031689 0.060802
v 0.046362 0.031585 0.054719
v 0.048125 0.031252 0.048865
v 0.050976 0.030708 0.043467
v 0.054809 0.029967 0.038726
v 0.059468 0.029069 0.034831
v 0.064778 0.028039 0.031927
v 0.070538 0.026923 0.030132
v 0.060087 0.032302 0.086321
v 0.055855 0.034052 0.082781
v 0.052267 0.035543 0.078105
v 0.049659 0.036644 0.072706
v 0.048069 0.037329 0.066858
v 0.047547 0.037563 0.060779
v 0.048126 0.037352 0.054696
v 0.049789 0.036684 0.048845
v 0.052474 0.035595 0.043447
v 0.056081 0.034130 0.038712
v 0.060468 0.032339 0.034820
v 0.065469 0.030294 0.031919
v 0.070890 0.028072 0.030128
v 0.061694 0.035357 0.086349
v 0.057908 0.037894 0.082784
v 0.054710 0.040048 0.078064
v 0.052338 0.041659 0.072684
v 0.050919 0.042645 0.066832
v 0.050448 0.042989 0.060755
v 0.050977 0.042667 0.054670
v 0.052474 0.041697 0.048822
v 0.054894 0.040106 0.043424
v 0.058138 0.037965 0.038692
v 0.062085 0.035350 0.034802
v 0.066583 0.032366 0.031909
v 0.071456 0.029129 0.030122
v 0.063896 0.038025 0.086324
v 0.060693 0.041253 0.082741
v 0.057973 0.044003 0.078027
v 0.055959 0.046057 0.072649
v 0.054746 0.047319 0.066801
v 0.054353 0.047752 0.060724
v 0.054809 0.047337 0.054639
v 0.056083 0.046094 0.048793
v 0.058143 0.044066 0.043398
v 0.060902 0.041333 0.038671
v 0.064255 0.037997 0.034786
v 0.068077 0.034196 0.031900
v 0.072220 0.030057 0.030117
v 0.066561 0.040229 0.086323
v 0.064059 0.044022 0.082717
v 0.061933 0.047255 0.077995
v 0.060358 0.049672 0.072615
v 0.059409 0.051160 0.066770
v 0.059104 0.051670 0.060693
v 0.059469 0.051181 0.054610
v 0.060476 0.049713 0.048764
v 0.062096 0.047319 0.043370
v 0.064263 0.044100 0.038648
v 0.066897 0.040172 0.034768
v 0.069897 0.035687 0.031885
v 0.073145 0.030822 0.030111
v 0.069607 0.041863 0.086301
v 0.067892 0.046086 0.082695
v 0.066441 0.049683 0.077970
v 0.065375 0.052365 0.072581
v 0.064728 0.054021 0.066736
v 0.064533 0.054592 0.060657
v 0.064784 0.054044 0.054577
v 0.065484 0.052406 0.048732
v 0.066602 0.049745 0.043343
v 0.068094 0.046162 0.038624
v 0.069909 0.041795 0.034751
v 0.071970 0.036806 0.031873
v 0.074203 0.031391 0.030104
v 0.072906 0.042874 0.086281
v 0.072054 0.047358 0.082667
v 0.071330 0.051187 0.077944
v 0.070807 0.054032 0.072549
v 0.070498 0.055799 0.066704
v 0.070413 0.056401 0.060625
v 0.070552 0.055822 0.054546
v 0.070912 0.054081 0.048703
v 0.071486 0.051250 0.043316
v 0.072249 0.047438 0.038601
v 0.073170 0.042795 0.034732
v 0.074217 0.037495 0.031860
v 0.075349 0.031743 0.030098
v 0.076337 0.043224 0.086260
v 0.076371 0.047802 0.082647
v 0.076408 0.051709 0.077917
v 0.076448 0.054614 0.072522
v 0.076485 0.056411 0.066673
v 0.076532 0.057046 0.060596
v 0.076538 0.056433 0.054515
v 0.076552 0.054659 0.048674
v 0.076560 0.051771 0.043291
v 0.076564 0.047882 0.038580
v 0.076561 0.043148 0.034717
v 0.076553 0.037736 0.031849
v 0.076539 0.031866 0.030093
v 0.079765 0.042903 0.086253
v 0.080686 0.047394 0.082629
v 0.081482 0.051229 0.077899
v 0.082083 0.054083 0.072498
v 0.082466 0.055847 0.066647
v 0.082610 0.056448 0.060566
v 0.082517 0.055871 0.054488
v 0.082184 0.054124 0.048647
v 0.081628 0.051293 0.043269
v 0.080875 0.047470 0.038558
v 0.079950 0.042821 0.034699
v 0.078886 0.037515 0.031838
v 0.077727 0.031752 0.030087
v 0.083054 0.041917 0.086241
v 0.084834 0.046156 0.082618
v 0.086354 0.049769 0.077882
v 0.087495 0.052457 0.072478
v 0.088210 0.054119 0.066625
v 0.088462 0.054682 0.060541
v 0.088260 0.054139 0.054464
v 0.087594 0.052496 0.048625
v 0.086495 0.049826 0.043248
v 0.085017 0.046230 0.038543
v 0.083203 0.041850 0.034687
v 0.081130 0.036841 0.031828
v 0.078871 0.031410 0.030082
v 0.086081 0.040306 0.086228
v 0.088650 0.044124 0.082611
v 0.090841 0.047379 0.077868
v 0.092475 0.049797 0.072461
v 0.093490 0.051294 0.066606
v 0.093846 0.051806 0.060522
v 0.093542 0.051318 0.054446
v 0.092569 0.049840 0.048608
v 0.090979 0.047437 0.043233
v 0.088826 0.044200 0.038530
v 0.086199 0.040249 0.034675
v 0.083190 0.035741 0.031821
v 0.079922 0.030850 0.030079
v 0.088728 0.038123 0.086209
v 0.091989 0.041380 0.082592
v 0.094769 0.044159 0.077858
v 0.096835 0.046217 0.072450
v 0.098112 0.047488 0.066591
v 0.098560 0.047925 0.060508
v 0.098164 0.047511 0.054431
v 0.096929 0.046259 0.048596
v 0.094903 0.044214 0.043222
v 0.092163 0.041460 0.038520
v 0.088819 0.038097 0.034669
v 0.084998 0.034265 0.031817
v 0.080842 0.030093 0.030076
v 0.090900 0.035466 0.086205
v 0.094733 0.038041 0.082596
v 0.097994 0.040225 0.077855
v 0.100410 0.041848 0.072446
v 0.101902 0.042853 0.066585
v 0.102424 0.043203 0.060501
v 0.101951 0.042875 0.054424
v 0.100499 0.041888 0.048588
v 0.098118 0.040283 0.043216
v 0.094896 0.038115 0.038515
v 0.090966 0.035470 0.034664
v 0.086475 0.032450 0.031814
v 0.081596 0.029171 0.030075
v 0.092501 0.032432 0.086190
v 0.096745 0.034212 0.082579
v 0.100374 0.035735 0.077857
v 0.103042 0.036864 0.072443
v 0.104705 0.037562 0.066584
v 0.105276 0.037805 0.060497
v 0.104758 0.037583 0.054423
v 0.103140 0.036904 0.048587
v 0.100499 0.035792 0.043215
v 0.096923 0.034298 0.038515
v 0.092561 0.032467 0.034663
v 0.087575 0.030385 0.031813
v 0.082156 0.028119 0.030074
v 0.093490 0.029144 0.086203
v 0.097989 0.030063 0.082596
v 0.101822 0.030852 0.077856
v 0.104650 0.031442 0.072451
v 0.106399 0.031814 0.066584
v 0.107017 0.031948 0.060502
v 0.106469 0.031834 0.054426
v 0.104759 0.031486 0.048591
v 0.101955 0.030915 0.043219
v 0.098164 0.030147 0.038518
v 0.093533 0.029211 0.034666
v 0.088245 0.028139 0.031816
v 0.082497 0.026973 0.030075
v 0.093829 0.025724 0.086237
v 0.098433 0.025746 0.082639
v 0.102322 0.025784 0.077888
v 0.105170 0.025809 0.072458
v 0.106939 0.025833 0.066592
v 0.107592 0.025869 0.060515
v 0.107033 0.025850 0.054438
v 0.105289 0.025847 0.048602
v 0.102431 0.025843 0.043228
v 0.098568 0.025831 0.038526
v 0.093850 0.025818 0.034673
v 0.088462 0.025802 0.031820
v 0.082607 0.025783 0.030078
v 0.093432 0.022294 0.086185
v 0.097959 0.021429 0.082619
v 0.101752 0.020708 0.077860
v 0.104584 0.020169 0.072467
v 0.106320 0.019849 0.066603
v 0.106947 0.019742 0.060522
v 0.106410 0.019862 0.054452
v 0.104709 0.020202 0.048618
v 0.101909 0.020761 0.043241
v 0.098128 0.021509 0.038538
v 0.093506 0.022422 0.034683
v 0.088226 0.023462 0.031826
v 0.082487 0.024591 0.030081
v 0.092394 0.018998 0.086165
v 0.096623 0.017287 0.082573
v 0.100206 0.015833 0.077835
v 0.102898 0.014748 0.072467
v 0.104569 0.014073 0.066621
v 0.105160 0.013853 0.060543
v 0.104640 0.014087 0.054471
v 0.103039 0.014769 0.048636
v 0.100409 0.015869 0.043258
v 0.096851 0.017348 0.038552
v 0.092504 0.019157 0.034696
v 0.087538 0.021211 0.031835
v 0.082137 0.023443 0.030085
v 0.090775 0.015943 0.086207
v 0.094549 0.013455 0.082581
v 0.097787 0.011315 0.077850
v 0.100211 0.009729 0.072474
v 0.101725 0.008750 0.066642
v 0.102262 0.008420 0.060569
v 0.101794 0.008765 0.054498
v 0.100357 0.009750 0.048660
v 0.097997 0.011357 0.043283
v 0.094796 0.013512 0.038573
v 0.090890 0.016140 0.034711
v 0.086421 0.019136 0.031845
v 0.081568 0.022383 0.030090
v 0.088587 0.013270 0.086227
v 0.091805 0.010074 0.082611
v 0.094564 0.007340 0.077891
v 0.096617 0.005318 0.072504
v 0.097904 0.004069 0.066667
v 0.098357 0.003659 0.060597
v 0.097972 0.004090 0.054527
v 0.096754 0.005350 0.048690
v 0.094750 0.007394 0.043307
v 0.092032 0.010142 0.038592
v 0.088719 0.013494 0.034727
v 0.084925 0.017312 0.031855
v 0.080807 0.021456 0.030096
v 0.085926 0.011066 0.086248
v 0.088464 0.007286 0.082650
v 0.090623 0.004075 0.077926
v 0.092242 0.001693 0.072544
v 0.093262 0.000225 0.066706
v 0.093616 -0.000261 0.060632
v 0.093324 0.000246 0.054559
v 0.092368 0.001734 0.048721
v 0.090801 0.004142 0.043337
v 0.088677 0.007377 0.038617
v 0.086082 0.011322 0.034747
v 0.083109 0.015814 0.031869
v 0.079882 0.020691 0.030102
v 0.076521 0.025763 0.029507
v 0.082894 0.009426 0.086267
v 0.084642 0.005218 0.082675
v 0.086129 0.001647 0.077961
v 0.087257 -0.001013 0.072583
v 0.087964 -0.002637 0.066744
v 0.088213 -0.003179 0.060668
v 0.088021 -0.002614 0.054593
v 0.087371 -0.000961 0.048751
v 0.086297 0.001716 0.043364
v 0.084850 0.005316 0.038642
v 0.083072 0.009697 0.034763
v 0.081040 0.014700 0.031883
v 0.078826 0.020123 0.030109
v 0.079608 0.008401 0.086304
v 0.080497 0.003935 0.082708
v 0.081258 0.000140 0.077994
v 0.081842 -0.002682 0.072618
v 0.082212 -0.004408 0.066778
v 0.082352 -0.004982 0.060704
v 0.082269 -0.004381 0.054629
v 0.081954 -0.002630 0.048784
v 0.081420 0.000215 0.043392
v 0.080701 0.004039 0.038668
v 0.079813 0.008697 0.034783
v 0.078793 0.014006 0.031895
v 0.077680 0.019770 0.030115
v 0.076188 0.008041 0.086333
v 0.076186 0.003489 0.082735
v 0.076191 -0.000389 0.078024
v 0.076208 -0.003265 0.072649
v 0.076232 -0.005025 0.066809
v 0.076276 -0.005591 0.060740
v 0.076288 -0.004997 0.054661
v 0.076318 -0.003209 0.048813
v 0.076347 -0.000310 0.043417
v 0.076386 0.003595 0.038689
v 0.076419 0.008345 0.034799
v 0.076458 0.013769 0.031908
v 0.076491 0.019648 0.030122
v 0.072769 0.008363 0.086349
v 0.071878 0.003896 0.082754
v 0.071128 0.000089 0.078048
v 0.070577 -0.002733 0.072676
v 0.070257 -0.004463 0.066840
v 0.070166 -0.005033 0.060766
v 0.070310 -0.004435 0.054688
v 0.070685 -0.002676 0.048840
v 0.071282 0.000170 0.043442
v 0.072078 0.004002 0.038709
v 0.073034 0.008668 0.034816
v 0.074125 0.013987 0.031918
v 0.075300 0.019759 0.030126
v 0.069484 0.009348 0.086360
v 0.067737 0.005136 0.082768
v 0.066260 0.001550 0.078066
v 0.065167 -0.001109 0.072698
v 0.064505 -0.002744 0.066863
v 0.064302 -0.003282 0.060790
v 0.064558 -0.002717 0.054710
v 0.065271 -0.001058 0.048859
v 0.066410 0.001631 0.043461
v 0.067930 0.005243 0.038724
v 0.069778 0.009645 0.034830
v 0.071881 0.014660 0.031927
v 0.074158 0.020104 0.030132
v 0.066461 0.010964 0.086365
v 0.063928 0.007170 0.082779
v 0.061776 0.003938 0.078079
v 0.060184 0.001538 0.072712
v 0.059215 0.000070 0.066879
v 0.058907 -0.000419 0.060808
v 0.059267 0.000100 0.054730
v 0.060286 0.001595 0.048879
v 0.061925 0.004017 0.043477
v 0.064117 0.007272 0.038737
v 0.066785 0.011235 0.034838
v 0.069819 0.015757 0.031933
v 0.073106 0.020660 0.030134
v 0.063815 0.013141 0.086363
v 0.060592 0.009912 0.082783
v 0.057850 0.007160 0.078089
v 0.055822 0.005121 0.072723
v 0.054583 0.003872 0.066890
v 0.054183 0.003459 0.060821
v 0.054634 0.003897 0.054740
v 0.055922 0.005176 0.048892
v 0.057997 0.007237 0.043487
v 0.060775 0.010014 0.038748
v 0.064159 0.013389 0.034846
v 0.068007 0.017245 0.031940
v 0.072186 0.021419 0.030137
v 0.061646 0.015796 0.086358
v 0.057857 0.013256 0.082783
v 0.054634 0.011093 0.078090
v 0.052248 0.009492 0.072728
v 0.050790 0.008512 0.066896
v 0.050316 0.008190 0.060829
v 0.050841 0.008541 0.054750
v 0.052347 0.009547 0.048898
v 0.054779 0.011173 0.043495
v 0.058041 0.013357 0.038752
v 0.062011 0.016015 0.034849
v 0.066531 0.019050 0.031941
v 0.071431 0.022338 0.030138
v 0.060048 0.018832 0.086340
v 0.055839 0.017077 0.082769
v 0.052253 0.015589 0.078088
v 0.049602 0.014487 0.072729
v 0.047978 0.013814 0.066900
v 0.047451 0.013598 0.060829
v 0.048029 0.013839 0.054748
v 0.049700 0.014535 0.048895
v 0.052395 0.015665 0.043493
v 0.056013 0.017176 0.038752
v 0.060414 0.019025 0.034853
v 0.065432 0.021119 0.031943
v 0.070871 0.023395 0.030139
v 0.059074 0.022130 0.086319
v 0.054599 0.021238 0.082766
v 0.050794 0.020471 0.078082
v 0.047975 0.019916 0.072728
v 0.046262 0.019578 0.066897
v 0.045704 0.019472 0.060825
v 0.046314 0.019604 0.054746
v 0.048080 0.019965 0.048894
v 0.050936 0.020548 0.043490
v 0.054774 0.021327 0.038748
v 0.059441 0.022280 0.034848
v 0.064760 0.023361 0.031938
v 0.070529 0.024540 0.030138
v -0.085677 0.023991 0.015481
v -0.089551 0.023977 0.014276
v -0.093109 0.023956 0.012332
v -0.096096 0.023949 0.009848
v -0.085580 0.024784 0.015455
v -0.089367 0.025531 0.014233
v -0.092860 0.026223 0.012297
v -0.095788 0.026806 0.009812
v -0.085357 0.025552 0.015454
v -0.088933 0.027033 0.014253
v -0.092219 0.028400 0.012320
v -0.094982 0.029553 0.009847
v -0.084980 0.026254 0.015452
v -0.088196 0.028416 0.014269
v -0.091162 0.030410 0.012345
v -0.093650 0.032089 0.009870
v -0.084484 0.026873 0.015458
v -0.087221 0.029631 0.014277
v -0.089735 0.032173 0.012354
v -0.091850 0.034318 0.009892
v -0.083868 0.027382 0.015449
v -0.086012 0.030633 0.014268
v -0.087993 0.033632 0.012365
v -0.089650 0.036153 0.009896
v -0.083176 0.027766 0.015452
v -0.084645 0.031380 0.014273
v -0.085999 0.034710 0.012361
v -0.087140 0.037521 0.009906
v -0.082416 0.028002 0.015454
v -0.083157 0.031846 0.014279
v -0.083836 0.035389 0.012364
v -0.084411 0.038369 0.009903
v -0.081631 0.028082 0.015423
v -0.081609 0.032002 0.014249
v -0.081587 0.035622 0.012357
v -0.081569 0.038669 0.009905
v -0.080846 0.028001 0.015417
v -0.080061 0.031860 0.014259
v -0.079337 0.035417 0.012366
v -0.078726 0.038401 0.009898
v -0.080086 0.027779 0.015443
v -0.078573 0.031404 0.014243
v -0.077175 0.034758 0.012344
v -0.075998 0.037576 0.009880
v -0.079386 0.027407 0.015455
v -0.077203 0.030673 0.014259
v -0.075184 0.033692 0.012343
v -0.073491 0.036227 0.009867
v -0.078776 0.026899 0.015441
v -0.076003 0.029680 0.014249
v -0.073448 0.032254 0.012330
v -0.071299 0.034419 0.009871
v -0.078278 0.026287 0.015455
v -0.075028 0.028475 0.014255
v -0.072019 0.030500 0.012336
v -0.069498 0.032201 0.009859
v -0.077901 0.025588 0.015474
v -0.074287 0.027100 0.014271
v -0.070953 0.028503 0.012351
v -0.068159 0.029681 0.009873
v -0.077667 0.024824 0.015492
v -0.073835 0.025609 0.014304
v -0.070299 0.026333 0.012384
v -0.067333 0.026946 0.009895
v -0.077594 0.024032 0.015510
v -0.073685 0.024052 0.014323
v -0.070079 0.024075 0.012398
v -0.067048 0.024096 0.009935
v -0.077673 0.023238 0.015508
v -0.073848 0.022494 0.014323
v -0.070315 0.021813 0.012408
v -0.067343 0.021239 0.009931
v -0.077913 0.022473 0.015508
v -0.074313 0.020997 0.014314
v -0.070995 0.019636 0.012389
v -0.068188 0.018497 0.009937
v -0.078294 0.021769 0.015511
v -0.075057 0.019615 0.014335
v -0.072063 0.017625 0.012420
v -0.069548 0.015965 0.009949
v -0.078795 0.021148 0.015530
v -0.076045 0.018393 0.014346
v -0.073506 0.015860 0.012439
v -0.071377 0.013743 0.009969
v -0.079412 0.020637 0.015536
v -0.077256 0.017395 0.014369
v -0.075262 0.014408 0.012458
v -0.073591 0.011907 0.009983
v -0.080112 0.020258 0.015534
v -0.078633 0.016648 0.014370
v -0.077264 0.013328 0.012471
v -0.076115 0.010542 0.010005
v -0.080879 0.020019 0.015541
v -0.080130 0.016185 0.014386
v -0.079440 0.012653 0.012489
v -0.078854 0.009696 0.010026
v -0.081668 0.019938 0.015538
v -0.081683 0.016023 0.014383
v -0.081695 0.012418 0.012488
v -0.081705 0.009402 0.010038
v -0.082460 0.020005 0.015550
v -0.083239 0.016169 0.014387
v -0.083952 0.012628 0.012494
v -0.084549 0.009670 0.010034
v -0.083221 0.020236 0.015545
v -0.084726 0.016616 0.014378
v -0.086117 0.013273 0.012492
v -0.087281 0.010485 0.010043
v -0.083917 0.020609 0.015525
v -0.086099 0.017348 0.014372
v -0.088111 0.014336 0.012491
v -0.089799 0.011815 0.010052
v -0.084527 0.021115 0.015523
v -0.087299 0.018330 0.014375
v -0.089855 0.015753 0.012491
v -0.091997 0.013616 0.010047
v -0.085024 0.021723 0.015512
v -0.088273 0.019531 0.014364
v -0.091266 0.017513 0.012465
v -0.093774 0.015832 0.010002
v -0.081647 0.024015 0.015883
v -0.085387 0.022430 0.015493
v -0.088982 0.020919 0.014315
v -0.092296 0.019520 0.012409
v -0.095072 0.018358 0.009942
v -0.085593 0.023196 0.015463
v -0.089402 0.022415 0.014276
v -0.092922 0.021698 0.012376
v -0.095864 0.021098 0.009901
v -0.099017 0.023944 0.007721
v -0.103591 0.023938 0.004180
v -0.107539 0.023939 -0.000430
v -0.110460 0.023938 -0.005740
v -0.112160 0.023962 -0.011577
v -0.112773 0.024015 -0.017602
v -0.112160 0.024012 -0.023673
v -0.110365 0.024033 -0.029520
v -0.107460 0.024050 -0.034912
v -0.103554 0.024081 -0.039646
v -0.098802 0.024109 -0.043540
v -0.093385 0.024139 -0.046439
v -0.087515 0.024173 -0.048232
v -0.098653 0.027375 0.007683
v -0.103139 0.028255 0.004150
v -0.106987 0.029016 -0.000469
v -0.109826 0.029586 -0.005791
v -0.111555 0.029960 -0.011592
v -0.112134 0.030102 -0.017641
v -0.111539 0.030003 -0.023707
v -0.109784 0.029677 -0.029543
v -0.106936 0.029135 -0.034935
v -0.103110 0.028409 -0.039660
v -0.098456 0.027508 -0.043548
v -0.093150 0.026483 -0.046444
v -0.087395 0.025365 -0.048235
v -0.097703 0.030683 0.007756
v -0.101889 0.032418 0.004166
v -0.105490 0.033910 -0.000480
v -0.108151 0.035026 -0.005818
v -0.109797 0.035727 -0.011618
v -0.110334 0.035980 -0.017673
v -0.109768 0.035766 -0.023739
v -0.108114 0.035107 -0.029570
v -0.105435 0.034024 -0.034957
v -0.101836 0.032561 -0.039680
v -0.097456 0.030771 -0.043562
v -0.092460 0.028735 -0.046452
v -0.087044 0.026515 -0.048238
v -0.096097 0.033732 0.007780
v -0.099859 0.036262 0.004192
v -0.103086 0.038425 -0.000485
v -0.105466 0.040036 -0.005846
v -0.106931 0.041039 -0.011660
v -0.107429 0.041399 -0.017704
v -0.106918 0.041087 -0.023760
v -0.105430 0.040124 -0.029594
v -0.103018 0.038542 -0.034975
v -0.099779 0.036399 -0.039699
v -0.095834 0.033794 -0.043581
v -0.091344 0.030809 -0.046467
v -0.086475 0.027572 -0.048246
v -0.093923 0.036408 0.007785
v -0.097125 0.039633 0.004198
v -0.099854 0.042388 -0.000494
v -0.101863 0.044435 -0.005871
v -0.103110 0.045715 -0.011678
v -0.103523 0.046161 -0.017732
v -0.103086 0.045753 -0.023789
v -0.101819 0.044520 -0.029623
v -0.099769 0.042491 -0.035004
v -0.097017 0.039762 -0.039720
v -0.093666 0.036436 -0.043597
v -0.089852 0.032625 -0.046478
v -0.085713 0.028502 -0.048250
v -0.091270 0.038608 0.007786
v -0.093780 0.042407 0.004202
v -0.095908 0.045642 -0.000511
v -0.097488 0.048059 -0.005880
v -0.098463 0.049560 -0.011694
v -0.098775 0.050078 -0.017760
v -0.098432 0.049603 -0.023817
v -0.097431 0.048138 -0.029650
v -0.095817 0.045751 -0.035031
v -0.093652 0.042537 -0.039747
v -0.091025 0.038613 -0.043617
v -0.088030 0.034130 -0.046489
v -0.084787 0.029267 -0.048258
v -0.088247 0.040254 0.007791
v -0.089965 0.044478 0.004192
v -0.091415 0.048074 -0.000523
v -0.092503 0.050763 -0.005886
v -0.093165 0.052434 -0.011709
v -0.093365 0.053000 -0.017781
v -0.093126 0.052467 -0.023843
v -0.092430 0.050836 -0.029676
v -0.091314 0.048174 -0.035056
v -0.089827 0.044596 -0.039764
v -0.088018 0.040232 -0.043627
v -0.085961 0.035245 -0.046498
v -0.083732 0.029834 -0.048261
v -0.084965 0.041275 0.007792
v -0.085826 0.045758 0.004188
v -0.086546 0.049582 -0.000533
v -0.087090 0.052443 -0.005902
v -0.087411 0.054213 -0.011732
v -0.087504 0.054817 -0.017801
v -0.087372 0.054250 -0.023862
v -0.087012 0.052511 -0.029694
v -0.086435 0.049685 -0.035077
v -0.085677 0.045877 -0.039781
v -0.084757 0.041235 -0.043644
v -0.083713 0.035939 -0.046512
v -0.082586 0.030187 -0.048268
v -0.081550 0.041634 0.007793
v -0.081519 0.046204 0.004178
v -0.081486 0.050116 -0.000544
v -0.081459 0.053025 -0.005923
v -0.081433 0.054829 -0.011758
v -0.081421 0.055474 -0.017804
v -0.081394 0.054865 -0.023882
v -0.081377 0.053093 -0.029719
v -0.081366 0.050207 -0.035096
v -0.081363 0.046321 -0.039800
v -0.081367 0.041586 -0.043660
v -0.081378 0.036179 -0.046520
v -0.081397 0.030309 -0.048272
v -0.078132 0.041312 0.007778
v -0.077213 0.045797 0.004163
v -0.076428 0.049640 -0.000553
v -0.075831 0.052493 -0.005942
v -0.075464 0.054270 -0.011771
v -0.075322 0.054878 -0.017839
v -0.075418 0.054301 -0.023910
v -0.075745 0.052559 -0.029743
v -0.076300 0.049728 -0.035115
v -0.077054 0.045913 -0.039817
v -0.077980 0.041263 -0.043673
v -0.079045 0.035958 -0.046530
v -0.080208 0.030198 -0.048276
v -0.074852 0.040322 0.007767
v -0.073078 0.044557 0.004152
v -0.071565 0.048181 -0.000563
v -0.070428 0.050872 -0.005953
v -0.069720 0.052540 -0.011791
v -0.069462 0.053115 -0.017864
v -0.069672 0.052570 -0.023934
v -0.070336 0.050931 -0.029764
v -0.071432 0.048265 -0.035132
v -0.072912 0.044669 -0.039832
v -0.074726 0.040291 -0.043685
v -0.076804 0.035285 -0.046536
v -0.079065 0.029855 -0.048280
v -0.071836 0.038711 0.007762
v -0.069268 0.042537 0.004160
v -0.067080 0.045797 -0.000568
v -0.065454 0.048215 -0.005967
v -0.064435 0.049717 -0.011813
v -0.064075 0.050235 -0.017881
v -0.064386 0.049749 -0.023947
v -0.065356 0.048277 -0.029777
v -0.066949 0.045876 -0.035145
v -0.069099 0.042640 -0.039844
v -0.071731 0.038693 -0.043694
v -0.074742 0.034185 -0.046544
v -0.078013 0.029295 -0.048284
v -0.069200 0.036531 0.007749
v -0.065943 0.039792 0.004147
v -0.063171 0.042570 -0.000581
v -0.061099 0.044635 -0.005976
v -0.059812 0.045919 -0.011821
v -0.059359 0.046358 -0.017892
v -0.059759 0.045950 -0.023959
v -0.060995 0.044694 -0.029785
v -0.063024 0.042656 -0.035154
v -0.065763 0.039899 -0.039851
v -0.069109 0.036539 -0.043700
v -0.072934 0.032707 -0.046548
v -0.077094 0.028537 -0.048285
v -0.067030 0.033875 0.007755
v -0.063217 0.036443 0.004152
v -0.059958 0.038635 -0.000582
v -0.057539 0.040263 -0.005983
v -0.056033 0.041278 -0.011821
v -0.055495 0.041630 -0.017896
v -0.055973 0.041309 -0.023961
v -0.057424 0.040326 -0.029789
v -0.059809 0.038721 -0.035158
v -0.063029 0.036555 -0.039855
v -0.066961 0.033912 -0.043702
v -0.071456 0.030893 -0.046549
v -0.076339 0.027617 -0.048286
v -0.065426 0.030836 0.007746
v -0.061201 0.032622 0.004138
v -0.057573 0.034147 -0.000577
v -0.054900 0.035287 -0.005974
v -0.053236 0.035987 -0.011817
v -0.052641 0.036230 -0.017892
v -0.053168 0.036018 -0.023959
v -0.054781 0.035339 -0.029787
v -0.057425 0.034230 -0.035157
v -0.061002 0.032737 -0.039852
v -0.065368 0.030910 -0.043699
v -0.070358 0.028827 -0.046547
v -0.075780 0.026563 -0.048284
v -0.064435 0.027542 0.007769
v -0.059970 0.028466 0.004145
v -0.056158 0.029262 -0.000592
v -0.053311 0.029855 -0.005980
v -0.051532 0.030233 -0.011813
v -0.050898 0.030371 -0.017879
v -0.051448 0.030267 -0.023944
v -0.053159 0.029920 -0.029775
v -0.055967 0.029353 -0.035148
v -0.059760 0.028587 -0.039844
v -0.064394 0.027652 -0.043693
v -0.069686 0.026583 -0.046544
v -0.075438 0.025419 -0.048283
v -0.064107 0.024122 0.007800
v -0.059552 0.024152 0.004164
v -0.055656 0.024187 -0.000572
v -0.052717 0.024221 -0.005945
v -0.050954 0.024244 -0.011801
v -0.050325 0.024293 -0.017848
v -0.050880 0.024280 -0.023927
v -0.052625 0.024280 -0.029761
v -0.055487 0.024276 -0.035136
v -0.059353 0.024269 -0.039833
v -0.064073 0.024256 -0.043686
v -0.069464 0.024244 -0.046537
v -0.075325 0.024227 -0.048280
v -0.064457 0.020688 0.007796
v -0.059993 0.019834 0.004173
v -0.056162 0.019101 -0.000552
v -0.053316 0.018572 -0.005935
v -0.051550 0.018255 -0.011770
v -0.050936 0.018158 -0.017839
v -0.051490 0.018285 -0.023910
v -0.053202 0.018632 -0.029743
v -0.056005 0.019194 -0.035118
v -0.059795 0.019949 -0.039820
v -0.064421 0.020862 -0.043674
v -0.069705 0.021905 -0.046530
v -0.075448 0.023035 -0.048276
v -0.065466 0.017385 0.007809
v -0.061261 0.015673 0.004186
v -0.057655 0.014213 -0.000531
v -0.054974 0.013138 -0.005910
v -0.053308 0.012477 -0.011749
v -0.052730 0.012266 -0.017820
v -0.053252 0.012506 -0.023892
v -0.054866 0.013193 -0.029725
v -0.057502 0.014301 -0.035099
v -0.061068 0.015786 -0.039804
v -0.065421 0.017594 -0.043661
v -0.070395 0.019654 -0.046520
v -0.075799 0.021886 -0.048271
v -0.067103 0.014345 0.007825
v -0.063315 0.011837 0.004211
v -0.060071 0.009699 -0.000506
v -0.057654 0.008116 -0.005886
v -0.056158 0.007151 -0.011726
v -0.055630 0.006836 -0.017791
v -0.056103 0.007185 -0.023861
v -0.057550 0.008178 -0.029696
v -0.059921 0.009788 -0.035075
v -0.063126 0.011948 -0.039784
v -0.067038 0.014581 -0.043645
v -0.071509 0.017578 -0.046511
v -0.076366 0.020828 -0.048266
v -0.069299 0.011674 0.007846
v -0.066074 0.008468 0.004240
v -0.063318 0.005741 -0.000472
v -0.061261 0.003718 -0.005854
v -0.059987 0.002479 -0.011695
v -0.059536 0.002072 -0.017762
v -0.059935 0.002509 -0.023835
v -0.061158 0.003780 -0.029666
v -0.063169 0.005828 -0.035048
v -0.065889 0.008580 -0.039762
v -0.069207 0.011933 -0.043629
v -0.073003 0.015748 -0.046499
v -0.077129 0.019901 -0.048260
v -0.071962 0.009481 0.007862
v -0.069431 0.005700 0.004266
v -0.067267 0.002485 -0.000447
v -0.065650 0.000099 -0.005823
v -0.064644 -0.001361 -0.011659
v -0.064285 -0.001840 -0.017725
v -0.064593 -0.001328 -0.023797
v -0.065550 0.000164 -0.029636
v -0.067123 0.002576 -0.035020
v -0.069248 0.005815 -0.039737
v -0.071848 0.009760 -0.043610
v -0.074822 0.014258 -0.046486
v -0.078054 0.019135 -0.048254
v -0.081421 0.024208 -0.048851
v -0.074998 0.007837 0.007876
v -0.073258 0.003633 0.004284
v -0.071770 0.000061 -0.000417
v -0.070654 -0.002590 -0.005785
v -0.069957 -0.004217 -0.011619
v -0.069703 -0.004755 -0.017690
v -0.069906 -0.004187 -0.023765
v -0.070555 -0.002528 -0.029607
v -0.071628 0.000150 -0.034992
v -0.073078 0.003754 -0.039713
v -0.074858 0.008137 -0.043591
v -0.076894 0.013141 -0.046473
v -0.079110 0.018567 -0.048247
v -0.078289 0.006817 0.007903
v -0.077408 0.002356 0.004313
v -0.076650 -0.001442 -0.000389
v -0.076078 -0.004265 -0.005756
v -0.075719 -0.005984 -0.011583
v -0.075580 -0.006549 -0.017650
v -0.075669 -0.005952 -0.023726
v -0.075981 -0.004199 -0.029573
v -0.076510 -0.001350 -0.034964
v -0.077233 0.002477 -0.039691
v -0.078119 0.007137 -0.043573
v -0.079142 0.012450 -0.046462
v -0.080256 0.018212 -0.048241
v -0.081715 0.006461 0.007927
v -0.081721 0.001911 0.004336
v -0.081721 -0.001967 -0.000363
v -0.081715 -0.004843 -0.005728
v -0.081701 -0.006599 -0.011559
v -0.081690 -0.007160 -0.017608
v -0.081653 -0.006562 -0.023695
v -0.081619 -0.004775 -0.029544
v -0.081582 -0.001867 -0.034941
v -0.081547 0.002033 -0.039669
v -0.081511 0.006788 -0.043556
v -0.081477 0.012212 -0.046449
v -0.081447 0.018093 -0.048235
v -0.085133 0.006773 0.007934
v -0.086031 0.002313 0.004354
v -0.086789 -0.001497 -0.000342
v -0.087347 -0.004313 -0.005703
v -0.087681 -0.006037 -0.011530
v -0.087774 -0.006611 -0.017600
v -0.087632 -0.006002 -0.023673
v -0.087252 -0.004246 -0.029521
v -0.086651 -0.001395 -0.034921
v -0.085858 0.002441 -0.039651
v -0.084899 0.007109 -0.043543
v -0.083811 0.012429 -0.046441
v -0.082636 0.018202 -0.048231
v -0.088421 0.007747 0.007950
v -0.090173 0.003547 0.004367
v -0.091658 -0.000045 -0.000325
v -0.092757 -0.002695 -0.005684
v -0.093425 -0.004321 -0.011512
v -0.093626 -0.004866 -0.017587
v -0.093376 -0.004288 -0.023659
v -0.092661 -0.002621 -0.029508
v -0.091520 0.000064 -0.034907
v -0.090000 0.003681 -0.039638
v -0.088153 0.008083 -0.043531
v -0.086053 0.013104 -0.046431
v -0.083779 0.018548 -0.048227
v -0.091449 0.009350 0.007961
v -0.093989 0.005563 0.004386
v -0.096143 0.002338 -0.000312
v -0.097736 -0.000054 -0.005678
v -0.098709 -0.001511 -0.011504
v -0.099018 -0.001998 -0.017577
v -0.098660 -0.001475 -0.023647
v -0.097641 0.000024 -0.029495
v -0.096003 0.002452 -0.034895
v -0.093813 0.005709 -0.039630
v -0.091149 0.009679 -0.043526
v -0.088115 0.014201 -0.046428
v -0.084831 0.019104 -0.048226
v -0.094093 0.011524 0.007951
v -0.097325 0.008294 0.004380
v -0.100072 0.005551 -0.000304
v -0.102096 0.003519 -0.005675
v -0.103332 0.002274 -0.011504
v -0.103736 0.001876 -0.017570
v -0.103285 0.002317 -0.023645
v -0.102001 0.003604 -0.029490
v -0.099929 0.005670 -0.034889
v -0.097149 0.008448 -0.039627
v -0.093771 0.011827 -0.043522
v -0.089923 0.015677 -0.046425
v -0.085750 0.019863 -0.048224
v -0.096252 0.014173 0.007936
v -0.100055 0.011632 0.004373
v -0.103292 0.009473 -0.000300
v -0.105660 0.007889 -0.005681
v -0.107118 0.006920 -0.011511
v -0.107603 0.006605 -0.017570
v -0.107074 0.006959 -0.023646
v -0.105571 0.007973 -0.029490
v -0.103144 0.009603 -0.034886
v -0.099882 0.011790 -0.039626
v -0.095918 0.014459 -0.043523
v -0.091400 0.017491 -0.046426
v -0.086504 0.020783 -0.048225
v -0.097830 0.017208 0.007892
v -0.102031 0.015460 0.004309
v -0.105653 0.013970 -0.000334
v -0.108300 0.012884 -0.005697
v -0.109923 0.012219 -0.011517
v -0.110462 0.012010 -0.017578
v -0.109880 0.012258 -0.023654
v -0.108214 0.012966 -0.029498
v -0.105525 0.014095 -0.034891
v -0.101909 0.015612 -0.039627
v -0.097512 0.017459 -0.043521
v -0.092499 0.019563 -0.046425
v -0.087064 0.021838 -0.048223
v -0.098753 0.020517 0.007804
v -0.103207 0.019619 0.004226
v -0.107091 0.018850 -0.000378
v -0.109920 0.018298 -0.005722
v -0.111637 0.017977 -0.011534
v -0.112204 0.017882 -0.017590
v -0.111598 0.018023 -0.023660
v -0.109834 0.018389 -0.029506
v -0.106982 0.018976 -0.034900
v -0.103148 0.019767 -0.039634
v -0.098484 0.020719 -0.043528
v -0.093170 0.021804 -0.046431
v -0.087405 0.022981 -0.048227

vt 0.827907 0.456096
vt 0.826865 0.455402
vt 0.826692 0.456246
vt 0.827841 0.456444
vt 0.842847 0.461572
vt 0.837976 0.467212
vt 0.838344 0.472620
vt 0.842058 0.471775
vt 0.942974 0.330423
vt 0.966389 0.332846
vt 0.963798 0.301244
vt 0.936587 0.292931
vt 0.870015 0.218946
vt 0.891536 0.243748
vt 0.894946 0.209010
vt 0.861880 0.193731
vt 0.626067 0.713548
vt 0.655533 0.703344
vt 0.646852 0.690397
vt 0.164776 0.456219
vt 0.165800 0.455529
vt 0.165981 0.456376
vt 0.164845 0.456567
vt 0.149956 0.461721
vt 0.154869 0.467361
vt 0.154558 0.472779
vt 0.150856 0.471940
vt 0.620711 0.699293
vt 0.875382 0.496354
vt 0.876257 0.493740
vt 0.874834 0.491952
vt 0.873927 0.494550
vt 0.871472 0.470778
vt 0.870940 0.482536
vt 0.871300 0.485865
vt 0.872019 0.483542
vt 0.871509 0.449954
vt 0.869884 0.450896
vt 0.872148 0.460940
vt 0.873879 0.460770
vt 0.838315 0.395768
vt 0.840380 0.402876
vt 0.844026 0.400208
vt 0.841142 0.391893
vt 0.841435 0.384948
vt 0.849120 0.393760
vt 0.853582 0.390914
vt 0.846600 0.382012
vt 0.865905 0.512859
vt 0.863353 0.509890
vt 0.859490 0.512043
vt 0.862553 0.515661
vt 0.903197 0.443541
vt 0.896335 0.420583
vt 0.890997 0.445717
vt 0.893600 0.452797
vt 0.862936 0.493077
vt 0.865943 0.493748
vt 0.866905 0.491780
vt 0.864481 0.490056
vt 0.877836 0.499308
vt 0.878909 0.496392
vt 0.824230 0.409451
vt 0.816272 0.418672
vt 0.818097 0.425891
vt 0.823238 0.423976
vt 0.838080 0.460496
vt 0.836168 0.468022
vt 0.865693 0.426083
vt 0.863523 0.429405
vt 0.868056 0.439421
vt 0.870187 0.437303
vt 0.857959 0.433341
vt 0.863830 0.440753
vt 0.866519 0.442895
vt 0.863829 0.437613
vt 0.867019 0.499853
vt 0.863152 0.504591
vt 0.864036 0.505455
vt 0.867880 0.500126
vt 0.897221 0.488439
vt 0.896823 0.503983
vt 0.899057 0.503323
vt 0.898225 0.488134
vt 0.868763 0.493053
vt 0.869888 0.490883
vt 0.868225 0.489363
vt 0.844697 0.494535
vt 0.846961 0.495396
vt 0.847181 0.492958
vt 0.845394 0.491128
vt 0.848993 0.398547
vt 0.876764 0.389051
vt 0.878802 0.397244
vt 0.884644 0.415077
vt 0.888614 0.415091
vt 0.831825 0.387866
vt 0.834026 0.395287
vt 0.836807 0.395414
vt 0.836173 0.388504
vt 0.850583 0.499869
vt 0.854041 0.497539
vt 0.851510 0.496872
vt 0.848863 0.498398
vt 0.869476 0.479087
vt 0.866125 0.487052
vt 0.864392 0.461427
vt 0.868953 0.463043
vt 0.868216 0.455204
vt 0.052020 0.330165
vt 0.029205 0.332718
vt 0.031772 0.301144
vt 0.058399 0.292781
vt 0.863402 0.453967
vt 0.862904 0.475192
vt 0.867416 0.476409
vt 0.872170 0.490753
vt 0.873166 0.482859
vt 0.871296 0.490781
vt 0.896723 0.517194
vt 0.906030 0.524955
vt 0.909515 0.504110
vt 0.899334 0.509068
vt 0.814715 0.439052
vt 0.815386 0.446010
vt 0.820247 0.442227
vt 0.822995 0.435592
vt 0.879540 0.411076
vt 0.875562 0.396903
vt 0.873566 0.396725
vt 0.874814 0.407608
vt 0.857822 0.497888
vt 0.857133 0.491101
vt 0.854636 0.491664
vt 0.841335 0.431988
vt 0.844002 0.435579
vt 0.849040 0.430210
vt 0.847002 0.425162
vt 0.857200 0.408243
vt 0.859029 0.403657
vt 0.853694 0.398236
vt 0.852684 0.402568
vt 0.822729 0.430085
vt 0.817191 0.430877
vt 0.892258 0.488113
vt 0.890929 0.502588
vt 0.861944 0.487965
vt 0.863556 0.485000
vt 0.820870 0.466724
vt 0.825851 0.465959
vt 0.824843 0.464314
vt 0.819626 0.463578
vt 0.818798 0.467103
vt 0.817856 0.463741
vt 0.815875 0.463681
vt 0.815771 0.465966
vt 0.826963 0.465058
vt 0.826344 0.465087
vt 0.826902 0.466657
vt 0.846995 0.474293
vt 0.848408 0.462167
vt 0.846256 0.461643
vt 0.844427 0.472826
vt 0.870879 0.466015
vt 0.853080 0.519142
vt 0.854777 0.524826
vt 0.864092 0.520060
vt 0.837491 0.446209
vt 0.839104 0.439991
vt 0.835726 0.439241
vt 0.835489 0.444680
vt 0.821894 0.452148
vt 0.824589 0.446916
vt 0.818719 0.449140
vt 0.822201 0.482616
vt 0.825611 0.471616
vt 0.821763 0.469348
vt 0.819607 0.470858
vt 0.873450 0.448904
vt 0.875985 0.460354
vt 0.878909 0.459689
vt 0.876382 0.447390
vt 0.824350 0.395864
vt 0.829147 0.374883
vt 0.814942 0.400565
vt 0.872027 0.503703
vt 0.873706 0.507233
vt 0.875232 0.504611
vt 0.873360 0.501225
vt 0.840514 0.482035
vt 0.838708 0.479561
vt 0.838510 0.482213
vt 0.840048 0.484530
vt 0.913942 0.372248
vt 0.892795 0.368057
vt 0.910810 0.410742
vt 0.922640 0.415840
vt 0.855720 0.414436
vt 0.851839 0.409438
vt 0.825587 0.503685
vt 0.824494 0.509354
vt 0.833641 0.524315
vt 0.831353 0.514392
vt 0.880655 0.486596
vt 0.877449 0.485093
vt 0.849343 0.501995
vt 0.855562 0.503813
vt 0.852223 0.501391
vt 0.848950 0.500912
vt 0.835143 0.493577
vt 0.836210 0.497003
vt 0.839852 0.495550
vt 0.838856 0.492407
vt 0.825758 0.523817
vt 0.839685 0.537490
vt 0.876011 0.382443
vt 0.831447 0.499300
vt 0.834315 0.505848
vt 0.838182 0.501180
vt 0.124014 0.218952
vt 0.102731 0.243708
vt 0.099625 0.209027
vt 0.132266 0.193780
vt 0.809760 0.419093
vt 0.813500 0.427367
vt 0.847690 0.499671
vt 0.846380 0.498011
vt 0.842631 0.492279
vt 0.844147 0.488818
vt 0.854964 0.476579
vt 0.858014 0.462012
vt 0.901829 0.405782
vt 0.864851 0.355415
vt 0.841529 0.494243
vt 0.842088 0.494587
vt 0.841574 0.492499
vt 0.840782 0.491898
vt 0.848779 0.405351
vt 0.852810 0.487134
vt 0.848141 0.485157
vt 0.848576 0.488354
vt 0.873147 0.469339
vt 0.873821 0.482824
vt 0.875665 0.483738
vt 0.875211 0.469610
vt 0.836186 0.380433
vt 0.839042 0.477802
vt 0.837115 0.474679
vt 0.841474 0.486048
vt 0.840694 0.489359
vt 0.810321 0.436713
vt 0.866551 0.496353
vt 0.867676 0.494849
vt 0.865041 0.495361
vt 0.864020 0.496699
vt 0.862330 0.499569
vt 0.862646 0.501132
vt 0.865297 0.497855
vt 0.845915 0.486975
vt 0.846809 0.489395
vt 0.839408 0.428900
vt 0.844002 0.416461
vt 0.865473 0.447501
vt 0.860183 0.447818
vt 0.885552 0.469190
vt 0.886308 0.487255
vt 0.889406 0.487571
vt 0.887309 0.468437
vt 0.898399 0.469472
vt 0.906806 0.470475
vt 0.815461 0.468621
vt 0.813424 0.478681
vt 0.840797 0.485217
vt 0.840313 0.488493
vt 0.880120 0.426829
vt 0.867006 0.399398
vt 0.876358 0.421251
vt 0.865396 0.386821
vt 0.859447 0.384333
vt 0.861999 0.391729
vt 0.855501 0.437323
vt 0.860721 0.441452
vt 0.827830 0.464426
vt 0.829235 0.461455
vt 0.827310 0.462459
vt 0.859501 0.475270
vt 0.861443 0.461495
vt 0.840662 0.499750
vt 0.831159 0.479268
vt 0.829741 0.487902
vt 0.845494 0.509822
vt 0.843622 0.504405
vt 0.841673 0.502561
vt 0.841014 0.505658
vt 0.827778 0.454368
vt 0.826493 0.451200
vt 0.824571 0.453950
vt 0.860967 0.502216
vt 0.861071 0.499198
vt 0.887740 0.501051
vt 0.848561 0.495287
vt 0.849181 0.493012
vt 0.890185 0.548544
vt 0.881463 0.540893
vt 0.877670 0.540256
vt 0.876467 0.554242
vt 0.850473 0.382115
vt 0.856214 0.389598
vt 0.858188 0.388834
vt 0.854377 0.382884
vt 0.834313 0.438857
vt 0.834363 0.443763
vt 0.869330 0.451150
vt 0.868129 0.448996
vt 0.870296 0.457783
vt 0.871135 0.460681
vt 0.843139 0.481763
vt 0.842170 0.480592
vt 0.887296 0.525042
vt 0.881500 0.520433
vt 0.875365 0.528482
vt 0.881039 0.532059
vt 0.884507 0.499233
vt 0.848590 0.490914
vt 0.850112 0.490893
vt 0.847887 0.491769
vt 0.838484 0.490513
vt 0.834518 0.490395
vt 0.848004 0.507703
vt 0.856924 0.509300
vt 0.856067 0.507834
vt 0.849136 0.505998
vt 0.843973 0.496693
vt 0.967802 0.369636
vt 0.968926 0.403403
vt 0.368060 0.714197
vt 0.338887 0.703718
vt 0.347288 0.690679
vt 0.373206 0.699728
vt 0.852631 0.530653
vt 0.863956 0.531768
vt 0.864087 0.526570
vt 0.856279 0.529400
vt 0.863322 0.495722
vt 0.870133 0.493228
vt 0.834077 0.471401
vt 0.832419 0.463270
vt 0.828116 0.456781
vt 0.828099 0.457058
vt 0.828338 0.457060
vt 0.828438 0.456741
vt 0.829438 0.455268
vt 0.830826 0.453572
vt 0.828944 0.451929
vt 0.828739 0.454554
vt 0.828269 0.456009
vt 0.828169 0.456406
vt 0.828574 0.456299
vt 0.828647 0.455809
vt 0.858856 0.504067
vt 0.861984 0.503578
vt 0.872106 0.493568
vt 0.873008 0.490889
vt 0.867798 0.497175
vt 0.869023 0.495378
vt 0.813626 0.451266
vt 0.816442 0.452822
vt 0.817093 0.450008
vt 0.872856 0.496911
vt 0.874405 0.498745
vt 0.829501 0.402016
vt 0.829213 0.397026
vt 0.685817 0.175559
vt 0.731676 0.184657
vt 0.720382 0.157182
vt 0.671657 0.151136
vt 0.845884 0.517276
vt 0.847276 0.525033
vt 0.828156 0.455564
vt 0.828385 0.455468
vt 0.828349 0.454453
vt 0.826782 0.457215
vt 0.827833 0.456816
vt 0.829584 0.456118
vt 0.828578 0.458422
vt 0.827896 0.458828
vt 0.827866 0.444228
vt 0.831484 0.443654
vt 0.828832 0.437216
vt 0.828563 0.455379
vt 0.842333 0.484020
vt 0.831453 0.457315
vt 0.835578 0.454916
vt 0.834744 0.451673
vt 0.831458 0.455309
vt 0.852536 0.429870
vt 0.851557 0.433941
vt 0.839953 0.448188
vt 0.843203 0.442724
vt 0.836102 0.477765
vt 0.834400 0.484499
vt 0.827920 0.465609
vt 0.830765 0.459446
vt 0.835077 0.458391
vt 0.827043 0.458047
vt 0.825145 0.460133
vt 0.826006 0.461257
vt 0.827333 0.458555
vt 0.852394 0.492252
vt 0.839093 0.521955
vt 0.839442 0.512336
vt 0.893380 0.565617
vt 0.906030 0.547063
vt 0.901202 0.540443
vt 0.829413 0.457025
vt 0.828052 0.457252
vt 0.827875 0.457305
vt 0.866641 0.441524
vt 0.829764 0.434392
vt 0.838422 0.486832
vt 0.883518 0.458053
vt 0.880796 0.445447
vt 0.840085 0.487871
vt 0.840205 0.489942
vt 0.833032 0.443705
vt 0.832190 0.437950
vt 0.840360 0.490638
vt 0.818204 0.452463
vt 0.860830 0.489973
vt 0.863034 0.401494
vt 0.858140 0.395432
vt 0.827853 0.457101
vt 0.828070 0.452461
vt 0.829107 0.457866
vt 0.821563 0.458333
vt 0.821361 0.455110
vt 0.818032 0.456219
vt 0.846693 0.444503
vt 0.842916 0.451400
vt 0.845698 0.453704
vt 0.850412 0.446767
vt 0.877311 0.433336
vt 0.872401 0.421509
vt 0.868419 0.423396
vt 0.872905 0.435104
vt 0.892196 0.594266
vt 0.881916 0.571862
vt 0.876438 0.611078
vt 0.878487 0.510394
vt 0.880686 0.507364
vt 0.876614 0.501958
vt 0.858323 0.545975
vt 0.872414 0.538309
vt 0.863625 0.537467
vt 0.880876 0.470091
vt 0.822803 0.493152
vt 0.829832 0.493332
vt 0.883175 0.428313
vt 0.850535 0.440915
vt 0.855438 0.443606
vt 0.866251 0.507358
vt 0.860885 0.507680
vt 0.536350 0.159940
vt 0.534965 0.142921
vt 0.512684 0.504669
vt 0.513067 0.504456
vt 0.512796 0.504144
vt 0.512697 0.504195
vt 0.513730 0.498908
vt 0.513324 0.500964
vt 0.514222 0.501409
vt 0.515702 0.499885
vt 0.512570 0.503939
vt 0.511941 0.503989
vt 0.512053 0.504588
vt 0.512617 0.504109
vt 0.868386 0.509868
vt 0.518794 0.501766
vt 0.515620 0.502466
vt 0.516426 0.504569
vt 0.522578 0.506258
vt 0.505058 0.505642
vt 0.507972 0.507293
vt 0.507875 0.503852
vt 0.506048 0.501805
vt 0.510052 0.508717
vt 0.510077 0.512472
vt 0.513190 0.512449
vt 0.512335 0.508938
vt 0.511452 0.502781
vt 0.510420 0.501562
vt 0.510196 0.504111
vt 0.514515 0.503892
vt 0.514308 0.502955
vt 0.513301 0.503601
vt 0.513358 0.503917
vt 0.715973 0.212765
vt 0.754276 0.220467
vt 0.620706 0.532580
vt 0.618975 0.526944
vt 0.605344 0.536366
vt 0.607350 0.540611
vt 0.816953 0.460105
vt 0.815165 0.461557
vt 0.882846 0.503671
vt 0.866326 0.499152
vt 0.876361 0.513264
vt 0.871914 0.519527
vt 0.873447 0.523940
vt 0.878700 0.516993
vt 0.870133 0.501385
vt 0.831926 0.429504
vt 0.856221 0.485346
vt 0.868540 0.523146
vt 0.867481 0.516529
vt 0.872259 0.469466
vt 0.871632 0.499215
vt 0.869474 0.498017
vt 0.850768 0.513058
vt 0.847930 0.457579
vt 0.856721 0.455209
vt 0.853972 0.449920
vt 0.118092 0.496461
vt 0.117210 0.493851
vt 0.118605 0.492071
vt 0.119524 0.494663
vt 0.121663 0.470888
vt 0.122329 0.482707
vt 0.122015 0.486027
vt 0.121284 0.483697
vt 0.847016 0.455126
vt 0.841095 0.479381
vt 0.805414 0.436792
vt 0.850295 0.419238
vt 0.121427 0.449965
vt 0.123040 0.450930
vt 0.120919 0.460973
vt 0.119208 0.460784
vt 0.854376 0.422465
vt 0.946795 0.365227
vt 0.950180 0.399125
vt 0.877545 0.470008
vt 0.859261 0.502416
vt 0.836877 0.428859
vt 0.837725 0.414975
vt 0.833086 0.413826
vt 0.849713 0.491741
vt 0.885098 0.429574
vt 0.887687 0.435499
vt 0.828261 0.457238
vt 0.874771 0.420745
vt 0.864923 0.400484
vt 0.792384 0.228006
vt 0.827256 0.237922
vt 0.153804 0.395813
vt 0.151824 0.402929
vt 0.148166 0.400258
vt 0.150946 0.391940
vt 0.810809 0.205530
vt 0.774460 0.194304
vt 0.806992 0.474518
vt 0.809147 0.456029
vt 0.806560 0.452759
vt 0.598305 0.177246
vt 0.579609 0.151601
vt 0.796889 0.436436
vt 0.781214 0.438251
vt 0.783589 0.486921
vt 0.794853 0.465043
vt 0.734142 0.625525
vt 0.746723 0.622955
vt 0.745698 0.586680
vt 0.735380 0.595059
vt 0.566976 0.806985
vt 0.530673 0.810853
vt 0.533546 0.828017
vt 0.573146 0.823606
vt 0.953351 0.429482
vt 0.954995 0.465773
vt 0.971103 0.462460
vt 0.970058 0.431030
vt 0.606835 0.873017
vt 0.557496 0.885355
vt 0.581502 0.903595
vt 0.150594 0.384988
vt 0.143038 0.393787
vt 0.138571 0.390932
vt 0.145432 0.382018
vt 0.630971 0.887634
vt 0.688497 0.515273
vt 0.689271 0.492812
vt 0.675381 0.493409
vt 0.675279 0.514770
vt 0.837606 0.403441
vt 0.834603 0.403046
vt 0.127630 0.512953
vt 0.130139 0.509993
vt 0.133987 0.512145
vt 0.130976 0.515745
vt 0.090000 0.443329
vt 0.096574 0.420337
vt 0.102148 0.445512
vt 0.099618 0.452587
vt 0.620961 0.918605
vt 0.664771 0.899138
vt 0.545483 0.595339
vt 0.130360 0.493207
vt 0.127396 0.493876
vt 0.126427 0.491921
vt 0.128806 0.490204
vt 0.115676 0.499407
vt 0.114594 0.496494
vt 0.167946 0.409559
vt 0.175956 0.418777
vt 0.174219 0.425998
vt 0.169078 0.424088
vt 0.154693 0.460640
vt 0.156670 0.468178
vt 0.126922 0.426147
vt 0.129095 0.429485
vt 0.124716 0.439457
vt 0.122591 0.437322
vt 0.549221 0.600940
vt 0.561340 0.585414
vt 0.559332 0.579134
vt 0.521114 0.755115
vt 0.524567 0.772294
vt 0.554212 0.770317
vt 0.548163 0.753960
vt 0.576070 0.568723
vt 0.574187 0.564121
vt 0.536499 0.844537
vt 0.579652 0.839562
vt 0.837775 0.862671
vt 0.134637 0.433513
vt 0.128901 0.440913
vt 0.126256 0.443021
vt 0.128874 0.437761
vt 0.807062 0.878193
vt 0.800596 0.904287
vt 0.126395 0.499946
vt 0.130282 0.504705
vt 0.129429 0.505565
vt 0.125558 0.500216
vt 0.853506 0.871477
vt 0.922067 0.475564
vt 0.917837 0.459539
vt 0.916804 0.515723
vt 0.922426 0.526688
vt 0.650865 0.188922
vt 0.631221 0.160647
vt 0.096339 0.488441
vt 0.096889 0.504015
vt 0.094686 0.503314
vt 0.095359 0.488082
vt 0.124605 0.493188
vt 0.123469 0.491033
vt 0.125096 0.489518
vt 0.148451 0.494678
vt 0.146209 0.495539
vt 0.145972 0.493106
vt 0.147733 0.491278
vt 0.143207 0.398593
vt 0.115526 0.388903
vt 0.113607 0.397153
vt 0.108080 0.414927
vt 0.104166 0.414911
vt 0.696546 0.704386
vt 0.708617 0.712859
vt 0.727510 0.687880
vt 0.713764 0.682147
vt 0.515515 0.721143
vt 0.538881 0.721562
vt 0.533200 0.703514
vt 0.513423 0.701458
vt 0.160195 0.387914
vt 0.158063 0.395356
vt 0.155295 0.395476
vt 0.155868 0.388546
vt 0.731815 0.564972
vt 0.739753 0.550363
vt 0.727481 0.517036
vt 0.721730 0.536070
vt 0.700502 0.518907
vt 0.142643 0.499990
vt 0.139203 0.497657
vt 0.141702 0.497001
vt 0.144338 0.498530
vt 0.702609 0.496283
vt 0.123731 0.479260
vt 0.127148 0.487213
vt 0.560268 0.788311
vt 0.527456 0.791432
vt 0.740827 0.657366
vt 0.726790 0.655391
vt 0.534111 0.603239
vt 0.540716 0.609765
vt 0.529278 0.623530
vt 0.128552 0.461564
vt 0.124040 0.463188
vt 0.124693 0.455365
vt 0.129459 0.454116
vt 0.510484 0.616017
vt 0.510111 0.632307
vt 0.524926 0.635830
vt 0.611275 0.745948
vt 0.619326 0.759157
vt 0.651378 0.749264
vt 0.642416 0.737327
vt 0.590835 0.856742
vt 0.130206 0.475357
vt 0.125735 0.476585
vt 0.544515 0.865441
vt 0.511030 0.672679
vt 0.526165 0.675057
vt 0.524864 0.660104
vt 0.121226 0.490893
vt 0.120153 0.482992
vt 0.122083 0.490930
vt 0.097096 0.517213
vt 0.087872 0.524952
vt 0.084300 0.504015
vt 0.094456 0.509046
vt 0.511232 0.658801
vt 0.590032 0.548918
vt 0.591544 0.553315
vt 0.846930 0.370751
vt 0.844660 0.377072
vt 0.807641 0.525283
vt 0.799000 0.494613
vt 0.790903 0.526456
vt 0.802747 0.565452
vt 0.816021 0.598369
vt 0.828252 0.619165
vt 0.834984 0.572839
vt 0.819097 0.552963
vt 0.842644 0.214193
vt 0.858895 0.244265
vt 0.508928 0.602069
vt 0.507950 0.590528
vt 0.971701 0.560564
vt 0.177725 0.439167
vt 0.177125 0.446127
vt 0.172244 0.442356
vt 0.169441 0.435719
vt 0.972241 0.531458
vt 0.955551 0.539937
vt 0.954258 0.566655
vt 0.917567 0.439888
vt 0.113061 0.410951
vt 0.116806 0.396831
vt 0.118767 0.396678
vt 0.117675 0.407504
vt 0.911571 0.435363
vt 0.513764 0.505485
vt 0.512772 0.503886
vt 0.512989 0.503347
vt 0.512800 0.503781
vt 0.514804 0.507870
vt 0.516757 0.510849
vt 0.513552 0.502344
vt 0.513175 0.502218
vt 0.512865 0.503394
vt 0.512822 0.504016
vt 0.499157 0.507497
vt 0.499469 0.512721
vt 0.504839 0.513087
vt 0.503668 0.508524
vt 0.512554 0.503823
vt 0.512249 0.503561
vt 0.510245 0.505628
vt 0.512338 0.504729
vt 0.512653 0.504160
vt 0.511322 0.506236
vt 0.508944 0.499425
vt 0.512583 0.506208
vt 0.135470 0.498002
vt 0.136091 0.491238
vt 0.138567 0.491801
vt 0.151168 0.432110
vt 0.148552 0.435707
vt 0.143474 0.430336
vt 0.145449 0.425274
vt 0.846823 0.438440
vt 0.772247 0.268393
vt 0.805713 0.314811
vt 0.817021 0.309268
vt 0.135087 0.408336
vt 0.133217 0.403715
vt 0.138510 0.398275
vt 0.139551 0.402627
vt 0.169641 0.430205
vt 0.175168 0.430982
vt 0.101277 0.488131
vt 0.102728 0.502646
vt 0.789443 0.262334
vt 0.852604 0.489893
vt 0.772334 0.682395
vt 0.787212 0.698478
vt 0.812520 0.657031
vt 0.131294 0.488114
vt 0.129668 0.485163
vt 0.802223 0.635054
vt 0.800741 0.715520
vt 0.828194 0.673622
vt 0.843089 0.635107
vt 0.867701 0.582874
vt 0.620821 0.582710
vt 0.624187 0.578736
vt 0.620449 0.577427
vt 0.171893 0.466849
vt 0.166926 0.466103
vt 0.167908 0.464449
vt 0.173095 0.463698
vt 0.617641 0.580805
vt 0.620252 0.584600
vt 0.617074 0.583026
vt 0.173963 0.467224
vt 0.174863 0.463852
vt 0.176836 0.463777
vt 0.176972 0.466065
vt 0.622713 0.586620
vt 0.623581 0.584615
vt 0.627535 0.580742
vt 0.589369 0.594582
vt 0.591525 0.595390
vt 0.595463 0.590613
vt 0.593223 0.589141
vt 0.587850 0.592882
vt 0.592949 0.586449
vt 0.165807 0.465197
vt 0.166425 0.465229
vt 0.165882 0.466799
vt 0.146000 0.474440
vt 0.144454 0.462305
vt 0.146571 0.461789
vt 0.148523 0.472982
vt 0.602828 0.602238
vt 0.602469 0.603831
vt 0.122175 0.466145
vt 0.603497 0.600447
vt 0.589971 0.605967
vt 0.590147 0.610704
vt 0.140367 0.519298
vt 0.138723 0.524964
vt 0.129487 0.520137
vt 0.602190 0.607792
vt 0.602277 0.605207
vt 0.590053 0.603431
vt 0.155139 0.446345
vt 0.153467 0.440115
vt 0.156819 0.439362
vt 0.157117 0.444812
vt 0.170707 0.452281
vt 0.167973 0.447048
vt 0.173838 0.449263
vt 0.170725 0.482753
vt 0.167236 0.471755
vt 0.171035 0.469486
vt 0.173202 0.470992
vt 0.119500 0.448893
vt 0.117122 0.460346
vt 0.114219 0.459663
vt 0.116584 0.447365
vt 0.586195 0.604614
vt 0.584884 0.606497
vt 0.167717 0.395948
vt 0.162728 0.374933
vt 0.177105 0.400674
vt 0.121480 0.503791
vt 0.119841 0.507324
vt 0.118301 0.504705
vt 0.120134 0.501321
vt 0.152498 0.482205
vt 0.154272 0.479734
vt 0.154490 0.482386
vt 0.152980 0.484696
vt 0.585111 0.609774
vt 0.603224 0.575080
vt 0.604336 0.570586
vt 0.593526 0.578528
vt 0.593248 0.582888
vt 0.602036 0.579051
vt 0.609685 0.577108
vt 0.611579 0.573168
vt 0.613550 0.568708
vt 0.079885 0.372002
vt 0.100373 0.367920
vt 0.082758 0.410666
vt 0.071206 0.415476
vt 0.136635 0.414551
vt 0.140460 0.409517
vt 0.167555 0.503813
vt 0.168691 0.509508
vt 0.159730 0.524467
vt 0.161920 0.514516
vt 0.585676 0.587324
vt 0.587059 0.590707
vt 0.615473 0.564518
vt 0.605851 0.566318
vt 0.112781 0.486667
vt 0.115956 0.485171
vt 0.593757 0.574953
vt 0.584890 0.585342
vt 0.579986 0.594846
vt 0.583392 0.593640
vt 0.606845 0.561903
vt 0.607395 0.558943
vt 0.593085 0.568997
vt 0.593326 0.571358
vt 0.143891 0.502148
vt 0.137768 0.503899
vt 0.141036 0.501496
vt 0.144269 0.501055
vt 0.157942 0.493738
vt 0.156920 0.497164
vt 0.153281 0.495720
vt 0.154239 0.492572
vt 0.617669 0.559836
vt 0.618657 0.556448
vt 0.167559 0.524009
vt 0.153841 0.537660
vt 0.638269 0.582255
vt 0.642113 0.585364
vt 0.646106 0.581556
vt 0.116235 0.382230
vt 0.644022 0.578574
vt 0.676611 0.571168
vt 0.681662 0.578555
vt 0.692279 0.573440
vt 0.161685 0.499450
vt 0.158898 0.505998
vt 0.155004 0.501350
vt 0.182428 0.419200
vt 0.178802 0.427464
vt 0.145511 0.499814
vt 0.146806 0.498153
vt 0.150486 0.492425
vt 0.148954 0.488973
vt 0.685582 0.566507
vt 0.138086 0.476747
vt 0.134889 0.462173
vt 0.711697 0.524783
vt 0.693071 0.552724
vt 0.701322 0.559063
vt 0.634312 0.579590
vt 0.631134 0.577046
vt 0.630538 0.582823
vt 0.633766 0.586250
vt 0.640405 0.575426
vt 0.636311 0.572698
vt 0.627607 0.575167
vt 0.631938 0.570488
vt 0.627083 0.569172
vt 0.623362 0.573874
vt 0.618250 0.572383
vt 0.091285 0.405461
vt 0.127450 0.355243
vt 0.616262 0.576571
vt 0.621138 0.567755
vt 0.630966 0.565091
vt 0.624238 0.563484
vt 0.636508 0.566538
vt 0.641442 0.569290
vt 0.646048 0.572456
vt 0.650388 0.576026
vt 0.652481 0.581003
vt 0.653202 0.569565
vt 0.661953 0.567757
vt 0.654610 0.562736
vt 0.647358 0.565863
vt 0.658639 0.574156
vt 0.668028 0.573558
vt 0.151597 0.494415
vt 0.151045 0.494754
vt 0.151537 0.492658
vt 0.152318 0.492064
vt 0.641742 0.562859
vt 0.646749 0.559214
vt 0.638273 0.556895
vt 0.635064 0.561020
vt 0.143469 0.405418
vt 0.140342 0.487287
vt 0.144954 0.485310
vt 0.144548 0.488507
vt 0.627586 0.559022
vt 0.630099 0.555227
vt 0.120014 0.469379
vt 0.119520 0.482929
vt 0.117705 0.483830
vt 0.117974 0.469632
vt 0.601030 0.582653
vt 0.601547 0.585579
vt 0.607836 0.583220
vt 0.607792 0.580865
vt 0.613824 0.580182
vt 0.155794 0.380475
vt 0.153921 0.477972
vt 0.155801 0.474848
vt 0.613253 0.582441
vt 0.608371 0.585714
vt 0.608858 0.595982
vt 0.610876 0.595720
vt 0.613185 0.584938
vt 0.151585 0.486208
vt 0.152387 0.489511
vt 0.602971 0.587835
vt 0.606630 0.597002
vt 0.597853 0.591954
vt 0.182074 0.436830
vt 0.604755 0.598589
vt 0.593675 0.595782
vt 0.609590 0.650317
vt 0.609782 0.653721
vt 0.623291 0.649980
vt 0.621266 0.646631
vt 0.940198 0.473328
vt 0.941717 0.515026
vt 0.954814 0.509723
vt 0.626720 0.634207
vt 0.629149 0.638316
vt 0.636822 0.632162
vt 0.633479 0.628707
vt 0.624110 0.630195
vt 0.126820 0.496465
vt 0.125695 0.494972
vt 0.128304 0.495480
vt 0.129326 0.496811
vt 0.131022 0.499687
vt 0.130725 0.501248
vt 0.128072 0.497957
vt 0.147185 0.487129
vt 0.146313 0.489547
vt 0.629593 0.624753
vt 0.617384 0.634586
vt 0.153053 0.429013
vt 0.148345 0.416555
vt 0.127337 0.447673
vt 0.132593 0.447971
vt 0.107701 0.469174
vt 0.107156 0.487330
vt 0.104093 0.487621
vt 0.105965 0.468379
vt 0.618989 0.639365
vt 0.620364 0.643831
vt 0.623243 0.610213
vt 0.621924 0.613739
vt 0.095034 0.469291
vt 0.086688 0.470289
vt 0.177307 0.468733
vt 0.179427 0.478817
vt 0.152244 0.485379
vt 0.152753 0.488652
vt 0.112690 0.426725
vt 0.125281 0.399326
vt 0.116334 0.421189
vt 0.126773 0.386764
vt 0.132680 0.384281
vt 0.130185 0.391694
vt 0.624159 0.616778
vt 0.626287 0.612167
vt 0.624237 0.606726
vt 0.627677 0.607573
vt 0.613763 0.607310
vt 0.613493 0.608818
vt 0.612999 0.610472
vt 0.137131 0.437484
vt 0.131992 0.441625
vt 0.613902 0.605946
vt 0.164936 0.464566
vt 0.163515 0.461586
vt 0.165437 0.462594
vt 0.133575 0.475439
vt 0.131476 0.461645
vt 0.152519 0.499924
vt 0.613987 0.604688
vt 0.161772 0.479427
vt 0.163263 0.488052
vt 0.147824 0.510009
vt 0.149623 0.504591
vt 0.151543 0.502740
vt 0.152233 0.505835
vt 0.164884 0.454495
vt 0.166130 0.451324
vt 0.168069 0.454079
vt 0.614023 0.603477
vt 0.614042 0.602252
vt 0.704884 0.467959
vt 0.715060 0.503416
vt 0.132405 0.502326
vt 0.132265 0.499317
vt 0.105872 0.501131
vt 0.718346 0.475276
vt 0.625786 0.586908
vt 0.144619 0.495427
vt 0.143989 0.493156
vt 0.628073 0.589723
vt 0.103782 0.548600
vt 0.112404 0.540950
vt 0.116153 0.540323
vt 0.117463 0.554329
vt 0.624525 0.589034
vt 0.141577 0.382098
vt 0.135939 0.389594
vt 0.133964 0.388806
vt 0.137708 0.382847
vt 0.158218 0.438982
vt 0.158227 0.443897
vt 0.626314 0.591851
vt 0.123564 0.451261
vt 0.124720 0.449144
vt 0.122666 0.457921
vt 0.121885 0.460781
vt 0.630655 0.593375
vt 0.638014 0.590149
vt 0.619302 0.586771
vt 0.613253 0.597093
vt 0.613726 0.598335
vt 0.149900 0.481921
vt 0.150846 0.480761
vt 0.106476 0.525100
vt 0.112206 0.520501
vt 0.118358 0.528565
vt 0.112749 0.532131
vt 0.109056 0.499326
vt 0.621140 0.589013
vt 0.616548 0.585438
vt 0.612299 0.596173
vt 0.613890 0.599641
vt 0.613989 0.600950
vt 0.144553 0.491062
vt 0.143041 0.491038
vt 0.622033 0.591282
vt 0.145261 0.491917
vt 0.623233 0.593892
vt 0.627851 0.595228
vt 0.154587 0.490677
vt 0.158530 0.490555
vt 0.145308 0.507906
vt 0.136515 0.509412
vt 0.137336 0.507935
vt 0.144156 0.506192
vt 0.624362 0.599188
vt 0.624571 0.601471
vt 0.628725 0.598126
vt 0.149191 0.496841
vt 0.629067 0.600946
vt 0.624071 0.596774
vt 0.027789 0.369460
vt 0.026627 0.403186
vt 0.624498 0.603907
vt 0.628661 0.603948
vt 0.645560 0.586568
vt 0.639684 0.593254
vt 0.645961 0.597584
vt 0.652386 0.587694
vt 0.140890 0.530784
vt 0.129711 0.531843
vt 0.129539 0.526641
vt 0.137262 0.529517
vt 0.130008 0.495838
vt 0.662230 0.587471
vt 0.661892 0.579842
vt 0.659032 0.600032
vt 0.671188 0.601764
vt 0.123253 0.493362
vt 0.158790 0.471568
vt 0.160362 0.463408
vt 0.673155 0.589137
vt 0.671183 0.580956
vt 0.632284 0.596411
vt 0.164575 0.456905
vt 0.164596 0.457182
vt 0.164358 0.457185
vt 0.164254 0.456866
vt 0.633314 0.599519
vt 0.649401 0.607973
vt 0.163243 0.455395
vt 0.161841 0.453700
vt 0.163699 0.452054
vt 0.163932 0.454680
vt 0.657806 0.611827
vt 0.640880 0.605832
vt 0.636899 0.612221
vt 0.643092 0.615417
vt 0.164414 0.456134
vt 0.164519 0.456530
vt 0.164114 0.456425
vt 0.164036 0.455935
vt 0.649736 0.618365
vt 0.638340 0.622042
vt 0.134519 0.504169
vt 0.131415 0.503692
vt 0.643130 0.625490
vt 0.633474 0.618563
vt 0.632324 0.604167
vt 0.121315 0.493690
vt 0.120405 0.491017
vt 0.125595 0.497283
vt 0.124369 0.495498
vt 0.630626 0.609444
vt 0.628621 0.615007
vt 0.626154 0.620744
vt 0.178927 0.451378
vt 0.176142 0.452936
vt 0.175465 0.450129
vt 0.120599 0.497018
vt 0.119078 0.498847
vt 0.162636 0.402109
vt 0.162879 0.397099
vt 0.306173 0.175609
vt 0.260447 0.184716
vt 0.271726 0.157314
vt 0.320525 0.151226
vt 0.147499 0.517437
vt 0.146175 0.525177
vt 0.621962 0.626056
vt 0.620183 0.621710
vt 0.616146 0.630314
vt 0.164522 0.455689
vt 0.164294 0.455593
vt 0.164317 0.454580
vt 0.165903 0.457346
vt 0.164857 0.456939
vt 0.614824 0.625560
vt 0.611706 0.659848
vt 0.627693 0.656201
vt 0.614127 0.621690
vt 0.610222 0.613525
vt 0.608067 0.614100
vt 0.608369 0.623222
vt 0.163109 0.456245
vt 0.590957 0.613732
vt 0.592142 0.616797
vt 0.164138 0.458549
vt 0.164821 0.458956
vt 0.164685 0.444351
vt 0.161083 0.443786
vt 0.163656 0.437341
vt 0.164115 0.455504
vt 0.150714 0.484181
vt 0.602539 0.610682
vt 0.602283 0.609196
vt 0.586891 0.613965
vt 0.589288 0.617568
vt 0.161263 0.457448
vt 0.157130 0.455048
vt 0.157925 0.451804
vt 0.161233 0.455440
vt 0.139986 0.430014
vt 0.141013 0.434082
vt 0.152708 0.448331
vt 0.149413 0.442856
vt 0.156841 0.477939
vt 0.158598 0.484661
vt 0.164859 0.465746
vt 0.161973 0.459579
vt 0.157665 0.458528
vt 0.165654 0.458178
vt 0.167563 0.460270
vt 0.166721 0.461394
vt 0.165376 0.458683
vt 0.140795 0.492391
vt 0.154283 0.522091
vt 0.153858 0.512492
vt 0.098862 0.565130
vt 0.079974 0.536981
vt 0.092782 0.540463
vt 0.163289 0.457152
vt 0.164646 0.457376
vt 0.164823 0.457430
vt 0.126135 0.441577
vt 0.162696 0.434514
vt 0.154613 0.486999
vt 0.109627 0.458019
vt 0.112192 0.445413
vt 0.152968 0.488039
vt 0.152871 0.490109
vt 0.159548 0.443839
vt 0.160321 0.438074
vt 0.152726 0.490804
vt 0.174386 0.452582
vt 0.132418 0.490114
vt 0.597986 0.621892
vt 0.604122 0.613375
vt 0.129219 0.401521
vt 0.134055 0.395454
vt 0.603082 0.612132
vt 0.164841 0.457225
vt 0.595131 0.619368
vt 0.164574 0.452586
vt 0.163604 0.457993
vt 0.595608 0.625378
vt 0.591747 0.620938
vt 0.608193 0.627519
vt 0.171104 0.458461
vt 0.171270 0.455239
vt 0.174598 0.456333
vt 0.967415 0.627599
vt 0.969915 0.597156
vt 0.145959 0.444638
vt 0.149789 0.451552
vt 0.147044 0.453862
vt 0.142286 0.446903
vt 0.115504 0.433332
vt 0.120239 0.421543
vt 0.124200 0.423441
vt 0.119883 0.435109
vt 0.951869 0.602418
vt 0.949170 0.629601
vt 0.101369 0.592903
vt 0.112268 0.571927
vt 0.117596 0.610444
vt 0.115119 0.510478
vt 0.112914 0.507447
vt 0.116908 0.502055
vt 0.135412 0.546105
vt 0.121368 0.538391
vt 0.130077 0.537561
vt 0.112362 0.470085
vt 0.618467 0.618403
vt 0.611880 0.612203
vt 0.935769 0.634601
vt 0.933662 0.653654
vt 0.944497 0.655175
vt 0.910245 0.284814
vt 0.931401 0.257462
vt 0.170221 0.493284
vt 0.163228 0.493474
vt 0.580865 0.613953
vt 0.109688 0.428185
vt 0.584545 0.618598
vt 0.142103 0.441050
vt 0.137258 0.443751
vt 0.127244 0.507464
vt 0.132572 0.507788
vt 0.578615 0.609968
vt 0.575111 0.612782
vt 0.577721 0.617494
vt 0.581432 0.622873
vt 0.588887 0.622919
vt 0.586903 0.627316
vt 0.593472 0.633083
vt 0.594078 0.628190
vt 0.608236 0.632113
vt 0.608700 0.636571
vt 0.591943 0.638043
vt 0.584901 0.632138
vt 0.590113 0.643481
vt 0.583111 0.638455
vt 0.609321 0.646571
vt 0.609219 0.641580
vt 0.582085 0.598236
vt 0.576821 0.602548
vt 0.584586 0.599055
vt 0.579988 0.603322
vt 0.588547 0.600099
vt 0.578919 0.605626
vt 0.573563 0.606920
vt 0.454855 0.159803
vt 0.456642 0.142801
vt 0.590984 0.599951
vt 0.574563 0.620965
vt 0.569919 0.615546
vt 0.570513 0.627714
vt 0.567350 0.619671
vt 0.574783 0.635192
vt 0.578064 0.627607
vt 0.567821 0.609808
vt 0.569461 0.605710
vt 0.564820 0.611830
vt 0.566433 0.606581
vt 0.583094 0.583056
vt 0.581892 0.581599
vt 0.576582 0.594195
vt 0.574286 0.594011
vt 0.607740 0.555933
vt 0.619552 0.552929
vt 0.608100 0.552583
vt 0.480021 0.504624
vt 0.479636 0.504410
vt 0.479906 0.504099
vt 0.480006 0.504149
vt 0.621038 0.548656
vt 0.591798 0.564591
vt 0.592682 0.566585
vt 0.623360 0.140133
vt 0.669444 0.564513
vt 0.676801 0.559572
vt 0.667279 0.553935
vt 0.660996 0.559305
vt 0.651873 0.555060
vt 0.478947 0.498856
vt 0.479362 0.500914
vt 0.478466 0.501355
vt 0.476979 0.499827
vt 0.656382 0.549525
vt 0.644927 0.547206
vt 0.641630 0.552313
vt 0.632092 0.551231
vt 0.634048 0.546276
vt 0.685811 0.586527
vt 0.688251 0.599122
vt 0.697529 0.581880
vt 0.701389 0.596194
vt 0.564925 0.633617
vt 0.480131 0.503895
vt 0.480761 0.503949
vt 0.480651 0.504547
vt 0.480085 0.504064
vt 0.563943 0.624463
vt 0.558059 0.638233
vt 0.558152 0.628565
vt 0.559424 0.649226
vt 0.567246 0.644244
vt 0.561728 0.614173
vt 0.563594 0.607429
vt 0.557708 0.616970
vt 0.560378 0.607815
vt 0.580395 0.580325
vt 0.578990 0.578766
vt 0.572042 0.593431
vt 0.569248 0.592983
vt 0.937915 0.440042
vt 0.940933 0.548837
vt 0.657002 0.667209
vt 0.647816 0.658559
vt 0.634105 0.666604
vt 0.640877 0.678015
vt 0.668154 0.675497
vt 0.681220 0.659993
vt 0.669998 0.654597
vt 0.659318 0.648863
vt 0.688575 0.612696
vt 0.677179 0.613209
vt 0.675006 0.626496
vt 0.685173 0.626475
vt 0.700980 0.611010
vt 0.697171 0.627110
vt 0.678244 0.640655
vt 0.667601 0.637631
vt 0.690573 0.643419
vt 0.579974 0.670936
vt 0.583353 0.662647
vt 0.575217 0.651355
vt 0.569947 0.656791
vt 0.574124 0.677771
vt 0.562593 0.661933
vt 0.618691 0.685290
vt 0.616235 0.672830
vt 0.588936 0.647679
vt 0.584139 0.644258
vt 0.588053 0.650969
vt 0.582130 0.645108
vt 0.912058 0.689267
vt 0.894950 0.709852
vt 0.907357 0.733069
vt 0.926279 0.706920
vt 0.630774 0.640755
vt 0.634069 0.644000
vt 0.643468 0.637218
vt 0.639461 0.634378
vt 0.647184 0.627875
vt 0.652118 0.630403
vt 0.659121 0.622906
vt 0.654247 0.621616
vt 0.659657 0.615772
vt 0.665029 0.615081
vt 0.581755 0.650305
vt 0.586890 0.654870
vt 0.937403 0.610412
vt 0.663098 0.760932
vt 0.697435 0.743748
vt 0.683356 0.734852
vt 0.639670 0.649566
vt 0.650134 0.641770
vt 0.658855 0.633603
vt 0.665770 0.625329
vt 0.670031 0.618552
vt 0.807268 0.445544
vt 0.810210 0.446784
vt 0.895254 0.468654
vt 0.899227 0.487547
vt 0.901599 0.500491
vt 0.849388 0.503147
vt 0.855346 0.505082
vt 0.862380 0.433351
vt 0.855370 0.427298
vt 0.125146 0.509968
vt 0.863027 0.435676
vt 0.868671 0.497700
vt 0.869930 0.495686
vt 0.870823 0.495902
vt 0.928731 0.370200
vt 0.934982 0.410495
vt 0.871113 0.493388
vt 0.813714 0.458141
vt 0.893447 0.467841
vt 0.889009 0.467807
vt 0.884949 0.457500
vt 0.886046 0.457249
vt 0.882261 0.445038
vt 0.883165 0.445363
vt 0.866689 0.442450
vt 0.869403 0.451247
vt 0.857741 0.505000
vt 0.855624 0.506390
vt 0.858772 0.505629
vt 0.816356 0.456400
vt 0.846518 0.499773
vt 0.843253 0.497798
vt 0.843983 0.497553
vt 0.825122 0.462901
vt 0.826094 0.464213
vt 0.822714 0.461454
vt 0.818606 0.460085
vt 0.825316 0.448901
vt 0.828335 0.448233
vt 0.828108 0.446010
vt 0.869775 0.513306
vt 0.841661 0.497002
vt 0.842580 0.500445
vt 0.844807 0.501959
vt 0.859927 0.506638
vt 0.846460 0.502961
vt 0.846308 0.501544
vt 0.849390 0.504553
vt 0.846301 0.500559
vt 0.845951 0.457128
vt 0.842990 0.456347
vt 0.814213 0.500474
vt 0.816892 0.493808
vt 0.851078 0.425043
vt 0.893818 0.522483
vt 0.896074 0.529959
vt 0.871495 0.460942
vt 0.852838 0.445365
vt 0.848287 0.442841
vt 0.856934 0.448765
vt 0.859945 0.454421
vt 0.841466 0.483081
vt 0.857758 0.487913
vt 0.859013 0.484650
vt 0.855113 0.488739
vt 0.890411 0.539287
vt 0.884227 0.537732
vt 0.889552 0.525322
vt 0.884363 0.532713
vt 0.822864 0.453260
vt 0.831996 0.445359
vt 0.832660 0.448714
vt 0.834025 0.445028
vt 0.835482 0.447027
vt 0.837477 0.449665
vt 0.839064 0.452887
vt 0.839266 0.456671
vt 0.824334 0.458283
vt 0.845799 0.532056
vt 0.824110 0.456095
vt 0.823787 0.461097
vt 0.822721 0.458698
vt 0.822403 0.455957
vt 0.838400 0.433958
vt 0.841510 0.438158
vt 0.835578 0.435477
vt 0.844662 0.440691
vt 0.833330 0.436734
vt 0.890763 0.525173
vt 0.889118 0.533454
vt 0.803765 0.454062
vt 0.732541 0.489889
vt 0.746934 0.525283
vt 0.508508 0.412683
vt 0.508097 0.411771
vt 0.690596 0.462505
vt 0.674902 0.459042
vt 0.568586 0.388067
vt 0.562644 0.382925
vt 0.551217 0.387898
vt 0.558542 0.392259
vt 0.527621 0.400626
vt 0.525828 0.404990
vt 0.532344 0.403463
vt 0.533212 0.396957
vt 0.595072 0.441683
vt 0.607875 0.448149
vt 0.616530 0.431486
vt 0.604171 0.426149
vt 0.510405 0.414236
vt 0.510772 0.415369
vt 0.513820 0.415534
vt 0.513157 0.414386
vt 0.509920 0.412702
vt 0.512562 0.412577
vt 0.508982 0.414272
vt 0.509340 0.415427
vt 0.609313 0.355157
vt 0.596617 0.363660
vt 0.600915 0.376482
vt 0.614056 0.371650
vt 0.588878 0.478079
vt 0.599593 0.462834
vt 0.588711 0.456282
vt 0.579262 0.472490
vt 0.567633 0.489816
vt 0.576610 0.494439
vt 0.555587 0.516867
vt 0.551629 0.507151
vt 0.541460 0.508150
vt 0.546374 0.512126
vt 0.542242 0.495094
vt 0.555576 0.499506
vt 0.533546 0.491803
vt 0.473892 0.501702
vt 0.477070 0.502411
vt 0.476271 0.504514
vt 0.472945 0.505855
vt 0.528193 0.494658
vt 0.547982 0.492008
vt 0.487660 0.505616
vt 0.484751 0.507266
vt 0.484833 0.503820
vt 0.486651 0.501775
vt 0.554820 0.487678
vt 0.539318 0.489023
vt 0.519136 0.498251
vt 0.527162 0.499287
vt 0.482675 0.508687
vt 0.482669 0.512447
vt 0.479550 0.512420
vt 0.480389 0.508903
vt 0.481245 0.502740
vt 0.482274 0.501522
vt 0.482508 0.504076
vt 0.478183 0.503841
vt 0.478386 0.502903
vt 0.479398 0.503552
vt 0.479343 0.503869
vt 0.528992 0.506912
vt 0.503748 0.504458
vt 0.504635 0.508423
vt 0.530723 0.594725
vt 0.541892 0.590368
vt 0.529936 0.585635
vt 0.541731 0.581610
vt 0.521665 0.513111
vt 0.531686 0.516832
vt 0.515322 0.515574
vt 0.522088 0.521893
vt 0.510639 0.646052
vt 0.502170 0.493027
vt 0.503545 0.490605
vt 0.500245 0.497900
vt 0.958163 0.683154
vt 0.948547 0.713584
vt 0.909457 0.776219
vt 0.888892 0.810067
vt 0.510348 0.455822
vt 0.511111 0.459534
vt 0.508429 0.429012
vt 0.503397 0.432709
vt 0.504114 0.438864
vt 0.510266 0.435417
vt 0.514408 0.430152
vt 0.511441 0.424242
vt 0.507072 0.426047
vt 0.502668 0.429395
vt 0.515806 0.440655
vt 0.507452 0.445185
vt 0.509151 0.448815
vt 0.519491 0.443818
vt 0.566053 0.473330
vt 0.550678 0.479113
vt 0.533357 0.482286
vt 0.519424 0.482924
vt 0.516445 0.488326
vt 0.526672 0.488971
vt 0.513983 0.490628
vt 0.522566 0.491348
vt 0.519208 0.493840
vt 0.515422 0.497172
vt 0.511739 0.496967
vt 0.511436 0.498715
vt 0.512115 0.492980
vt 0.506955 0.556829
vt 0.507138 0.568350
vt 0.526418 0.460599
vt 0.511591 0.463957
vt 0.510880 0.472508
vt 0.526393 0.470827
vt 0.542674 0.466048
vt 0.541686 0.452855
vt 0.505197 0.488105
vt 0.524935 0.455792
vt 0.522702 0.452061
vt 0.539225 0.447545
vt 0.535487 0.444197
vt 0.555910 0.440236
vt 0.560008 0.455333
vt 0.579286 0.440476
vt 0.568941 0.424675
vt 0.601352 0.390783
vt 0.577791 0.384208
vt 0.578795 0.392815
vt 0.577962 0.401685
vt 0.598814 0.405900
vt 0.614196 0.389666
vt 0.610985 0.408415
vt 0.591853 0.421981
vt 0.575506 0.411629
vt 0.569231 0.394169
vt 0.559107 0.395101
vt 0.568140 0.401424
vt 0.558153 0.401767
vt 0.566482 0.409114
vt 0.557248 0.408636
vt 0.556224 0.417727
vt 0.563991 0.419177
vt 0.529265 0.410116
vt 0.530182 0.416044
vt 0.538944 0.416983
vt 0.537214 0.409458
vt 0.526788 0.408573
vt 0.535378 0.405270
vt 0.514804 0.416911
vt 0.515662 0.418857
vt 0.275629 0.212786
vt 0.237492 0.220504
vt 0.523558 0.407959
vt 0.528917 0.405202
vt 0.544497 0.397804
vt 0.546305 0.401817
vt 0.547091 0.408584
vt 0.547339 0.416702
vt 0.531490 0.440960
vt 0.544932 0.433189
vt 0.538877 0.430268
vt 0.526373 0.436745
vt 0.532429 0.428046
vt 0.509637 0.422161
vt 0.521170 0.434825
vt 0.512304 0.419513
vt 0.510564 0.418688
vt 0.516249 0.423275
vt 0.511303 0.416420
vt 0.511745 0.417312
vt 0.509763 0.416510
vt 0.510192 0.417292
vt 0.526250 0.426483
vt 0.551165 0.435415
vt 0.521241 0.448284
vt 0.509893 0.452544
vt 0.372388 0.532676
vt 0.374032 0.527031
vt 0.387708 0.536462
vt 0.385766 0.540719
vt 0.504671 0.536218
vt 0.506382 0.546280
vt 0.542160 0.391215
vt 0.534131 0.127411
vt 0.175714 0.460212
vt 0.177510 0.461653
vt 0.110742 0.503755
vt 0.572917 0.377375
vt 0.509192 0.411594
vt 0.512456 0.410520
vt 0.598586 0.340764
vt 0.581844 0.328914
vt 0.573557 0.340643
vt 0.587537 0.351649
vt 0.556818 0.358955
vt 0.565741 0.369285
vt 0.127065 0.499249
vt 0.555452 0.373888
vt 0.547575 0.364595
vt 0.539348 0.370736
vt 0.545776 0.378739
vt 0.522995 0.388556
vt 0.516244 0.382517
vt 0.508141 0.399056
vt 0.511446 0.403299
vt 0.512433 0.408124
vt 0.526487 0.397253
vt 0.117247 0.513351
vt 0.121708 0.519615
vt 0.120220 0.524028
vt 0.114955 0.517070
vt 0.527872 0.382313
vt 0.531879 0.390520
vt 0.519740 0.376361
vt 0.576388 0.132918
vt 0.538760 0.383815
vt 0.532609 0.376887
vt 0.523723 0.370777
vt 0.529186 0.363661
vt 0.535360 0.355770
vt 0.542545 0.348792
vt 0.555904 0.330797
vt 0.560010 0.318855
vt 0.536257 0.324240
vt 0.538715 0.313464
vt 0.527186 0.342028
vt 0.521866 0.350561
vt 0.517897 0.358633
vt 0.514715 0.366086
vt 0.507223 0.483405
vt 0.508811 0.497471
vt 0.505238 0.500152
vt 0.506998 0.511702
vt 0.499339 0.502612
vt 0.511587 0.515400
vt 0.508346 0.515004
vt 0.509918 0.518874
vt 0.513281 0.519556
vt 0.505680 0.515289
vt 0.507926 0.519037
vt 0.499857 0.515396
vt 0.500919 0.521205
vt 0.502940 0.529452
vt 0.501516 0.524429
vt 0.510898 0.522111
vt 0.515682 0.525436
vt 0.123336 0.501475
vt 0.520906 0.532412
vt 0.530520 0.528431
vt 0.734644 0.921134
vt 0.512053 0.371570
vt 0.508839 0.377906
vt 0.160491 0.429626
vt 0.136948 0.485503
vt 0.503173 0.407559
vt 0.504859 0.404679
vt 0.501592 0.402876
vt 0.125089 0.523227
vt 0.126092 0.516617
vt 0.500453 0.406198
vt 0.502742 0.376614
vt 0.120883 0.469538
vt 0.121831 0.499314
vt 0.123957 0.498119
vt 0.142624 0.513239
vt 0.144874 0.457728
vt 0.136106 0.455355
vt 0.138784 0.450060
vt 0.145754 0.455280
vt 0.151897 0.479557
vt 0.499975 0.395274
vt 0.503897 0.396345
vt 0.503805 0.369681
vt 0.505405 0.363885
vt 0.507392 0.356351
vt 0.498760 0.402038
vt 0.498151 0.405557
vt 0.186940 0.436927
vt 0.508756 0.410283
vt 0.142102 0.419351
vt 0.138060 0.422596
vt 0.048239 0.364844
vt 0.044804 0.398632
vt 0.115667 0.470012
vt 0.507332 0.410840
vt 0.507281 0.407375
vt 0.505628 0.409176
vt 0.518283 0.310595
vt 0.516556 0.320179
vt 0.509662 0.347234
vt 0.512286 0.337764
vt 0.929285 0.745773
vt 0.762615 0.728409
vt 0.746327 0.721236
vt 0.134091 0.502519
vt 0.716922 0.750097
vt 0.733657 0.756547
vt 0.777683 0.738507
vt 0.750203 0.764327
vt 0.829469 0.821333
vt 0.793385 0.840092
vt 0.756593 0.892816
vt 0.861350 0.806737
vt 0.881142 0.761088
vt 0.847206 0.786251
vt 0.812081 0.808772
vt 0.155566 0.428985
vt 0.154581 0.415071
vt 0.159172 0.413941
vt 0.143449 0.491888
vt 0.928040 0.221479
vt 0.939129 0.575464
vt 0.776610 0.825800
vt 0.755370 0.850882
vt 0.720721 0.851737
vt 0.744264 0.829296
vt 0.708212 0.900978
vt 0.677667 0.927363
vt 0.971919 0.496814
vt 0.507264 0.580003
vt 0.896755 0.321851
vt 0.866272 0.315934
vt 0.760141 0.167745
vt 0.868375 0.385023
vt 0.870889 0.385338
vt 0.816383 0.266551
vt 0.836203 0.309847
vt 0.919091 0.325182
vt 0.885073 0.437078
vt 0.888007 0.447280
vt 0.882567 0.436728
vt 0.885539 0.447508
vt 0.889706 0.457633
vt 0.880137 0.433566
vt 0.877254 0.535470
vt 0.870825 0.532831
vt 0.107803 0.429420
vt 0.105305 0.435312
vt 0.857310 0.380915
vt 0.861605 0.381166
vt 0.164438 0.457363
vt 0.859359 0.379283
vt 0.856067 0.378506
vt 0.853467 0.379892
vt 0.853289 0.378041
vt 0.853798 0.589267
vt 0.861742 0.372864
vt 0.869605 0.382552
vt 0.865324 0.381150
vt 0.861451 0.377472
vt 0.855772 0.375851
vt 0.851133 0.375626
vt 0.849921 0.378538
vt 0.117889 0.420741
vt 0.127342 0.400460
vt 0.199574 0.227939
vt 0.165540 0.237832
vt 0.182088 0.205547
vt 0.217787 0.194349
vt 0.185766 0.474706
vt 0.183433 0.456136
vt 0.185966 0.452887
vt 0.879292 0.432912
vt 0.860547 0.393759
vt 0.393102 0.177156
vt 0.412111 0.151479
vt 0.892414 0.516296
vt 0.894923 0.511104
vt 0.889327 0.508270
vt 0.886713 0.512933
vt 0.927244 0.444976
vt 0.930377 0.477399
vt 0.958748 0.231354
vt 0.961043 0.267168
vt 0.910789 0.567847
vt 0.889853 0.520964
vt 0.884307 0.516760
vt 0.891717 0.457641
vt 0.891955 0.521636
vt 0.894604 0.516829
vt 0.881013 0.513805
vt 0.883579 0.510282
vt 0.885984 0.506148
vt 0.897327 0.511008
vt 0.195407 0.436588
vt 0.211131 0.438388
vt 0.209227 0.487046
vt 0.197752 0.465227
vt 0.895759 0.535702
vt 0.873903 0.640989
vt 0.891300 0.622943
vt 0.871162 0.677372
vt 0.889781 0.659102
vt 0.908048 0.639864
vt 0.910038 0.601245
vt 0.880799 0.536163
vt 0.869393 0.527736
vt 0.782755 0.752257
vt 0.805886 0.729645
vt 0.752965 0.777233
vt 0.758499 0.787390
vt 0.787620 0.765824
vt 0.819717 0.731913
vt 0.858718 0.626100
vt 0.854055 0.659370
vt 0.838881 0.683261
vt 0.259780 0.625505
vt 0.247218 0.622931
vt 0.247937 0.586554
vt 0.258273 0.595016
vt 0.849757 0.698009
vt 0.819481 0.752818
vt 0.845681 0.722403
vt 0.822423 0.775991
vt 0.848132 0.752101
vt 0.873191 0.733015
vt 0.868820 0.702788
vt 0.792308 0.777292
vt 0.762704 0.798304
vt 0.793752 0.796129
vt 0.767442 0.808817
vt 0.826779 0.691096
vt 0.837432 0.353794
vt 0.823396 0.360326
vt 0.426422 0.807363
vt 0.463324 0.810986
vt 0.460836 0.828084
vt 0.420582 0.823809
vt 0.803885 0.407752
vt 0.041438 0.429023
vt 0.039515 0.465368
vt 0.024268 0.462301
vt 0.025410 0.430852
vt 0.753802 0.495517
vt 0.764466 0.543330
vt 0.772308 0.507639
vt 0.766255 0.458449
vt 0.388712 0.874477
vt 0.438369 0.885525
vt 0.415288 0.904106
vt 0.363898 0.889133
vt 0.304520 0.515275
vt 0.303640 0.492758
vt 0.317494 0.493436
vt 0.317700 0.514819
vt 0.773649 0.592049
vt 0.783086 0.555325
vt 0.793765 0.599501
vt 0.777104 0.638269
vt 0.923271 0.621656
vt 0.924002 0.586949
vt 0.154579 0.403512
vt 0.157559 0.403132
vt 0.927190 0.559531
vt 0.673244 0.725044
vt 0.374813 0.919108
vt 0.328934 0.900180
vt 0.963330 0.658076
vt 0.679911 0.770766
vt 0.924428 0.665299
vt 0.498047 0.271484
vt 0.938308 0.676322
vt 0.889742 0.684185
vt 0.906951 0.664799
vt 0.923245 0.644506
vt 0.930272 0.522736
vt 0.729477 0.822526
vt 0.714263 0.607027
vt 0.714002 0.587146
vt 0.710965 0.627794
vt 0.708540 0.568110
vt 0.557819 0.572631
vt 0.556184 0.566259
vt 0.554907 0.557706
vt 0.569882 0.552118
vt 0.567410 0.542768
vt 0.541304 0.563711
vt 0.541673 0.572517
vt 0.552834 0.550107
vt 0.550708 0.540023
vt 0.542384 0.552612
vt 0.563006 0.495411
vt 0.569573 0.508144
vt 0.560880 0.525140
vt 0.579948 0.528232
vt 0.575773 0.519132
vt 0.564701 0.534777
vt 0.584293 0.537043
vt 0.547154 0.528836
vt 0.539218 0.520125
vt 0.543654 0.539955
vt 0.527839 0.542455
vt 0.529295 0.554604
vt 0.571707 0.558377
vt 0.587409 0.542803
vt 0.585597 0.503678
vt 0.598489 0.487734
vt 0.593609 0.513869
vt 0.605805 0.500095
vt 0.598275 0.522763
vt 0.611453 0.509405
vt 0.609713 0.472319
vt 0.619233 0.456856
vt 0.628822 0.438314
vt 0.630345 0.467897
vt 0.641231 0.448493
vt 0.639124 0.479975
vt 0.651839 0.461828
vt 0.447728 0.595421
vt 0.443995 0.600998
vt 0.431841 0.585484
vt 0.433835 0.579215
vt 0.472306 0.755271
vt 0.468951 0.772473
vt 0.439178 0.770765
vt 0.445251 0.754348
vt 0.618592 0.484563
vt 0.625626 0.494808
vt 0.616449 0.518158
vt 0.602181 0.530195
vt 0.646443 0.511842
vt 0.644504 0.495026
vt 0.630504 0.506987
vt 0.633635 0.518804
vt 0.659743 0.479658
vt 0.660822 0.502336
vt 0.661547 0.519412
vt 0.609006 0.547667
vt 0.592019 0.560426
vt 0.622640 0.542517
vt 0.647505 0.522944
vt 0.634697 0.526689
vt 0.683470 0.547308
vt 0.672806 0.542921
vt 0.648242 0.539062
vt 0.635889 0.539468
vt 0.661263 0.540345
vt 0.577554 0.575786
vt 0.565456 0.591675
vt 0.846312 0.275881
vt 0.528800 0.565557
vt 0.529130 0.575825
vt 0.552290 0.664245
vt 0.548903 0.651875
vt 0.524105 0.648034
vt 0.561314 0.681738
vt 0.556113 0.605785
vt 0.417085 0.568824
vt 0.418941 0.564213
vt 0.551280 0.618398
vt 0.548789 0.630162
vt 0.547808 0.640473
vt 0.458189 0.844527
vt 0.414545 0.839484
vt 0.159468 0.862644
vt 0.189637 0.877332
vt 0.195576 0.903893
vt 0.143250 0.871607
vt 0.594420 0.720196
vt 0.583199 0.707776
vt 0.726896 0.716572
vt 0.747076 0.687839
vt 0.676367 0.687001
vt 0.691977 0.669071
vt 0.703771 0.648991
vt 0.758679 0.652398
vt 0.760912 0.611485
vt 0.756318 0.568753
vt 0.071181 0.475285
vt 0.079330 0.469524
vt 0.074911 0.508701
vt 0.069036 0.522058
vt 0.705631 0.790142
vt 0.340867 0.188907
vt 0.360617 0.160631
vt 0.498047 0.236328
vt 0.710324 0.803118
vt 0.693924 0.779829
vt 0.698215 0.846391
vt 0.681569 0.837010
vt 0.718486 0.813747
vt 0.671969 0.823394
vt 0.667754 0.807400
vt 0.654052 0.797833
vt 0.641391 0.786875
vt 0.628274 0.773483
vt 0.881084 0.281512
vt 0.512759 0.504025
vt 0.512680 0.504062
vt 0.298435 0.704796
vt 0.286462 0.713157
vt 0.267123 0.687771
vt 0.280797 0.682236
vt 0.512710 0.503911
vt 0.512631 0.503933
vt 0.512620 0.503757
vt 0.512004 0.500921
vt 0.512182 0.502386
vt 0.512488 0.503438
vt 0.812037 0.382048
vt 0.477842 0.721253
vt 0.454490 0.721800
vt 0.460166 0.703687
vt 0.479929 0.701540
vt 0.261620 0.564847
vt 0.253594 0.550221
vt 0.265661 0.516952
vt 0.271501 0.535961
vt 0.292582 0.518840
vt 0.290347 0.496211
vt 0.433093 0.788766
vt 0.466232 0.791627
vt 0.253407 0.657241
vt 0.267390 0.655371
vt 0.459101 0.603300
vt 0.452509 0.609819
vt 0.463967 0.623579
vt 0.482736 0.616041
vt 0.483142 0.632332
vt 0.468342 0.635878
vt 0.382516 0.747042
vt 0.374469 0.760661
vt 0.343639 0.750744
vt 0.352171 0.738389
vt 0.404392 0.857625
vt 0.450491 0.865387
vt 0.482293 0.672728
vt 0.467171 0.675155
vt 0.468449 0.660177
vt 0.482070 0.658839
vt 0.403055 0.549017
vt 0.401585 0.553433
vt 0.144984 0.370718
vt 0.147331 0.377070
vt 0.185586 0.525446
vt 0.193909 0.494800
vt 0.202288 0.526556
vt 0.190820 0.565529
vt 0.177875 0.598430
vt 0.165886 0.619217
vt 0.158790 0.572951
vt 0.174423 0.553098
vt 0.150865 0.214208
vt 0.134674 0.244184
vt 0.484258 0.602091
vt 0.485203 0.590548
vt 0.023692 0.560366
vt 0.023082 0.531264
vt 0.038944 0.539523
vt 0.040481 0.566151
vt 0.076371 0.440113
vt 0.081853 0.435434
vt 0.478943 0.505439
vt 0.479930 0.503841
vt 0.479709 0.503300
vt 0.479901 0.503736
vt 0.477911 0.507827
vt 0.475967 0.510807
vt 0.479141 0.502293
vt 0.479517 0.502171
vt 0.479833 0.503349
vt 0.479880 0.503970
vt 0.493519 0.507528
vt 0.493248 0.512751
vt 0.487875 0.513152
vt 0.489026 0.508690
vt 0.480146 0.503779
vt 0.480451 0.503519
vt 0.482467 0.505594
vt 0.480368 0.504686
vt 0.480050 0.504114
vt 0.481392 0.506198
vt 0.483070 0.499259
vt 0.480130 0.506166
vt 0.145774 0.438573
vt 0.218894 0.268486
vt 0.185748 0.314880
vt 0.174599 0.309287
vt 0.201964 0.262337
vt 0.140573 0.490034
vt 0.221921 0.681919
vt 0.207008 0.698082
vt 0.181820 0.656863
vt 0.191960 0.634821
vt 0.193887 0.715564
vt 0.166293 0.673633
vt 0.151279 0.635159
vt 0.126430 0.582940
vt 0.372214 0.582504
vt 0.368867 0.578555
vt 0.372589 0.577261
vt 0.375378 0.580615
vt 0.372792 0.584392
vt 0.375955 0.582837
vt 0.370353 0.586399
vt 0.369475 0.584399
vt 0.365542 0.580551
vt 0.403800 0.594576
vt 0.401639 0.595379
vt 0.397667 0.590555
vt 0.399902 0.589095
vt 0.405330 0.592890
vt 0.400197 0.586433
vt 0.390352 0.602162
vt 0.390743 0.603762
vt 0.389659 0.600365
vt 0.403293 0.606024
vt 0.403200 0.610764
vt 0.391133 0.607729
vt 0.390971 0.605142
vt 0.403174 0.603478
vt 0.407057 0.604657
vt 0.408396 0.606542
vt 0.408219 0.609822
vt 0.389877 0.575043
vt 0.388794 0.570586
vt 0.399650 0.578571
vt 0.399914 0.582902
vt 0.391041 0.578972
vt 0.383370 0.577000
vt 0.381507 0.573095
vt 0.379569 0.568668
vt 0.407517 0.587359
vt 0.406127 0.590726
vt 0.377681 0.564511
vt 0.387308 0.566354
vt 0.399435 0.575028
vt 0.408312 0.585397
vt 0.413222 0.594870
vt 0.409809 0.593665
vt 0.386347 0.561974
vt 0.385817 0.559051
vt 0.400133 0.569132
vt 0.399883 0.571468
vt 0.375524 0.559860
vt 0.374564 0.556491
vt 0.354885 0.582077
vt 0.351085 0.585190
vt 0.347101 0.581401
vt 0.349159 0.578424
vt 0.316667 0.571084
vt 0.311704 0.578488
vt 0.301070 0.573398
vt 0.307677 0.566460
vt 0.281467 0.524706
vt 0.300146 0.552713
vt 0.291941 0.559036
vt 0.358809 0.579416
vt 0.361961 0.576878
vt 0.362564 0.582629
vt 0.359371 0.586049
vt 0.352744 0.575281
vt 0.356808 0.572557
vt 0.365466 0.575008
vt 0.361159 0.570356
vt 0.366003 0.569057
vt 0.369698 0.573732
vt 0.374813 0.572274
vt 0.376775 0.576425
vt 0.371953 0.567674
vt 0.362143 0.564996
vt 0.368880 0.563430
vt 0.356613 0.566427
vt 0.351701 0.569170
vt 0.347127 0.572334
vt 0.342824 0.575902
vt 0.340761 0.580867
vt 0.340004 0.569468
vt 0.331272 0.567665
vt 0.338597 0.562636
vt 0.345809 0.565765
vt 0.334612 0.574059
vt 0.325225 0.573451
vt 0.351403 0.562768
vt 0.346450 0.559125
vt 0.354918 0.556834
vt 0.358069 0.560944
vt 0.365562 0.558993
vt 0.363100 0.555225
vt 0.392024 0.582528
vt 0.391532 0.585462
vt 0.385208 0.583077
vt 0.385231 0.580717
vt 0.379190 0.580004
vt 0.379776 0.582270
vt 0.384692 0.585576
vt 0.384255 0.595883
vt 0.382227 0.595612
vt 0.379858 0.584775
vt 0.390122 0.587723
vt 0.386498 0.596910
vt 0.395275 0.591881
vt 0.388385 0.598503
vt 0.399481 0.595757
vt 0.384009 0.650371
vt 0.383849 0.653822
vt 0.370444 0.650002
vt 0.372418 0.646619
vt 0.053832 0.472626
vt 0.052243 0.514090
vt 0.039223 0.509364
vt 0.366854 0.634099
vt 0.364481 0.638233
vt 0.356777 0.632041
vt 0.360063 0.628566
vt 0.369411 0.630062
vt 0.363893 0.624594
vt 0.376155 0.634478
vt 0.374597 0.639285
vt 0.373267 0.643783
vt 0.370129 0.609984
vt 0.371482 0.613538
vt 0.369251 0.616591
vt 0.367084 0.611957
vt 0.369092 0.606473
vt 0.365645 0.607344
vt 0.379607 0.607136
vt 0.379903 0.608653
vt 0.380418 0.610319
vt 0.379437 0.605768
vt 0.379321 0.604508
vt 0.379223 0.603302
vt 0.379174 0.602081
vt 0.287787 0.467935
vt 0.277956 0.503372
vt 0.274395 0.475257
vt 0.367294 0.586687
vt 0.365040 0.589500
vt 0.368567 0.588804
vt 0.366813 0.591615
vt 0.362503 0.593148
vt 0.355180 0.589953
vt 0.373746 0.586560
vt 0.379863 0.596958
vt 0.379410 0.598187
vt 0.371931 0.588782
vt 0.376491 0.585252
vt 0.380806 0.596052
vt 0.379271 0.599484
vt 0.379198 0.600785
vt 0.371066 0.591035
vt 0.369901 0.593632
vt 0.365319 0.594987
vt 0.368856 0.598914
vt 0.368674 0.601200
vt 0.364482 0.597886
vt 0.364176 0.600707
vt 0.369104 0.596505
vt 0.368789 0.603640
vt 0.364617 0.603712
vt 0.347666 0.586400
vt 0.353534 0.593059
vt 0.347343 0.597409
vt 0.340883 0.587537
vt 0.331097 0.587343
vt 0.331398 0.579735
vt 0.334374 0.599886
vt 0.322219 0.601654
vt 0.320193 0.589053
vt 0.322123 0.580871
vt 0.360907 0.596191
vt 0.359913 0.599303
vt 0.344013 0.607807
vt 0.335686 0.611681
vt 0.352463 0.605640
vt 0.356490 0.612031
vt 0.350358 0.615245
vt 0.343779 0.618211
vt 0.355156 0.621879
vt 0.350423 0.625343
vt 0.359965 0.618383
vt 0.360949 0.603952
vt 0.362705 0.609234
vt 0.364761 0.614814
vt 0.367272 0.620571
vt 0.371501 0.625902
vt 0.373263 0.621549
vt 0.377343 0.630179
vt 0.378642 0.625426
vt 0.381959 0.659977
vt 0.366088 0.656254
vt 0.379324 0.621554
vt 0.383208 0.613401
vt 0.385361 0.613987
vt 0.385090 0.623118
vt 0.402424 0.613783
vt 0.401270 0.616828
vt 0.390849 0.610610
vt 0.391074 0.609131
vt 0.406473 0.614008
vt 0.404107 0.617599
vt 0.395466 0.621857
vt 0.389303 0.613284
vt 0.390329 0.612052
vt 0.398305 0.619366
vt 0.397842 0.625348
vt 0.401672 0.620946
vt 0.385281 0.627419
vt 0.028156 0.627357
vt 0.025586 0.596907
vt 0.043123 0.601900
vt 0.045959 0.629138
vt 0.374968 0.618238
vt 0.381547 0.612064
vt 0.059194 0.634011
vt 0.061406 0.653167
vt 0.050725 0.654777
vt 0.084193 0.284621
vt 0.063580 0.257415
vt 0.412484 0.613994
vt 0.408838 0.618629
vt 0.414702 0.610018
vt 0.418189 0.612816
vt 0.415611 0.617534
vt 0.411931 0.622914
vt 0.404530 0.622931
vt 0.406501 0.627344
vt 0.399986 0.633084
vt 0.399384 0.628165
vt 0.385261 0.632016
vt 0.384822 0.636509
vt 0.401506 0.638069
vt 0.408490 0.632183
vt 0.403325 0.643529
vt 0.410275 0.638515
vt 0.384248 0.646582
vt 0.384327 0.641554
vt 0.411137 0.598264
vt 0.416436 0.602583
vt 0.408636 0.599075
vt 0.413273 0.603359
vt 0.404663 0.600124
vt 0.414361 0.605675
vt 0.419711 0.606956
vt 0.402208 0.599973
vt 0.418752 0.621002
vt 0.423363 0.615564
vt 0.422811 0.627793
vt 0.425940 0.619701
vt 0.418600 0.635332
vt 0.415283 0.627655
vt 0.425440 0.609828
vt 0.423797 0.605738
vt 0.428479 0.611872
vt 0.426856 0.606609
vt 0.410116 0.583134
vt 0.411329 0.581702
vt 0.416623 0.594220
vt 0.418915 0.594053
vt 0.385444 0.556035
vt 0.373634 0.552961
vt 0.385091 0.552709
vt 0.372148 0.548689
vt 0.401369 0.564686
vt 0.400517 0.566703
vt 0.368669 0.140106
vt 0.323811 0.564428
vt 0.316416 0.559540
vt 0.325888 0.553878
vt 0.332202 0.559229
vt 0.341321 0.554983
vt 0.336758 0.549494
vt 0.348209 0.547174
vt 0.351547 0.552262
vt 0.361051 0.551214
vt 0.359074 0.546273
vt 0.307561 0.586409
vt 0.305282 0.599058
vt 0.295917 0.581843
vt 0.292214 0.596189
vt 0.428414 0.633725
vt 0.429350 0.624527
vt 0.435293 0.638413
vt 0.435177 0.628717
vt 0.433932 0.649404
vt 0.426131 0.644382
vt 0.431587 0.614251
vt 0.429706 0.607443
vt 0.435631 0.617129
vt 0.432935 0.607835
vt 0.412827 0.580444
vt 0.414230 0.578911
vt 0.421145 0.593451
vt 0.423936 0.593010
vt 0.056260 0.439487
vt 0.053268 0.547849
vt 0.336934 0.667208
vt 0.346023 0.658566
vt 0.359693 0.666658
vt 0.353019 0.678134
vt 0.326024 0.675603
vt 0.312844 0.660001
vt 0.323928 0.654556
vt 0.334525 0.648816
vt 0.305072 0.612631
vt 0.316430 0.613134
vt 0.318697 0.626420
vt 0.308577 0.626462
vt 0.292703 0.611015
vt 0.296667 0.627112
vt 0.315631 0.640629
vt 0.326210 0.637561
vt 0.303367 0.643423
vt 0.413433 0.671154
vt 0.410092 0.662818
vt 0.418169 0.651470
vt 0.423433 0.656946
vt 0.419291 0.678031
vt 0.430767 0.662123
vt 0.375075 0.685573
vt 0.377431 0.673011
vt 0.404495 0.647751
vt 0.409257 0.644332
vt 0.405374 0.651069
vt 0.411257 0.645191
vt 0.083085 0.688973
vt 0.100315 0.709570
vt 0.088339 0.733007
vt 0.069192 0.706811
vt 0.362916 0.640696
vt 0.359676 0.643967
vt 0.350247 0.637137
vt 0.354199 0.634275
vt 0.346427 0.627743
vt 0.341549 0.630293
vt 0.334495 0.622778
vt 0.339322 0.621474
vt 0.333884 0.615635
vt 0.328541 0.614950
vt 0.411643 0.650403
vt 0.406540 0.654994
vt 0.057367 0.609682
vt 0.332479 0.762948
vt 0.299425 0.744830
vt 0.312630 0.735829
vt 0.354126 0.649562
vt 0.343634 0.641721
vt 0.334862 0.633516
vt 0.327897 0.625219
vt 0.323594 0.618441
vt 0.185196 0.445659
vt 0.182288 0.446891
vt 0.098124 0.468502
vt 0.094372 0.487453
vt 0.092151 0.500433
vt 0.143864 0.503317
vt 0.138008 0.505171
vt 0.130264 0.433438
vt 0.137128 0.427456
vt 0.129647 0.435799
vt 0.124742 0.497805
vt 0.123479 0.495803
vt 0.122603 0.496014
vt 0.065654 0.369858
vt 0.059317 0.410018
vt 0.122290 0.493517
vt 0.178908 0.458246
vt 0.099882 0.467726
vt 0.104290 0.467705
vt 0.108220 0.457424
vt 0.107147 0.457130
vt 0.110751 0.444963
vt 0.109879 0.445237
vt 0.126091 0.442541
vt 0.123508 0.451316
vt 0.135636 0.505098
vt 0.137753 0.506484
vt 0.134624 0.505731
vt 0.176267 0.456514
vt 0.146684 0.499924
vt 0.149918 0.497974
vt 0.149188 0.497715
vt 0.167616 0.463035
vt 0.166663 0.464351
vt 0.169994 0.461584
vt 0.174068 0.460199
vt 0.167278 0.449027
vt 0.164271 0.448360
vt 0.164469 0.446136
vt 0.123792 0.513398
vt 0.151494 0.497178
vt 0.150617 0.500626
vt 0.148416 0.502146
vt 0.133499 0.506742
vt 0.146783 0.503145
vt 0.146918 0.501723
vt 0.143882 0.504737
vt 0.146911 0.500723
vt 0.146831 0.457277
vt 0.149765 0.456493
vt 0.178832 0.500669
vt 0.176112 0.493950
vt 0.141384 0.425168
vt 0.099999 0.522520
vt 0.097803 0.529978
vt 0.121550 0.461007
vt 0.139862 0.445504
vt 0.144356 0.442975
vt 0.135830 0.448912
vt 0.132895 0.454569
vt 0.151563 0.483246
vt 0.135445 0.488063
vt 0.134177 0.484805
vt 0.138075 0.488885
vt 0.103493 0.539340
vt 0.109626 0.537790
vt 0.104249 0.525370
vt 0.109465 0.532777
vt 0.169759 0.453391
vt 0.160596 0.445488
vt 0.159970 0.448843
vt 0.158575 0.445160
vt 0.157146 0.447159
vt 0.155185 0.449800
vt 0.153639 0.453027
vt 0.153474 0.456812
vt 0.168348 0.458418
vt 0.147704 0.532208
vt 0.168548 0.456226
vt 0.168923 0.461229
vt 0.169957 0.458827
vt 0.170244 0.456086
vt 0.154105 0.434078
vt 0.151055 0.438284
vt 0.156925 0.435596
vt 0.147943 0.440821
vt 0.159176 0.436854
vt 0.103062 0.525209
vt 0.104744 0.533503
vt 0.188755 0.454234
vt 0.260358 0.489907
vt 0.246263 0.525137
vt 0.482829 0.411169
vt 0.483123 0.410370
vt 0.301986 0.462515
vt 0.317621 0.459099
vt 0.423113 0.387854
vt 0.428993 0.382675
vt 0.440434 0.387549
vt 0.433181 0.391965
vt 0.463984 0.399967
vt 0.465902 0.404290
vt 0.459393 0.402868
vt 0.458403 0.396408
vt 0.397253 0.441707
vt 0.384485 0.448204
vt 0.375651 0.431560
vt 0.387950 0.426198
vt 0.481306 0.412817
vt 0.481147 0.413962
vt 0.478105 0.414644
vt 0.478652 0.413424
vt 0.481552 0.411353
vt 0.479056 0.411596
vt 0.482554 0.412565
vt 0.482465 0.413664
vt 0.382211 0.355120
vt 0.394955 0.363596
vt 0.390772 0.376436
vt 0.377610 0.371613
vt 0.403728 0.478088
vt 0.392853 0.462862
vt 0.403693 0.456273
vt 0.413287 0.472458
vt 0.425142 0.489789
vt 0.416179 0.494425
vt 0.437469 0.516840
vt 0.441499 0.507111
vt 0.451977 0.508148
vt 0.446834 0.512106
vt 0.450915 0.494975
vt 0.437452 0.499492
vt 0.459206 0.491692
vt 0.464590 0.494566
vt 0.444983 0.491922
vt 0.437962 0.487618
vt 0.453383 0.488899
vt 0.473547 0.498214
vt 0.466132 0.499263
vt 0.465466 0.506822
vt 0.488921 0.504467
vt 0.488035 0.508773
vt 0.462471 0.594793
vt 0.451328 0.590484
vt 0.463236 0.585706
vt 0.451469 0.581726
vt 0.471479 0.512985
vt 0.461531 0.516825
vt 0.477475 0.515566
vt 0.470836 0.521907
vt 0.482640 0.646082
vt 0.490343 0.492994
vt 0.488942 0.490570
vt 0.492312 0.497887
vt 0.037478 0.682997
vt 0.047189 0.713519
vt 0.086900 0.776620
vt 0.107727 0.810503
vt 0.482057 0.455747
vt 0.481285 0.459464
vt 0.484203 0.428530
vt 0.489247 0.432424
vt 0.488408 0.438642
vt 0.482244 0.435005
vt 0.478054 0.429599
vt 0.481129 0.423560
vt 0.485669 0.425548
vt 0.490072 0.429052
vt 0.476623 0.440389
vt 0.484997 0.445039
vt 0.483278 0.448704
vt 0.472916 0.443612
vt 0.426537 0.473300
vt 0.441959 0.479039
vt 0.459229 0.482170
vt 0.473063 0.482826
vt 0.476032 0.488229
vt 0.465895 0.488847
vt 0.478486 0.490543
vt 0.470005 0.491249
vt 0.473365 0.493756
vt 0.477221 0.497128
vt 0.480726 0.496912
vt 0.481244 0.498669
vt 0.480339 0.492901
vt 0.486060 0.556834
vt 0.485932 0.568362
vt 0.466012 0.460499
vt 0.480790 0.463892
vt 0.481546 0.472459
vt 0.466084 0.470719
vt 0.449813 0.465922
vt 0.450735 0.452752
vt 0.487266 0.488061
vt 0.467465 0.455682
vt 0.469696 0.451939
vt 0.453135 0.447422
vt 0.456864 0.444035
vt 0.436389 0.440106
vt 0.432401 0.455272
vt 0.413049 0.440439
vt 0.423161 0.424526
vt 0.390438 0.390749
vt 0.413888 0.384080
vt 0.412987 0.392703
vt 0.413922 0.401560
vt 0.393146 0.405930
vt 0.377586 0.389646
vt 0.380973 0.408454
vt 0.400246 0.421997
vt 0.416443 0.411504
vt 0.422535 0.393965
vt 0.432664 0.394815
vt 0.423702 0.401225
vt 0.433702 0.401484
vt 0.425443 0.408921
vt 0.434692 0.408364
vt 0.435822 0.417482
vt 0.428049 0.419003
vt 0.462736 0.409526
vt 0.461957 0.415522
vt 0.453161 0.416564
vt 0.454777 0.408978
vt 0.465113 0.407917
vt 0.456518 0.404745
vt 0.477248 0.416131
vt 0.476539 0.418169
vt 0.468260 0.407228
vt 0.462888 0.404574
vt 0.447259 0.397374
vt 0.445547 0.401417
vt 0.444867 0.408213
vt 0.444727 0.416369
vt 0.460859 0.440750
vt 0.447324 0.432981
vt 0.453381 0.429986
vt 0.465989 0.436457
vt 0.459849 0.427680
vt 0.483037 0.421345
vt 0.471220 0.434459
vt 0.480075 0.418565
vt 0.481882 0.417405
vt 0.476121 0.422650
vt 0.480784 0.415127
vt 0.480432 0.416124
vt 0.482419 0.414783
vt 0.482119 0.415795
vt 0.466057 0.426023
vt 0.441089 0.435266
vt 0.471157 0.448133
vt 0.482521 0.452456
vt 0.488233 0.536215
vt 0.486577 0.546278
vt 0.449475 0.390777
vt 0.457647 0.127332
vt 0.418686 0.377218
vt 0.482096 0.410317
vt 0.478931 0.409602
vt 0.392818 0.340707
vt 0.409466 0.328850
vt 0.417795 0.340542
vt 0.403905 0.351581
vt 0.434584 0.358762
vt 0.425759 0.369080
vt 0.436070 0.373620
vt 0.443832 0.364349
vt 0.452036 0.370424
vt 0.445729 0.378386
vt 0.468340 0.388068
vt 0.475013 0.382157
vt 0.482997 0.398477
vt 0.479737 0.402556
vt 0.478819 0.407273
vt 0.464983 0.396627
vt 0.463477 0.381888
vt 0.459604 0.390005
vt 0.471525 0.376051
vt 0.415446 0.132840
vt 0.452732 0.383387
vt 0.458749 0.376511
vt 0.467555 0.370504
vt 0.462116 0.363431
vt 0.455962 0.355586
vt 0.448776 0.348630
vt 0.435385 0.330682
vt 0.431207 0.318796
vt 0.454982 0.324165
vt 0.452455 0.313403
vt 0.464113 0.341937
vt 0.469415 0.350442
vt 0.473366 0.358488
vt 0.476530 0.365913
vt 0.485259 0.483363
vt 0.483495 0.497399
vt 0.487337 0.500140
vt 0.485747 0.511681
vt 0.493284 0.502616
vt 0.481189 0.515391
vt 0.484417 0.515003
vt 0.482886 0.518884
vt 0.479548 0.519572
vt 0.487068 0.515320
vt 0.484870 0.519050
vt 0.492883 0.515420
vt 0.491874 0.521214
vt 0.489920 0.529452
vt 0.491306 0.524432
vt 0.481934 0.522120
vt 0.477195 0.525438
vt 0.472017 0.532395
vt 0.462453 0.528397
vt 0.259862 0.919947
vt 0.479182 0.371376
vt 0.482373 0.377683
vt 0.487338 0.406885
vt 0.485959 0.404066
vt 0.489199 0.402503
vt 0.490078 0.405831
vt 0.488448 0.376491
vt 0.491105 0.395081
vt 0.487209 0.395974
vt 0.487405 0.369578
vt 0.485818 0.363792
vt 0.483848 0.356272
vt 0.492027 0.401846
vt 0.492426 0.405381
vt 0.482343 0.409161
vt 0.483537 0.409555
vt 0.483607 0.406525
vt 0.484990 0.408263
vt 0.472833 0.310574
vt 0.474628 0.320157
vt 0.481596 0.347174
vt 0.478933 0.337732
vt 0.066798 0.746023
vt 0.231354 0.726775
vt 0.247734 0.719577
vt 0.280198 0.749928
vt 0.263324 0.754507
vt 0.217012 0.738546
vt 0.247128 0.760638
vt 0.168261 0.821222
vt 0.204440 0.838045
vt 0.238598 0.891050
vt 0.135692 0.807299
vt 0.114847 0.761151
vt 0.149351 0.786459
vt 0.186054 0.808273
vt 0.067085 0.221466
vt 0.055313 0.574565
vt 0.221675 0.822335
vt 0.241438 0.847909
vt 0.272228 0.850676
vt 0.249783 0.827173
vt 0.287007 0.900460
vt 0.316505 0.927760
vt 0.023356 0.496651
vt 0.485852 0.580020
vt 0.097042 0.321643
vt 0.126639 0.315770
vt 0.232429 0.167840
vt 0.123799 0.384932
vt 0.121310 0.385222
vt 0.175337 0.266374
vt 0.155778 0.309621
vt 0.075325 0.324930
vt 0.107908 0.436909
vt 0.105120 0.447093
vt 0.110379 0.436584
vt 0.107562 0.447348
vt 0.103515 0.457498
vt 0.112738 0.433470
vt 0.116536 0.535543
vt 0.122896 0.532908
vt 0.134784 0.380861
vt 0.130510 0.381095
vt 0.132734 0.379209
vt 0.136003 0.378452
vt 0.138595 0.379863
vt 0.138757 0.378006
vt 0.140226 0.589360
vt 0.130299 0.372713
vt 0.122581 0.382430
vt 0.126815 0.381066
vt 0.130632 0.377377
vt 0.136282 0.375788
vt 0.140880 0.375604
vt 0.142104 0.378531
vt 0.113549 0.432871
vt 0.131645 0.393754
vt 0.101344 0.516338
vt 0.098820 0.511139
vt 0.104352 0.508329
vt 0.106977 0.512993
vt 0.066521 0.444449
vt 0.063132 0.476444
vt 0.036868 0.231346
vt 0.034520 0.267129
vt 0.082140 0.564458
vt 0.103917 0.521013
vt 0.109390 0.516825
vt 0.101523 0.457471
vt 0.101839 0.521677
vt 0.099182 0.516862
vt 0.112637 0.513880
vt 0.110066 0.510355
vt 0.107650 0.506222
vt 0.096440 0.511025
vt 0.098149 0.535738
vt 0.120358 0.640301
vt 0.102721 0.621827
vt 0.123454 0.676719
vt 0.104722 0.658335
vt 0.086360 0.638881
vt 0.083712 0.599414
vt 0.113024 0.536228
vt 0.124278 0.527815
vt 0.212810 0.752255
vt 0.189076 0.729602
vt 0.244211 0.774144
vt 0.238068 0.784440
vt 0.208256 0.765467
vt 0.175444 0.731959
vt 0.135508 0.625789
vt 0.140363 0.658864
vt 0.155645 0.682828
vt 0.145005 0.697200
vt 0.175809 0.752479
vt 0.149266 0.721646
vt 0.173752 0.775707
vt 0.147547 0.751794
vt 0.122251 0.732791
vt 0.126060 0.702276
vt 0.203572 0.776555
vt 0.233389 0.795494
vt 0.203920 0.794022
vt 0.228193 0.806035
vt 0.167756 0.690884
vt 0.154515 0.353789
vt 0.168419 0.360416
vt 0.188135 0.407893
vt 0.239122 0.495473
vt 0.228899 0.543102
vt 0.220711 0.507583
vt 0.226297 0.458555
vt 0.220121 0.591885
vt 0.210405 0.555160
vt 0.200116 0.599281
vt 0.217024 0.638020
vt 0.071286 0.620724
vt 0.070124 0.585598
vt 0.066553 0.557805
vt 0.322075 0.725839
vt 0.032290 0.657854
vt 0.316387 0.773132
vt 0.070603 0.664844
vt 0.056974 0.676019
vt 0.105091 0.683696
vt 0.087781 0.664167
vt 0.071562 0.643830
vt 0.063167 0.520827
vt 0.264347 0.820932
vt 0.279417 0.606991
vt 0.279522 0.587119
vt 0.282902 0.627739
vt 0.284818 0.568075
vt 0.435331 0.572720
vt 0.436948 0.566348
vt 0.438201 0.557786
vt 0.423190 0.552197
vt 0.425631 0.542828
vt 0.451831 0.563814
vt 0.451515 0.572652
vt 0.440249 0.550167
vt 0.442346 0.540039
vt 0.450642 0.552623
vt 0.429875 0.495370
vt 0.423335 0.508136
vt 0.432134 0.525147
vt 0.413013 0.528286
vt 0.417156 0.519163
vt 0.428319 0.534817
vt 0.408708 0.537116
vt 0.445906 0.528813
vt 0.453938 0.520106
vt 0.449246 0.539841
vt 0.465110 0.542419
vt 0.463727 0.554612
vt 0.421393 0.558461
vt 0.405632 0.542886
vt 0.407222 0.503700
vt 0.394183 0.487758
vt 0.399253 0.513918
vt 0.386947 0.500143
vt 0.394644 0.522828
vt 0.381370 0.509465
vt 0.382817 0.472348
vt 0.373156 0.456893
vt 0.363402 0.438359
vt 0.362192 0.467992
vt 0.351155 0.448579
vt 0.353521 0.480044
vt 0.340658 0.461892
vt 0.374031 0.484612
vt 0.367084 0.494868
vt 0.376456 0.518229
vt 0.390802 0.530277
vt 0.346438 0.511923
vt 0.348238 0.495096
vt 0.362313 0.507057
vt 0.359305 0.518880
vt 0.332942 0.479728
vt 0.332071 0.502428
vt 0.331418 0.519490
vt 0.384183 0.547799
vt 0.401107 0.560494
vt 0.370527 0.542587
vt 0.345496 0.523014
vt 0.358353 0.526767
vt 0.309697 0.547298
vt 0.320281 0.542889
vt 0.344853 0.539069
vt 0.357213 0.539484
vt 0.331831 0.540335
vt 0.415664 0.575948
vt 0.427715 0.591666
vt 0.146475 0.275705
vt 0.464292 0.565604
vt 0.464011 0.575893
vt 0.441046 0.664436
vt 0.444431 0.652108
vt 0.469185 0.648092
vt 0.432051 0.681987
vt 0.437190 0.605859
vt 0.442053 0.618601
vt 0.444565 0.630347
vt 0.445537 0.640703
vt 0.399239 0.720831
vt 0.410289 0.708217
vt 0.267832 0.716018
vt 0.247351 0.687253
vt 0.318047 0.687163
vt 0.302267 0.669148
vt 0.290245 0.648946
vt 0.235511 0.652201
vt 0.232955 0.611323
vt 0.237216 0.568534
vt 0.289154 0.790141
vt 0.283739 0.802595
vt 0.302195 0.781572
vt 0.294429 0.847001
vt 0.310973 0.839192
vt 0.275310 0.812685
vt 0.320392 0.826720
vt 0.324485 0.811664
vt 0.339141 0.801751
vt 0.352085 0.789903
vt 0.365353 0.775599
vt 0.112716 0.281315
vt 0.479943 0.503980
vt 0.480023 0.504017
vt 0.479991 0.503866
vt 0.480070 0.503889
vt 0.480080 0.503713
vt 0.480684 0.500876
vt 0.480513 0.502342
vt 0.480210 0.503394
vt 0.179782 0.382168
vt 0.195600 0.177514
vt 0.161848 0.186033
vt 0.797524 0.177441
vt 0.831816 0.185975
vt 0.572424 0.115442
vt 0.618216 0.120880
vt 0.610153 0.103947
vt 0.567295 0.100334
vt 0.775795 0.122966
vt 0.785955 0.151135
vt 0.822321 0.156767
vt 0.816524 0.128759
vt 0.858356 0.164485
vt 0.854941 0.132560
vt 0.892355 0.137821
vt 0.893631 0.173540
vt 0.927117 0.183865
vt 0.928408 0.145792
vt 0.664643 0.128626
vt 0.707541 0.136669
vt 0.696788 0.115134
vt 0.654860 0.109223
vt 0.747939 0.144575
vt 0.736904 0.120469
vt 0.956794 0.159535
vt 0.957256 0.195000
vt 0.560381 0.062199
vt 0.526501 0.061000
vt 0.527974 0.080184
vt 0.563247 0.081760
vt 0.637070 0.047301
vt 0.676534 0.048689
vt 0.669343 0.029555
vt 0.632851 0.029051
vt 0.693359 0.009766
vt 0.724609 0.009766
vt 0.597273 0.045757
vt 0.596067 0.028271
vt 0.498047 0.138672
vt 0.498047 0.173828
vt 0.737942 0.028021
vt 0.775492 0.028180
vt 0.759766 0.009766
vt 0.886942 0.020032
vt 0.888672 0.009766
vt 0.857422 0.009766
vt 0.862237 0.021112
vt 0.802216 0.069907
vt 0.844160 0.071498
vt 0.832197 0.051132
vt 0.790619 0.047418
vt 0.915584 0.060223
vt 0.875332 0.056639
vt 0.883478 0.079411
vt 0.920421 0.086097
vt 0.749708 0.046472
vt 0.760109 0.069014
vt 0.713770 0.048318
vt 0.721334 0.069797
vt 0.682381 0.068892
vt 0.851258 0.100520
vt 0.890108 0.104814
vt 0.923919 0.114266
vt 0.955679 0.125864
vt 0.498047 0.009766
vt 0.498047 0.041016
vt 0.952361 0.065926
vt 0.954066 0.095141
vt 0.703755 0.029073
vt 0.728507 0.094727
vt 0.688650 0.091866
vt 0.626953 0.009766
vt 0.662109 0.009766
vt 0.595703 0.009766
vt 0.564453 0.009766
vt 0.951793 0.036519
vt 0.955078 0.009766
vt 0.923828 0.009766
vt 0.910268 0.032622
vt 0.641405 0.066939
vt 0.599883 0.064169
vt 0.559259 0.044295
vt 0.810829 0.098936
vt 0.768993 0.096738
vt 0.647262 0.088061
vt 0.604222 0.084329
vt 0.529700 0.098328
vt 0.560091 0.026960
vt 0.791016 0.009766
vt 0.822266 0.009766
vt 0.835322 0.019964
vt 0.498047 0.076172
vt 0.496695 0.079550
vt 0.497091 0.060366
vt 0.496282 0.097549
vt 0.818791 0.028907
vt 0.867338 0.036144
vt 0.495922 0.111115
vt 0.498047 0.205078
vt 0.497433 0.042052
vt 0.497739 0.025546
vt 0.498047 0.009766
vt 0.531619 0.112351
vt 0.527057 0.025855
vt 0.526242 0.042712
vt 0.529297 0.009766
vt 0.498047 0.107422
vt 0.419489 0.115429
vt 0.373818 0.120907
vt 0.382549 0.103945
vt 0.425314 0.100312
vt 0.218106 0.123011
vt 0.207524 0.151202
vt 0.171633 0.156815
vt 0.177851 0.128809
vt 0.136095 0.164517
vt 0.139829 0.132598
vt 0.102760 0.137850
vt 0.101228 0.173558
vt 0.068170 0.183871
vt 0.067041 0.145817
vt 0.327612 0.128716
vt 0.285043 0.136778
vt 0.296399 0.115211
vt 0.338026 0.109274
vt 0.245055 0.144666
vt 0.256643 0.120535
vt 0.038982 0.159547
vt 0.038436 0.195008
vt 0.433765 0.062158
vt 0.467660 0.060997
vt 0.465410 0.080181
vt 0.430143 0.081727
vt 0.357880 0.047291
vt 0.318508 0.048706
vt 0.326241 0.029552
vt 0.362691 0.029041
vt 0.302734 0.009766
vt 0.271484 0.009766
vt 0.397584 0.045710
vt 0.399419 0.028239
vt 0.257804 0.028046
vt 0.220340 0.028203
vt 0.236328 0.009766
vt 0.109083 0.020037
vt 0.107422 0.009766
vt 0.138672 0.009766
vt 0.133763 0.021116
vt 0.192978 0.069959
vt 0.151195 0.071539
vt 0.163420 0.051156
vt 0.204910 0.047463
vt 0.080283 0.060239
vt 0.120383 0.056657
vt 0.112070 0.079442
vt 0.075323 0.086122
vt 0.245663 0.046514
vt 0.234825 0.069066
vt 0.281396 0.048351
vt 0.273344 0.069851
vt 0.312082 0.068935
vt 0.143815 0.100569
vt 0.105235 0.104856
vt 0.071691 0.114293
vt 0.040174 0.125881
vt 0.043621 0.065934
vt 0.041855 0.095155
vt 0.291901 0.029072
vt 0.265622 0.094788
vt 0.305195 0.091925
vt 0.369141 0.009766
vt 0.333984 0.009766
vt 0.400391 0.009766
vt 0.431641 0.009766
vt 0.044250 0.036516
vt 0.041016 0.009766
vt 0.072266 0.009766
vt 0.085717 0.032633
vt 0.352886 0.066942
vt 0.394301 0.064125
vt 0.435570 0.044252
vt 0.183959 0.098993
vt 0.225445 0.096793
vt 0.346342 0.088082
vt 0.389234 0.084301
vt 0.462872 0.098322
vt 0.435378 0.026938
vt 0.205078 0.009766
vt 0.173828 0.009766
vt 0.160679 0.019974
vt 0.177087 0.028918
vt 0.128543 0.036149
vt 0.460241 0.112334
vt 0.468420 0.025858
vt 0.468609 0.042710
vt 0.466797 0.009766
vt 0.479905 0.503716
vt 0.227821 0.383498
vt 0.215125 0.356904
vt 0.236813 0.323229
vt 0.247322 0.353606
vt 0.264912 0.294536
vt 0.265541 0.329070
vt 0.296495 0.275909
vt 0.289198 0.309626
vt 0.326601 0.270650
vt 0.314873 0.300921
vt 0.391272 0.279638
vt 0.393908 0.264180
vt 0.426107 0.269884
vt 0.426046 0.280686
vt 0.451009 0.272836
vt 0.450635 0.281221
vt 0.472324 0.273753
vt 0.472894 0.281011
vt 0.495464 0.274345
vt 0.495495 0.281473
vt 0.495556 0.291832
vt 0.472603 0.292088
vt 0.472793 0.287021
vt 0.495525 0.286126
vt 0.451402 0.293692
vt 0.450899 0.287115
vt 0.428717 0.297797
vt 0.426918 0.289338
vt 0.397442 0.305936
vt 0.394530 0.293699
vt 0.373231 0.318135
vt 0.361672 0.305451
vt 0.472613 0.262115
vt 0.495430 0.264726
vt 0.451186 0.260281
vt 0.427743 0.256829
vt 0.401007 0.247943
vt 0.357202 0.269822
vt 0.370266 0.243378
vt 0.338000 0.245915
vt 0.303410 0.249544
vt 0.264180 0.268285
vt 0.228758 0.299610
vt 0.203345 0.336971
vt 0.201091 0.381689
vt 0.451586 0.303307
vt 0.472651 0.301136
vt 0.429942 0.307744
vt 0.403000 0.317113
vt 0.383019 0.329430
vt 0.364229 0.366424
vt 0.369962 0.346110
vt 0.368239 0.411319
vt 0.364297 0.388796
vt 0.341860 0.424331
vt 0.335975 0.394453
vt 0.350618 0.389030
vt 0.355419 0.415571
vt 0.329083 0.438060
vt 0.321812 0.404713
vt 0.472784 0.250121
vt 0.495393 0.250567
vt 0.451996 0.247747
vt 0.431014 0.241495
vt 0.410108 0.228594
vt 0.384584 0.220182
vt 0.354075 0.215753
vt 0.315946 0.221317
vt 0.269875 0.240599
vt 0.223519 0.281046
vt 0.193935 0.322179
vt 0.408859 0.192719
vt 0.428500 0.204157
vt 0.444635 0.216644
vt 0.457824 0.226027
vt 0.473998 0.224270
vt 0.495202 0.221982
vt 0.473666 0.198541
vt 0.495108 0.198801
vt 0.462324 0.185465
vt 0.495271 0.182279
vt 0.454543 0.173634
vt 0.495457 0.167657
vt 0.357133 0.337690
vt 0.342120 0.331196
vt 0.334646 0.362347
vt 0.318519 0.367693
vt 0.324835 0.329646
vt 0.350233 0.361984
vt 0.303869 0.336495
vt 0.302139 0.378228
vt 0.308496 0.419101
vt 0.288220 0.391825
vt 0.284535 0.349513
vt 0.295169 0.428876
vt 0.281687 0.438356
vt 0.275391 0.403912
vt 0.270097 0.366184
vt 0.346710 0.293462
vt 0.255367 0.383025
vt 0.268074 0.448682
vt 0.261764 0.416750
vt 0.252617 0.463959
vt 0.244656 0.433256
vt 0.236384 0.406375
vt 0.209922 0.409028
vt 0.495526 0.300642
vt 0.139545 0.355116
vt 0.419030 0.455810
vt 0.435582 0.467684
vt 0.453858 0.474274
vt 0.469267 0.476833
vt 0.483490 0.477694
vt 0.495763 0.140227
vt 0.496674 0.700385
vt 0.495604 0.155380
vt 0.495297 0.405251
vt 0.498047 0.942036
vt 0.495554 0.309736
vt 0.495398 0.401461
vt 0.496478 0.546108
vt 0.495570 0.319257
vt 0.495625 0.345422
vt 0.495608 0.363008
vt 0.496881 0.792407
vt 0.495616 0.354825
vt 0.496241 0.482658
vt 0.496452 0.536719
vt 0.495600 0.369416
vt 0.498047 0.333984
vt 0.495611 0.336761
vt 0.495532 0.394835
vt 0.495592 0.375946
vt 0.496262 0.430323
vt 0.496229 0.477187
vt 0.496593 0.603855
vt 0.498047 0.466797
vt 0.496576 0.591923
vt 0.497402 0.847661
vt 0.497085 0.812617
vt 0.496506 0.557105
vt 0.498047 0.595703
vt 0.498047 0.626953
vt 0.496711 0.756070
vt 0.498047 0.824908
vt 0.496431 0.530039
vt 0.496309 0.502312
vt 0.497596 0.905660
vt 0.498047 0.529297
vt 0.498047 0.744383
vt 0.496217 0.449866
vt 0.498047 0.923828
vt 0.496229 0.446032
vt 0.496370 0.515409
vt 0.498047 0.498047
vt 0.498047 0.564453
vt 0.496174 0.464125
vt 0.496207 0.472215
vt 0.498047 0.784646
vt 0.496676 0.721244
vt 0.496196 0.459443
vt 0.496638 0.645071
vt 0.496203 0.455843
vt 0.495872 0.125641
vt 0.498047 0.693359
vt 0.496210 0.452659
vt 0.496260 0.439975
vt 0.496535 0.569162
vt 0.496280 0.434234
vt 0.496775 0.773065
vt 0.496248 0.490635
vt 0.496263 0.493190
vt 0.496625 0.631456
vt 0.497258 0.830253
vt 0.496649 0.657621
vt 0.496233 0.488112
vt 0.498047 0.662109
vt 0.498047 0.887132
vt 0.498047 0.923734
vt 0.496610 0.617182
vt 0.496558 0.581177
vt 0.498047 0.302734
vt 0.496396 0.521160
vt 0.496412 0.524952
vt 0.497502 0.886260
vt 0.498047 0.431641
vt 0.498047 0.949356
vt 0.497474 0.866962
vt 0.498047 0.369141
vt 0.498047 0.400391
vt 0.496358 0.512502
vt 0.496659 0.671205
vt 0.496336 0.507190
vt 0.497988 0.727240
vt 0.496280 0.497402
vt 0.512796 0.503761
vt 0.763987 0.383409
vt 0.776450 0.356789
vt 0.754453 0.323143
vt 0.744227 0.353536
vt 0.726141 0.294492
vt 0.725821 0.329020
vt 0.694508 0.275883
vt 0.702030 0.309617
vt 0.490552 0.512925
vt 0.491262 0.508049
vt 0.664434 0.270609
vt 0.676317 0.300905
vt 0.430745 0.619809
vt 0.475496 0.496031
vt 0.476242 0.556296
vt 0.435229 0.623303
vt 0.599789 0.279618
vt 0.597053 0.264136
vt 0.564775 0.269897
vt 0.564925 0.280694
vt 0.469710 0.496900
vt 0.539898 0.272853
vt 0.540347 0.281233
vt 0.518599 0.273766
vt 0.518094 0.281020
vt 0.475788 0.578940
vt 0.459068 0.617013
vt 0.518510 0.292089
vt 0.518259 0.287028
vt 0.476264 0.567261
vt 0.457841 0.506970
vt 0.458390 0.497388
vt 0.486834 0.523431
vt 0.484121 0.527932
vt 0.539713 0.293695
vt 0.485849 0.517461
vt 0.489942 0.515410
vt 0.540149 0.287122
vt 0.425164 0.613352
vt 0.391089 0.606420
vt 0.488247 0.520302
vt 0.492483 0.517941
vt 0.408809 0.608205
vt 0.427740 0.616337
vt 0.474502 0.518888
vt 0.469002 0.609877
vt 0.562412 0.297800
vt 0.564136 0.289344
vt 0.593746 0.305942
vt 0.596567 0.293705
vt 0.466847 0.515226
vt 0.618051 0.318143
vt 0.629571 0.305473
vt 0.518231 0.262132
vt 0.419916 0.610202
vt 0.415089 0.607849
vt 0.477008 0.544825
vt 0.539632 0.260307
vt 0.563037 0.256850
vt 0.589855 0.247890
vt 0.633855 0.269801
vt 0.403230 0.608440
vt 0.489610 0.498955
vt 0.480335 0.517715
vt 0.483523 0.517325
vt 0.486774 0.495463
vt 0.620759 0.243320
vt 0.653043 0.245857
vt 0.443632 0.624949
vt 0.687546 0.249474
vt 0.473782 0.599007
vt 0.475726 0.588546
vt 0.726618 0.268257
vt 0.762200 0.299568
vt 0.490988 0.503516
vt 0.788018 0.336888
vt 0.790724 0.381560
vt 0.539544 0.303339
vt 0.518466 0.301156
vt 0.561247 0.307784
vt 0.480684 0.534892
vt 0.588225 0.317139
vt 0.608331 0.329450
vt 0.627414 0.366446
vt 0.480690 0.495424
vt 0.621501 0.346150
vt 0.623742 0.411266
vt 0.627507 0.388774
vt 0.650256 0.424281
vt 0.655905 0.394408
vt 0.641198 0.389007
vt 0.496383 0.518175
vt 0.489242 0.517667
vt 0.636611 0.415525
vt 0.663177 0.438038
vt 0.670169 0.404683
vt 0.517984 0.250147
vt 0.395679 0.681716
vt 0.394659 0.670561
vt 0.538726 0.247794
vt 0.559651 0.241530
vt 0.580660 0.228572
vt 0.606383 0.220172
vt 0.637121 0.215670
vt 0.675353 0.221280
vt 0.421839 0.695591
vt 0.481303 0.686780
vt 0.464328 0.689261
vt 0.721308 0.240572
vt 0.393434 0.639877
vt 0.391996 0.626965
vt 0.395733 0.659011
vt 0.392576 0.630591
vt 0.392759 0.634906
vt 0.767547 0.280993
vt 0.395816 0.652803
vt 0.797478 0.322117
vt 0.395227 0.649145
vt 0.582191 0.192787
vt 0.402913 0.692524
vt 0.562211 0.204190
vt 0.545774 0.216694
vt 0.394483 0.644988
vt 0.390835 0.623223
vt 0.532675 0.226089
vt 0.387578 0.613989
vt 0.516428 0.224309
vt 0.496669 0.686174
vt 0.428623 0.724192
vt 0.308903 0.695681
vt 0.516557 0.198579
vt 0.292923 0.675326
vt 0.528268 0.185584
vt 0.317906 0.530579
vt 0.306671 0.534102
vt 0.437330 0.708536
vt 0.536360 0.173776
vt 0.634289 0.337700
vt 0.649254 0.331186
vt 0.656947 0.362302
vt 0.673128 0.367607
vt 0.407280 0.767247
vt 0.325412 0.869883
vt 0.414337 0.752637
vt 0.361644 0.726674
vt 0.666538 0.329639
vt 0.345714 0.857742
vt 0.641367 0.361982
vt 0.687584 0.336517
vt 0.689602 0.378173
vt 0.683636 0.419103
vt 0.703651 0.391770
vt 0.330712 0.715653
vt 0.707032 0.349492
vt 0.278289 0.554812
vt 0.475819 0.738967
vt 0.270877 0.578184
vt 0.697093 0.428864
vt 0.449867 0.738434
vt 0.149027 0.836997
vt 0.710671 0.438363
vt 0.716594 0.403850
vt 0.721582 0.366152
vt 0.644476 0.293442
vt 0.450392 0.679395
vt 0.736441 0.382962
vt 0.357173 0.533525
vt 0.344789 0.531556
vt 0.724404 0.448669
vt 0.179532 0.848324
vt 0.287043 0.544957
vt 0.388897 0.800713
vt 0.457739 0.651492
vt 0.454851 0.664033
vt 0.379556 0.815572
vt 0.730348 0.416677
vt 0.740050 0.463946
vt 0.747626 0.433144
vt 0.370284 0.829582
vt 0.755643 0.406277
vt 0.782121 0.408923
vt 0.296562 0.875117
vt 0.416550 0.572766
vt 0.852544 0.355225
vt 0.573372 0.455862
vt 0.556944 0.467747
vt 0.280278 0.652252
vt 0.272748 0.627181
vt 0.217793 0.863676
vt 0.384685 0.544309
vt 0.269698 0.602206
vt 0.122725 0.839807
vt 0.538676 0.474398
vt 0.296290 0.538528
vt 0.523279 0.476930
vt 0.508994 0.477727
vt 0.390971 0.734066
vt 0.370749 0.537649
vt 0.457542 0.639787
vt 0.429876 0.589123
vt 0.440475 0.603894
vt 0.360236 0.844002
vt 0.447917 0.616560
vt 0.455183 0.628858
vt 0.401375 0.557202
vt 0.398844 0.783710
vt 0.261170 0.872547
vt 0.331068 0.530601
vt 0.498047 0.854190
vt 0.496670 0.739258
vt 0.452260 0.622427
vt 0.444203 0.694106
vt 0.421323 0.738838
vt 0.495574 0.327991
vt 0.408830 0.416612
vt 0.403872 0.403490
vt 0.407332 0.370970
vt 0.432961 0.446804
vt 0.418553 0.431802
vt 0.441758 0.340437
vt 0.402261 0.391813
vt 0.459208 0.333434
vt 0.403101 0.380735
vt 0.476544 0.329047
vt 0.496188 0.468222
vt 0.465565 0.465667
vt 0.481063 0.468219
vt 0.449270 0.458991
vt 0.414924 0.361217
vt 0.425808 0.350541
vt 0.502165 0.512866
vt 0.501425 0.507976
vt 0.562570 0.619754
vt 0.517108 0.496102
vt 0.516777 0.556289
vt 0.558072 0.623155
vt 0.523046 0.496975
vt 0.517337 0.578904
vt 0.534166 0.616961
vt 0.516811 0.567236
vt 0.535992 0.506945
vt 0.534908 0.497467
vt 0.505990 0.523424
vt 0.508740 0.527931
vt 0.506925 0.517443
vt 0.502799 0.515370
vt 0.568107 0.613336
vt 0.602197 0.606482
vt 0.504546 0.520287
vt 0.500281 0.517925
vt 0.584495 0.608159
vt 0.565571 0.616286
vt 0.518357 0.518892
vt 0.524213 0.609833
vt 0.526392 0.515320
vt 0.573368 0.610167
vt 0.578209 0.607795
vt 0.515950 0.544835
vt 0.590076 0.608379
vt 0.502951 0.498977
vt 0.512468 0.517712
vt 0.509263 0.517317
vt 0.505713 0.495534
vt 0.549706 0.624761
vt 0.519405 0.598966
vt 0.517431 0.588507
vt 0.501652 0.503505
vt 0.512224 0.534898
vt 0.511731 0.495495
vt 0.503523 0.517641
vt 0.597881 0.681450
vt 0.598879 0.670340
vt 0.571604 0.695256
vt 0.512037 0.686716
vt 0.529026 0.689131
vt 0.600064 0.639879
vt 0.601471 0.627029
vt 0.597802 0.658869
vt 0.600910 0.630655
vt 0.600734 0.634939
vt 0.597704 0.652690
vt 0.598283 0.649077
vt 0.590610 0.692187
vt 0.599019 0.644959
vt 0.602623 0.623295
vt 0.605852 0.614092
vt 0.564791 0.723734
vt 0.685731 0.695491
vt 0.701432 0.675298
vt 0.675141 0.530517
vt 0.686388 0.534096
vt 0.556053 0.708190
vt 0.585882 0.766223
vt 0.667838 0.867928
vt 0.579010 0.751836
vt 0.632621 0.725895
vt 0.647750 0.854864
vt 0.664094 0.715112
vt 0.714984 0.554815
vt 0.517524 0.738833
vt 0.722598 0.578171
vt 0.543467 0.738132
vt 0.848298 0.836743
vt 0.542916 0.679180
vt 0.635908 0.533490
vt 0.648277 0.531522
vt 0.818133 0.848992
vt 0.706139 0.544956
vt 0.603576 0.798797
vt 0.535575 0.651299
vt 0.538461 0.663803
vt 0.612770 0.812847
vt 0.622617 0.825545
vt 0.696245 0.874912
vt 0.576644 0.572628
vt 0.713854 0.652273
vt 0.721128 0.627228
vt 0.779178 0.865621
vt 0.608494 0.544179
vt 0.723974 0.602233
vt 0.874110 0.839431
vt 0.696843 0.538496
vt 0.602804 0.733237
vt 0.622405 0.537558
vt 0.535788 0.639647
vt 0.563282 0.589137
vt 0.552795 0.603805
vt 0.633210 0.840430
vt 0.545380 0.616404
vt 0.538146 0.628721
vt 0.591739 0.557127
vt 0.593965 0.782357
vt 0.734656 0.874546
vt 0.661990 0.530569
vt 0.541049 0.622296
vt 0.549148 0.693845
vt 0.572079 0.738226
vt 0.583220 0.416632
vt 0.588049 0.403513
vt 0.584247 0.371036
vt 0.559393 0.446902
vt 0.573652 0.431877
vt 0.549551 0.340559
vt 0.589534 0.391848
vt 0.532102 0.333509
vt 0.588611 0.380784
vt 0.514640 0.329083
vt 0.526908 0.465772
vt 0.511313 0.468276
vt 0.543218 0.459099
vt 0.576554 0.361362
vt 0.565554 0.350706
vt 0.608332 0.606220
vt 0.384974 0.606128
vt 0.920464 0.932110
vt 0.915739 0.937662
vt 0.911391 0.942787
vt 0.907647 0.947216
vt 0.921852 0.932984
vt 0.918162 0.939607
vt 0.915141 0.945119
vt 0.912275 0.950252
vt 0.923343 0.933687
vt 0.921093 0.940637
vt 0.919172 0.946966
vt 0.917282 0.952478
vt 0.924951 0.934090
vt 0.924140 0.941299
vt 0.923462 0.947645
vt 0.922711 0.953703
vt 0.926612 0.933980
vt 0.927258 0.941370
vt 0.927800 0.947989
vt 0.928305 0.953722
vt 0.928245 0.933727
vt 0.930297 0.940862
vt 0.932046 0.946914
vt 0.933810 0.952709
vt 0.929791 0.933155
vt 0.933110 0.939595
vt 0.936157 0.945427
vt 0.938899 0.950537
vt 0.931207 0.932288
vt 0.935736 0.937939
vt 0.939784 0.942950
vt 0.943383 0.947433
vt 0.932315 0.931072
vt 0.937943 0.935764
vt 0.942992 0.939978
vt 0.947467 0.943782
vt 0.933308 0.929765
vt 0.939688 0.933225
vt 0.945289 0.936286
vt 0.950441 0.939172
vt 0.933892 0.928225
vt 0.940878 0.930403
vt 0.947106 0.932328
vt 0.952644 0.934207
vt 0.934305 0.926633
vt 0.941513 0.927410
vt 0.947847 0.928103
vt 0.953886 0.928861
vt 0.934247 0.924992
vt 0.941578 0.924364
vt 0.948179 0.923826
vt 0.953879 0.923346
vt 0.934034 0.923376
vt 0.941015 0.921365
vt 0.947101 0.919647
vt 0.952889 0.917903
vt 0.933340 0.921889
vt 0.939857 0.918521
vt 0.945669 0.915607
vt 0.950756 0.912842
vt 0.932524 0.920462
vt 0.938212 0.915938
vt 0.943168 0.911999
vt 0.947723 0.908346
vt 0.931341 0.919329
vt 0.936060 0.913750
vt 0.940278 0.908729
vt 0.943961 0.904368
vt 0.930047 0.918336
vt 0.933537 0.912021
vt 0.936568 0.906464
vt 0.939399 0.901353
vt 0.928500 0.917764
vt 0.930696 0.910810
vt 0.932609 0.904623
vt 0.934449 0.899133
vt 0.926910 0.917334
vt 0.927694 0.910155
vt 0.928357 0.903871
vt 0.929108 0.897870
vt 0.925265 0.917384
vt 0.924629 0.910061
vt 0.924019 0.903512
vt 0.923519 0.897817
vt 0.923633 0.917587
vt 0.921608 0.910624
vt 0.919825 0.904561
vt 0.918038 0.898760
vt 0.922140 0.918276
vt 0.918730 0.911738
vt 0.915733 0.905954
vt 0.912942 0.900861
vt 0.920699 0.919086
vt 0.916117 0.913403
vt 0.912127 0.908428
vt 0.908391 0.903850
vt 0.919561 0.920271
vt 0.913879 0.915531
vt 0.908842 0.911299
vt 0.904297 0.907520
vt 0.918547 0.921567
vt 0.912092 0.918039
vt 0.906413 0.914935
vt 0.901320 0.912151
vt 0.917955 0.923106
vt 0.910875 0.920877
vt 0.904579 0.918930
vt 0.899011 0.917085
vt 0.917529 0.924700
vt 0.910211 0.923890
vt 0.903816 0.923194
vt 0.897697 0.922479
vt 0.917564 0.926350
vt 0.910152 0.926954
vt 0.903467 0.927529
vt 0.897632 0.928043
vt 0.917767 0.927992
vt 0.910765 0.929984
vt 0.904552 0.931737
vt 0.898667 0.933501
vt 0.925956 0.925720
vt 0.918429 0.929508
vt 0.911934 0.932865
vt 0.906005 0.935807
vt 0.900805 0.938636
vt 0.919365 0.930873
vt 0.913444 0.935583
vt 0.908462 0.939480
vt 0.903844 0.943193
vt 0.904179 0.951342
vt 0.899845 0.956471
vt 0.895318 0.961904
vt 0.891152 0.966991
vt 0.886838 0.972284
vt 0.925529 0.909903
vt 0.970244 0.844334
vt 0.971699 0.846088
vt 0.972934 0.847573
vt 0.974078 0.848945
vt 0.975113 0.850181
vt 0.976095 0.851353
vt 0.977038 0.852478
vt 0.909635 0.955134
vt 0.906283 0.961080
vt 0.903074 0.967135
vt 0.899797 0.973007
vt 0.896691 0.978922
vt 0.932419 0.912772
vt 0.972219 0.843005
vt 0.973280 0.844993
vt 0.974223 0.846712
vt 0.975058 0.848269
vt 0.975837 0.849694
vt 0.976566 0.851027
vt 0.977273 0.852317
vt 0.915729 0.957624
vt 0.913569 0.964263
vt 0.911695 0.970779
vt 0.909604 0.977175
vt 0.907789 0.983419
vt 0.939896 0.914690
vt 0.974407 0.842107
vt 0.975053 0.844231
vt 0.975643 0.846122
vt 0.976156 0.847801
vt 0.976638 0.849348
vt 0.977095 0.850805
vt 0.977535 0.852206
vt 0.922156 0.959114
vt 0.921459 0.965760
vt 0.920808 0.972387
vt 0.920129 0.979218
vt 0.919448 0.985762
vt 0.947719 0.915671
vt 0.976712 0.841635
vt 0.976943 0.843861
vt 0.977143 0.845832
vt 0.977322 0.847556
vt 0.977494 0.849165
vt 0.977655 0.850686
vt 0.977813 0.852147
vt 0.928788 0.958957
vt 0.929466 0.965888
vt 0.930070 0.972651
vt 0.930728 0.979168
vt 0.931409 0.985915
vt 0.955649 0.915676
vt 0.979071 0.841607
vt 0.978857 0.843874
vt 0.978664 0.845814
vt 0.978511 0.847553
vt 0.978367 0.849162
vt 0.978228 0.850679
vt 0.978097 0.852145
vt 0.935329 0.957910
vt 0.937242 0.964271
vt 0.939117 0.970836
vt 0.941090 0.977383
vt 0.943069 0.983682
vt 0.963600 0.914832
vt 0.981376 0.842098
vt 0.980732 0.844226
vt 0.980166 0.846097
vt 0.979677 0.847779
vt 0.979222 0.849329
vt 0.978791 0.850789
vt 0.978377 0.852197
vt 0.941356 0.955315
vt 0.944690 0.961437
vt 0.947709 0.967544
vt 0.950962 0.973439
vt 0.953987 0.979197
vt 0.971016 0.912799
vt 0.983547 0.842984
vt 0.982515 0.844936
vt 0.981586 0.846669
vt 0.980776 0.848228
vt 0.980028 0.849660
vt 0.979320 0.851006
vt 0.978640 0.852304
vt 0.946844 0.951792
vt 0.951235 0.957014
vt 0.955465 0.962407
vt 0.959791 0.967526
vt 0.964002 0.972662
vt 0.977584 0.909965
vt 0.985518 0.844261
vt 0.984104 0.846007
vt 0.982868 0.847511
vt 0.981767 0.848883
vt 0.980750 0.850141
vt 0.979799 0.851318
vt 0.978878 0.852459
vt 0.951551 0.947189
vt 0.956688 0.951452
vt 0.962121 0.955953
vt 0.967173 0.960114
vt 0.972446 0.964404
vt 0.983487 0.906437
vt 0.987175 0.845930
vt 0.985440 0.847366
vt 0.983967 0.848587
vt 0.982604 0.849720
vt 0.981372 0.850746
vt 0.980205 0.851720
vt 0.979081 0.852658
vt 0.955314 0.941777
vt 0.961234 0.945134
vt 0.967303 0.948297
vt 0.973152 0.951548
vt 0.979030 0.954662
vt 0.987919 0.902060
vt 0.988490 0.847883
vt 0.986523 0.848933
vt 0.984820 0.849866
vt 0.983274 0.850695
vt 0.981855 0.851467
vt 0.980528 0.852190
vt 0.979241 0.852893
vt 0.957780 0.935741
vt 0.964390 0.937905
vt 0.970882 0.939787
vt 0.977271 0.941841
vt 0.983485 0.943672
vt 0.990883 0.897305
vt 0.989380 0.850047
vt 0.987278 0.850690
vt 0.985406 0.851276
vt 0.983739 0.851786
vt 0.982197 0.852262
vt 0.980749 0.852716
vt 0.979352 0.853154
vt 0.959269 0.929402
vt 0.965895 0.930093
vt 0.972515 0.930766
vt 0.979325 0.931427
vt 0.985839 0.932119
vt 0.992392 0.892326
vt 0.989852 0.852329
vt 0.987646 0.852563
vt 0.985697 0.852766
vt 0.983983 0.852946
vt 0.982377 0.853112
vt 0.980867 0.853274
vt 0.979411 0.853432
vt 0.959088 0.922854
vt 0.965994 0.922185
vt 0.972758 0.921605
vt 0.979238 0.920953
vt 0.985966 0.920244
vt 0.992392 0.887278
vt 0.989886 0.854666
vt 0.987634 0.854458
vt 0.985722 0.854282
vt 0.983986 0.854130
vt 0.982386 0.853979
vt 0.980875 0.853845
vt 0.979413 0.853715
vt 0.958068 0.916378
vt 0.964409 0.914480
vt 0.970944 0.912638
vt 0.977479 0.910701
vt 0.983760 0.908726
vt 0.991080 0.882219
vt 0.989408 0.856954
vt 0.987298 0.856322
vt 0.985424 0.855768
vt 0.983760 0.855288
vt 0.982226 0.854833
vt 0.980767 0.854406
vt 0.979361 0.853995
vt 0.955518 0.910411
vt 0.961608 0.907121
vt 0.967703 0.904144
vt 0.973579 0.900930
vt 0.979319 0.897929
vt 0.987938 0.877503
vt 0.988535 0.859112
vt 0.986594 0.858095
vt 0.984867 0.857179
vt 0.983318 0.856380
vt 0.981896 0.855637
vt 0.980551 0.854934
vt 0.979255 0.854257
vt 0.952046 0.904942
vt 0.957268 0.900647
vt 0.962669 0.896463
vt 0.967725 0.892175
vt 0.972845 0.888023
vt 0.983567 0.873334
vt 0.987274 0.861071
vt 0.985536 0.859676
vt 0.984037 0.858454
vt 0.982670 0.857366
vt 0.981418 0.856358
vt 0.980241 0.855412
vt 0.979100 0.854495
vt 0.947411 0.900307
vt 0.951699 0.895235
vt 0.956215 0.889890
vt 0.960381 0.884872
vt 0.964680 0.879648
vt 0.978145 0.869601
vt 0.985624 0.862719
vt 0.984194 0.861007
vt 0.982975 0.859550
vt 0.981842 0.858202
vt 0.980817 0.856980
vt 0.979844 0.855820
vt 0.978902 0.854699
vt 0.942053 0.896536
vt 0.945417 0.890704
vt 0.948633 0.884716
vt 0.951934 0.878950
vt 0.955085 0.873149
vt 0.971440 0.866799
vt 0.983697 0.864030
vt 0.982645 0.862088
vt 0.981709 0.860404
vt 0.980876 0.858874
vt 0.980101 0.857464
vt 0.979373 0.856141
vt 0.978668 0.854858
vt 0.936024 0.894040
vt 0.938222 0.887524
vt 0.940161 0.881085
vt 0.942301 0.874833
vt 0.944255 0.868716
vt 0.964189 0.864924
vt 0.981560 0.864924
vt 0.980909 0.862847
vt 0.980313 0.860996
vt 0.979792 0.859344
vt 0.979308 0.857809
vt 0.978848 0.856363
vt 0.978407 0.854970
vt 0.929668 0.892545
vt 0.930449 0.886009
vt 0.931176 0.879294
vt 0.931985 0.872731
vt 0.932846 0.866264
vt 0.961236 0.864746
vt 0.979310 0.865409
vt 0.979057 0.863226
vt 0.978832 0.861309
vt 0.978638 0.859579
vt 0.978460 0.857993
vt 0.978292 0.856484
vt 0.978129 0.855029
vt 0.923091 0.892611
vt 0.922496 0.885722
vt 0.921957 0.879170
vt 0.921583 0.872552
vt 0.921160 0.865861
vt 0.943357 0.862806
vt 0.977004 0.865474
vt 0.977178 0.863245
vt 0.977321 0.861324
vt 0.977461 0.859606
vt 0.977594 0.858000
vt 0.977721 0.856494
vt 0.977846 0.855032
vt 0.916591 0.893575
vt 0.914715 0.887234
vt 0.912928 0.880697
vt 0.911245 0.874087
vt 0.909613 0.867735
vt 0.941178 0.864431
vt 0.974727 0.865059
vt 0.975317 0.862937
vt 0.975840 0.861052
vt 0.976301 0.859389
vt 0.976741 0.857849
vt 0.977160 0.856388
vt 0.977567 0.854981
vt 0.977971 0.853589
vt 0.910534 0.896052
vt 0.907257 0.889911
vt 0.904347 0.883753
vt 0.901311 0.877755
vt 0.898596 0.871851
vt 0.933740 0.866167
vt 0.972563 0.864228
vt 0.973535 0.862264
vt 0.974423 0.860517
vt 0.975203 0.858957
vt 0.975935 0.857525
vt 0.976631 0.856175
vt 0.977304 0.854875
vt 0.904975 0.899477
vt 0.900655 0.894179
vt 0.896524 0.888693
vt 0.892381 0.883386
vt 0.888408 0.878007
vt 0.926863 0.868810
vt 0.970572 0.863002
vt 0.971929 0.861231
vt 0.973131 0.859704
vt 0.974208 0.858317
vt 0.975209 0.857051
vt 0.976150 0.855867
vt 0.977065 0.854720
vt 0.900221 0.904055
vt 0.895115 0.899693
vt 0.889750 0.895063
vt 0.884845 0.890678
vt 0.879787 0.886102
vt 0.920795 0.872342
vt 0.968853 0.861385
vt 0.970559 0.859903
vt 0.972011 0.858648
vt 0.973360 0.857492
vt 0.974581 0.856452
vt 0.975742 0.855467
vt 0.976862 0.854522
vt 0.896411 0.909459
vt 0.890453 0.905995
vt 0.884404 0.902685
vt 0.878642 0.899218
vt 0.872908 0.895855
vt 0.916270 0.876683
vt 0.967466 0.859470
vt 0.969434 0.858354
vt 0.971131 0.857380
vt 0.972675 0.856524
vt 0.974090 0.855734
vt 0.975415 0.854998
vt 0.976700 0.854288
vt 0.893847 0.915474
vt 0.887180 0.913209
vt 0.880601 0.911235
vt 0.874199 0.909012
vt 0.868018 0.906913
vt 0.912914 0.881356
vt 0.966520 0.857299
vt 0.968637 0.856597
vt 0.970515 0.855969
vt 0.972196 0.855433
vt 0.973738 0.854938
vt 0.975191 0.854472
vt 0.976588 0.854027
vt 0.892270 0.921874
vt 0.885618 0.921070
vt 0.878790 0.920288
vt 0.871913 0.919521
vt 0.865320 0.918588
vt 0.910930 0.886470
vt 0.966000 0.854982
vt 0.968235 0.854703
vt 0.970192 0.854463
vt 0.971942 0.854269
vt 0.973549 0.854084
vt 0.975068 0.853913
vt 0.976529 0.853748
vt 0.892280 0.928512
vt 0.885348 0.929060
vt 0.878578 0.929570
vt 0.871924 0.930104
vt 0.865014 0.930643
vt 0.910898 0.891756
vt 0.965908 0.852587
vt 0.968212 0.852774
vt 0.970175 0.852925
vt 0.971918 0.853074
vt 0.973541 0.853210
vt 0.975058 0.853338
vt 0.976526 0.853464
vt 0.893457 0.935024
vt 0.886848 0.936862
vt 0.880261 0.938685
vt 0.873611 0.940541
vt 0.867256 0.942484
vt 0.912244 0.896969
vt 0.966378 0.850231
vt 0.968541 0.850865
vt 0.970457 0.851414
vt 0.972147 0.851902
vt 0.973695 0.852349
vt 0.975165 0.852774
vt 0.976577 0.853184
vt 0.895966 0.941083
vt 0.889718 0.944358
vt 0.883564 0.947337
vt 0.877612 0.950556
vt 0.871822 0.953597
vt 0.915479 0.901810
vt 0.967265 0.848017
vt 0.969252 0.849053
vt 0.971017 0.849981
vt 0.972578 0.850789
vt 0.974024 0.851537
vt 0.975380 0.852243
vt 0.976684 0.852920
vt 0.899459 0.946639
vt 0.894166 0.950992
vt 0.888742 0.955199
vt 0.883613 0.959523
vt 0.878454 0.963724
vt 0.919966 0.906078
vt 0.968554 0.846014
vt 0.970328 0.847441
vt 0.971854 0.848686
vt 0.973237 0.849790
vt 0.974506 0.850809
vt 0.975691 0.851761
vt 0.976839 0.852682
vt 0.067814 0.929831
vt 0.062248 0.934559
vt 0.057212 0.938803
vt 0.052834 0.942489
vt 0.068917 0.931031
vt 0.064416 0.936718
vt 0.060460 0.941688
vt 0.056792 0.946268
vt 0.070330 0.931857
vt 0.066991 0.938387
vt 0.064029 0.944172
vt 0.061268 0.949297
vt 0.071804 0.932545
vt 0.069829 0.939531
vt 0.068072 0.945628
vt 0.066315 0.951424
vt 0.073428 0.932757
vt 0.072830 0.940101
vt 0.072254 0.946698
vt 0.071766 0.952417
vt 0.075065 0.932822
vt 0.075882 0.940040
vt 0.076546 0.946375
vt 0.077314 0.952428
vt 0.076648 0.932412
vt 0.078883 0.939407
vt 0.080780 0.945655
vt 0.082647 0.951185
vt 0.078185 0.931830
vt 0.081698 0.938239
vt 0.084743 0.943837
vt 0.087629 0.949008
vt 0.079512 0.930858
vt 0.084238 0.936507
vt 0.088436 0.941549
vt 0.092251 0.946052
vt 0.080712 0.929742
vt 0.086398 0.934307
vt 0.091425 0.938379
vt 0.095908 0.942002
vt 0.081567 0.928315
vt 0.088019 0.931679
vt 0.093863 0.934739
vt 0.098984 0.937514
vt 0.082158 0.926775
vt 0.089296 0.928881
vt 0.095363 0.930645
vt 0.101151 0.932447
vt 0.082410 0.925145
vt 0.089829 0.925839
vt 0.096416 0.926416
vt 0.102144 0.926929
vt 0.082507 0.923503
vt 0.089733 0.922743
vt 0.096107 0.922098
vt 0.102198 0.921354
vt 0.082105 0.921915
vt 0.089068 0.919716
vt 0.095403 0.917834
vt 0.100966 0.915951
vt 0.081416 0.920430
vt 0.088061 0.916794
vt 0.093604 0.913803
vt 0.098749 0.910947
vt 0.080540 0.919045
vt 0.086156 0.914360
vt 0.091293 0.910052
vt 0.095733 0.906312
vt 0.079307 0.917984
vt 0.084101 0.912048
vt 0.088036 0.907099
vt 0.091750 0.902504
vt 0.077978 0.917045
vt 0.081424 0.910537
vt 0.084396 0.904636
vt 0.087219 0.899454
vt 0.076492 0.916365
vt 0.078557 0.909365
vt 0.080342 0.903182
vt 0.082136 0.897299
vt 0.074865 0.916130
vt 0.075545 0.908749
vt 0.076138 0.902099
vt 0.076685 0.896267
vt 0.073219 0.916065
vt 0.072473 0.908778
vt 0.071815 0.902401
vt 0.071121 0.896315
vt 0.071630 0.916494
vt 0.069444 0.909419
vt 0.067548 0.903139
vt 0.065748 0.897585
vt 0.070099 0.917092
vt 0.066611 0.910620
vt 0.063557 0.904961
vt 0.060803 0.899889
vt 0.068783 0.918085
vt 0.064088 0.912405
vt 0.059915 0.907371
vt 0.056179 0.902822
vt 0.067592 0.919215
vt 0.061953 0.914621
vt 0.057037 0.910627
vt 0.052483 0.906883
vt 0.066775 0.920652
vt 0.060316 0.917238
vt 0.054576 0.914244
vt 0.049498 0.911423
vt 0.066111 0.922153
vt 0.059173 0.920093
vt 0.053136 0.918317
vt 0.047369 0.916533
vt 0.065897 0.923774
vt 0.058616 0.923118
vt 0.052098 0.922535
vt 0.046422 0.922010
vt 0.065834 0.925421
vt 0.058695 0.926185
vt 0.052430 0.926843
vt 0.046462 0.927573
vt 0.074142 0.924466
vt 0.066260 0.927001
vt 0.059326 0.929196
vt 0.053159 0.931097
vt 0.047673 0.932945
vt 0.066815 0.928536
vt 0.060506 0.932018
vt 0.054974 0.935078
vt 0.049845 0.937897
vt 0.048745 0.945921
vt 0.043629 0.950167
vt 0.038214 0.954650
vt 0.033146 0.958778
vt 0.027873 0.963038
vt 0.027064 0.904271
vt 0.029828 0.843308
vt 0.028398 0.845023
vt 0.027180 0.846482
vt 0.026049 0.847832
vt 0.025024 0.849055
vt 0.024052 0.850215
vt 0.023110 0.851337
vt 0.053364 0.950584
vt 0.049014 0.955773
vt 0.044769 0.961115
vt 0.040438 0.966189
vt 0.036215 0.971273
vt 0.032825 0.909801
vt 0.031480 0.844956
vt 0.029743 0.846354
vt 0.028244 0.847578
vt 0.026880 0.848668
vt 0.025626 0.849676
vt 0.024449 0.850624
vt 0.023308 0.851540
vt 0.058833 0.954045
vt 0.055497 0.960163
vt 0.052462 0.966234
vt 0.049202 0.972078
vt 0.046148 0.977789
vt 0.038943 0.914580
vt 0.032744 0.846915
vt 0.030802 0.847935
vt 0.029072 0.848852
vt 0.027532 0.849654
vt 0.026104 0.850398
vt 0.024759 0.851102
vt 0.023463 0.851778
vt 0.064789 0.956603
vt 0.062860 0.962984
vt 0.060989 0.969547
vt 0.058996 0.975966
vt 0.056991 0.982274
vt 0.045541 0.918510
vt 0.033620 0.849075
vt 0.031508 0.849709
vt 0.029634 0.850263
vt 0.027963 0.850752
vt 0.026432 0.851202
vt 0.024974 0.851629
vt 0.023569 0.852041
vt 0.071271 0.957636
vt 0.070581 0.964558
vt 0.070028 0.971270
vt 0.069226 0.977870
vt 0.068499 0.984579
vt 0.052258 0.921039
vt 0.034100 0.851367
vt 0.031845 0.851576
vt 0.029932 0.851753
vt 0.028192 0.851909
vt 0.026589 0.852055
vt 0.025083 0.852190
vt 0.023621 0.852320
vt 0.077848 0.957818
vt 0.078551 0.964454
vt 0.079146 0.971097
vt 0.079728 0.977947
vt 0.080377 0.984483
vt 0.058740 0.922480
vt 0.034066 0.853707
vt 0.031858 0.853474
vt 0.029907 0.853270
vt 0.028190 0.853092
vt 0.026588 0.852922
vt 0.025075 0.852762
vt 0.023619 0.852604
vt 0.084203 0.956330
vt 0.086355 0.962980
vt 0.088168 0.969538
vt 0.090207 0.975938
vt 0.091997 0.982159
vt 0.064870 0.922646
vt 0.033593 0.855992
vt 0.031489 0.855348
vt 0.029615 0.854761
vt 0.027946 0.854250
vt 0.026407 0.853773
vt 0.024957 0.853319
vt 0.023560 0.852881
vt 0.090202 0.953903
vt 0.093527 0.959843
vt 0.096698 0.965930
vt 0.099930 0.971821
vt 0.103046 0.977714
vt 0.070450 0.921543
vt 0.032700 0.858158
vt 0.030733 0.857106
vt 0.029028 0.856171
vt 0.027482 0.855342
vt 0.026064 0.854569
vt 0.024736 0.853846
vt 0.023449 0.853143
vt 0.095638 0.950195
vt 0.099896 0.955350
vt 0.104377 0.960793
vt 0.108533 0.965857
vt 0.112842 0.971129
vt 0.075281 0.919118
vt 0.031383 0.860111
vt 0.029649 0.858673
vt 0.028175 0.857451
vt 0.026812 0.856316
vt 0.025581 0.855290
vt 0.024413 0.854316
vt 0.023289 0.853378
vt 0.100238 0.945498
vt 0.105479 0.949915
vt 0.110875 0.954122
vt 0.116005 0.958439
vt 0.121144 0.962654
vt 0.078754 0.915242
vt 0.029724 0.861780
vt 0.028311 0.860031
vt 0.027075 0.858526
vt 0.025975 0.857153
vt 0.024958 0.855896
vt 0.024007 0.854718
vt 0.023086 0.853576
vt 0.103741 0.939990
vt 0.109876 0.943332
vt 0.116003 0.946348
vt 0.121911 0.949590
vt 0.127676 0.952626
vt 0.081218 0.910626
vt 0.027752 0.863055
vt 0.026721 0.861101
vt 0.025793 0.859368
vt 0.024984 0.857808
vt 0.024236 0.856376
vt 0.023528 0.855030
vt 0.022848 0.853731
vt 0.106314 0.933951
vt 0.112686 0.935902
vt 0.119272 0.937783
vt 0.125860 0.939715
vt 0.132177 0.941679
vt 0.082504 0.905091
vt 0.025579 0.863938
vt 0.024937 0.861810
vt 0.024372 0.859939
vt 0.023884 0.858257
vt 0.023430 0.856707
vt 0.022999 0.855247
vt 0.022585 0.853839
vt 0.107376 0.927434
vt 0.114328 0.928123
vt 0.121122 0.928734
vt 0.127653 0.929356
vt 0.134419 0.930035
vt 0.082171 0.898793
vt 0.023275 0.864426
vt 0.023062 0.862160
vt 0.022871 0.860221
vt 0.022718 0.858482
vt 0.022575 0.856873
vt 0.022437 0.855356
vt 0.022305 0.853890
vt 0.107614 0.920817
vt 0.114257 0.920138
vt 0.120903 0.919479
vt 0.127739 0.918780
vt 0.134278 0.918067
vt 0.080751 0.892282
vt 0.020917 0.864397
vt 0.021149 0.862172
vt 0.021350 0.860202
vt 0.021530 0.858479
vt 0.021702 0.856871
vt 0.021863 0.855349
vt 0.022021 0.853889
vt 0.106146 0.914403
vt 0.112774 0.912220
vt 0.119309 0.910340
vt 0.125699 0.908226
vt 0.131936 0.906379
vt 0.078099 0.885587
vt 0.018614 0.863923
vt 0.019260 0.861801
vt 0.019851 0.859912
vt 0.020365 0.858234
vt 0.020846 0.856688
vt 0.021303 0.855230
vt 0.021743 0.853830
vt 0.103634 0.908324
vt 0.109576 0.904936
vt 0.115645 0.901724
vt 0.121520 0.898430
vt 0.127431 0.895286
vt 0.074308 0.878919
vt 0.016428 0.863024
vt 0.017489 0.861039
vt 0.018432 0.859321
vt 0.019267 0.857766
vt 0.020046 0.856341
vt 0.020775 0.855008
vt 0.021481 0.853719
vt 0.099874 0.902849
vt 0.105022 0.898523
vt 0.110462 0.893965
vt 0.115522 0.889765
vt 0.120807 0.885419
vt 0.069405 0.872468
vt 0.014456 0.861696
vt 0.015909 0.859945
vt 0.017144 0.858461
vt 0.018288 0.857090
vt 0.019322 0.855854
vt 0.020303 0.854683
vt 0.021246 0.853558
vt 0.095199 0.898112
vt 0.099555 0.892839
vt 0.103757 0.887397
vt 0.108072 0.882252
vt 0.112282 0.877084
vt 0.063520 0.866840
vt 0.012770 0.860019
vt 0.014540 0.858593
vt 0.016063 0.857350
vt 0.017448 0.856246
vt 0.018715 0.855227
vt 0.019900 0.854275
vt 0.021047 0.853355
vt 0.089692 0.894632
vt 0.092953 0.888356
vt 0.095946 0.882186
vt 0.099157 0.876244
vt 0.102173 0.870442
vt 0.057262 0.861974
vt 0.011483 0.858020
vt 0.013465 0.856983
vt 0.015221 0.856055
vt 0.016793 0.855247
vt 0.018232 0.854499
vt 0.019589 0.853793
vt 0.020892 0.853116
vt 0.083677 0.892093
vt 0.085489 0.885488
vt 0.087314 0.878891
vt 0.089155 0.872257
vt 0.091085 0.865894
vt 0.050497 0.857975
vt 0.010596 0.855812
vt 0.012759 0.855176
vt 0.014657 0.854620
vt 0.016349 0.854140
vt 0.017901 0.853688
vt 0.019373 0.853262
vt 0.020785 0.852852
vt 0.077153 0.890914
vt 0.077720 0.883973
vt 0.078243 0.877204
vt 0.078733 0.870532
vt 0.079263 0.863626
vt 0.043598 0.855413
vt 0.010120 0.853461
vt 0.012419 0.853273
vt 0.014395 0.853110
vt 0.016126 0.852966
vt 0.017745 0.852826
vt 0.019266 0.852698
vt 0.020734 0.852572
vt 0.070534 0.890891
vt 0.069762 0.884234
vt 0.069013 0.877381
vt 0.068207 0.870503
vt 0.067247 0.863923
vt 0.036864 0.853958
vt 0.010208 0.851065
vt 0.012443 0.851341
vt 0.014404 0.851577
vt 0.016149 0.851772
vt 0.017761 0.851952
vt 0.019277 0.852124
vt 0.020737 0.852287
vt 0.022179 0.852447
vt 0.064153 0.892427
vt 0.061940 0.885730
vt 0.059988 0.879162
vt 0.057726 0.872776
vt 0.055606 0.866595
vt 0.030707 0.854151
vt 0.010725 0.848746
vt 0.012844 0.849446
vt 0.014724 0.850072
vt 0.016404 0.850606
vt 0.017948 0.851099
vt 0.019399 0.851565
vt 0.020796 0.852010
vt 0.058161 0.894961
vt 0.054769 0.888990
vt 0.051467 0.882941
vt 0.048005 0.877181
vt 0.044624 0.871452
vt 0.025364 0.855590
vt 0.011670 0.846573
vt 0.013640 0.847687
vt 0.015339 0.848660
vt 0.016882 0.849515
vt 0.018299 0.850304
vt 0.019623 0.851039
vt 0.020908 0.851748
vt 0.052767 0.898728
vt 0.048441 0.893607
vt 0.043826 0.888251
vt 0.039455 0.883345
vt 0.034889 0.878286
vt 0.020655 0.858073
vt 0.013056 0.844655
vt 0.014764 0.846136
vt 0.016217 0.847391
vt 0.017567 0.848546
vt 0.018789 0.849586
vt 0.019950 0.850570
vt 0.021069 0.851514
vt 0.048138 0.903424
vt 0.042918 0.899096
vt 0.037473 0.894971
vt 0.032189 0.890830
vt 0.026830 0.886838
vt 0.017251 0.862033
vt 0.014775 0.843037
vt 0.016133 0.844807
vt 0.017337 0.846334
vt 0.018414 0.847720
vt 0.019417 0.848987
vt 0.020358 0.850170
vt 0.021273 0.851316
vt 0.044732 0.908981
vt 0.038616 0.905704
vt 0.032516 0.902765
vt 0.026550 0.899707
vt 0.020676 0.896936
vt 0.015116 0.866897
vt 0.016766 0.841809
vt 0.017739 0.843774
vt 0.018628 0.845520
vt 0.019411 0.847079
vt 0.020142 0.848513
vt 0.020838 0.849861
vt 0.021511 0.851161
vt 0.042214 0.915024
vt 0.035854 0.913164
vt 0.029460 0.911391
vt 0.022862 0.909613
vt 0.016530 0.907880
vt 0.014217 0.872455
vt 0.018930 0.840978
vt 0.019520 0.843099
vt 0.020045 0.844983
vt 0.020509 0.846645
vt 0.020947 0.848191
vt 0.021367 0.849648
vt 0.021774 0.851055
vt 0.041240 0.921575
vt 0.034395 0.920993
vt 0.027740 0.920329
vt 0.021155 0.919908
vt 0.014498 0.919393
vt 0.014575 0.878513
vt 0.021205 0.840562
vt 0.021381 0.842790
vt 0.021526 0.844711
vt 0.021669 0.846427
vt 0.021799 0.848031
vt 0.021928 0.849542
vt 0.022053 0.851004
vt 0.041125 0.928158
vt 0.034557 0.928894
vt 0.027802 0.929537
vt 0.021185 0.930314
vt 0.014676 0.931069
vt 0.015970 0.884858
vt 0.023510 0.840625
vt 0.023259 0.842808
vt 0.023034 0.844726
vt 0.022848 0.846449
vt 0.022667 0.848040
vt 0.022499 0.849552
vt 0.022337 0.851007
vt 0.042583 0.934489
vt 0.036012 0.936678
vt 0.029533 0.938533
vt 0.023194 0.940613
vt 0.016991 0.942492
vt 0.018559 0.891403
vt 0.025760 0.841108
vt 0.025111 0.843185
vt 0.024516 0.845035
vt 0.023999 0.846696
vt 0.023515 0.848225
vt 0.023056 0.849672
vt 0.022614 0.851066
vt 0.045025 0.940497
vt 0.039148 0.943843
vt 0.033117 0.947005
vt 0.027275 0.950255
vt 0.021387 0.953362
vt 0.022265 0.897941
vt 0.027898 0.841999
vt 0.026848 0.843943
vt 0.025914 0.845628
vt 0.025083 0.847162
vt 0.024308 0.848571
vt 0.023580 0.849894
vt 0.022875 0.851177

vn 0.756522 -0.392388 -0.523168
vn 0.612876 -0.209122 -0.762004
vn 0.484234 -0.247436 -0.839222
vn 0.659658 -0.380654 -0.648038
vn -0.382780 0.671289 -0.634705
vn -0.969508 0.080143 -0.231584
vn -0.298638 -0.602478 -0.740159
vn -0.146887 0.496436 -0.855556
vn -0.294061 -0.953627 0.064212
vn -0.207256 -0.977385 0.041998
vn -0.107556 -0.923213 0.368931
vn -0.573812 -0.780694 0.247501
vn -0.866833 -0.151710 -0.474958
vn -0.824522 -0.460399 0.328931
vn -0.993852 -0.006447 -0.110525
vn -0.922545 0.051121 -0.382487
vn 0.292395 0.468561 0.833640
vn 0.418638 0.538536 0.731246
vn 0.437331 0.641329 0.630427
vn 0.640961 0.376561 -0.668858
vn -0.304929 -0.149619 -0.940549
vn -0.018163 -0.572923 -0.819408
vn 0.207593 0.129301 -0.969632
vn -0.789071 -0.247256 -0.562344
vn -0.517074 -0.029470 -0.855433
vn -0.596464 0.095544 -0.796933
vn -0.853270 -0.011925 -0.521334
vn 0.017600 0.381655 0.924137
vn 0.948192 -0.010600 0.317520
vn 0.876984 -0.422230 0.229393
vn 0.738083 -0.609096 -0.290233
vn 0.913774 0.074826 0.399272
vn -0.867082 -0.072212 -0.492904
vn 0.133303 0.935518 -0.327165
vn -0.267341 0.257533 0.928550
vn -0.951034 0.126334 0.282089
vn -0.286839 0.302822 -0.908858
vn -0.807838 0.092845 -0.582045
vn -0.794723 -0.029550 -0.606253
vn -0.293865 0.287636 -0.911542
vn 0.980609 0.195815 -0.007949
vn -0.385964 0.226653 0.894237
vn 0.098811 0.189907 0.976817
vn -0.235320 0.962176 -0.137268
vn -0.513309 0.085354 -0.853949
vn -0.118012 -0.150452 -0.981548
vn 0.174715 0.115698 -0.977798
vn 0.257127 -0.099378 -0.961254
vn 0.774703 -0.602058 0.193290
vn 0.617937 -0.784191 -0.056559
vn 0.756518 -0.644704 -0.109718
vn 0.978986 -0.180977 -0.093989
vn 0.766548 -0.630891 -0.119917
vn 0.890317 -0.436612 -0.129252
vn 0.718108 -0.668731 -0.192667
vn 0.825156 -0.560125 -0.073338
vn 0.932750 0.233871 -0.274374
vn 0.913845 -0.209351 -0.347936
vn 0.983436 0.031717 -0.178460
vn 0.666392 -0.148694 -0.730624
vn 0.916239 -0.359451 -0.176921
vn 0.936149 -0.330295 0.120540
vn 0.645954 -0.420383 0.637198
vn 0.311907 -0.886620 0.341496
vn 0.404206 -0.911647 0.074277
vn 0.782989 -0.620130 0.048658
vn -0.775508 0.193387 0.600989
vn -0.320791 -0.682000 0.657244
vn 0.935662 -0.073992 -0.345053
vn 0.853389 -0.061104 0.517681
vn -0.294492 0.929486 0.222102
vn 0.863531 0.194937 -0.465095
vn -0.057318 -0.162744 0.985002
vn 0.772187 -0.463511 -0.434608
vn 0.554989 -0.375449 -0.742310
vn 0.838762 -0.543884 -0.025850
vn -0.342757 -0.079688 -0.936038
vn -0.709027 0.643284 -0.288905
vn -0.110888 -0.843443 0.525651
vn 0.661548 -0.683458 0.308610
vn 0.996070 0.074279 0.048244
vn 0.970330 0.197629 -0.139290
vn 0.979162 0.189074 0.074110
vn 0.984341 0.097565 0.146812
vn -0.101103 -0.853429 0.511309
vn -0.497699 0.071905 0.864364
vn 0.980155 -0.004265 -0.198187
vn 0.577664 -0.689012 0.437682
vn 0.530103 -0.596230 0.602911
vn 0.203759 0.399637 0.893741
vn -0.432758 -0.804643 -0.406534
vn 0.725716 -0.655784 0.208045
vn 0.963914 -0.222811 0.145688
vn 0.908387 -0.377658 -0.179464
vn 0.810516 -0.552934 -0.193206
vn 0.871108 -0.490995 -0.009753
vn 0.546830 -0.129966 -0.827095
vn 0.613522 -0.323504 -0.720372
vn 0.938419 -0.148847 0.311792
vn 0.152085 -0.214699 -0.964766
vn 0.063468 -0.741022 0.668474
vn 0.132986 0.306066 0.942676
vn -0.340328 -0.345524 0.874523
vn 0.270477 -0.721617 0.637268
vn 0.261503 -0.168381 -0.950402
vn 0.578913 -0.268470 -0.769925
vn -0.814693 0.190890 -0.547573
vn 0.199631 -0.199518 -0.959343
vn 0.860824 -0.344269 -0.374780
vn 0.232306 -0.971321 0.050699
vn 0.155653 -0.987812 0.000179
vn 0.175275 -0.931758 0.317973
vn 0.534876 -0.823380 0.189612
vn 0.976765 -0.111141 -0.183243
vn -0.942701 -0.018730 -0.333111
vn 0.138495 0.047871 -0.989206
vn -0.939085 -0.305795 -0.156871
vn -0.998480 -0.006428 -0.054735
vn -0.972900 -0.212229 -0.091786
vn 0.801111 0.598034 -0.024023
vn 0.867729 0.496834 0.014258
vn 0.996014 0.087617 -0.016741
vn 0.959308 0.282357 -0.001545
vn 0.697976 -0.524800 -0.487253
vn 0.825916 -0.534628 -0.178987
vn 0.581154 -0.648893 -0.491120
vn 0.742798 -0.416232 -0.524406
vn 0.839232 -0.323709 -0.436924
vn 0.528839 -0.346439 -0.774796
vn 0.243835 -0.768666 -0.591352
vn 0.878197 -0.474356 -0.061297
vn 0.961734 0.228946 0.150505
vn 0.795707 0.536838 -0.280457
vn 0.160147 0.786001 0.597123
vn -0.828177 0.302317 0.471940
vn -0.829873 0.358719 0.427354
vn -0.821537 0.222488 0.524953
vn -0.777167 0.190834 0.599661
vn 0.805916 -0.562445 0.184812
vn 0.466898 -0.011817 -0.884232
vn 0.420059 -0.110191 -0.900782
vn 0.579490 -0.813192 0.053950
vn 0.746631 -0.633684 -0.202451
vn 0.609842 -0.653745 -0.448007
vn 0.968161 -0.035340 0.247820
vn 0.976511 0.191067 0.099596
vn 0.491873 0.832248 -0.255783
vn 0.562560 0.677889 -0.473278
vn 0.906103 0.301467 -0.296807
vn 0.863422 0.195454 -0.465081
vn 0.729181 0.196365 -0.655543
vn 0.946110 0.113167 -0.303428
vn 0.971684 0.096200 0.215813
vn 0.945575 -0.036964 0.323298
vn 0.748887 -0.053509 0.660534
vn 0.897653 -0.170866 0.406231
vn 0.669632 -0.739599 0.067726
vn 0.842051 0.114017 -0.527210
vn 0.662410 -0.748558 0.029560
vn -0.813004 -0.444130 0.376527
vn -0.936813 0.031443 0.348415
vn -0.956786 0.166697 -0.238271
vn -0.803746 0.338938 -0.488993
vn -0.142130 0.029052 -0.989422
vn 0.787896 0.594869 -0.159220
vn 0.038534 0.981024 0.190018
vn 0.435443 0.889097 0.141055
vn -0.936565 0.301185 0.179260
vn -0.835974 0.355852 0.417752
vn -0.921043 0.288277 0.261870
vn -0.869535 0.245156 0.428727
vn 0.480669 -0.447157 -0.754326
vn 0.536833 -0.574418 -0.617943
vn 0.566261 -0.702683 -0.430797
vn 0.798814 -0.581962 0.152371
vn 0.721625 -0.636967 0.271165
vn 0.969089 0.245868 0.020366
vn 0.995924 0.058049 -0.069035
vn 0.858032 0.409122 -0.310483
vn 0.914215 0.226732 -0.335863
vn 0.894545 0.117991 0.431123
vn 0.935194 -0.068143 0.347517
vn 0.655217 -0.058586 -0.753166
vn -0.243370 0.493391 -0.835066
vn 0.952284 -0.292779 -0.086232
vn 0.906473 -0.166721 0.387957
vn 0.726780 0.283811 -0.625494
vn 0.830698 -0.163915 -0.532046
vn 0.909320 0.166589 0.381295
vn -0.016006 0.366130 0.930426
vn 0.705457 0.665242 0.244506
vn 0.337173 0.750836 -0.567944
vn 0.947757 0.049372 0.315150
vn -0.121217 -0.984892 -0.123666
vn -0.287130 -0.952040 0.105722
vn 0.069180 -0.983762 -0.165609
vn 0.091949 -0.985430 -0.143082
vn 0.081676 -0.474433 0.876494
vn -0.251680 -0.452351 0.855591
vn 0.569872 0.386352 -0.725244
vn -0.551253 0.825659 0.120032
vn -0.648771 -0.345202 0.678183
vn -0.654183 -0.067267 -0.753339
vn 0.932337 -0.231684 0.277616
vn 0.928751 -0.208758 0.306335
vn 0.711976 -0.365311 0.599698
vn 0.729938 -0.103529 0.675627
vn 0.581678 -0.204317 0.787340
vn 0.123845 -0.509344 0.851605
vn 0.482440 0.761543 -0.432786
vn 0.317200 0.665781 -0.675366
vn 0.053652 0.692824 -0.719108
vn 0.312704 0.834684 -0.453343
vn -0.331779 0.188203 0.924393
vn 0.102209 0.902193 0.419048
vn 0.165074 -0.980110 -0.110161
vn 0.720911 0.267210 -0.639442
vn 0.673981 0.364748 -0.642424
vn 0.568237 0.380946 -0.729374
vn 0.952858 -0.262399 -0.152344
vn 0.883733 -0.348968 0.311830
vn 0.984078 -0.136469 0.113870
vn 0.958081 -0.131958 -0.254297
vn 0.303220 -0.810651 0.500901
vn 0.550762 -0.834554 -0.013469
vn 0.317801 -0.880514 0.351706
vn 0.880679 -0.436880 -0.183140
vn -0.480070 -0.656923 0.581364
vn -0.504316 -0.862318 0.045530
vn -0.661982 0.021694 0.749206
vn 0.285567 0.861835 0.419157
vn 0.152991 -0.988204 0.006852
vn -0.678211 -0.733233 0.048976
vn -0.364837 0.804941 -0.467936
vn -0.815715 0.021908 0.578039
vn -0.337567 -0.830453 -0.443166
vn 0.280997 0.909646 -0.305916
vn -0.172712 -0.123550 0.977193
vn -0.524051 -0.414967 0.743756
vn -0.681769 -0.273188 0.678645
vn -0.650348 -0.204377 0.731626
vn -0.751258 0.007023 -0.659971
vn -0.675227 -0.150366 -0.722121
vn 0.692217 -0.287083 -0.662132
vn 0.450422 0.018741 -0.892619
vn -0.077022 -0.007436 -0.997002
vn 0.524919 0.009498 0.851099
vn -0.826458 -0.320943 -0.462562
vn 0.409066 -0.869498 0.276837
vn 0.631980 -0.156845 -0.758947
vn 0.728196 -0.479351 -0.489849
vn 0.141051 -0.572859 -0.807427
vn 0.351920 0.334022 -0.874404
vn 0.983203 0.017331 -0.181693
vn 0.966531 -0.013491 -0.256195
vn 0.920288 0.375878 0.108562
vn 0.647991 -0.685645 0.331659
vn 0.902508 0.258673 -0.344337
vn -0.716357 -0.289141 0.635004
vn -0.637343 -0.531919 0.557545
vn -0.833035 0.335782 0.439661
vn -0.584456 0.089935 0.806426
vn 0.887266 -0.173283 -0.427471
vn 0.665971 -0.543274 0.511210
vn 0.754361 0.009714 0.656388
vn 0.840373 -0.066088 0.537964
vn 0.800236 0.030131 0.598927
vn 0.889158 -0.005257 0.457571
vn 0.986561 -0.145451 0.074444
vn 0.936150 -0.340871 -0.086201
vn 0.982172 -0.160167 0.098406
vn 0.992837 -0.119225 -0.007767
vn 0.996075 0.073742 -0.048960
vn 0.621974 -0.504824 -0.598582
vn 0.891934 -0.451364 -0.026908
vn 0.628630 -0.673559 0.388769
vn 0.737928 -0.509576 0.442486
vn -0.100269 -0.981039 -0.165855
vn 0.383834 -0.798765 -0.463299
vn 0.674810 -0.729965 -0.108548
vn -0.663858 0.274336 0.695724
vn 0.472494 -0.770804 0.427329
vn 0.148896 -0.858413 0.490874
vn -0.284124 -0.845854 0.451447
vn 0.536876 -0.758460 -0.369463
vn -0.201290 -0.175539 0.963674
vn -0.090475 0.382937 0.919333
vn 0.113640 0.535623 -0.836776
vn 0.744893 -0.468297 0.475218
vn 0.939382 -0.292730 0.178522
vn 0.450626 0.429029 -0.782860
vn 0.144827 0.465387 -0.873178
vn 0.275852 0.582730 -0.764415
vn 0.534793 0.435837 -0.723907
vn 0.873374 0.309570 -0.376011
vn 0.891227 -0.232446 -0.389465
vn 0.500219 -0.424824 -0.754524
vn 0.900443 0.275804 -0.336356
vn 0.931494 0.000646 -0.363757
vn 0.846443 0.249435 0.470444
vn -0.134094 -0.514869 0.846717
vn -0.553200 -0.510903 0.657988
vn 0.971025 0.066843 0.229438
vn 0.846793 0.504061 -0.169895
vn 0.709914 0.704022 -0.019381
vn 0.986265 0.123542 0.109630
vn 0.517615 -0.247199 -0.819126
vn 0.742697 -0.174720 -0.646431
vn 0.709743 -0.594266 -0.378302
vn 0.529970 -0.472715 -0.704040
vn -0.950926 -0.040335 0.306780
vn -0.826516 0.013779 0.562744
vn 0.043602 -0.044944 -0.998038
vn 0.877349 -0.246675 -0.411595
vn 0.618153 -0.141720 -0.773177
vn -0.884379 -0.430610 -0.180134
vn -0.518103 -0.386203 0.763163
vn -0.778796 -0.622519 0.077108
vn 0.909656 0.255637 -0.327378
vn 0.606345 0.367762 -0.705051
vn 0.602983 0.537505 -0.589491
vn 0.863204 0.404183 -0.302515
vn 0.946854 -0.106915 0.303376
vn -0.626115 -0.649999 0.430675
vn -0.617424 -0.723055 0.309806
vn -0.555222 -0.757657 0.343050
vn 0.286851 0.748375 -0.598040
vn 0.462301 0.733612 -0.498087
vn 0.891254 0.011395 -0.453361
vn 0.541237 -0.728439 0.420047
vn 0.270956 0.726307 0.631712
vn 0.603132 0.349146 0.717167
vn 0.977096 -0.167408 0.131370
vn -0.304691 -0.952346 -0.014147
vn -0.264044 -0.939459 0.218398
vn -0.523293 0.341691 0.780648
vn -0.680729 0.398806 0.614461
vn -0.622585 0.355015 0.697390
vn -0.349931 0.007652 0.936744
vn -0.807844 0.539084 0.238279
vn -0.807695 0.586381 -0.061523
vn -0.341281 0.929483 -0.139960
vn -0.738745 0.596277 0.314181
vn 0.950016 0.060920 -0.306198
vn -0.984966 -0.158421 -0.068882
vn -0.153237 -0.842150 0.517012
vn -0.346595 -0.645453 0.680634
vn 0.828575 -0.555736 -0.067972
vn 0.814727 -0.538138 -0.215933
vn 0.424221 -0.783709 0.453693
vn 0.277955 -0.798091 0.534595
vn 0.076432 0.691084 0.718722
vn -0.398096 0.866714 0.300544
vn 0.980911 0.016931 0.193717
vn 0.447398 0.848135 0.283730
vn 0.856340 -0.491788 0.157564
vn 0.812012 -0.578376 0.078215
vn 0.544243 -0.569534 0.615979
vn 0.724357 -0.156086 0.671524
vn 0.318819 -0.396573 -0.860863
vn 0.717267 0.209700 -0.664495
vn -0.745704 0.607814 0.272924
vn -0.433149 -0.639202 -0.635455
vn -0.271717 -0.473560 -0.837801
vn -0.987221 -0.013832 -0.158753
vn 0.995605 -0.092359 0.015515
vn 0.935215 -0.351384 -0.043623
vn 0.867786 -0.461177 -0.185105
vn 0.765072 0.501617 0.403788
vn 0.937429 0.111012 0.330005
vn 0.623656 -0.476286 0.619842
vn 0.738814 -0.224980 0.635247
vn -0.807426 -0.426730 -0.407387
vn -0.756762 -0.448637 -0.475432
vn -0.930602 -0.174474 -0.321774
vn -0.925468 -0.193419 -0.325727
vn 0.649370 0.535956 -0.539509
vn -0.556484 0.283260 0.781083
vn 0.908866 0.215799 -0.356923
vn 0.990746 0.125589 0.051473
vn 0.800456 0.598882 0.024724
vn 0.498805 -0.090195 -0.862008
vn 0.695774 -0.187768 -0.693283
vn -0.259213 0.042013 0.964906
vn -0.355181 -0.883428 0.305618
vn 0.142655 -0.936631 -0.319955
vn 0.890600 -0.095869 -0.444569
vn 0.935142 0.106070 -0.338022
vn 0.969618 -0.070200 -0.234333
vn 0.767985 0.473614 0.431149
vn 0.021147 -0.476450 0.878947
vn -0.841786 0.342830 0.416969
vn -0.628944 0.747835 0.212537
vn -0.802546 0.595726 0.032101
vn -0.696565 0.652387 0.298644
vn -0.850563 0.296021 0.434644
vn -0.776807 0.259961 0.573577
vn -0.846403 0.520716 0.111611
vn -0.827199 0.396364 0.398292
vn 0.797554 0.423817 -0.429287
vn 0.465537 0.740081 -0.485340
vn -0.352128 -0.799582 0.486492
vn -0.735312 -0.387713 0.555873
vn -0.698339 0.145318 0.700860
vn 0.566775 -0.064404 -0.821351
vn 0.482511 -0.038669 -0.875036
vn 0.508814 -0.182262 -0.841361
vn 0.585082 -0.306861 -0.750677
vn -0.678283 -0.182948 0.711662
vn 0.021625 -0.639698 -0.768322
vn 0.626804 0.483232 -0.611231
vn 0.967938 0.147644 0.203218
vn 0.985955 0.166933 0.005063
vn 0.869225 0.456099 0.190844
vn -0.555033 -0.404755 0.726713
vn 0.535261 -0.754520 -0.379730
vn 0.450242 -0.468958 -0.759842
vn -0.987894 0.033940 -0.151372
vn 0.832695 -0.496592 -0.244979
vn 0.216315 0.693372 -0.687345
vn 0.789411 -0.034821 0.612876
vn 0.785341 -0.250317 0.566199
vn 0.445957 0.510106 -0.735469
vn 0.336556 0.612323 -0.715395
vn 0.489967 -0.042286 0.870715
vn 0.959481 -0.101929 -0.262692
vn 0.471090 0.839648 -0.270305
vn 0.767919 -0.461598 -0.444103
vn 0.393823 0.916153 0.074614
vn 0.823586 -0.164199 -0.542904
vn 0.533009 -0.038571 -0.845230
vn 0.492916 -0.361462 -0.791441
vn 0.915458 0.402409 -0.001839
vn -0.545032 -0.736497 0.400640
vn 0.646518 -0.304924 -0.699311
vn 0.578548 -0.441303 -0.685955
vn 0.853347 -0.412726 -0.318521
vn -0.845963 0.450176 0.285812
vn -0.734981 0.627105 0.257959
vn -0.762936 0.611051 0.211058
vn -0.823798 0.542851 0.163308
vn 0.799853 -0.474862 0.367071
vn 0.925292 -0.376392 0.046516
vn 0.715618 -0.000875 -0.698491
vn 0.975459 -0.220101 -0.005876
vn 0.983758 0.163867 -0.073261
vn 0.956160 -0.011347 0.292626
vn 0.977091 0.202544 0.065330
vn 0.754713 -0.189864 -0.627981
vn 0.910496 -0.130619 -0.392346
vn 0.907862 -0.286829 -0.305804
vn 0.909163 0.387822 -0.151714
vn 0.452089 0.864447 -0.219879
vn -0.538060 0.842906 -0.001227
vn 0.894619 0.043299 0.444727
vn 0.968301 -0.040777 -0.246435
vn 0.987515 0.101795 -0.120215
vn 0.850955 -0.519056 -0.080353
vn -0.782053 0.238276 0.575863
vn -0.518392 -0.084539 0.850954
vn 0.807473 -0.474206 0.350879
vn -0.543747 -0.733679 0.407497
vn -0.886456 -0.365744 -0.283596
vn -0.996645 -0.028597 0.076692
vn -0.565386 -0.723916 -0.395329
vn -0.860119 -0.502546 -0.087424
vn -0.562277 -0.614399 -0.553497
vn -0.143947 -0.822353 -0.550467
vn 0.373246 -0.128374 0.918808
vn 0.711249 0.232713 0.663302
vn -0.061141 0.198646 0.978162
vn -0.182109 -0.102914 0.977878
vn -0.489598 -0.108557 -0.865164
vn 0.675396 -0.737377 0.010772
vn -0.032532 -0.867243 -0.496821
vn 0.021418 -0.851482 -0.523946
vn 0.853412 -0.077481 0.515445
vn -0.527456 -0.463832 0.711794
vn -0.813004 0.152245 0.562002
vn -0.921311 -0.311019 0.233351
vn -0.408635 -0.736929 0.538474
vn 0.868681 -0.251625 -0.426706
vn 0.509574 -0.633709 -0.582020
vn 0.915126 -0.401551 -0.036071
vn 0.961822 -0.253657 0.102742
vn -0.166495 -0.893937 -0.416121
vn 0.216787 -0.975500 -0.037466
vn -0.002270 -0.972854 0.231407
vn -0.380444 -0.900196 -0.211917
vn 0.852289 0.067938 0.518641
vn 0.690875 -0.197369 0.695512
vn 0.876392 -0.472932 -0.090951
vn -0.972818 -0.226571 0.047854
vn -0.746205 0.081868 0.660663
vn 0.097250 -0.972826 0.210125
vn -0.642226 -0.481585 -0.596340
vn -0.545233 -0.672551 -0.500396
vn -0.484557 -0.663827 -0.569682
vn -0.399504 -0.088561 0.912444
vn -0.443774 0.143902 0.884509
vn -0.414966 0.169683 0.893874
vn -0.474591 -0.162707 0.865038
vn 0.895797 -0.223788 0.384015
vn 0.754517 -0.197775 0.625771
vn 0.962346 -0.083200 -0.258783
vn -0.063024 0.445898 -0.892862
vn -0.066046 0.474610 -0.877715
vn -0.333348 0.740943 -0.582994
vn 0.389559 0.639393 -0.662888
vn -0.177262 0.544702 -0.819681
vn 0.631746 0.273676 0.725257
vn 0.882919 -0.454855 -0.116455
vn -0.152495 -0.475816 0.866224
vn -0.202057 0.854986 -0.477674
vn 0.761875 0.647710 -0.004309
vn -0.977087 -0.052649 -0.206224
vn 0.674077 0.461187 0.576998
vn 0.950255 0.290392 0.112641
vn 0.785826 -0.010305 -0.618362
vn -0.969776 -0.001139 0.243995
vn -0.225950 0.514157 0.827399
vn -0.962127 0.022430 0.271678
vn -0.985700 -0.058508 -0.158029
vn -0.911739 -0.131497 -0.389154
vn -0.633741 -0.037246 -0.772648
vn 0.002798 -0.992124 0.125227
vn 0.946502 0.245303 -0.209668
vn 0.408218 0.324204 0.853376
vn 0.699684 -0.111874 0.705639
vn 0.966642 -0.039098 -0.253129
vn -0.877352 0.386391 0.284526
vn 0.915106 0.400240 0.048874
vn 0.785686 -0.551183 0.280884
vn -0.657811 -0.122857 0.743096
vn -0.249806 -0.121389 0.960657
vn 0.424004 0.097503 0.900397
vn 0.582775 0.089566 0.807683
vn -0.517385 -0.024701 0.855396
vn -0.530714 -0.122252 0.838688
vn -0.151261 -0.986528 -0.062318
vn -0.290618 -0.951682 0.099214
vn 0.985147 -0.050133 0.164231
vn 0.894739 0.445705 0.028097
vn 0.299937 0.881315 -0.365134
vn -0.881609 0.441012 0.168148
vn 0.820394 -0.571577 0.015921
vn -0.603568 -0.635588 0.481387
vn 0.786663 -0.616352 -0.035659
vn 0.818997 -0.559308 -0.128133
vn 0.300559 -0.800714 0.518191
vn 0.658781 -0.485666 0.574575
vn 0.648939 -0.555205 0.520217
vn -0.560694 -0.623209 -0.545190
vn -0.667233 -0.497336 -0.554488
vn -0.697202 0.477798 0.534433
vn -0.426916 0.339396 0.838185
vn -0.540041 0.215353 0.813621
vn 0.623005 0.744110 0.241172
vn -0.741482 -0.285659 -0.607127
vn -0.769079 -0.412055 -0.488598
vn 0.861066 -0.135226 0.490183
vn 0.983750 -0.045692 -0.173630
vn 0.827011 0.183641 -0.531345
vn -0.475433 -0.744496 -0.468709
vn -0.929643 -0.360595 -0.075730
vn 0.594837 -0.371589 0.712805
vn 0.976387 -0.096898 0.193078
vn 0.971569 -0.213672 0.101974
vn 0.796592 -0.162445 0.582283
vn 0.767984 0.628654 -0.122455
vn 0.828900 0.555599 -0.065072
vn 0.845286 0.467544 -0.258639
vn 0.807445 0.541211 -0.234783
vn 0.133058 0.078909 0.987962
vn -0.121565 -0.179887 0.976147
vn 0.082604 0.309773 0.947216
vn 0.301374 0.505605 0.808417
vn -0.124809 -0.988332 -0.087309
vn 0.308262 -0.750786 -0.584204
vn -0.036155 -0.903710 -0.426616
vn -0.199819 -0.972378 0.120639
vn 0.352807 0.921126 0.164479
vn 0.265424 0.941905 0.205830
vn 0.275452 0.951190 0.139157
vn 0.704009 -0.051861 -0.708295
vn 0.354286 -0.189498 -0.915736
vn 0.321660 0.169714 -0.931521
vn 0.711133 0.131671 -0.690618
vn 0.356791 0.926400 0.120346
vn 0.385426 0.438601 0.811835
vn 0.503353 0.321012 0.802239
vn 0.317377 0.273490 0.908006
vn 0.360637 0.379032 0.852218
vn -0.492271 0.361775 0.791699
vn -0.319496 0.705583 -0.632514
vn -0.766059 -0.087612 0.636772
vn 0.000237 0.284939 0.958546
vn -0.682420 -0.556969 0.473380
vn -0.705589 -0.698433 0.119735
vn -0.582766 -0.783570 -0.215411
vn -0.680923 -0.498426 -0.536577
vn -0.301666 -0.511259 -0.804743
vn -0.352198 -0.662000 -0.661598
vn 0.268594 0.959871 0.080658
vn 0.342162 0.936139 0.081044
vn -0.058117 0.314295 0.947545
vn -0.734612 0.544137 0.405290
vn -0.334322 0.546371 0.767924
vn -0.446979 0.492332 0.746873
vn -0.754465 0.365625 0.545070
vn -0.795294 -0.438089 -0.419029
vn -0.821379 -0.315510 -0.475174
vn -0.874315 -0.257467 0.411441
vn -0.638281 -0.754824 0.151121
vn -0.497904 -0.680283 0.537872
vn -0.422540 -0.541400 0.726875
vn -0.920137 -0.281598 -0.272124
vn -0.482298 -0.214451 -0.849352
vn -0.820295 -0.565776 0.083750
vn -0.491722 -0.459618 0.739568
vn -0.455988 -0.246123 0.855277
vn -0.890697 -0.434282 -0.134379
vn 0.137983 0.601959 0.786515
vn -0.226499 0.222670 0.948218
vn -0.123317 0.217778 0.968176
vn -0.495761 -0.090001 0.863783
vn -0.330741 -0.089220 0.939495
vn -0.151667 0.009760 0.988384
vn -0.223660 0.066458 0.972399
vn -0.411611 0.005184 0.911345
vn -0.306848 0.208914 0.928547
vn 0.195357 0.897499 0.395388
vn 0.312647 0.902606 0.295896
vn 0.308680 0.926620 -0.214692
vn -0.242003 -0.203679 0.948657
vn -0.410828 -0.055204 0.910040
vn -0.201131 0.068086 0.977195
vn -0.342502 -0.141200 0.928846
vn 0.294662 0.947573 -0.123615
vn 0.188744 0.974294 -0.122994
vn 0.428487 -0.601801 -0.673970
vn 0.665689 -0.043621 -0.744953
vn 0.876488 -0.234472 0.420466
vn 0.695429 -0.624740 0.355075
vn 0.208003 0.946529 -0.246611
vn 0.830679 -0.434818 -0.347714
vn 0.902128 -0.407030 -0.143145
vn 0.986536 -0.076176 -0.144718
vn 0.938532 -0.072957 -0.337394
vn -0.428900 -0.782006 -0.452229
vn -0.842414 -0.492325 -0.218987
vn -0.924292 0.122370 -0.361538
vn -0.913085 -0.001114 -0.407768
vn -0.945744 0.044715 -0.321821
vn -0.894545 0.263315 -0.361184
vn 0.777515 -0.382246 0.499359
vn 0.760873 -0.217757 0.611272
vn -0.647628 0.361406 0.670793
vn -0.999819 -0.015072 0.011624
vn -0.765711 0.043015 0.641745
vn -0.663257 0.357123 0.657688
vn -0.740763 0.358352 0.568202
vn -0.667294 -0.699100 -0.256863
vn -0.089189 -0.494792 -0.864423
vn -0.198485 -0.254063 -0.946602
vn -0.244204 -0.230831 -0.941850
vn -0.219038 -0.300098 -0.928420
vn 0.883634 0.306270 0.354103
vn 0.910223 0.073904 0.407471
vn 0.931512 0.198982 0.304453
vn 0.908071 0.403818 0.111078
vn -0.566111 -0.035352 0.823571
vn -0.354503 -0.125041 0.926656
vn -0.373329 -0.340987 0.862759
vn -0.429030 -0.100151 0.897721
vn -0.075067 0.272971 -0.959089
vn -0.981650 0.109055 -0.156431
vn -0.926966 0.262949 0.267565
vn -0.469632 0.374669 -0.799418
vn 0.996275 0.067618 -0.053513
vn 0.949074 0.289020 -0.125408
vn 0.936641 0.200422 0.287290
vn 0.742762 -0.040936 0.668303
vn 0.392990 0.354465 0.848477
vn -0.035077 -0.993390 0.109295
vn 0.300332 -0.686185 0.662533
vn 0.019151 -0.556145 0.830865
vn -0.572747 -0.470199 0.671471
vn 0.691749 0.312077 0.651223
vn -0.777231 0.103251 0.620686
vn -0.611903 0.279121 0.740045
vn -0.028234 0.111331 0.993382
vn -0.217808 0.015704 0.975865
vn 0.908360 0.397231 0.130727
vn 0.868421 0.493385 -0.049151
vn 0.217645 0.435897 0.873284
vn 0.131616 0.624051 0.770219
vn 0.726318 0.555838 0.404360
vn -0.699039 -0.158946 0.697195
vn -0.916110 -0.246680 0.316057
vn -0.819335 -0.466223 0.333657
vn -0.569873 -0.361185 0.738099
vn 0.494761 0.580226 0.646954
vn 0.670558 0.368319 0.643967
vn 0.959946 0.076367 0.269577
vn 0.358526 0.021392 0.933275
vn 0.448178 0.033408 0.893320
vn 0.655122 0.073110 0.751978
vn 0.542308 0.094224 0.834879
vn 0.338270 0.916598 0.213122
vn -0.521308 0.092605 0.848329
vn -0.812484 0.033851 0.581999
vn 0.238593 0.929787 0.280302
vn -0.085935 -0.566792 0.819367
vn 0.310841 -0.782392 0.539667
vn 0.707173 -0.657447 0.260133
vn 0.928144 -0.330045 -0.172100
vn 0.988525 -0.088182 0.122645
vn 0.810252 -0.367937 -0.456196
vn -0.862679 0.397832 0.312273
vn -0.960119 0.085982 0.266041
vn -0.980576 -0.157428 0.116996
vn -0.987785 -0.083628 0.131484
vn 0.081599 -0.667558 0.740073
vn -0.338246 0.216286 0.915866
vn -0.438408 -0.106517 0.892442
vn -0.903844 0.164375 0.395028
vn -0.011373 -0.051700 -0.998598
vn 0.652568 0.499676 0.569631
vn 0.816786 0.083585 0.570854
vn 0.910010 0.414584 0.001657
vn 0.980221 0.189665 0.056520
vn 0.927487 0.026384 0.372924
vn 0.944696 0.173749 0.278139
vn 0.921380 0.202525 0.331726
vn 0.765846 0.257263 0.589318
vn -0.817889 -0.255545 -0.515514
vn -0.822394 -0.404735 -0.399822
vn 0.789544 0.595237 0.149374
vn 0.662163 0.458578 0.592661
vn 0.248397 -0.138695 -0.958678
vn -0.299228 -0.315858 0.900387
vn -0.088956 -0.046637 0.994943
vn -0.729312 -0.681949 0.055218
vn -0.168988 -0.392927 0.903909
vn 0.218160 -0.310447 -0.925218
vn 0.541224 -0.157189 -0.826056
vn 0.543311 -0.045352 -0.838306
vn 0.450750 -0.862056 -0.231698
vn -0.054666 -0.023431 -0.998230
vn 0.164780 -0.024129 -0.986035
vn -0.002827 -0.233757 -0.972291
vn -0.272924 -0.291375 -0.916850
vn 0.639559 -0.762262 -0.099606
vn -0.853768 -0.482216 -0.196336
vn 0.429967 -0.127945 -0.893733
vn 0.254336 0.027076 0.966737
vn 0.320977 0.928409 -0.187162
vn -0.691614 -0.721776 0.026634
vn -0.021254 -0.916433 0.399623
vn 0.166114 0.135579 0.976742
vn 0.527942 0.025104 0.848910
vn 0.303160 0.128144 0.944284
vn -0.375403 -0.188614 -0.907468
vn 0.351071 -0.935776 -0.032758
vn 0.188162 -0.980534 0.056102
vn 0.440883 -0.882216 -0.165277
vn 0.587509 -0.771800 -0.243223
vn -0.112838 0.957389 0.265845
vn 0.731485 -0.011297 0.681763
vn 0.413324 -0.720804 -0.556421
vn -0.320895 -0.829332 -0.457423
vn 0.106835 -0.862336 -0.494938
vn -0.295117 -0.792050 -0.534381
vn 0.194748 -0.814505 0.546494
vn -0.633057 -0.672285 -0.383760
vn -0.310382 0.290881 0.905014
vn -0.071173 0.497742 0.864400
vn 0.510876 0.155673 0.845442
vn 0.244217 -0.036626 0.969029
vn 0.315565 0.701767 -0.638703
vn -0.934704 -0.354400 0.026982
vn 0.136289 -0.224209 0.964964
vn -0.849678 0.341990 0.401360
vn -0.356580 -0.708805 -0.608642
vn -0.324274 -0.741661 -0.587185
vn -0.341153 -0.913494 -0.221681
vn -0.646143 -0.475449 0.597033
vn -0.302041 -0.473634 -0.827310
vn -0.160819 -0.338154 -0.927248
vn -0.561855 -0.678682 0.472980
vn -0.533590 -0.760736 0.369544
vn -0.166645 -0.517423 0.839347
vn -0.921404 0.172524 0.348209
vn -0.953846 0.286953 0.088515
vn -0.400434 -0.784128 -0.474127
vn -0.666215 -0.474397 0.575418
vn 0.902486 0.142015 0.406633
vn 0.911256 0.167004 0.376461
vn 0.923071 0.212642 0.320504
vn -0.743014 0.176733 0.645519
vn -0.709942 0.247597 0.659301
vn 0.890859 0.219644 0.397653
vn 0.906884 0.377143 0.187949
vn 0.938970 0.301989 0.164739
vn 0.957681 0.232544 0.169618
vn 0.965998 -0.006779 0.258459
vn -0.241829 -0.032907 -0.969761
vn -0.100630 -0.983656 -0.149311
vn 0.047456 -0.994655 0.091707
vn 0.436083 -0.789956 -0.431046
vn 0.463265 -0.354594 -0.812188
vn 0.662829 -0.403949 -0.630463
vn 0.992458 -0.078695 -0.093990
vn 0.371075 0.011977 0.928526
vn 0.054417 0.494945 -0.867218
vn -0.185035 0.831762 -0.523388
vn 0.486812 0.147335 0.860992
vn 0.281152 0.026480 0.959298
vn 0.349102 -0.116678 0.929792
vn 0.439764 0.188575 0.878093
vn -0.290412 0.845544 -0.448014
vn -0.258095 -0.113602 -0.959417
vn -0.123523 -0.981299 -0.147630
vn 0.118804 -0.563376 -0.817614
vn 0.446076 0.381508 -0.809610
vn 0.394479 0.272288 -0.877636
vn 0.167671 -0.652759 -0.738778
vn -0.035799 -0.848335 -0.528248
vn -0.167935 -0.973463 -0.155461
vn 0.584316 0.613659 0.531034
vn 0.890989 -0.445661 -0.086748
vn 0.631038 0.323584 0.705042
vn 0.567216 0.527003 -0.632877
vn 0.991751 0.127978 -0.007135
vn 0.220508 -0.426295 -0.877296
vn -0.806975 0.156909 -0.569361
vn 0.004945 0.876399 0.481560
vn 0.136954 0.707262 0.693558
vn -0.732444 0.042649 -0.679490
vn -0.074654 0.906622 0.415287
vn -0.190241 0.215957 0.957691
vn -0.459810 -0.002175 0.888015
vn -0.225579 -0.112225 -0.967740
vn 0.025012 -0.807397 -0.589478
vn -0.646586 0.710456 0.277810
vn 0.185685 -0.563215 0.805177
vn 0.291732 0.388054 0.874246
vn 0.559054 0.829119 -0.004486
vn -0.425103 -0.491292 -0.760210
vn 0.229949 -0.343762 -0.910468
vn -0.677379 -0.529697 -0.510469
vn -0.541640 -0.216904 -0.812145
vn 0.207285 0.141802 -0.967949
vn 0.420752 -0.869111 0.260025
vn -0.749852 -0.504073 0.428523
vn 0.179573 0.118284 0.976608
vn 0.339446 0.143342 0.929639
vn 0.684532 -0.234669 0.690178
vn 0.580300 0.060083 0.812183
vn -0.980522 -0.143904 -0.133671
vn -0.742682 0.011938 -0.669538
vn -0.764570 0.118001 -0.633647
vn -0.828754 -0.093124 -0.551810
vn 0.279134 0.930687 0.236444
vn 0.646926 0.676194 0.352490
vn -0.792175 -0.170474 -0.586001
vn 0.292290 0.376160 -0.879244
vn -0.772410 -0.337206 -0.538215
vn -0.964226 0.117147 0.237790
vn -0.784732 0.221697 -0.578831
vn -0.868962 -0.203284 -0.451198
vn -0.977544 0.145711 0.152237
vn -0.962492 0.270731 -0.017701
vn -0.395301 0.463616 -0.792967
vn -0.676725 0.519570 -0.521624
vn -0.961207 0.274783 0.023984
vn -0.389089 0.065164 0.918892
vn -0.016683 -0.225062 0.974202
vn 0.049814 0.808481 0.586410
vn -0.083973 0.291445 0.952895
vn -0.222231 -0.789966 0.571460
vn -0.108172 -0.994062 -0.011826
vn -0.023225 -0.996158 0.084444
vn 0.031920 -0.157408 0.987018
vn 0.039940 0.890191 0.453833
vn -0.019089 -0.994195 -0.105890
vn 0.132139 -0.987732 0.083217
vn -0.156630 -0.982023 -0.105343
vn -0.130828 -0.988465 -0.076298
vn -0.118686 -0.281563 0.952174
vn -0.029623 -0.189328 0.981467
vn 0.951248 0.230183 -0.205290
vn 0.687574 0.081856 -0.721486
vn 0.906499 0.398937 -0.138232
vn 0.880387 0.418140 -0.223781
vn -0.341125 0.011027 0.939953
vn 0.459645 0.839443 -0.289934
vn 0.064944 0.949791 0.306072
vn 0.031897 0.963372 0.266264
vn -0.803848 -0.009405 -0.594760
vn -0.376308 0.045738 -0.925365
vn 0.018059 0.800722 0.598763
vn -0.338748 0.039408 0.940051
vn -0.421123 0.175333 0.889895
vn 0.153581 0.863159 0.481009
vn 0.010727 0.891490 0.452914
vn -0.051168 0.607005 0.793049
vn -0.245495 0.352725 0.902949
vn -0.024571 0.867429 0.496954
vn -0.149811 -0.727423 -0.669636
vn 0.237144 0.638349 0.732307
vn -0.335130 -0.873472 0.353178
vn -0.193481 -0.415934 -0.888574
vn -0.931631 0.023435 -0.362649
vn -0.821108 0.565495 -0.077440
vn 0.201975 0.126265 -0.971217
vn 0.116568 0.092765 -0.988841
vn 0.093781 0.907404 0.409662
vn 0.059824 0.863497 0.500793
vn 0.470330 0.588023 0.658042
vn 0.294155 0.619941 0.727425
vn -0.113051 0.911654 0.395103
vn -0.072940 0.697118 0.713236
vn -0.186646 0.447639 0.874518
vn 0.086119 -0.497675 -0.863078
vn -0.063942 0.022500 0.997700
vn -0.175112 0.202510 0.963497
vn -0.268675 -0.651119 0.709829
vn -0.238891 -0.685906 0.687360
vn 0.094750 0.176952 0.979648
vn 0.242032 0.307878 0.920126
vn 0.971465 0.172478 0.162810
vn -0.687501 -0.705901 0.170430
vn -0.001686 -0.170866 0.985293
vn -0.619164 -0.620238 -0.481603
vn -0.994785 -0.001337 -0.101989
vn -0.884580 0.190810 -0.425569
vn -0.765030 0.191334 0.614916
vn -0.143784 -0.058716 0.987866
vn 0.585564 0.049054 0.809140
vn 0.383863 0.067708 0.920904
vn 0.496135 0.190070 0.847186
vn 0.048537 0.179466 0.982566
vn -0.156260 -0.346535 0.924930
vn -0.076532 -0.581338 0.810055
vn 0.250263 -0.567626 0.784327
vn -0.256275 -0.655697 -0.710200
vn 0.130695 0.978712 0.158243
vn -0.023886 0.614016 0.788932
vn 0.160322 0.497125 0.852739
vn 0.037638 -0.915848 0.399756
vn 0.169235 0.117616 0.978533
vn 0.314118 0.428026 0.847422
vn 0.195167 -0.782853 0.590806
vn 0.048101 -0.426975 0.902983
vn -0.319393 -0.941072 0.111225
vn 0.414528 -0.871925 -0.260602
vn -0.025910 -0.999664 -0.000031
vn 0.103018 0.815879 0.568971
vn 0.113059 0.949556 0.292510
vn 0.046667 0.968456 0.244777
vn 0.099694 0.951462 0.291173
vn 0.007362 0.894257 0.447494
vn 0.038960 0.780864 0.623485
vn -0.037037 0.514981 0.856401
vn -0.168152 0.078010 0.982669
vn 0.082372 0.776961 0.624137
vn 0.091209 0.777107 0.622725
vn 0.118843 0.876262 0.466949
vn 0.053609 0.902410 0.427530
vn -0.031983 0.317851 0.947601
vn -0.153434 0.331955 0.930733
vn 0.408532 0.184369 -0.893929
vn 0.657603 -0.064174 -0.750626
vn 0.247751 0.129050 -0.960190
vn 0.318640 0.287864 -0.903107
vn 0.093986 0.936963 0.336551
vn 0.103017 0.903051 0.416997
vn 0.175192 0.875326 0.450680
vn 0.132678 0.932743 0.335241
vn -0.159693 0.027151 0.986793
vn 0.487789 0.341699 0.803308
vn -0.551672 -0.230880 0.801469
vn 0.309332 -0.213241 0.926737
vn 0.048035 0.958332 0.281591
vn 0.106914 0.885799 0.451585
vn 0.768862 0.039235 0.638210
vn 0.960296 -0.203296 0.191058
vn 0.592415 -0.123083 -0.796175
vn 0.723475 0.192972 -0.662831
vn 0.082892 -0.899958 -0.428024
vn 0.298306 -0.350894 -0.887630
vn -0.110820 -0.588712 -0.800711
vn 0.005442 -0.999702 -0.023781
vn -0.465849 -0.030246 0.884347
vn 0.840791 0.188600 -0.507445
vn -0.734885 0.677903 -0.019786
vn -0.097323 -0.121491 -0.987810
vn -0.332198 0.752729 -0.568369
vn -0.126551 0.810917 -0.571313
vn 0.011082 0.920578 0.390402
vn 0.110469 0.911407 0.396402
vn -0.302226 0.827528 -0.473135
vn -0.950693 0.202793 0.234642
vn -0.654686 0.590104 -0.472403
vn 0.059719 0.843310 -0.534099
vn -0.078821 0.915633 0.394213
vn 0.196641 0.895066 -0.400236
vn 0.399315 0.174136 0.900125
vn -0.140207 0.906981 0.397149
vn 0.457411 0.785101 -0.417603
vn -0.944840 0.112110 0.307748
vn -0.283331 -0.951229 0.122011
vn -0.460897 -0.871361 0.168238
vn 0.636074 -0.356363 -0.684409
vn 0.621956 -0.517227 -0.587918
vn 0.714590 -0.242560 -0.656144
vn 0.497348 -0.376371 -0.781658
vn 0.159310 0.430907 0.888223
vn 0.528880 0.830996 -0.172429
vn 0.549741 0.680363 0.484656
vn -0.164666 -0.272381 0.947995
vn -0.125546 -0.205941 0.970477
vn -0.909628 -0.393084 0.134395
vn 0.950232 -0.218270 0.222302
vn -0.510820 0.452765 0.730799
vn -0.729429 0.284666 0.622012
vn -0.679410 0.584061 0.444156
vn -0.262781 -0.096333 0.960035
vn -0.595206 0.714187 -0.368330
vn -0.254410 -0.723513 0.641719
vn -0.359257 0.355469 0.862888
vn -0.214205 -0.500498 0.838819
vn -0.093582 -0.020368 0.995403
vn 0.263943 -0.050194 0.963231
vn 0.026444 -0.114345 0.993089
vn -0.604404 -0.305857 0.735627
vn -0.601120 -0.212178 0.770477
vn -0.982839 0.181805 0.031223
vn -0.978152 0.128835 -0.163159
vn -0.791736 0.346777 0.502891
vn -0.956383 0.066297 0.284492
vn 0.256376 0.773678 0.579390
vn 0.408675 0.900280 -0.149932
vn -0.102671 -0.986262 -0.129409
vn -0.349241 -0.930745 0.108370
vn -0.637672 -0.339706 -0.691356
vn -0.816580 -0.511804 -0.266934
vn 0.325002 0.190836 0.926259
vn 0.996578 -0.072234 -0.040170
vn -0.947625 0.318844 -0.018612
vn -0.657800 0.219937 -0.720366
vn -0.395563 -0.163053 -0.903849
vn 0.054843 -0.108502 -0.992582
vn -0.079709 0.000299 -0.996818
vn 0.024400 -0.298227 -0.954183
vn -0.055452 -0.247504 -0.967299
vn 0.123727 0.006496 -0.992295
vn -0.063715 -0.897577 -0.436228
vn -0.232670 -0.482133 -0.844637
vn -0.397090 -0.731274 0.554579
vn -0.652819 -0.713026 -0.255774
vn -0.214709 -0.692184 0.689044
vn -0.212043 -0.718880 0.662004
vn -0.295789 -0.632318 0.716019
vn -0.438481 -0.398330 0.805647
vn -0.678780 -0.283635 0.677355
vn -0.344592 -0.325231 0.880614
vn -0.596480 0.338580 0.727719
vn -0.271490 0.420788 0.865581
vn 0.676107 0.589940 0.441419
vn 0.017187 0.025830 0.999519
vn -0.370013 -0.037518 0.928269
vn 0.383112 -0.244068 -0.890874
vn -0.378274 -0.125261 0.917180
vn 0.086678 0.327925 0.940719
vn 0.011345 0.079891 0.996739
vn 0.752848 -0.505797 0.421176
vn 0.511901 -0.372276 -0.774189
vn 0.399525 -0.382245 -0.833228
vn 0.914328 -0.188436 0.358464
vn -0.194778 0.668447 0.717802
vn 0.664762 0.138070 0.734185
vn 0.465010 0.094142 -0.880286
vn -0.399289 -0.115943 0.909465
vn -0.378919 0.133723 0.915718
vn 0.911110 0.089699 0.402285
vn 0.833068 0.229312 0.503403
vn -0.751169 0.394794 -0.529039
vn -0.792482 0.414219 0.447655
vn -0.754036 0.418773 0.506023
vn 0.986502 0.045663 0.157255
vn -0.312396 0.156213 -0.937020
vn -0.632512 -0.301335 0.713531
vn -0.521687 -0.002998 0.853132
vn -0.441166 0.841837 0.310938
vn -0.918992 0.041735 0.392061
vn -0.986797 0.155302 0.045957
vn -0.971085 0.156250 0.180497
vn -0.935889 -0.165609 0.310944
vn -0.724725 0.679560 0.113894
vn 0.363160 0.184728 -0.913231
vn 0.290820 0.308256 -0.905760
vn 0.179929 0.114492 -0.976994
vn 0.145548 -0.027478 -0.988970
vn 0.163502 -0.329137 -0.930019
vn -0.304227 -0.306268 -0.902023
vn -0.659982 0.738907 0.135798
vn 0.876873 0.123960 0.464466
vn -0.429097 -0.200331 0.880763
vn -0.306260 -0.175809 -0.935572
vn 0.777128 0.330504 -0.535574
vn -0.036506 -0.414467 -0.909332
vn 0.176434 -0.391193 0.903238
vn 0.103058 0.978763 -0.177207
vn -0.030354 0.774449 0.631908
vn -0.304350 0.358341 0.882589
vn -0.703056 0.159047 -0.693120
vn -0.916184 0.032589 -0.399430
vn -0.977068 -0.207459 -0.047953
vn -0.975264 -0.006522 -0.220945
vn -0.903076 -0.271260 0.332975
vn -0.984082 0.010563 0.177399
vn -0.994796 -0.032141 -0.096684
vn -0.246053 0.603645 0.758334
vn 0.092960 0.894828 -0.436624
vn 0.122829 0.883666 0.451716
vn -0.335519 0.389539 0.857722
vn -0.266124 0.513409 0.815836
vn -0.125537 0.329997 0.935597
vn -0.000218 0.373534 0.927616
vn -0.210341 0.162395 0.964046
vn -0.214949 0.476526 0.852479
vn -0.128568 0.456726 0.880268
vn -0.590043 -0.580560 0.561070
vn 0.283715 -0.208742 -0.935913
vn -0.728810 -0.460788 -0.506469
vn 0.734578 -0.039554 -0.677371
vn -0.882810 -0.447099 -0.144043
vn -0.411910 -0.072450 -0.908340
vn 0.752961 -0.071683 -0.654149
vn -0.457709 0.088143 0.884722
vn -0.545084 -0.060277 0.836212
vn -0.159604 -0.934856 0.317130
vn 0.187245 -0.464770 -0.865407
vn -0.454398 -0.107343 0.884308
vn -0.273305 0.132270 0.952790
vn 0.239118 -0.969440 -0.054850
vn 0.239808 -0.960732 0.139591
vn -0.572375 -0.267450 0.775150
vn -0.763735 -0.202654 0.612895
vn -0.253429 0.160844 0.953888
vn -0.085904 -0.581804 0.808780
vn -0.204982 -0.635432 0.744452
vn -0.280909 -0.220062 0.934164
vn 0.981500 -0.079785 -0.174046
vn 0.302692 -0.863414 0.403601
vn 0.607669 0.473324 -0.637733
vn 0.665479 -0.736166 -0.123277
vn -0.816077 0.465256 0.342863
vn -0.351106 -0.536185 0.767613
vn -0.240261 -0.287020 0.927305
vn -0.339735 -0.679878 0.649882
vn -0.354214 -0.589633 0.725855
vn 0.690984 -0.486794 -0.534390
vn -0.722344 0.533226 -0.440328
vn -0.652347 0.407254 0.639209
vn -0.383168 -0.647798 0.658437
vn -0.319061 -0.463532 0.826643
vn 0.173191 -0.679040 0.713379
vn 0.667723 0.621160 0.410251
vn 0.206873 0.952853 -0.221978
vn -0.171690 0.610290 0.773349
vn 0.009905 0.684507 0.728939
vn -0.108413 -0.449257 0.886800
vn -0.208983 -0.818138 0.535702
vn 0.324545 -0.935110 0.142269
vn 0.715511 -0.460686 0.525179
vn -0.461084 -0.035418 0.886649
vn -0.223492 -0.339254 0.913760
vn -0.294648 -0.818797 0.492701
vn -0.188843 -0.820687 0.539269
vn -0.294348 -0.797398 0.526797
vn -0.230525 -0.725470 0.648499
vn 0.511973 -0.267466 0.816300
vn 0.723133 0.159923 0.671940
vn 0.255582 -0.631120 0.732370
vn -0.235993 -0.687452 0.686817
vn -0.291996 -0.675338 0.677242
vn -0.246035 -0.513684 0.821946
vn 0.168194 0.903782 0.393560
vn -0.635031 -0.149304 -0.757921
vn 0.878418 0.207395 0.430545
vn -0.314884 -0.717773 0.621007
vn -0.353968 -0.501291 0.789566
vn 0.955197 -0.196341 0.221471
vn 0.459476 -0.225337 -0.859130
vn 0.106775 -0.649367 -0.752942
vn 0.645287 -0.485076 -0.590174
vn -0.676925 -0.538635 0.501642
vn -0.543804 -0.808034 0.226625
vn -0.255929 -0.818316 0.514646
vn 0.184920 0.314232 0.931162
vn 0.311369 0.350264 0.883382
vn 0.413814 0.507632 0.755690
vn -0.273084 0.625399 0.730959
vn -0.999848 0.007058 -0.015931
vn -0.958391 0.101972 0.266625
vn -0.971849 0.096254 -0.215044
vn 0.824511 -0.430104 -0.367685
vn 0.504644 -0.371033 -0.779531
vn 0.718819 -0.346189 -0.602870
vn 0.975817 -0.205202 -0.075325
vn -0.494421 0.218770 -0.841241
vn 0.610446 0.091034 -0.786809
vn -0.193131 -0.504817 0.841344
vn -0.262390 -0.937379 -0.229067
vn -0.237560 -0.337530 0.910845
vn 0.293195 -0.386286 -0.874540
vn 0.088199 -0.681949 0.726062
vn 0.027962 0.913731 0.405357
vn -0.114047 -0.544482 -0.830983
vn 0.564760 -0.250014 -0.786473
vn -0.545013 -0.761858 -0.350047
vn -0.414385 -0.836417 0.358737
vn -0.444263 -0.704758 0.553124
vn -0.183566 -0.836843 -0.515749
vn -0.120385 -0.833983 0.538497
vn 0.039587 -0.866368 0.497835
vn 0.001570 -0.692715 -0.721210
vn 0.443555 -0.706964 0.550873
vn -0.240671 -0.562815 0.790770
vn -0.629821 -0.145222 0.763044
vn 0.201769 -0.113715 0.972809
vn 0.263047 0.724032 0.637639
vn -0.379303 -0.160237 0.911292
vn 0.482734 0.103142 0.869672
vn 0.297426 0.318396 0.900090
vn 0.235140 0.420064 0.876502
vn 0.066227 -0.281219 0.957356
vn -0.094897 -0.815683 0.570662
vn 0.049114 -0.761668 0.646103
vn -0.540466 -0.483367 0.688660
vn -0.164821 -0.950853 -0.262130
vn -0.374655 -0.101231 0.921621
vn -0.306200 -0.949233 -0.072097
vn -0.559277 -0.413488 -0.718496
vn 0.149970 -0.898607 0.412328
vn -0.788029 0.198366 0.582804
vn -0.920750 -0.220250 0.322040
vn -0.027381 -0.674793 -0.737499
vn 0.541562 -0.568170 -0.619591
vn 0.397702 -0.436190 -0.807200
vn 0.874315 0.435318 0.214643
vn -0.827845 0.537745 -0.159693
vn -0.415094 0.599273 0.684521
vn -0.803717 -0.495870 0.328865
vn -0.101223 0.089468 -0.990833
vn 0.514683 0.241723 -0.822601
vn 0.379321 0.253442 -0.889878
vn 0.164769 0.848507 -0.502878
vn 0.309149 0.034502 0.950388
vn 0.294906 0.295655 -0.908636
vn -0.904151 0.078251 0.419986
vn -0.979797 -0.084131 0.181441
vn -0.960394 -0.239062 0.143156
vn -0.931027 0.194754 0.308642
vn 0.024722 -0.349547 0.936593
vn -0.604940 0.469308 -0.643271
vn -0.439470 0.733667 0.518265
vn 0.356555 0.080775 0.930776
vn -0.582851 -0.727578 0.361822
vn 0.003945 -0.110932 -0.993820
vn -0.993864 -0.069123 -0.086348
vn 0.120792 0.285064 -0.950867
vn -0.143436 -0.104202 -0.984159
vn 0.438628 -0.236889 -0.866885
vn 0.683596 0.676759 0.273302
vn 0.002907 0.738657 -0.674076
vn 0.352020 0.039091 -0.935176
vn 0.256424 0.849860 -0.460418
vn -0.804565 0.263413 0.532249
vn -0.093120 -0.361337 0.927774
vn -0.080962 -0.820400 0.566029
vn 0.540307 0.360418 -0.760373
vn 0.289507 0.339769 -0.894842
vn -0.171868 -0.809579 0.561287
vn -0.657530 -0.726700 0.198902
vn -0.371349 -0.119016 0.920834
vn -0.361137 0.266699 0.893561
vn 0.061728 0.327204 0.942935
vn 0.521785 0.837927 0.160059
vn -0.330388 0.890795 -0.311974
vn 0.625690 -0.672076 -0.396012
vn 0.321291 -0.109264 -0.940656
vn 0.478419 0.038762 -0.877276
vn 0.972433 -0.175666 -0.153345
vn 0.265178 0.294412 -0.918151
vn 0.268539 0.072462 -0.960540
vn 0.938247 -0.072605 0.338263
vn -0.736600 0.591740 -0.327512
vn 0.114169 0.426433 -0.897285
vn 0.829828 0.323584 0.454620
vn 0.436124 0.471011 -0.766775
vn 0.647816 0.451832 -0.613337
vn -0.351075 -0.075469 -0.933301
vn -0.268228 0.058188 -0.961596
vn 0.534036 0.105611 -0.838840
vn 0.497066 0.291034 -0.817450
vn -0.991022 -0.042615 -0.126723
vn -0.933609 -0.054705 0.354093
vn -0.992414 0.105437 0.063223
vn -0.915335 -0.158413 -0.370225
vn -0.962364 -0.167822 -0.213756
vn -0.864285 -0.323464 -0.385203
vn -0.988992 -0.078090 0.125684
vn -0.997033 0.046338 0.061460
vn -0.754260 0.227640 0.615851
vn -0.606083 0.237885 -0.758996
vn -0.281811 -0.923828 -0.259084
vn -0.231365 -0.750835 0.618641
vn 0.653965 0.293552 -0.697250
vn 0.608959 0.431530 -0.665545
vn 0.467136 0.457413 -0.756676
vn -0.662339 -0.660594 0.353445
vn -0.583334 -0.438290 0.683830
vn 0.737044 0.179853 0.651475
vn -0.007619 -0.016034 0.999842
vn -0.595706 -0.016337 0.803036
vn -0.230852 -0.082595 -0.969477
vn 0.528387 0.155969 0.834555
vn 0.385659 -0.072335 0.919802
vn -0.430938 -0.204926 0.878805
vn -0.107648 0.048911 0.992985
vn 0.275107 -0.129225 0.952689
vn -0.590949 -0.112335 0.798849
vn -0.771871 0.492709 0.401813
vn -0.541152 0.809598 0.227387
vn -0.483780 0.837384 0.254449
vn -0.134236 0.914798 -0.380952
vn -0.543691 0.748937 0.378805
vn -0.361639 0.661810 0.656677
vn -0.065291 0.939127 -0.337310
vn -0.238335 -0.473889 0.847718
vn -0.190510 0.352122 0.916360
vn -0.389044 0.865927 0.314347
vn -0.543037 0.745230 0.386967
vn -0.559191 0.382238 0.735663
vn -0.614735 0.211385 0.759880
vn 0.140203 0.989064 0.045786
vn 0.008121 0.936588 0.350340
vn -0.497047 -0.599746 0.627096
vn -0.746746 -0.410201 0.523551
vn 0.165871 -0.717138 -0.676905
vn 0.562798 -0.514962 -0.646585
vn 0.526116 0.294286 -0.797871
vn -0.051072 0.498146 0.865588
vn -0.668312 0.585136 0.459319
vn 0.915109 -0.367813 -0.165193
vn 0.977724 -0.137822 0.158308
vn 0.382166 0.803970 -0.455610
vn -0.529837 0.769411 0.356762
vn -0.502248 0.745922 0.437433
vn -0.481323 0.429998 0.763826
vn -0.388199 0.765129 0.513691
vn -0.579863 0.182377 0.794039
vn -0.549200 0.712762 0.436291
vn -0.485527 0.740836 0.464141
vn -0.611892 0.400212 0.682216
vn -0.488415 0.695716 0.526717
vn -0.598346 0.450487 0.662604
vn -0.129179 0.668265 0.732622
vn -0.374504 0.366451 0.851739
vn -0.469219 0.212064 0.857241
vn -0.574673 0.065710 0.815741
vn -0.153843 0.443872 0.882785
vn -0.020852 0.713488 0.700357
vn -0.199732 0.518615 0.831351
vn 0.272077 -0.864447 -0.422736
vn 0.551578 -0.769558 -0.321779
vn -0.024170 -0.796269 -0.604460
vn -0.111730 -0.862445 -0.493664
vn -0.088749 0.618310 0.780907
vn -0.379401 0.294655 0.877060
vn -0.352011 0.179286 0.918665
vn -0.970717 -0.239013 -0.024093
vn 0.092036 0.777193 0.622496
vn 0.083043 0.646287 0.758562
vn 0.237124 0.777016 0.583111
vn 0.179936 0.864418 0.469473
vn 0.124559 0.898701 0.420502
vn -0.750223 -0.034950 0.660260
vn -0.729076 0.647395 0.222099
vn 0.077327 0.667375 0.740696
vn 0.349126 0.813264 0.465524
vn 0.242891 0.837164 0.490061
vn 0.127697 0.847575 0.515082
vn 0.140651 0.894830 0.423671
vn 0.108659 0.852737 0.510914
vn 0.023155 0.760228 0.649244
vn -0.356442 -0.775250 0.521476
vn -0.110113 0.111350 0.987662
vn 0.006209 -0.646299 0.763059
vn 0.502728 0.285718 0.815861
vn -0.346769 0.141174 0.927265
vn 0.407421 -0.432420 -0.804376
vn -0.888100 -0.452941 -0.078254
vn -0.327047 -0.842453 -0.428152
vn -0.263942 -0.858779 -0.439128
vn -0.341526 0.575567 0.743023
vn -0.138912 -0.195089 0.970898
vn -0.136273 0.451100 0.882008
vn -0.305727 -0.557257 0.772008
vn -0.370891 -0.457248 0.808310
vn -0.475664 0.673340 0.566001
vn -0.544530 0.470517 0.694334
vn -0.235838 0.718348 0.654490
vn -0.426108 0.610688 0.667452
vn -0.511584 0.162441 0.843739
vn -0.490010 0.230432 0.840709
vn -0.523246 0.252690 0.813856
vn -0.438075 0.396110 0.806962
vn 0.196176 -0.948865 -0.247324
vn 0.731720 -0.063837 -0.678609
vn 0.515681 0.440658 0.734775
vn 0.224024 0.144087 0.963874
vn -0.147444 -0.280265 0.948532
vn 0.277883 0.230755 0.932487
vn 0.564130 0.601926 0.565192
vn 0.674266 0.534608 0.509470
vn 0.578078 0.478661 0.660840
vn 0.334073 0.250193 0.908735
vn 0.223471 0.665140 0.712495
vn -0.107061 0.142768 0.983949
vn 0.240109 0.390938 0.888547
vn 0.257590 0.604946 0.753450
vn 0.388451 0.783233 0.485441
vn 0.438985 0.749533 0.495472
vn 0.529108 0.535007 0.658645
vn 0.417093 0.291014 0.861014
vn 0.619496 0.623699 0.476681
vn -0.440486 -0.640774 0.628793
vn -0.308943 -0.778777 0.545949
vn -0.348707 -0.618532 0.704145
vn -0.243559 -0.760363 0.602102
vn -0.492634 -0.509100 0.705782
vn -0.402670 -0.596869 0.693977
vn -0.284914 -0.187469 0.940042
vn -0.431718 -0.562868 0.704840
vn -0.488002 -0.064116 0.870484
vn -0.532128 -0.077080 0.843148
vn -0.409927 -0.502066 0.761505
vn -0.511296 -0.315219 0.799508
vn 0.659152 0.576759 -0.482564
vn 0.669554 0.653375 -0.353269
vn 0.480415 0.767190 -0.424996
vn 0.479987 0.668531 -0.568048
vn -0.098860 -0.453613 -0.885699
vn -0.516464 -0.829374 0.213081
vn -0.448938 -0.828690 0.334256
vn -0.109800 -0.454884 -0.883756
vn -0.148880 -0.544352 -0.825540
vn -0.308479 -0.768962 0.559944
vn -0.223511 -0.715274 0.662137
vn -0.366220 -0.809067 0.459667
vn -0.251776 -0.901394 0.352275
vn -0.249176 -0.745746 0.617878
vn -0.434253 -0.599122 0.672665
vn -0.362725 -0.730419 0.578722
vn 0.699982 0.139527 -0.700398
vn 0.792467 0.147811 0.591733
vn 0.907887 0.140111 0.395107
vn 0.841167 0.071011 0.536093
vn -0.254476 -0.463488 0.848776
vn -0.054647 -0.359955 0.931368
vn 0.061949 -0.213397 0.975000
vn 0.149822 -0.159041 0.975838
vn -0.075161 -0.384096 0.920229
vn 0.893236 -0.044245 -0.447406
vn 0.896955 -0.143426 -0.418211
vn 0.990201 -0.042937 0.132886
vn 0.997028 0.052244 -0.056623
vn 0.981484 0.186167 -0.045062
vn 0.823756 -0.471547 0.314753
vn 0.904870 -0.367267 -0.215232
vn 0.073066 -0.403258 0.912165
vn -0.215931 -0.185394 0.958646
vn -0.777606 0.182777 0.601599
vn 0.751426 -0.261929 -0.605601
vn -0.446371 -0.353162 -0.822210
vn -0.950960 -0.272359 -0.146614
vn -0.380375 0.554727 0.739995
vn -0.266967 -0.961303 -0.068010
vn -0.254774 -0.966196 0.039445
vn -0.972956 -0.222233 -0.063007
vn 0.936475 -0.082056 0.341000
vn 0.987951 -0.021823 0.153222
vn 0.985587 0.042042 0.163860
vn 0.777293 -0.098061 0.621449
vn 0.956723 -0.061683 0.284388
vn 0.800052 -0.275444 0.532961
vn 0.900568 -0.324969 0.288742
vn -0.291779 0.197689 -0.935833
vn -0.546835 0.102601 -0.830930
vn 0.606258 0.178228 -0.775040
vn 0.764790 0.532971 0.361993
vn 0.745707 0.607060 0.274589
vn 0.954248 -0.229024 0.192246
vn 0.825286 -0.449859 0.341364
vn -0.328625 0.514774 -0.791842
vn 0.696180 0.488049 -0.526442
vn 0.607626 -0.002715 -0.794219
vn 0.712028 0.090137 -0.696342
vn 0.646930 -0.022969 -0.762204
vn 0.940005 -0.237891 -0.244535
vn 0.572841 -0.514339 -0.638208
vn 0.825824 -0.563625 -0.018482
vn 0.816472 -0.427566 -0.388023
vn 0.624279 0.722589 -0.296885
vn -0.196738 0.554480 -0.808608
vn -0.039158 0.629904 -0.775685
vn -0.053879 0.358279 -0.932058
vn -0.696678 0.693421 -0.183868
vn 0.134279 -0.689346 -0.711879
vn 0.938677 -0.102791 -0.329121
vn 0.763804 0.050023 0.643507
vn 0.772768 -0.554084 0.309548
vn -0.886951 0.441993 -0.134017
vn -0.455444 0.835676 -0.306947
vn -0.043469 -0.352445 0.934823
vn 0.843507 -0.451431 0.291043
vn -0.853903 0.226102 0.468751
vn 0.638538 0.636316 -0.432864
vn 0.821891 0.569550 -0.010410
vn -0.916893 -0.388338 0.092197
vn -0.849685 0.152040 0.504896
vn -0.843990 0.462593 0.271457
vn -0.308278 -0.169494 0.936075
vn 0.560158 0.167613 0.811252
vn 0.253190 -0.346434 0.903260
vn 0.057543 0.516183 0.854543
vn 0.693208 0.182672 0.697204
vn -0.393495 -0.078532 0.915967
vn 0.895074 0.422287 -0.143237
vn 0.883495 0.443154 -0.151828
vn 0.959481 0.278228 0.044555
vn 0.978577 0.181262 0.097633
vn 0.422135 -0.415324 -0.805797
vn 0.920393 -0.363791 0.143292
vn -0.127399 0.397014 0.908927
vn 0.586737 0.773600 0.239339
vn -0.801328 0.598189 -0.006589
vn -0.837807 0.530778 -0.127885
vn -0.627850 0.778043 -0.021315
vn -0.626577 0.778369 0.039284
vn 0.539087 -0.020928 -0.841990
vn -0.759491 0.439431 0.479661
vn 0.479672 -0.312391 -0.819955
vn 0.464699 -0.003716 -0.885461
vn 0.480740 -0.077266 -0.873452
vn 0.520042 -0.355576 -0.776609
vn -0.855838 0.441805 0.268980
vn -0.841518 0.491049 0.225207
vn -0.909342 0.326593 -0.257749
vn -0.827788 0.512256 0.228826
vn 0.859770 -0.504459 -0.079474
vn 0.961969 0.236253 0.137114
vn 0.913078 0.404896 -0.048462
vn 0.969261 0.046266 0.241644
vn 0.998754 0.030401 0.039578
vn 0.963184 0.245338 -0.109936
vn -0.870643 -0.071208 -0.486734
vn -0.763265 0.111211 -0.636443
vn 0.639851 0.100984 0.761835
vn 0.481310 0.209439 0.851161
vn 0.435344 -0.135852 0.889955
vn 0.660667 -0.276357 0.697958
vn 0.536255 -0.831102 -0.147305
vn 0.651874 -0.530851 0.541532
vn -0.676794 0.360714 -0.641744
vn -0.869111 0.451360 -0.202289
vn -0.747685 0.152157 -0.646387
vn -0.443142 -0.313414 -0.839879
vn -0.376211 -0.073971 0.923576
vn -0.491159 -0.622031 0.609787
vn -0.576098 -0.460884 0.675053
vn -0.556953 -0.030082 0.829999
vn -0.942975 -0.071702 -0.325049
vn -0.971691 0.167997 -0.166112
vn -0.864782 0.466871 0.184890
vn -0.926729 0.356813 0.117724
vn -0.930205 -0.100862 -0.352909
vn -0.998254 0.038714 -0.044601
vn -0.877064 -0.145323 -0.457865
vn -0.888670 -0.014412 -0.458321
vn -0.393069 0.782980 0.482119
vn -0.360607 0.758251 0.543156
vn -0.518574 0.328347 0.789474
vn -0.529530 0.570540 0.627760
vn -0.656785 -0.434113 0.616587
vn -0.545796 -0.570772 0.613454
vn -0.408520 -0.414841 0.813030
vn -0.485876 -0.296191 0.822311
vn -0.348863 -0.334346 0.875504
vn -0.676169 -0.380307 0.631001
vn 0.148398 0.460083 0.875387
vn 0.958170 0.003654 -0.286177
vn 0.505147 -0.657844 0.558630
vn 0.916956 0.074704 0.391933
vn 0.177555 -0.816817 0.548894
vn 0.705261 -0.125955 -0.697669
vn -0.152519 -0.816770 0.556440
vn 0.508756 -0.562909 0.651384
vn 0.933152 0.096523 0.346280
vn 0.828885 -0.544991 0.126236
vn -0.068258 -0.897349 0.436012
vn -0.270345 -0.612384 0.742900
vn 0.217751 -0.835014 0.505308
vn -0.872374 -0.469100 -0.137509
vn -0.725998 -0.592136 -0.349716
vn -0.994700 -0.079507 -0.065203
vn -0.704056 -0.708958 0.041046
vn 0.038693 -0.236580 0.970841
vn -0.073021 -0.166370 0.983356
vn -0.276749 -0.468518 0.838988
vn -0.309393 -0.618869 0.721995
vn -0.249493 -0.942093 -0.224086
vn -0.562463 -0.824826 0.057417
vn -0.239419 -0.927383 0.287471
vn 0.087327 -0.995887 -0.024128
vn -0.830198 0.365747 0.420715
vn -0.836356 0.216065 0.503809
vn -0.997743 -0.060065 -0.030010
vn 0.896096 -0.443659 -0.013380
vn 0.802847 -0.092586 0.588952
vn 0.430974 -0.181248 0.883974
vn 0.802042 -0.540774 0.253559
vn -0.183012 -0.760041 0.623573
vn 0.686331 -0.688905 -0.233152
vn 0.723943 -0.487910 -0.487699
vn 0.877407 0.403205 0.259966
vn 0.199561 0.300562 0.932651
vn 0.845641 0.458265 0.273650
vn 0.570266 0.524032 0.632604
vn 0.357916 -0.756963 0.546720
vn 0.395025 -0.471165 0.788644
vn 0.714515 -0.550188 0.432159
vn 0.858863 0.147997 0.490359
vn 0.279549 -0.331439 0.901111
vn 0.702413 -0.305874 0.642695
vn 0.110319 0.230661 0.966760
vn 0.889874 -0.450411 0.072490
vn 0.249569 0.593205 -0.765391
vn 0.255320 0.701794 -0.665054
vn 0.261985 0.871182 -0.415218
vn 0.256116 0.901727 -0.348272
vn -0.198957 0.675794 0.709732
vn -0.412474 -0.058323 0.909101
vn 0.146134 -0.742130 -0.654131
vn 0.038818 -0.772050 -0.634375
vn 0.051117 -0.839422 -0.541071
vn 0.106672 -0.837515 -0.535901
vn 0.061348 -0.799859 -0.597044
vn 0.153855 -0.686863 -0.710315
vn 0.169763 -0.726521 -0.665843
vn 0.070830 -0.771419 -0.632373
vn 0.335022 -0.875554 0.348089
vn 0.195888 -0.928011 0.316896
vn 0.147264 -0.018061 0.988932
vn 0.366461 -0.047581 0.929216
vn 0.175055 0.494671 0.851267
vn 0.199045 0.591306 0.781498
vn 0.290261 0.737426 0.609878
vn 0.434232 0.782368 0.446477
vn 0.379258 0.426662 0.821050
vn 0.271905 0.115645 0.955350
vn 0.114335 0.319145 0.940784
vn -0.037595 -0.238215 0.970485
vn -0.230685 -0.319120 0.919210
vn -0.085464 -0.776296 0.624548
vn -0.152808 -0.873073 0.463026
vn 0.066692 -0.561988 0.824452
vn 0.080843 -0.180467 0.980253
vn 0.333906 0.731062 0.595025
vn 0.493833 0.710009 0.502012
vn -0.280786 -0.488296 0.826273
vn -0.262809 -0.664476 0.699573
vn -0.195794 -0.263383 0.944613
vn 0.035924 -0.210320 0.976972
vn 0.008525 -0.052350 0.998592
vn -0.335698 -0.341595 0.877849
vn -0.072320 0.461698 0.884084
vn -0.269383 0.188348 0.944435
vn -0.030857 0.569052 0.821723
vn -0.184249 0.060715 0.981003
vn 0.085891 0.238999 0.967214
vn -0.326495 -0.404320 0.854358
vn 0.271858 0.307406 0.911918
vn 0.107333 0.320231 0.941240
vn -0.373252 -0.291385 0.880782
vn -0.453511 -0.054971 0.889554
vn 0.145391 -0.246739 0.958113
vn -0.018371 -0.031958 0.999320
vn -0.325592 0.136570 0.935595
vn -0.424673 0.092349 0.900624
vn -0.526734 0.252494 0.811664
vn -0.537720 0.123060 0.834095
vn -0.272906 0.262954 0.925407
vn -0.437862 0.082470 0.895252
vn -0.189170 0.389306 0.901474
vn 0.372695 0.507945 0.776589
vn -0.493843 0.362723 0.790285
vn -0.605586 0.486587 0.629682
vn -0.500544 0.229732 0.834673
vn -0.611031 0.235142 0.755876
vn -0.308442 -0.096749 0.946310
vn -0.343181 -0.063645 0.937111
vn -0.046332 -0.942370 -0.331349
vn 0.112862 -0.954691 -0.275367
vn -0.099161 -0.774758 0.624433
vn -0.345060 -0.926986 0.147075
vn -0.917156 -0.322085 -0.234705
vn -0.535713 -0.792589 -0.291230
vn -0.546336 0.729535 0.411455
vn 0.893994 -0.299607 -0.333183
vn 0.451527 -0.705492 -0.546264
vn 0.287077 -0.510519 -0.810529
vn -0.936130 0.348956 0.043470
vn -0.937197 0.033186 -0.347217
vn -0.053156 -0.922401 -0.382558
vn -0.962993 -0.227261 0.144900
vn -0.738434 0.071617 0.670511
vn -0.111141 -0.044690 0.992799
vn 0.299378 0.156649 0.941188
vn 0.035982 -0.175502 0.983821
vn 0.267942 -0.134829 0.953954
vn 0.385621 -0.164636 0.907850
vn 0.358242 -0.243078 0.901430
vn 0.113795 -0.723921 -0.680433
vn 0.290416 -0.901921 0.319683
vn -0.249801 -0.688622 -0.680735
vn -0.406857 -0.764999 -0.499244
vn -0.117773 -0.730483 -0.672699
vn -0.888756 0.437663 0.136252
vn -0.945577 -0.104247 -0.308247
vn -0.934297 0.155032 -0.321021
vn -0.918475 -0.247148 -0.308742
vn 0.006279 -0.993411 0.114438
vn -0.185013 -0.256806 0.948589
vn 0.165612 0.404887 0.899244
vn -0.083907 0.599968 0.795612
vn 0.183726 0.294666 0.937772
vn -0.074071 0.719077 0.690971
vn -0.100663 0.821788 0.560831
vn 0.082791 0.475092 0.876033
vn 0.317844 0.353082 0.879948
vn 0.270654 0.463953 0.843501
vn -0.054910 -0.868493 -0.492651
vn -0.970857 -0.028274 0.237985
vn 0.322218 -0.043649 0.945659
vn 0.401648 -0.032854 0.915205
vn -0.986050 -0.149872 -0.072412
vn 0.510888 0.157192 0.845153
vn -0.864965 0.051724 -0.499160
vn -0.931527 0.144490 -0.333736
vn -0.224230 0.892084 0.392310
vn 0.122195 0.951455 0.282493
vn 0.291751 0.926906 0.236063
vn -0.087941 0.921283 0.378818
vn 0.347424 0.901856 0.256812
vn 0.597235 0.447766 0.665444
vn 0.244563 -0.213989 -0.945726
vn 0.771155 0.093593 0.629730
vn 0.544829 0.689819 0.476772
vn 0.572691 0.356033 0.738421
vn 0.653700 -0.179965 0.735043
vn -0.453390 -0.107618 -0.884791
vn 0.072496 0.592845 -0.802047
vn 0.003084 0.578170 -0.815911
vn -0.340514 0.562488 -0.753430
vn -0.696882 0.409907 -0.588500
vn -0.625713 0.175684 -0.760013
vn -0.324753 0.314724 -0.891899
vn -0.979935 0.052793 -0.192201
vn -0.865984 -0.250863 0.432597
vn -0.786038 -0.264072 0.558936
vn 0.066354 -0.816334 0.573757
vn -0.260741 -0.896841 0.357338
vn -0.061764 -0.855380 0.514305
vn -0.975464 -0.146747 0.164119
vn 0.584631 -0.294067 0.756129
vn 0.567997 -0.032212 0.822400
vn 0.657551 0.050555 0.751712
vn 0.701598 0.456492 0.547152
vn 0.596735 0.752588 0.278423
vn 0.379241 0.912319 0.154435
vn 0.402321 0.893882 0.197769
vn 0.359777 0.886965 0.289573
vn 0.432869 0.867922 0.243591
vn 0.463592 0.810817 0.357292
vn 0.132452 0.969974 0.203976
vn 0.511306 0.813383 0.277442
vn 0.758032 0.458129 0.464225
vn 0.732001 0.083470 0.676171
vn -0.172431 0.652542 0.737873
vn 0.258852 -0.889793 0.375850
vn 0.775507 -0.614223 0.146011
vn 0.322667 -0.912556 -0.251251
vn 0.805211 -0.587813 0.078167
vn 0.737895 -0.606675 0.295731
vn 0.556485 -0.820873 0.128417
vn 0.914898 -0.351009 0.199386
vn 0.956864 -0.165887 0.238523
vn 0.517814 -0.855493 0.000222
vn 0.812883 -0.459816 0.357478
vn 0.105543 -0.981357 0.160622
vn 0.243726 -0.632378 0.735320
vn 0.372857 0.282029 0.883990
vn 0.420997 -0.153909 0.893909
vn 0.943708 -0.221090 0.246036
vn 0.987967 0.045857 0.147709
vn -0.471485 0.453931 0.756075
vn 0.963326 0.100324 0.248872
vn 0.777996 0.065445 0.624852
vn 0.222563 0.974646 -0.023060
vn 0.576915 0.770285 0.271717
vn 0.262014 0.782168 -0.565298
vn -0.010206 -0.335183 0.942098
vn 0.198055 0.291533 0.935833
vn -0.102857 0.321804 -0.941203
vn -0.055391 0.449315 -0.891655
vn 0.173255 0.401181 -0.899464
vn -0.912932 -0.408108 -0.001631
vn -0.726160 0.602596 -0.331013
vn 0.231819 0.199333 -0.952117
vn 0.173045 0.857218 -0.485007
vn 0.935494 0.276221 0.220347
vn -0.494915 0.571812 0.654286
vn 0.963535 -0.071029 0.257981
vn -0.993244 0.085450 -0.078512
vn 0.927352 0.040470 0.371996
vn 0.553511 0.158196 0.817679
vn 0.677498 0.320240 0.662150
vn 0.723415 0.571815 0.386909
vn -0.951194 0.284581 -0.119346
vn 0.062733 0.578640 -0.813167
vn 0.178862 0.547659 -0.817360
vn 0.250297 0.847959 0.467245
vn 0.412469 0.422388 0.807129
vn 0.578103 0.568180 0.585636
vn 0.194286 0.462557 -0.865040
vn 0.389434 0.218083 -0.894864
vn -0.814476 -0.385285 0.433801
vn -0.654078 0.305533 -0.691977
vn 0.233999 -0.094242 0.967659
vn 0.045113 -0.111537 0.992736
vn 0.073177 -0.994673 -0.072603
vn 0.159154 -0.986901 0.026390
vn -0.260063 0.193225 -0.946061
vn -0.565521 0.318375 -0.760804
vn -0.361889 0.468888 -0.805717
vn -0.373446 0.362805 -0.853762
vn 0.435050 0.757713 0.486418
vn 0.317930 0.899668 0.299197
vn 0.485823 0.783046 0.388350
vn 0.254316 0.935487 0.245331
vn 0.252758 0.807022 -0.533694
vn 0.912331 0.213152 0.349598
vn 0.930929 0.043082 0.362649
vn -0.408561 0.872382 -0.268380
vn 0.934661 0.156161 0.319409
vn 0.900413 0.334647 0.277971
vn 0.871965 0.455699 0.178926
vn 0.802210 0.578643 0.147077
vn 0.451508 0.877169 -0.163445
vn 0.483990 0.874265 -0.037601
vn 0.303843 0.952603 -0.015049
vn 0.396875 0.874874 -0.277642
vn 0.505056 0.809604 -0.299099
vn 0.562178 0.810884 -0.162549
vn 0.591728 0.805049 -0.041877
vn 0.298573 0.020816 0.954160
vn 0.212554 0.143243 0.966593
vn -0.100249 0.108884 0.988987
vn 0.018062 0.495039 0.868683
vn -0.594664 -0.417253 0.687222
vn 0.720856 0.012487 -0.692972
vn 0.585572 0.809521 0.042198
vn 0.492893 0.868824 0.046915
vn 0.515893 0.851430 0.094456
vn 0.586127 0.805452 0.087762
vn 0.320372 0.946273 0.043914
vn 0.252444 0.967104 0.031330
vn 0.131797 -0.576890 -0.806119
vn 0.581980 0.532886 0.614273
vn -0.446088 -0.876031 0.183235
vn -0.680731 -0.726093 0.096926
vn -0.927818 -0.132543 -0.348692
vn -0.490481 -0.859118 -0.146097
vn 0.863881 -0.460397 -0.204316
vn -0.498787 -0.745750 -0.441667
vn -0.440541 -0.873457 -0.207358
vn -0.386699 -0.918874 -0.078321
vn 0.860741 -0.507976 0.032944
vn 0.881096 -0.468255 0.066379
vn 0.896671 -0.436652 0.072910
vn 0.950904 -0.300897 0.072404
vn 0.994160 -0.075786 0.076831
vn 0.791564 -0.500941 0.349979
vn 0.464160 0.857632 -0.221411
vn -0.180748 0.933981 -0.308235
vn -0.343568 -0.322129 -0.882153
vn -0.357030 -0.202690 -0.911837
vn 0.806941 -0.589752 0.032234
vn 0.212257 -0.950662 -0.226250
vn 0.147849 -0.713386 0.684997
vn -0.584108 -0.712842 0.388167
vn 0.026037 0.759690 0.649764
vn 0.703134 -0.704114 -0.099129
vn 0.166134 0.934324 -0.315338
vn 0.989395 0.022051 0.143566
vn -0.913043 -0.342139 -0.222021
vn 0.085702 -0.995812 0.031826
vn -0.874668 -0.316021 -0.367542
vn -0.915964 -0.137704 -0.376892
vn -0.899306 0.361629 -0.245915
vn -0.774027 0.025724 0.632630
vn 0.512355 -0.479574 -0.712391
vn 0.525809 0.385942 -0.758006
vn 0.409502 0.315006 -0.856201
vn 0.259927 -0.591296 -0.763418
vn 0.591021 -0.591303 -0.548685
vn 0.613017 -0.416263 -0.671517
vn 0.376764 -0.407475 -0.831873
vn -0.620480 -0.521284 -0.585890
vn 0.989485 0.142954 -0.021974
vn 0.800048 0.192748 0.568130
vn 0.688083 -0.532247 0.493209
vn 0.772430 -0.467104 0.430309
vn 0.530442 -0.802247 -0.273917
vn 0.916610 -0.389529 0.089960
vn 0.608470 0.678635 -0.411361
vn 0.876778 0.472265 -0.090700
vn 0.839036 0.471787 -0.270990
vn 0.723969 0.524843 -0.447670
vn 0.435190 -0.850263 -0.296077
vn 0.748598 -0.480286 -0.457085
vn 0.027250 -0.459145 0.887943
vn -0.257005 -0.632022 0.731092
vn 0.956998 0.105077 -0.270397
vn 0.684269 0.447245 -0.575976
vn 0.687898 0.302952 -0.659558
vn 0.969438 -0.200269 0.141710
vn 0.776215 0.629155 -0.040675
vn 0.606062 0.762273 -0.227218
vn 0.703749 0.261973 -0.660385
vn 0.907319 0.337945 -0.250129
vn 0.876706 0.480866 0.012439
vn 0.922621 0.384741 -0.027279
vn -0.935756 -0.350068 -0.042591
vn -0.993554 0.077100 0.083104
vn -0.929253 -0.046526 0.366503
vn -0.924332 -0.365753 0.108791
vn 0.805580 0.585966 -0.087659
vn 0.964360 0.264584 -0.002220
vn 0.965010 0.214647 -0.150609
vn 0.915608 0.395784 -0.070834
vn 0.916089 0.338297 -0.215258
vn 0.884035 0.264521 -0.385371
vn 0.931181 0.138600 -0.337184
vn 0.821405 0.570014 -0.019436
vn -0.003117 0.847380 -0.530978
vn 0.828354 0.534490 0.167779
vn 0.887657 0.428672 0.168243
vn 0.745532 0.649409 0.149833
vn 0.689654 0.712950 0.126808
vn 0.768412 0.628020 0.123019
vn 0.863387 0.494774 0.098797
vn 0.963717 0.218798 0.152897
vn 0.947547 0.301531 0.105985
vn 0.937067 0.316529 0.147359
vn -0.811770 0.534791 0.234579
vn -0.868073 0.466112 0.170847
vn -0.953593 0.280821 -0.108627
vn -0.892485 0.425976 0.148376
vn 0.892951 0.448786 0.035080
vn 0.752493 0.658543 0.008725
vn 0.787803 0.614372 -0.043741
vn 0.668380 0.743232 -0.029564
vn 0.680446 0.725243 -0.104954
vn 0.668369 0.706216 -0.233542
vn 0.805422 0.571977 -0.155364
vn 0.700603 0.710950 0.060877
vn 0.637220 0.765481 0.089379
vn 0.643043 0.765228 0.030346
vn 0.618414 0.782788 0.069332
vn 0.919528 0.360140 0.157377
vn -0.527017 -0.849666 -0.017927
vn -0.980814 0.082701 0.176532
vn -0.223672 -0.231793 0.946701
vn -0.147461 -0.259446 0.954433
vn -0.234455 0.180297 0.955261
vn -0.328805 0.211466 0.920418
vn 0.796472 -0.517049 0.313518
vn 0.055417 -0.994923 -0.084002
vn -0.308142 -0.834443 -0.456895
vn -0.054869 -0.917304 -0.394390
vn 0.159191 -0.985944 0.050714
vn 0.997672 0.018573 -0.065610
vn 0.901518 0.431736 0.029469
vn 0.966290 0.135086 0.219171
vn 0.956609 -0.287602 -0.046745
vn -0.330180 0.913367 0.238206
vn -0.240713 0.934809 0.261132
vn -0.232878 0.956205 0.177311
vn -0.323003 0.931135 0.169281
vn -0.130211 0.561482 0.817180
vn -0.044516 0.401450 0.914798
vn 0.024160 0.398952 0.916653
vn -0.093377 0.473968 0.875577
vn 0.914546 0.357860 0.188526
vn 0.878138 0.440020 0.187764
vn 0.953932 0.178238 0.241339
vn 0.845763 0.369334 0.385069
vn 0.806744 0.197221 -0.557017
vn 0.833622 0.067934 -0.548142
vn -0.275927 0.328669 0.903239
vn -0.642215 0.312682 0.699850
vn 0.854886 0.004374 -0.518797
vn 0.765839 0.137565 0.628145
vn -0.216372 0.970589 0.105546
vn -0.303635 0.946329 0.110757
vn 0.255707 0.473536 -0.842839
vn 0.877686 0.314446 0.361650
vn 0.646093 0.491943 -0.583572
vn 0.131155 -0.817264 0.561140
vn 0.462906 0.575554 -0.674133
vn 0.811516 0.511846 -0.281877
vn 0.795270 0.432999 -0.424331
vn 0.742728 0.345406 -0.573629
vn 0.846450 -0.143651 -0.512724
vn 0.590800 0.799546 0.108078
vn 0.523918 0.795290 0.304996
vn 0.841261 0.073984 0.535543
vn 0.575417 0.768017 0.281149
vn 0.104199 -0.711711 0.694701
vn -0.163372 0.116956 0.979608
vn 0.225262 0.486565 0.844104
vn 0.232589 0.507404 0.829725
vn -0.074010 0.372068 0.925250
vn -0.147284 0.345653 0.926732
vn 0.745767 0.458952 0.482902
vn 0.557755 0.534911 0.634649
vn 0.323856 0.195216 0.925747
vn 0.624151 0.184763 0.759143
vn 0.955460 0.196308 0.220364
vn -0.765798 -0.421001 -0.486119
vn -0.670226 -0.351766 0.653497
vn 0.394666 0.017728 0.918654
vn -0.457894 0.322767 0.828345
vn -0.593715 -0.062645 0.802233
vn -0.258660 -0.129487 0.957250
vn -0.402854 0.345742 0.847450
vn 0.813382 0.538558 0.219920
vn 0.708114 0.169520 0.685447
vn 0.922618 0.259814 0.285085
vn 0.979080 0.086057 0.184384
vn 0.966726 0.250475 0.051999
vn -0.347821 0.106765 0.931462
vn -0.373370 0.282581 0.883596
vn -0.633425 0.014289 0.773672
vn -0.563922 0.003475 0.825821
vn -0.448446 0.387491 0.805448
vn -0.322316 0.447988 0.833918
vn -0.345885 0.534324 0.771272
vn -0.273746 0.563825 0.779208
vn -0.439455 -0.133935 0.888223
vn -0.284374 -0.304819 0.908965
vn -0.243225 -0.441185 0.863827
vn 0.107869 0.348610 0.931040
vn 0.412219 0.129549 0.901827
vn 0.175558 0.507721 0.843444
vn 0.526468 0.410721 0.744406
vn -0.735536 0.482267 0.475821
vn -0.754475 0.603869 0.257119
vn -0.568587 0.616086 0.545112
vn -0.537370 0.508629 0.672704
vn 0.003715 -0.140264 0.990107
vn -0.085780 -0.220572 0.971591
vn -0.185914 -0.173755 0.967081
vn -0.128904 -0.061241 0.989764
vn -0.138075 0.444663 0.884992
vn -0.070985 0.513617 0.855079
vn -0.344652 0.471028 0.812002
vn -0.282144 0.503635 0.816545
vn 0.020151 0.185680 0.982404
vn 0.084267 0.364542 0.927366
vn -0.178108 0.400831 0.898672
vn -0.284836 0.193553 0.938832
vn 0.312569 0.294905 0.902957
vn 0.191823 0.277250 0.941454
vn 0.296532 0.247232 0.922467
vn -0.335536 0.221827 0.915537
vn -0.485592 -0.003868 0.874177
vn -0.189629 0.429917 0.882730
vn 0.054123 0.121771 0.991081
vn -0.248746 0.012037 0.968494
vn 0.215989 0.523323 0.824307
vn 0.335546 0.666948 0.665273
vn 0.169357 0.643467 0.746504
vn -0.026175 0.582960 0.812079
vn 0.336808 0.690199 0.640457
vn -0.464843 0.148479 0.872855
vn -0.430585 0.335336 0.837942
vn -0.648140 -0.665705 -0.369798
vn 0.867882 0.495620 -0.033778
vn 0.840169 0.529231 0.118448
vn -0.343648 -0.654618 0.673336
vn -0.126611 -0.305289 0.943805
vn 0.984955 -0.127607 0.116530
vn -0.322051 -0.671779 0.667080
vn -0.295137 0.606731 0.738086
vn -0.367562 0.616104 0.696645
vn -0.270021 0.569615 0.776290
vn 0.145514 0.815304 0.560451
vn 0.498514 0.418270 0.759298
vn 0.269434 0.025555 0.962680
vn -0.238617 0.842981 0.482125
vn -0.324982 0.844283 0.426114
vn -0.287157 0.925121 -0.248380
vn -0.271174 0.949927 -0.155252
vn -0.142582 0.978744 -0.147415
vn -0.185336 0.946123 -0.265522
vn 0.189509 0.285958 0.939316
vn -0.248536 -0.112877 0.962023
vn 0.945286 0.075486 0.317388
vn 0.954560 0.098455 0.281284
vn 0.628890 0.608066 0.484513
vn 0.746464 0.593108 0.301686
vn 0.727567 0.608515 0.316789
vn 0.880372 0.354844 0.314692
vn 0.878440 0.467200 0.100337
vn 0.890069 0.430978 -0.148443
vn -0.694856 -0.684035 -0.221974
vn -0.838500 -0.544085 0.029826
vn -0.897754 -0.440040 -0.020086
vn -0.871060 -0.409819 -0.270747
vn 0.702895 0.702785 0.109690
vn 0.478992 -0.828641 -0.289691
vn 0.896935 -0.434978 0.079382
vn 0.360766 -0.386910 0.848616
vn 0.655838 0.745308 0.119971
vn 0.812227 0.544103 0.210330
vn 0.535053 0.837637 0.109917
vn 0.553178 0.826091 0.107558
vn 0.614986 0.779862 0.116656
vn 0.574804 0.810611 0.111849
vn 0.591094 0.797608 0.120121
vn 0.656623 0.703192 0.272704
vn 0.704242 0.409190 0.580178
vn 0.564736 0.159945 0.809624
vn -0.842352 -0.496218 0.210263
vn -0.036570 -0.658622 -0.751585
vn -0.119106 -0.721675 -0.681908
vn -0.893329 0.037412 0.447844
vn -0.803880 -0.336729 0.490297
vn -0.880576 0.001781 0.473902
vn -0.948007 0.266013 0.174698
vn 0.196129 0.342237 -0.918916
vn 0.134139 0.326683 -0.935567
vn 0.293351 0.588057 0.753747
vn 0.701555 -0.006187 0.712589
vn 0.619982 0.097230 0.778568
vn 0.487964 0.105191 0.866502
vn 0.471229 0.806990 -0.355964
vn 0.045616 0.064034 0.996905
vn 0.039413 0.005005 0.999210
vn 0.074532 -0.501105 0.862171
vn -0.074611 -0.408194 0.909841
vn -0.883601 0.215570 0.415666
vn -0.927330 0.308684 0.211596
vn -0.644013 0.456256 0.614067
vn -0.298752 0.558903 0.773547
vn -0.169788 0.599315 0.782300
vn -0.365164 0.465062 0.806456
vn -0.240621 -0.043958 0.969623
vn -0.137806 -0.051065 0.989142
vn -0.945737 0.248594 0.209241
vn -0.928847 0.315815 0.193659
vn -0.926614 0.338812 0.163071
vn -0.887913 0.437762 0.141332
vn -0.871554 0.463052 0.161172
vn -0.584549 0.583770 0.563485
vn -0.675948 0.550752 0.489659
vn -0.843943 0.431074 0.319273
vn -0.457729 -0.248446 0.853674
vn -0.513113 -0.236570 0.825075
vn -0.653862 -0.290862 0.698472
vn -0.635873 -0.254248 0.728714
vn -0.331374 0.889226 0.315385
vn -0.241082 0.903981 0.353127
vn -0.792640 -0.353257 0.496922
vn -0.489367 -0.742966 0.456641
vn -0.898359 -0.256286 0.356746
vn -0.867401 -0.201655 0.454919
vn -0.163824 0.792707 0.587178
vn -0.091533 0.554449 0.827168
vn 0.970474 0.026856 0.239705
vn 0.717589 0.229224 -0.657665
vn -0.733251 0.405755 0.545624
vn -0.964104 -0.136297 -0.227875
vn -0.832394 0.373051 0.409820
vn -0.838283 0.361084 0.408533
vn -0.587996 0.100394 0.802610
vn -0.685552 0.054320 0.725994
vn -0.683459 -0.044285 0.728644
vn -0.465238 0.300523 0.832610
vn 0.825189 -0.363151 -0.432648
vn 0.865447 -0.457890 -0.203318
vn -0.480432 0.498956 0.721268
vn -0.459674 0.572351 0.679054
vn -0.330112 -0.245367 -0.911494
vn -0.306484 -0.414678 -0.856802
vn -0.566992 -0.370109 -0.735894
vn -0.571576 -0.245438 -0.782982
vn -0.335567 -0.934507 -0.118703
vn -0.579826 -0.808870 0.097627
vn 0.643045 -0.704716 -0.299782
vn 0.188819 -0.955109 0.228285
vn -0.419247 0.158433 0.893941
vn -0.525662 -0.339104 0.780184
vn 0.379375 -0.923589 0.055300
vn -0.317529 -0.859952 0.399572
vn -0.137882 0.030689 0.989973
vn -0.742654 0.227979 0.629675
vn -0.533974 0.296438 0.791831
vn 0.422865 -0.818668 -0.388545
vn 0.026343 -0.991401 0.128182
vn -0.198559 -0.951216 0.236141
vn -0.616418 -0.756237 0.219393
vn -0.516531 -0.847100 0.124966
vn 0.445268 0.856230 0.261928
vn -0.769043 0.266042 0.581201
vn -0.669250 -0.592595 -0.448259
vn -0.017788 -0.910530 -0.413061
vn -0.357011 -0.830896 -0.426797
vn 0.124403 -0.918695 -0.374865
vn -0.662877 -0.613711 0.428897
vn 0.469870 -0.826654 -0.309621
vn 0.904280 -0.422465 -0.061651
vn 0.182971 -0.608716 -0.772002
vn 0.191647 -0.519274 -0.832842
vn 0.203177 -0.731621 -0.650730
vn 0.150666 -0.588382 -0.794422
vn 0.391089 0.417290 0.820316
vn -0.794002 -0.250285 0.554002
vn -0.823419 -0.187377 0.535604
vn -0.787910 -0.153939 0.596239
vn -0.695726 -0.055786 0.716137
vn -0.935886 0.141754 0.322527
vn -0.942008 0.023881 0.334738
vn -0.924767 0.127970 0.358371
vn -0.908181 -0.074162 0.411956
vn 0.483041 0.648992 -0.587777
vn 0.274458 0.828190 -0.488646
vn 0.278104 0.361882 -0.889775
vn 0.335023 0.456409 -0.824288
vn 0.248464 0.945182 -0.211889
vn 0.268320 0.876951 -0.398699
vn 0.247537 0.967703 0.047711
vn 0.209829 0.815296 -0.539689
vn 0.390349 -0.557018 -0.733047
vn 0.276272 -0.834711 0.476373
vn -0.201132 0.492982 -0.846472
vn 0.083820 0.982043 -0.169013
vn 0.472602 0.606953 0.638949
vn 0.253160 0.709127 0.658065
vn 0.300992 -0.022681 0.953357
vn -0.106455 0.886381 0.450551
vn -0.201175 0.801050 0.563780
vn -0.075281 0.902250 0.424591
vn 0.382154 0.725161 0.572800
vn -0.293696 -0.663323 -0.688291
vn 0.018547 -0.998251 -0.056124
vn -0.264674 0.678982 0.684785
vn 0.309415 0.662591 0.682082
vn -0.501929 0.743042 0.442668
vn -0.425124 0.115417 0.897746
vn -0.387528 -0.721516 -0.573792
vn 0.102560 0.399240 0.911092
vn 0.112387 0.470257 0.875344
vn 0.173332 0.302072 0.937395
vn 0.206993 0.176384 0.962311
vn 0.096744 -0.100147 0.990258
vn 0.123815 -0.825205 0.551096
vn 0.006190 0.358553 0.933489
vn 0.042773 0.595970 0.801867
vn 0.138734 0.541793 0.828983
vn 0.194615 0.708100 0.678763
vn -0.003238 0.504736 0.863268
vn 0.108910 0.560290 0.821105
vn 0.133386 0.594028 0.793309
vn 0.140163 0.585602 0.798389
vn 0.144650 0.684770 0.714260
vn 0.211471 0.652787 0.727427
vn 0.073831 0.625614 0.776632
vn 0.014054 0.706564 0.707510
vn 0.151308 0.596687 0.788080
vn 0.057720 0.809658 0.584057
vn 0.002225 0.521833 0.853045
vn 0.032426 0.593130 0.804453
vn -0.042130 0.972990 0.226972
vn 0.033421 0.923575 0.381957
vn -0.168957 0.814538 0.554961
vn -0.154422 0.796310 0.584845
vn -0.034667 0.671788 0.739932
vn 0.270932 0.372213 0.887724
vn 0.294589 0.333715 0.895461
vn 0.032506 0.641521 0.766417
vn -0.186316 0.558126 0.808568
vn -0.000379 0.645085 0.764111
vn 0.052300 0.580727 0.812417
vn 0.092358 0.958569 -0.269474
vn -0.580613 -0.263028 0.770523
vn 0.195394 0.758209 -0.622045
vn 0.167492 0.985823 0.010016
vn -0.206052 0.765861 0.609097
vn -0.498181 0.628843 0.596970
vn -0.293332 0.941807 0.164181
vn -0.597438 0.444872 0.667200
vn -0.311874 0.425915 0.849312
vn -0.126427 0.991921 -0.010470
vn -0.011434 -0.117188 0.993044
vn 0.161344 -0.890981 -0.424406
vn -0.096082 0.481628 0.871093
vn -0.308712 0.508935 0.803544
vn -0.107596 0.542905 0.832873
vn -0.477070 0.535674 0.696748
vn -0.291805 0.771151 0.565841
vn -0.182015 0.762720 0.620588
vn -0.205013 0.714138 0.669311
vn -0.118320 0.698762 0.705502
vn -0.251111 0.715476 0.651949
vn -0.272186 0.718322 0.640256
vn -0.261869 0.739208 0.620480
vn -0.252474 0.735144 0.629143
vn -0.212880 0.667238 0.713776
vn -0.114107 0.637761 0.761735
vn -0.330531 0.671871 0.662826
vn -0.219122 0.715321 0.663552
vn -0.321590 0.568229 0.757427
vn -0.310232 0.612352 0.727174
vn -0.025094 0.690243 0.723142
vn -0.109561 0.577717 0.808851
vn -0.033534 0.558770 0.828644
vn -0.052812 0.911228 -0.408502
vn 0.039899 0.972615 -0.228970
vn -0.019182 0.334465 -0.942213
vn -0.125166 0.630356 -0.766150
vn -0.176985 0.973938 -0.141851
vn 0.047489 0.998805 0.011558
vn 0.024759 0.849450 0.527088
vn 0.091590 0.806471 0.584137
vn -0.204549 0.978541 -0.024845
vn -0.065273 0.990798 -0.118568
vn -0.073041 0.874946 0.478680
vn -0.098094 0.985344 -0.139554
vn -0.096125 0.880094 0.464966
vn 0.041973 0.994128 0.099738
vn 0.275342 -0.359078 0.891768
vn 0.227011 -0.951992 0.205369
vn 0.467930 -0.872892 0.138202
vn 0.376557 -0.334187 0.864016
vn -0.577685 -0.683078 -0.446861
vn -0.691765 -0.456531 -0.559501
vn -0.516689 -0.533816 -0.669383
vn 0.087754 -0.402167 0.911351
vn 0.276599 -0.501043 0.820030
vn 0.404909 -0.728078 0.553128
vn 0.239934 -0.625422 0.742481
vn 0.130572 -0.614048 0.778393
vn 0.197771 -0.591309 0.781819
vn 0.064685 -0.412200 0.908794
vn -0.030858 0.023965 0.999236
vn -0.049460 0.592738 0.803875
vn 0.569691 -0.387909 0.724554
vn 0.526347 -0.580988 0.620816
vn 0.923897 -0.379349 -0.050081
vn 0.899912 -0.215888 0.378882
vn 0.665855 -0.221380 0.712481
vn 0.787788 -0.082479 0.610399
vn 0.403036 -0.076500 0.911981
vn 0.340593 -0.415825 0.843259
vn 0.228186 -0.621950 0.749072
vn 0.391401 0.311243 0.865987
vn 0.347626 0.342533 0.872827
vn 0.204808 0.596162 0.776302
vn 0.517765 -0.064866 0.853060
vn -0.607625 0.261735 0.749857
vn -0.489472 0.436965 0.754638
vn -0.849645 0.125977 0.512087
vn 0.339045 0.799843 -0.495277
vn 0.533516 0.833662 -0.142715
vn 0.780509 0.539809 0.315297
vn -0.001697 0.274796 0.961501
vn 0.267326 0.930704 0.249652
vn 0.403294 0.809850 0.426024
vn 0.233264 0.800479 0.552107
vn 0.423167 0.343998 0.838209
vn 0.456932 0.214987 0.863130
vn 0.255038 0.384598 0.887153
vn 0.005980 0.958119 0.286308
vn 0.194549 0.690176 0.696999
vn 0.493153 0.011475 0.869867
vn 0.459207 -0.699548 0.547504
vn 0.510048 -0.175342 0.842084
vn 0.122540 0.831789 0.541397
vn -0.525542 0.834771 0.164204
vn 0.074813 0.396705 0.914892
vn 0.437367 -0.029478 0.898800
vn 0.097079 0.971225 0.217481
vn 0.490171 -0.128519 0.862099
vn -0.422959 0.903512 0.069079
vn 0.518718 0.086508 0.850557
vn 0.636766 -0.420276 0.646450
vn 0.114495 0.770330 0.627282
vn 0.468530 0.481927 0.740423
vn 0.590102 0.077188 0.803631
vn 0.203155 0.557676 0.804814
vn 0.373442 0.309949 0.874341
vn 0.035759 0.548190 0.835589
vn 0.648828 -0.153088 0.745377
vn 0.663177 -0.388260 0.639883
vn 0.503524 0.033006 0.863351
vn 0.200853 0.401147 0.893722
vn 0.707644 0.482743 0.515945
vn 0.731583 0.157082 0.663409
vn 0.532323 -0.549985 0.643544
vn 0.680955 -0.472398 0.559589
vn 0.555565 -0.478892 0.679713
vn 0.404920 -0.722503 0.560383
vn 0.397860 -0.701367 0.591432
vn 0.527015 -0.610715 0.591001
vn 0.313779 -0.605882 0.731061
vn 0.455208 -0.655723 0.602340
vn 0.298738 -0.731720 0.612652
vn 0.626070 -0.467982 0.623722
vn 0.682850 -0.530040 0.502765
vn 0.822296 -0.563580 0.078779
vn 0.732844 -0.666131 0.138601
vn 0.617000 -0.763138 -0.192175
vn 0.670422 -0.658418 -0.342081
vn 0.369228 -0.908500 -0.195700
vn 0.158120 -0.803771 -0.573542
vn 0.307763 -0.921694 0.236142
vn 0.468110 -0.828328 0.307809
vn 0.051759 -0.908571 0.414510
vn -0.163917 -0.824275 0.541942
vn -0.271187 -0.828316 0.490255
vn -0.191439 -0.850960 0.489100
vn 0.785070 -0.559740 -0.265247
vn 0.779978 -0.268362 0.565345
vn -0.395852 -0.772563 0.496435
vn -0.300021 -0.896612 0.325692
vn -0.776233 -0.629920 0.025759
vn 0.818051 -0.104582 0.565558
vn 0.652064 -0.076209 0.754324
vn -0.274553 -0.809330 0.519236
vn -0.364404 -0.779030 0.510218
vn 0.356468 -0.402531 0.843148
vn 0.447868 0.056820 -0.892292
vn 0.493844 -0.399730 0.772227
vn -0.255863 -0.851245 -0.458167
vn -0.308944 0.209164 -0.927795
vn -0.326025 -0.018659 -0.945177
vn -0.559135 -0.054634 -0.827274
vn -0.527449 0.140627 -0.837867
vn 0.342417 -0.800124 0.492496
vn 0.057418 -0.767826 0.638081
vn -0.681774 0.097433 -0.725045
vn -0.634013 0.268718 -0.725133
vn -0.490961 0.335073 -0.804166
vn 0.627288 -0.728950 0.274120
vn 0.768964 -0.427021 0.475760
vn 0.359028 -0.421337 0.832811
vn 0.247545 -0.410430 0.877649
vn 0.013287 -0.441276 0.897273
vn 0.355260 0.277644 0.892583
vn 0.611961 0.429109 0.664356
vn 0.650308 0.311186 0.693010
vn 0.043968 -0.690674 0.721829
vn 0.544484 -0.064096 0.836319
vn 0.445747 -0.015008 0.895033
vn -0.036673 -0.877716 0.477776
vn 0.072233 -0.995823 -0.055844
vn 0.186392 -0.215964 0.958445
vn 0.510511 0.384640 0.769045
vn 0.673961 0.252311 0.694345
vn 0.515708 0.405277 0.754848
vn 0.584208 0.017778 0.811409
vn 0.153666 0.818219 0.553989
vn 0.177145 0.498432 0.848637
vn 0.098241 0.771522 0.628572
vn -0.139977 0.883275 0.447473
vn -0.732394 0.604454 -0.313423
vn -0.251027 0.964763 0.078859
vn -0.616578 0.552661 -0.560711
vn -0.400962 0.862915 0.307584
vn 0.013508 0.863607 0.503984
vn -0.055708 0.937625 0.343157
vn 0.567053 0.523178 0.636188
vn 0.427699 0.626863 0.651242
vn 0.358902 0.206893 0.910156
vn 0.214889 0.676227 0.704655
vn 0.499518 -0.216101 0.838917
vn 0.664290 0.290129 0.688871
vn 0.305255 0.741736 0.597200
vn 0.125199 0.749918 0.649575
vn 0.160189 0.748348 0.643673
vn 0.384360 0.588280 0.711473
vn 0.066506 0.697729 0.713268
vn 0.049128 0.748046 0.661827
vn -0.000637 0.767925 0.640540
vn -0.002693 0.773730 0.633510
vn 0.021832 0.618484 0.785494
vn -0.019530 0.616656 0.786990
vn 0.140933 0.362314 0.921339
vn 0.005077 0.636299 0.771426
vn 0.206589 0.277641 0.938209
vn 0.197745 0.388982 0.899772
vn 0.958070 -0.219699 0.183939
vn -0.257979 0.777709 0.573250
vn -0.236270 0.781681 0.577192
vn -0.227180 0.800842 0.554113
vn -0.269716 0.778078 0.567317
vn -0.180063 0.759308 0.625323
vn -0.175308 0.759508 0.626430
vn -0.093568 0.768216 0.633317
vn -0.181908 0.706204 0.684240
vn -0.099674 0.587616 0.802977
vn -0.025104 0.693646 0.719878
vn 0.523597 -0.047097 0.850663
vn 0.344025 -0.377597 0.859690
vn 0.287065 -0.307532 0.907203
vn -0.172718 -0.195389 0.965397
vn -0.235501 -0.100118 0.966704
vn -0.298623 0.589019 0.750920
vn -0.715167 -0.276408 0.641977
vn -0.728310 0.453850 0.513405
vn -0.253180 -0.818437 0.515811
vn 0.055638 -0.691352 0.720372
vn -0.071290 0.804020 0.590313
vn 0.227123 0.678908 0.698211
vn -0.329761 0.778329 0.534287
vn -0.187124 0.804219 0.564107
vn 0.104335 0.619135 0.778323
vn 0.163045 0.502693 0.848950
vn 0.288023 0.482491 0.827191
vn 0.250807 0.546442 0.799060
vn -0.196489 -0.969495 -0.146532
vn -0.707673 -0.352725 -0.612196
vn -0.622761 0.179765 0.761481
vn -0.229643 -0.198993 0.952715
vn 0.157089 -0.480285 0.862931
vn -0.373148 -0.059703 0.925849
vn -0.783719 0.338623 0.520691
vn -0.867814 0.256519 0.425555
vn -0.753799 0.256795 0.604850
vn -0.409856 -0.121795 0.903982
vn -0.328335 -0.356041 0.874889
vn 0.284503 -0.583876 0.760359
vn -0.364948 -0.483483 0.795649
vn -0.653266 0.067543 0.754110
vn -0.566498 0.114010 0.816138
vn -0.734148 0.356883 0.577635
vn -0.779459 0.278116 0.561333
vn -0.273616 -0.237234 0.932124
vn -0.797388 0.381056 0.467941
vn 0.166703 -0.893673 0.416604
vn 0.080711 -0.858459 0.506491
vn 0.196937 -0.753177 0.627647
vn -0.055161 -0.893343 0.445978
vn 0.201967 -0.850762 0.485193
vn 0.093303 -0.808714 0.580755
vn 0.187730 -0.591802 0.783918
vn 0.357432 -0.801808 0.478902
vn 0.487799 -0.100146 0.867193
vn 0.460934 -0.011583 0.887359
vn 0.145750 -0.728365 0.669508
vn 0.366806 -0.500179 0.784394
vn -0.693276 0.487789 -0.530501
vn -0.704092 0.586028 -0.401031
vn -0.496820 0.726625 -0.474538
vn -0.491172 0.615558 -0.616310
vn 0.547087 -0.725524 0.417506
vn 0.597342 -0.777037 0.198483
vn 0.600103 -0.774553 0.199858
vn 0.563432 -0.789164 0.244467
vn 0.609668 -0.742638 0.277116
vn 0.623245 -0.736423 0.263150
vn 0.686015 -0.678604 0.262450
vn 0.678726 -0.667911 0.305328
vn 0.796994 -0.436888 0.417049
vn 0.720135 -0.582520 0.376930
vn 0.317213 -0.684820 0.656047
vn 0.188399 -0.722967 0.664699
vn -0.711785 -0.053016 -0.700394
vn -0.711053 -0.210303 0.670951
vn -0.799644 -0.277618 0.532445
vn -0.732598 -0.345510 0.586450
vn 0.430773 -0.704109 0.564504
vn 0.275739 -0.683244 0.676125
vn 0.453687 -0.647744 0.612043
vn 0.406456 -0.716671 0.566724
vn 0.494316 -0.766831 0.409416
vn 0.301391 0.400396 0.865359
vn 0.422073 0.362803 0.830800
vn -0.839730 -0.187933 -0.509446
vn -0.796953 0.272525 -0.539070
vn -0.816713 -0.057438 -0.574179
vn 0.328061 -0.264357 -0.906913
vn 0.683989 0.723223 -0.095433
vn 0.023683 0.028546 0.999312
vn -0.047649 -0.036437 0.998199
vn -0.176855 -0.132143 0.975326
vn 0.494623 -0.635303 -0.593075
vn 0.748939 -0.525075 -0.404212
vn 0.932299 0.033642 0.360121
vn 0.118038 -0.991111 -0.061362
vn 0.119560 -0.992782 0.009407
vn 0.813325 -0.489767 -0.314054
vn 0.252622 0.213625 0.943688
vn -0.995857 -0.090931 0.000908
vn -0.980294 -0.060752 0.187970
vn -0.971688 -0.205147 -0.117202
vn -0.697984 -0.186799 -0.691321
vn 0.543694 0.084073 -0.835062
vn -0.366025 -0.164973 -0.915865
vn 0.124829 0.096748 0.987450
vn 0.963458 0.219508 0.153512
vn 0.751297 0.546888 -0.369413
vn 0.803814 0.100502 -0.586330
vn 0.256231 0.073646 0.963806
vn 0.268791 0.236192 0.933791
vn -0.400776 -0.419874 -0.814300
vn 0.438547 -0.105183 -0.892532
vn 0.691259 -0.265207 -0.672180
vn 0.851334 -0.256063 -0.457889
vn 0.838132 -0.428657 -0.337326
vn 0.347660 -0.016133 -0.937482
vn 0.917116 -0.117577 -0.380885
vn 0.915116 0.339270 0.217852
vn -0.035785 -0.678511 0.733718
vn 0.452288 -0.391926 0.801143
vn -0.712938 0.591261 -0.377002
vn 0.342632 -0.084280 -0.935682
vn 0.482123 -0.304120 -0.821625
vn 0.587598 -0.093647 -0.803716
vn -0.377148 -0.893748 0.242845
vn 0.456962 0.186305 -0.869757
vn 0.306725 -0.023253 -0.951514
vn 0.360131 -0.287331 -0.887551
vn -0.185015 -0.243127 -0.952186
vn -0.255528 0.097022 0.961921
vn -0.601439 -0.576670 -0.552922
vn -0.159599 -0.166167 -0.973096
vn 0.996043 -0.059126 0.066351
vn 0.280762 -0.032565 0.959225
vn -0.795776 0.389864 0.463408
vn -0.981751 -0.127777 0.140848
vn 0.704663 0.264205 0.658518
vn 0.482167 0.207453 0.851163
vn 0.897764 0.140802 0.417366
vn 0.057257 0.125813 0.990400
vn -0.303633 -0.170299 0.937446
vn -0.936933 0.090661 0.337545
vn -0.200675 0.483169 0.852219
vn -0.533333 0.290505 0.794457
vn 0.421644 0.402250 0.812657
vn -0.995597 0.086642 0.035768
vn -0.962632 0.160269 0.218297
vn -0.912843 0.017506 0.407936
vn -0.829647 -0.008246 0.558228
vn 0.788427 0.449005 -0.420449
vn 0.359795 -0.271794 0.892567
vn -0.961810 -0.228746 -0.150325
vn 0.659722 -0.731448 0.172482
vn -0.656368 -0.382035 -0.650562
vn -0.577394 -0.144536 -0.803571
vn -0.449975 -0.411075 -0.792805
vn -0.313328 -0.710749 -0.629811
vn 0.381235 -0.164137 -0.909791
vn 0.843694 0.531686 -0.074103
vn 0.471395 -0.111070 -0.874900
vn 0.935843 -0.007398 -0.352340
vn 0.871685 0.082061 -0.483147
vn 0.856452 0.150224 -0.493885
vn 0.714652 0.341292 0.610567
vn 0.958069 0.281658 0.052666
vn 0.280086 -0.027082 0.959593
vn 0.875359 0.121984 -0.467832
vn -0.690527 -0.699342 0.184642
vn -0.879983 -0.199596 0.431034
vn -0.949525 -0.123133 0.288514
vn -0.732374 -0.063326 0.677952
vn -0.937894 0.117631 0.326371
vn -0.959962 0.267534 0.083056
vn 0.850645 0.009490 -0.525655
vn 0.652821 0.110331 -0.749434
vn -0.197325 0.355669 0.913544
vn -0.324391 0.524298 0.787326
vn -0.794571 -0.604352 0.058436
vn -0.873579 -0.485224 0.037637
vn -0.596506 -0.744293 -0.300347
vn -0.665999 -0.743945 -0.054687
vn 0.427282 -0.576265 -0.696670
vn 0.689854 0.503848 -0.519845
vn 0.552432 -0.383956 -0.739863
vn -0.236499 -0.912450 -0.333920
vn 0.196005 0.399684 0.895452
vn 0.615877 -0.226427 0.754604
vn 0.603650 0.064166 0.794663
vn 0.494318 0.265886 0.827620
vn 0.966935 0.063820 -0.246907
vn 0.963618 -0.010958 -0.267060
vn 0.927071 -0.279583 -0.249747
vn 0.983458 0.164552 0.075711
vn 0.927033 0.039354 -0.372909
vn 0.959794 0.240975 -0.143967
vn 0.923856 -0.030665 -0.381509
vn 0.932407 0.068808 -0.354799
vn 0.376801 0.801442 0.464447
vn 0.046814 0.791847 0.608922
vn 0.445981 0.151540 0.882121
vn 0.544796 0.580613 0.605050
vn 0.673695 -0.200491 0.711293
vn 0.648200 -0.331304 0.685620
vn 0.171537 0.331357 0.927781
vn -0.181916 0.208245 0.961010
vn -0.343128 -0.412044 0.844087
vn 0.414341 -0.275017 0.867576
vn -0.920042 0.384209 -0.076858
vn -0.952936 -0.298132 0.055045
vn -0.358193 -0.683194 0.636352
vn -0.806213 -0.106341 0.581989
vn -0.030056 -0.706508 0.707067
vn -0.782353 -0.608164 0.134387
vn -0.053608 -0.715825 0.696218
vn 0.117525 -0.391028 0.912844
vn -0.257437 -0.799903 0.542108
vn -0.517067 -0.441610 0.733228
vn -0.166012 -0.172842 0.970858
vn 0.662616 0.009416 -0.748900
vn -0.236892 -0.930420 0.279646
vn -0.356441 -0.806156 0.472295
vn -0.598525 -0.799566 -0.049608
vn -0.629387 -0.774108 -0.068035
vn -0.918027 0.371781 0.137860
vn -0.806940 0.505870 0.304866
vn -0.865096 0.449611 0.222393
vn -0.797233 0.572208 0.192348
vn -0.747274 -0.538997 0.388669
vn -0.480706 -0.554552 0.679260
vn -0.685171 -0.645951 0.336585
vn -0.891060 -0.216678 0.398827
vn -0.803878 0.130957 0.580198
vn -0.848717 -0.486436 0.207506
vn -0.782711 -0.484208 0.391032
vn -0.701671 -0.689645 0.179020
vn -0.270396 0.543189 -0.794879
vn -0.265026 0.669826 -0.693610
vn -0.261423 0.853018 -0.451683
vn -0.249011 0.892789 -0.375395
vn 0.108227 0.782918 0.612639
vn 0.012569 0.231552 0.972741
vn -0.101628 -0.763250 -0.638061
vn -0.155462 -0.762188 -0.628412
vn -0.218202 -0.860825 -0.459748
vn -0.159854 -0.862794 -0.479617
vn 0.056098 -0.789294 -0.611447
vn -0.019732 -0.717202 -0.696586
vn -0.110898 -0.766952 -0.632050
vn -0.163055 -0.742595 -0.649589
vn -0.495282 -0.727265 0.475164
vn -0.413114 -0.801003 0.433279
vn -0.204716 0.077103 0.975780
vn -0.375693 0.141627 0.915858
vn -0.772198 0.442852 0.455622
vn -0.381638 0.556298 0.738163
vn -0.311994 0.679809 0.663717
vn -0.193443 0.659542 0.726350
vn -0.596983 0.015872 0.802097
vn -0.462244 -0.145479 0.874738
vn -0.694802 -0.406976 0.592977
vn -0.365409 -0.500073 0.785114
vn -0.263762 -0.561493 0.784318
vn -0.232738 -0.950074 0.207827
vn -0.075401 -0.970478 0.229103
vn -0.397006 -0.536483 0.744696
vn -0.641248 -0.587303 0.493839
vn -0.274605 0.726023 0.630462
vn -0.368237 0.717117 0.591730
vn 0.111211 -0.222711 0.968520
vn -0.137579 -0.543714 0.827917
vn -0.331799 -0.153434 0.930789
vn -0.102497 -0.152986 0.982899
vn -0.198518 -0.051032 0.978768
vn 0.089899 -0.005135 0.995938
vn -0.812825 -0.280469 0.510542
vn 0.185738 0.515456 0.836544
vn 0.010815 0.712722 0.701364
vn -0.067461 0.436551 0.897147
vn -0.296442 0.464583 0.834437
vn -0.232679 -0.094525 0.967949
vn -0.460131 -0.015217 0.887721
vn -0.350680 -0.028130 0.936073
vn -0.540528 -0.332733 0.772734
vn 0.386641 -0.154063 0.909271
vn -0.716397 -0.605102 0.347314
vn -0.749296 -0.550091 0.368722
vn -0.621398 -0.491157 0.610434
vn 0.412234 -0.113273 0.904009
vn 0.582801 0.243790 0.775184
vn 0.554076 0.090908 0.827487
vn 0.226830 -0.154921 0.961534
vn -0.534773 -0.465444 0.705251
vn -0.868095 -0.494918 -0.038308
vn -0.680194 -0.718072 -0.147338
vn -0.933730 -0.237679 0.267688
vn -0.979548 -0.200216 -0.019982
vn -0.835683 -0.251532 0.488227
vn -0.845529 0.249615 0.471988
vn -0.728809 0.141873 0.669858
vn -0.651873 -0.314031 0.690251
vn -0.035413 -0.759090 -0.650021
vn -0.125137 -0.602332 -0.788376
vn -0.175650 0.961184 -0.212773
vn 0.898122 0.362736 -0.248594
vn 0.355749 -0.636385 -0.684439
vn 0.057003 -0.766057 -0.640240
vn 0.507271 -0.715249 -0.480723
vn 0.153998 -0.749048 -0.644370
vn 0.869525 -0.050401 -0.491311
vn 0.562455 0.013924 -0.826711
vn -0.117250 -0.865808 -0.486446
vn 0.007895 -0.946157 -0.323613
vn -0.504093 0.661764 0.554940
vn -0.624842 0.458578 0.631884
vn -0.440482 0.387741 0.809711
vn -0.570548 0.095153 0.815733
vn -0.649703 0.287491 0.703729
vn -0.554067 0.009592 0.832417
vn -0.614741 -0.162121 0.771888
vn 0.044741 -0.739714 -0.671432
vn -0.320963 -0.915160 0.243853
vn 0.272397 -0.655623 -0.704243
vn 0.471472 -0.646663 -0.599617
vn 0.179120 -0.677383 -0.713490
vn 0.894557 -0.136460 -0.425614
vn 0.680914 -0.418543 -0.600981
vn 0.913289 0.026341 -0.406461
vn 0.821696 -0.140151 -0.552424
vn 0.275343 -0.948395 -0.157266
vn -0.402270 0.030309 0.915019
vn -0.211989 0.548223 0.809020
vn 0.013718 0.657813 0.753056
vn -0.290093 0.243076 0.925614
vn -0.282244 0.466013 0.838553
vn -0.218113 -0.865512 -0.450906
vn 0.936089 -0.078179 0.342965
vn -0.960013 -0.233218 0.154867
vn 0.797974 0.105677 -0.593355
vn 0.827621 0.269965 -0.492099
vn 0.128602 0.928726 0.347749
vn -0.327172 0.928420 0.176050
vn -0.585467 0.801191 0.123781
vn -0.325593 0.891330 0.315467
vn -0.565593 0.799530 0.202129
vn -0.940246 0.220939 0.259083
vn -0.979683 -0.067400 0.188890
vn -0.458098 0.844416 0.277683
vn -0.333268 0.797943 0.502214
vn -0.854665 -0.445009 0.267421
vn 0.580531 -0.280086 -0.764549
vn 0.566670 0.025630 -0.823546
vn 0.268089 0.657096 -0.704523
vn 0.463934 0.570167 -0.677993
vn 0.672691 0.390016 -0.628788
vn 0.738703 -0.338993 -0.582582
vn -0.455905 -0.813996 0.359945
vn -0.196153 -0.976989 0.083761
vn -0.104069 -0.929019 0.355097
vn 0.951547 -0.215036 0.219814
vn -0.678061 -0.613428 0.404894
vn -0.675230 -0.009871 0.737541
vn -0.695886 -0.084828 0.713125
vn -0.612448 0.610754 0.501883
vn -0.264772 0.936166 0.231277
vn -0.297296 0.931618 0.209052
vn -0.456104 0.875645 0.158792
vn -0.416195 0.882016 0.220976
vn -0.309679 0.918224 0.246906
vn -0.317102 0.894987 0.313758
vn -0.201092 0.948429 0.245038
vn -0.290089 0.909006 0.299261
vn -0.738539 0.457864 0.494895
vn -0.732246 -0.039144 0.679914
vn -0.526418 0.399824 0.750350
vn -0.218806 -0.956546 0.192727
vn -0.409182 -0.911755 0.035681
vn -0.717622 -0.694978 0.044988
vn -0.128209 -0.987995 0.086189
vn -0.708500 -0.671025 0.218522
vn -0.639930 -0.734899 0.224529
vn -0.812441 -0.470435 0.344426
vn -0.862895 -0.366046 0.348457
vn -0.701433 -0.652935 0.285775
vn -0.690583 -0.502651 0.520036
vn -0.289686 -0.879993 0.376423
vn -0.475953 -0.386374 0.790053
vn -0.381068 0.208323 0.900771
vn -0.498709 0.088519 0.862237
vn -0.770411 -0.181055 0.611298
vn -0.860661 -0.027026 0.508461
vn -0.892791 0.056131 0.446961
vn -0.852175 -0.029522 0.522423
vn -0.160960 0.986623 -0.025834
vn -0.120071 -0.929887 -0.347697
vn 0.170074 0.534312 -0.828001
vn 0.216789 0.249511 -0.943794
vn 0.226369 0.433432 -0.872292
vn 0.270840 0.492485 -0.827106
vn 0.065007 0.292545 -0.954040
vn -0.454238 0.807770 -0.375734
vn 0.230794 0.670029 -0.705546
vn 0.266908 0.682969 -0.679936
vn -0.708174 0.493584 0.504842
vn -0.727147 0.209536 0.653722
vn -0.808517 0.364996 0.461603
vn 0.309839 0.563094 -0.766110
vn 0.141525 0.417706 -0.897492
vn 0.593715 0.237499 -0.768828
vn 0.550324 0.206842 -0.808925
vn 0.437002 0.366247 -0.821519
vn 0.436377 0.227935 -0.870414
vn -0.311038 0.849605 0.425942
vn -0.406624 0.867119 0.287684
vn -0.708255 0.612707 0.350664
vn -0.456814 0.859157 0.230585
vn -0.256941 0.780813 -0.569484
vn -0.857622 -0.132322 0.496965
vn -0.738587 -0.392056 0.548436
vn -0.789823 -0.334053 0.514381
vn -0.895475 0.008806 0.445024
vn -0.923637 0.252863 0.288019
vn -0.875655 0.411591 0.252629
vn -0.466316 0.860565 -0.204883
vn -0.496711 0.865546 -0.064090
vn -0.282382 0.958995 -0.024282
vn -0.407450 0.855363 -0.319904
vn -0.525532 0.775931 -0.348922
vn -0.591977 0.778596 -0.208209
vn -0.628093 0.774337 -0.076816
vn 0.844737 -0.297367 0.444962
vn -0.712741 -0.232171 -0.661889
vn -0.616782 0.786660 0.027301
vn -0.497665 0.866396 0.041067
vn -0.518115 0.846866 0.119893
vn -0.615196 0.781021 0.107426
vn -0.286195 0.956297 0.059910
vn -0.194510 0.979660 0.049315
vn -0.232116 -0.642510 -0.730277
vn -0.410567 0.677762 0.609979
vn 0.357997 -0.919098 0.164612
vn 0.579898 -0.814472 0.018789
vn 0.402862 -0.370833 -0.836771
vn 0.023651 -0.005038 -0.999708
vn -0.052042 -0.225324 -0.972893
vn 0.287530 -0.736093 -0.612776
vn 0.284991 -0.867529 -0.407644
vn 0.267757 -0.961045 -0.068553
vn -0.496210 -0.230755 -0.836976
vn -0.631740 -0.520919 -0.574063
vn -0.493718 -0.134201 -0.859205
vn -0.503478 -0.327016 -0.799731
vn -0.737806 -0.380576 -0.557498
vn -0.298685 -0.003600 -0.954345
vn -0.932472 -0.038871 0.359145
vn -0.634906 -0.628293 0.449603
vn 0.029078 -0.260056 -0.965156
vn -0.204091 -0.426406 -0.881206
vn -0.265275 -0.644431 -0.717174
vn 0.471068 -0.496179 -0.729315
vn 0.538220 -0.041616 -0.841776
vn -0.242256 -0.512230 -0.823974
vn -0.907740 -0.089135 0.409956
vn 0.393785 -0.338926 -0.854437
vn -0.132279 -0.367332 -0.920635
vn -0.263550 -0.107088 -0.958683
vn -0.355315 -0.270311 -0.894809
vn 0.470306 -0.410237 -0.781357
vn 0.399032 -0.689896 -0.604000
vn 0.500482 0.045536 -0.864549
vn 0.531552 0.321392 -0.783683
vn 0.410143 0.296124 -0.862608
vn -0.812154 0.120380 -0.570889
vn -0.871883 0.118632 -0.475127
vn -0.888608 0.148044 -0.434119
vn -0.946225 0.056007 -0.318623
vn -0.321155 -0.938001 -0.130434
vn -0.649300 -0.701634 -0.293459
vn 0.595437 -0.397805 0.698001
vn 0.567948 -0.589096 0.574805
vn -0.935457 -0.224649 -0.272861
vn -0.878618 -0.176555 -0.443688
vn -0.994255 0.013380 -0.106194
vn -0.810130 -0.495668 -0.313052
vn -0.960702 0.166863 0.221830
vn -0.886826 0.458840 0.054827
vn -0.991493 0.125131 -0.035845
vn -0.934095 0.200751 0.295239
vn -0.909018 0.344679 0.234268
vn -0.934267 0.352556 0.053384
vn -0.940702 -0.332816 0.065676
vn -0.990578 0.136910 0.003424
vn -0.983604 0.028016 -0.178152
vn -0.965103 0.249831 -0.078495
vn -0.957679 0.164819 -0.235976
vn -0.913328 0.042552 -0.404995
vn -0.934485 -0.107518 -0.339380
vn -0.899678 0.186213 0.394848
vn -0.577326 -0.593299 0.560973
vn -0.887937 0.375909 0.265067
vn -0.932735 0.270331 0.238594
vn -0.826033 0.504790 0.250713
vn -0.768296 0.607035 0.203054
vn -0.844890 0.505082 0.176219
vn -0.924843 0.357379 0.130179
vn -0.956241 0.170819 0.237537
vn -0.973130 0.170605 0.154637
vn -0.965751 0.132613 0.223023
vn -0.951181 0.304514 0.050265
vn -0.823592 0.566958 0.015932
vn -0.852437 0.519161 -0.061833
vn -0.717578 0.694086 -0.057675
vn -0.719419 0.679375 -0.144518
vn -0.703200 0.653343 -0.280453
vn -0.863952 0.467488 -0.187193
vn -0.779212 0.621449 0.081423
vn -0.707189 0.694363 0.133203
vn -0.698446 0.715418 0.018742
vn -0.670083 0.737933 0.080276
vn -0.962342 0.102054 0.251959
vn 0.577550 -0.814520 -0.054709
vn 0.986746 0.008868 -0.162031
vn -0.745221 -0.511010 -0.428385
vn -0.980319 0.106174 0.166439
vn -0.878514 0.402752 0.256913
vn -0.817588 0.271950 0.507536
vn -0.940030 0.017971 0.340617
vn -0.878507 0.358287 0.316000
vn -0.733661 0.481599 0.479378
vn -0.834898 0.268406 0.480523
vn -0.802362 0.241110 0.545969
vn -0.825584 -0.007280 -0.564232
vn -0.831203 -0.160904 -0.532177
vn -0.830502 -0.295780 -0.471997
vn -0.754089 -0.233152 0.613995
vn -0.284190 0.403617 -0.869672
vn -0.740409 -0.256338 0.621357
vn -0.678975 0.352740 -0.643870
vn -0.481386 0.492000 -0.725398
vn -0.866755 0.385418 -0.316525
vn -0.850615 0.257139 -0.458621
vn -0.782641 0.126279 -0.609530
vn -0.793943 -0.435537 -0.424220
vn -0.632983 0.757038 0.161946
vn -0.577272 0.375841 0.724914
vn -0.277814 0.073519 0.957818
vn -0.743418 0.498153 0.446288
vn 0.070785 0.289223 0.954641
vn -0.657722 0.602217 0.452478
vn -0.726929 0.598980 0.335853
vn -0.763190 0.552063 0.335809
vn -0.463974 0.592942 0.658139
vn -0.521885 0.408560 0.748809
vn -0.865286 0.500039 -0.035228
vn -0.796439 0.600713 0.069483
vn -0.913622 0.275565 0.298929
vn -0.936947 0.137449 0.321306
vn -0.960233 0.115018 0.254409
vn -0.599264 -0.739268 0.307191
vn -0.381586 -0.192295 0.904110
vn -0.775786 0.320470 0.543557
vn 0.289357 0.278408 0.915839
vn 0.257777 -0.071788 0.963534
vn -0.529709 0.035098 0.847453
vn 0.205821 0.480832 0.852314
vn -0.868176 0.392779 0.303307
vn -0.689941 -0.062646 0.721150
vn -0.891311 0.053191 0.450261
vn -0.881092 -0.003839 0.472930
vn -0.879249 0.273165 0.390259
vn -0.275977 0.538347 0.796253
vn 0.159167 0.617646 0.770181
vn 0.653618 0.067290 0.753827
vn 0.585728 0.057215 0.808486
vn 0.404677 0.325113 0.854715
vn 0.158415 0.430471 0.888594
vn 0.084619 0.661745 0.744938
vn -0.268753 0.642625 0.717499
vn 0.546446 -0.039518 0.836561
vn 0.473317 -0.229983 0.850340
vn 0.512059 -0.238981 0.825035
vn 0.033641 0.427501 0.903389
vn -0.150987 0.187632 0.970565
vn -0.258465 0.707690 0.657549
vn -0.465724 0.602776 0.647890
vn 0.086410 0.508450 0.856745
vn -0.312352 0.681034 0.662291
vn -0.351395 0.768216 0.535131
vn -0.160329 0.875930 0.455018
vn 0.190285 0.464597 0.864836
vn -0.092595 0.639811 0.762934
vn -0.295516 0.666541 0.684393
vn 0.027035 0.553485 0.832420
vn -0.194446 0.573714 0.795640
vn 0.102146 0.422729 0.900481
vn 0.109750 0.448442 0.887048
vn 0.252877 0.093277 0.962992
vn 0.187226 0.121790 0.974738
vn 0.209747 0.300860 0.930317
vn 0.223238 0.293376 0.929567
vn 0.260846 0.186886 0.947118
vn -0.273727 0.740473 0.613818
vn -0.285565 0.708386 0.645478
vn -0.066842 0.624782 0.777933
vn 0.101572 0.486684 0.867653
vn -0.178797 0.705191 0.686103
vn 0.124801 0.383712 0.914981
vn -0.209616 0.799076 0.563506
vn 0.562236 -0.741489 -0.366177
vn -0.707747 0.693599 0.134216
vn -0.753224 0.646014 0.123768
vn -0.143439 -0.831657 0.536443
vn -0.687720 -0.613222 0.388587
vn -0.905471 0.154552 0.395267
vn 0.085452 -0.911764 0.401727
vn -0.540956 0.816100 0.203340
vn -0.750460 0.638609 0.170261
vn -0.898552 0.417980 0.133783
vn -0.957462 -0.164775 0.236886
vn -0.546328 0.356116 0.758094
vn -0.223221 -0.289441 0.930804
vn -0.828378 -0.330238 0.452474
vn -0.845280 -0.219093 0.487340
vn -0.762907 0.363576 0.534589
vn -0.861598 0.335910 0.380543
vn -0.844510 0.398527 0.357743
vn -0.875013 0.189518 0.445461
vn -0.914838 0.362471 0.178009
vn -0.942113 0.334619 0.021298
vn -0.777850 0.586227 0.226466
vn -0.726223 0.650015 0.223787
vn -0.856159 0.165934 0.489344
vn -0.545466 0.821606 0.165619
vn -0.577150 0.793489 0.193062
vn -0.673679 0.712143 0.197505
vn -0.612544 0.757220 0.226732
vn -0.633404 0.728456 0.261060
vn -0.719485 0.259161 0.644343
vn -0.591531 -0.231940 0.772201
vn -0.564210 -0.140619 0.813569
vn 0.829938 -0.527327 0.182013
vn -0.230686 -0.768639 -0.596639
vn -0.253782 -0.773423 -0.580871
vn -0.574362 -0.678280 0.458306
vn -0.605087 0.367326 -0.706357
vn -0.449329 0.533879 0.716294
vn -0.733978 0.381326 0.562020
vn -0.783376 0.422600 0.455775
vn -0.456886 0.313123 0.832592
vn -0.649584 0.163227 -0.742562
vn 0.614131 -0.256679 -0.746297
vn 0.829431 -0.207404 -0.518678
vn -0.818716 -0.054049 -0.571650
vn -0.868465 -0.039883 -0.494144
vn -0.962604 -0.146036 0.228181
vn -0.991434 -0.128887 -0.021122
vn -0.993981 0.034553 -0.103960
vn -0.946279 -0.082773 0.312577
vn -0.833604 0.436006 -0.339120
vn -0.838274 0.138004 -0.527496
vn -0.892165 0.269716 -0.362347
vn -0.911145 0.384966 -0.147023
vn -0.983762 0.166206 -0.067735
vn -0.953766 0.091763 0.286199
vn -0.735432 -0.217495 0.641744
vn -0.929838 -0.132961 0.343109
vn -0.494840 -0.397417 0.772782
vn -0.639603 -0.177874 0.747843
vn -0.966423 0.000047 -0.256957
vn -0.947472 -0.034972 -0.317921
vn -0.983573 0.102177 -0.148807
vn -0.969652 0.163908 -0.181409
vn -0.977015 -0.007234 -0.213050
vn -0.945328 0.209951 -0.249549
vn 0.142381 -0.521317 0.841401
vn 0.337523 -0.470884 0.815074
vn -0.852360 -0.089341 0.515268
vn -0.115965 -0.520053 0.846225
vn -0.527411 -0.122493 0.840733
vn -0.934707 -0.046432 0.352374
vn -0.627484 0.731266 -0.267421
vn -0.693898 0.718501 -0.047556
vn -0.488940 0.780370 0.389822
vn -0.364278 0.921358 0.135654
vn -0.319301 0.632186 0.705966
vn 0.109195 0.531540 0.839965
vn -0.751554 0.587662 -0.299700
vn -0.528359 0.817452 0.229366
vn 0.358730 -0.559188 0.747410
vn 0.479012 -0.420762 0.770394
vn -0.255844 0.757202 0.600990
vn -0.144194 0.870871 0.469885
vn 0.208226 0.842781 0.496349
vn 0.434533 -0.838527 -0.328715
vn 0.427692 -0.645478 -0.632801
vn 0.190328 -0.793420 -0.578152
vn 0.372317 -0.907651 -0.193780
vn -0.906047 0.413712 0.089000
vn -0.888002 0.057864 0.456185
vn -0.816425 -0.105788 0.567679
vn -0.736085 0.567288 0.369275
vn -0.205846 -0.931239 0.300703
vn -0.405962 -0.482335 0.776240
vn -0.618604 -0.348709 0.704082
vn -0.451524 -0.667321 0.592291
vn -0.832640 0.541309 0.117027
vn -0.860777 0.508598 0.019743
vn -0.807052 0.590407 -0.009244
vn -0.771325 0.630271 -0.088411
vn -0.820407 0.551439 -0.151151
vn -0.893976 0.135824 0.427035
vn -0.730094 -0.088828 0.677549
vn -0.488797 -0.399459 0.775571
vn -0.082399 -0.538994 0.838270
vn -0.078234 -0.706545 -0.703331
vn -0.032431 -0.958696 -0.282577
vn -0.248168 -0.898842 0.361243
vn -0.067837 -0.625473 0.777291
vn -0.627730 0.649342 0.429313
vn -0.849507 0.482278 -0.213883
vn -0.956547 0.253804 -0.143530
vn -0.053442 0.868222 0.493290
vn -0.175635 0.762527 0.622660
vn -0.109018 0.838747 0.533496
vn -0.558594 0.610248 0.561757
vn -0.095025 -0.994174 -0.050868
vn -0.679640 -0.713725 0.169370
vn 0.420152 -0.838564 -0.346819
vn 0.391289 -0.903479 -0.174982
vn -0.889189 0.376585 -0.259859
vn -0.909933 0.370435 -0.186548
vn -0.975055 0.112545 0.191312
vn -0.923555 0.379882 0.052312
vn -0.840153 0.522988 -0.143618
vn -0.944504 0.213624 -0.249555
vn -0.966941 0.172017 -0.188242
vn -0.756123 -0.038115 0.653319
vn -0.708820 0.516559 0.480356
vn 0.040808 0.817879 0.573941
vn -0.365579 -0.575539 0.731510
vn -0.261306 -0.963706 -0.054679
vn -0.095266 -0.972798 0.211159
vn -0.106508 -0.232557 0.966733
vn -0.119154 -0.758784 0.640350
vn -0.064541 0.047301 0.996793
vn -0.536525 -0.102154 0.837679
vn -0.027833 -0.894941 0.445315
vn -0.077226 0.013409 0.996923
vn 0.460461 -0.454437 0.762537
vn -0.042065 -0.997319 0.059874
vn -0.738137 -0.650475 -0.178987
vn -0.315992 0.861057 0.398408
vn -0.897143 -0.046657 0.439269
vn -0.926404 -0.293421 0.235966
vn -0.455489 -0.771214 0.444701
vn -0.451443 0.775678 0.441047
vn 0.167009 -0.445302 0.879667
vn 0.929549 -0.140857 0.340732
vn 0.972233 -0.168449 0.162443
vn 0.998635 -0.030878 0.042119
vn 0.893396 -0.090134 0.440136
vn 0.761576 0.390194 -0.517446
vn 0.489652 0.013155 -0.871818
vn 0.900892 0.098940 -0.422616
vn 0.960416 0.242599 -0.136916
vn 0.999980 0.005218 0.003582
vn 0.966050 0.038155 0.255523
vn 0.846891 -0.128718 0.515952
vn 0.958229 -0.115248 0.261753
vn 0.851595 -0.205786 0.482119
vn 0.865655 -0.053518 0.497773
vn 0.985124 -0.083945 0.149947
vn 0.970308 -0.165615 -0.176277
vn 0.987585 0.121790 0.099217
vn 0.986795 0.061881 0.149690
vn 0.614283 -0.267448 -0.742380
vn 0.855882 0.244894 -0.455513
vn 0.564110 -0.424470 0.708240
vn 0.594440 -0.397188 0.699202
vn 0.457287 -0.356742 0.814631
vn -0.355014 -0.490238 0.796010
vn 0.263694 -0.176132 0.948390
vn 0.839620 -0.109350 0.532054
vn 0.752486 0.599804 -0.272031
vn 0.834623 0.549701 0.035123
vn 0.599952 0.667638 0.440814
vn 0.571245 0.795848 0.200759
vn 0.349074 0.539920 0.765920
vn -0.166475 0.518037 0.839002
vn 0.864101 0.465489 -0.191441
vn 0.714233 0.568703 0.407982
vn 0.300616 0.730951 0.612650
vn 0.238236 0.871113 0.429424
vn -0.239229 0.867207 0.436718
vn -0.594275 -0.781092 -0.191660
vn -0.639735 -0.568336 -0.517430
vn -0.432351 -0.821966 -0.370736
vn -0.408002 -0.909841 0.075651
vn 0.955719 0.206773 0.209393
vn 0.929576 0.095428 0.356063
vn 0.867714 0.054717 0.494042
vn 0.812164 0.456450 0.363377
vn -0.124466 -0.898607 0.420730
vn 0.592185 -0.429080 0.682061
vn 0.745437 -0.275777 0.606853
vn 0.560526 -0.663761 0.495208
vn 0.915611 0.384477 0.117616
vn 0.937243 0.345280 0.048557
vn 0.860386 0.501711 -0.089562
vn 0.817049 0.562475 -0.126701
vn 0.891044 0.438163 -0.118547
vn 0.934795 0.054550 0.350973
vn 0.829658 -0.059750 0.555066
vn 0.601967 -0.158235 0.782686
vn 0.034797 -0.529261 0.847745
vn 0.073841 -0.946769 -0.313330
vn 0.251355 -0.949815 0.186206
vn 0.676727 0.547865 0.491817
vn 0.861639 0.443592 -0.246586
vn 0.966277 0.257204 0.012426
vn 0.323452 0.676759 0.661344
vn 0.295218 0.684249 0.666821
vn 0.450152 0.528779 0.719553
vn 0.804817 0.282814 0.521810
vn 0.122026 -0.987849 0.096248
vn -0.544403 -0.613149 -0.572427
vn -0.676961 -0.642854 -0.358416
vn -0.485454 -0.870955 -0.075969
vn 0.910705 0.341530 -0.232322
vn 0.953737 0.286535 -0.091011
vn 0.960536 0.016655 0.277655
vn 0.962690 0.238308 0.128211
vn 0.887256 0.438724 -0.142472
vn 0.981249 0.180954 -0.066384
vn 0.976774 0.148452 -0.154517
vn 0.671056 -0.030197 0.740792
vn 0.836403 0.128429 0.532856
vn 0.027894 0.931365 0.363016
vn 0.148966 0.573510 0.805541
vn 0.575021 -0.794528 -0.195130
vn 0.522730 0.306506 0.795492
vn 0.197230 -0.774299 0.601300
vn 0.826569 -0.033720 0.561825
vn 0.546681 -0.836337 0.040995
vn 0.192413 -0.878992 0.436291
vn 0.032832 0.860944 0.507639
vn -0.882667 0.246162 0.400379
vn -0.973284 -0.009282 0.229417
vn -0.936772 -0.344707 -0.060295
vn -0.831351 -0.554123 -0.042475
vn -0.970786 -0.238535 0.025979
vn -0.367425 -0.826786 -0.425939
vn -0.791100 -0.460540 -0.402571
vn -0.114615 -0.838934 -0.532027
vn -0.496234 -0.576650 -0.649019
vn -0.127564 -0.952063 -0.278037
vn -0.852292 -0.480284 0.207185
vn 0.353652 0.935348 0.007401
vn 0.759967 -0.323958 -0.563472
vn 0.644427 0.623004 -0.443373
vn -0.140002 0.861365 0.488313
vn -0.393450 -0.919260 -0.012564
vn -0.489265 0.226497 0.842210
vn 0.861540 0.506643 0.032593
vn -0.164193 0.428010 0.888734
vn -0.095815 0.992388 0.077365
vn -0.010640 0.318968 0.947706
vn 0.032702 0.683348 0.729360
vn -0.140017 0.693869 0.706357
vn -0.127757 0.634544 0.762254
vn 0.060763 0.602958 0.795456
vn -0.292132 0.760417 0.580021
vn -0.383679 0.618510 0.685737
vn -0.356018 0.856507 0.373693
vn -0.397101 0.822319 0.407556
vn -0.230928 0.897042 0.376812
vn 0.036898 0.933044 0.357866
vn 0.097966 0.841513 0.531281
vn -0.035904 0.822154 0.568132
vn 0.147234 -0.539832 -0.828796
vn 0.003685 -0.240061 -0.970751
vn 0.207429 -0.661987 -0.720240
vn 0.212095 -0.712091 -0.669285
vn 0.189142 -0.821536 -0.537870
vn -0.371786 -0.623711 0.687575
vn 0.373557 -0.860772 -0.345726
vn 0.371506 -0.891036 -0.260843
vn 0.284554 -0.903639 -0.320102
vn 0.144259 -0.900339 -0.410583
vn -0.439417 -0.838363 -0.322585
vn -0.663453 -0.611396 -0.431307
vn -0.848881 -0.421403 -0.319094
vn -0.272239 0.860585 0.430440
vn -0.146017 0.829455 0.539151
vn -0.338443 0.903370 0.263399
vn -0.189727 0.947662 0.256788
vn 0.213187 0.886904 0.409821
vn 0.482379 0.687907 0.542305
vn 0.383648 0.786533 0.483922
vn 0.591373 0.203216 0.780373
vn 0.579081 0.434563 0.689798
vn 0.231603 0.112598 0.966272
vn 0.276034 0.396775 0.875428
vn 0.438177 0.522192 0.731653
vn 0.560741 0.093679 0.822675
vn -0.385448 0.439154 0.811525
vn 0.033508 0.412189 0.910482
vn -0.075794 -0.967606 -0.240818
vn 0.010673 -0.955957 -0.293314
vn -0.208095 -0.931256 -0.299097
vn -0.374019 -0.787579 -0.489723
vn -0.219410 -0.866157 -0.449034
vn 0.012738 -0.905625 -0.423888
vn 0.189825 -0.916328 -0.352576
vn 0.273060 -0.907660 -0.318735
vn 0.304835 -0.832336 -0.462918
vn 0.185140 -0.729526 -0.658419
vn 0.097556 -0.657597 -0.747027
vn 0.165031 -0.825733 -0.539379
vn -0.081882 -0.777456 -0.623584
vn -0.390465 -0.722883 -0.570067
vn -0.377409 -0.877128 -0.297000
vn -0.127117 -0.977743 -0.166913
vn 0.027243 -0.998274 -0.052023
vn 0.046468 -0.681878 -0.729988
vn -0.081372 -0.835728 -0.543081
vn 0.328911 -0.508709 -0.795634
vn -0.090150 -0.439702 -0.893608
vn 0.500450 -0.675930 -0.540989
vn -0.027377 -0.679039 -0.733591
vn 0.191781 0.761216 0.619492
vn -0.129036 0.666564 0.734195
vn 0.028978 0.634479 0.772397
vn -0.085522 0.500621 0.861432
vn -0.312559 0.500496 0.807348
vn 0.231907 0.739809 0.631587
vn -0.989076 -0.042750 0.141070
vn -0.769664 0.513986 0.378729
vn -0.312331 0.547036 0.776660
vn -0.913588 0.404642 0.040271
vn -0.794778 -0.186235 -0.577620
vn -0.707273 0.499060 0.500702
vn -0.898318 0.318261 0.302877
vn -0.965629 0.154886 -0.208738
vn -0.962716 -0.059496 -0.263890
vn -0.796677 0.109250 0.594450
vn -0.988628 0.123307 0.086077
vn -0.983163 0.061906 0.171927
vn -0.998089 0.059462 0.016840
vn -0.983994 -0.037758 0.174153
vn -0.969729 0.035463 0.241594
vn -0.917500 0.179966 0.354693
vn -0.995966 -0.086472 -0.023961
vn 0.028536 0.768108 0.639684
vn 0.431459 -0.872489 -0.229360
vn -0.653014 0.529936 0.541055
vn -0.603624 0.546982 0.580042
vn -0.263994 0.578448 0.771819
vn -0.199722 0.459333 0.865520
vn -0.374003 0.462674 0.803775
vn -0.021009 0.030259 0.999321
vn -0.439383 -0.085854 0.894188
vn 0.016386 -0.988852 -0.148000
vn 0.260854 0.461038 -0.848174
vn 0.032761 0.998774 0.037099
vn -0.063012 0.745522 0.663496
vn 0.134856 0.582969 -0.801225
vn -0.185068 0.392697 0.900855
vn -0.244389 0.879521 0.408310
vn -0.152280 0.916735 0.369335
vn -0.387398 0.563075 0.729979
vn -0.169540 -0.057525 0.983843
vn -0.346130 0.698402 0.626441
vn -0.634677 0.256365 0.729015
vn -0.184738 0.381232 0.905833
vn -0.302125 0.906762 0.294113
vn -0.031986 -0.977250 -0.209666
vn -0.010994 0.975045 0.221737
vn 0.109235 0.620040 -0.776929
vn -0.131791 0.832649 -0.537891
vn -0.076558 -0.830539 -0.551674
vn -0.582918 0.049626 0.811014
vn -0.269190 0.590831 0.760563
vn -0.054200 -0.952148 -0.300794
vn -0.208751 0.610695 0.763855
vn -0.043262 0.863590 0.502336
vn -0.137953 -0.225079 0.964525
vn -0.119129 0.655312 0.745905
vn -0.043783 0.025812 -0.998708
vn -0.031205 0.261599 -0.964672
vn -0.323057 -0.191676 0.926765
vn 0.009298 0.904959 -0.425398
vn -0.213835 0.364201 0.906439
vn 0.349311 -0.918112 0.187222
vn 0.019997 0.983847 0.177889
vn -0.069424 -0.411844 -0.908606
vn -0.002317 0.811375 -0.584521
vn -0.103089 0.142755 0.984375
vn 0.027960 0.994452 0.101410
vn -0.194091 -0.930211 0.311506
vn -0.039138 -0.965386 0.257872
vn -0.077557 -0.671582 -0.736860
vn -0.062360 -0.211529 -0.975380
vn -0.309494 -0.523750 0.793662
vn -0.429524 -0.415805 0.801632
vn 0.005186 0.875025 -0.484050
vn -0.318245 0.070820 0.945360
vn -0.222903 0.384795 0.895682
vn -0.711018 0.191297 0.676653
vn -0.104032 0.778058 0.619519
vn -0.063772 0.028870 0.997547
vn -0.014817 0.588040 -0.808696
vn -0.064867 0.673485 0.736349
vn -0.141665 -0.853203 -0.501971
vn -0.106270 0.717523 0.688381
vn -0.080412 -0.807629 -0.584183
vn -0.251482 -0.236973 0.938403
vn -0.359593 -0.597361 0.716835
vn 0.049684 -0.906234 0.419846
vn -0.140414 0.642369 0.753423
vn -0.112411 0.212438 0.970687
vn -0.750775 -0.298454 0.589290
vn -0.493775 -0.174527 0.851896
vn -0.019312 0.460130 -0.887642
vn 0.006799 0.963567 -0.267381
vn 0.020033 0.989792 -0.141102
vn -0.244063 0.621686 0.744271
vn -0.097531 0.674057 0.732212
vn 0.029693 -0.984220 0.174438
vn -0.167594 -0.606539 0.777189
vn -0.195582 -0.060325 0.978830
vn 0.006926 0.963772 0.266636
vn -0.000879 -0.978410 0.206674
vn 0.038597 0.998676 -0.034018
vn -0.012361 0.931620 0.363224
vn -0.029256 -0.995724 -0.087624
vn -0.002775 -0.973453 0.228872
vn 0.065148 -0.986622 0.149444
vn -0.793956 -0.250072 0.554165
vn 0.301545 -0.948914 0.092911
vn -0.007126 0.707586 -0.706592
vn 0.054080 -0.900488 0.431506
vn 0.184281 0.633301 0.751645
vn 0.992711 0.113156 0.041481
vn 0.892494 0.358314 0.273979
vn 0.575104 -0.800091 -0.170618
vn 0.983747 -0.141997 -0.109904
vn 0.285180 -0.850943 -0.441100
vn 0.839387 -0.322157 -0.437772
vn -0.026682 -0.883961 -0.466798
vn 0.618410 -0.513500 -0.594883
vn -0.422517 -0.877428 0.227154
vn -0.373440 -0.914326 0.156686
vn -0.055825 -0.879925 -0.471821
vn 0.743595 -0.575716 -0.340027
vn -0.178313 0.811370 0.556672
vn -0.098398 -0.993402 -0.058904
vn -0.472869 0.678772 0.561839
vn -0.557354 0.657111 0.507505
vn 0.071911 0.915458 0.395937
vn -0.940526 0.306743 -0.146011
vn 0.012247 -0.883825 -0.467658
vn 0.657945 0.510260 0.553844
vn -0.048244 -0.848576 0.526870
vn 0.547216 -0.832812 -0.083540
vn 0.468249 0.514626 0.718264
vn 0.251279 -0.936397 0.244988
vn 0.243873 0.398889 0.883976
vn -0.609572 0.638030 0.470469
vn -0.922330 0.385750 0.022430
vn 0.322380 0.664428 0.674246
vn 0.244295 0.700324 0.670720
vn -0.403650 0.804542 0.435636
vn 0.001986 -0.758385 0.651804
vn 0.032332 -0.700836 0.712589
vn -0.556180 -0.026469 0.830640
vn -0.526731 0.068637 0.847256
vn 0.363499 0.769290 0.525415
vn -0.631086 -0.700496 0.333220
vn -0.540869 -0.764823 0.350009
vn 0.220927 0.826821 0.517261
vn 0.266088 0.719271 0.641753
vn -0.159934 -0.487240 0.858498
vn -0.598134 -0.394931 0.697328
vn -0.387230 -0.701761 0.597984
vn 0.924451 -0.350757 -0.149534
vn 0.201818 0.797832 0.568097
vn -0.831654 -0.410527 0.373923
vn -0.872889 0.411300 0.262481
vn 0.276085 0.861103 0.426942
vn -0.091973 0.941360 0.324627
vn -0.006246 0.870766 0.491659
vn -0.090414 0.904038 0.417781
vn -0.573159 -0.628432 0.525891
vn -0.003640 0.748477 0.663151
vn 0.219495 0.702425 0.677068
vn -0.207215 -0.598013 -0.774236
vn 0.127945 0.750085 0.648847
vn -0.769976 0.239687 0.591343
vn -0.663611 0.292884 0.688359
vn -0.350743 -0.617678 -0.703885
vn -0.208424 -0.737876 -0.641949
vn -0.308195 -0.831725 -0.461790
vn 0.466566 -0.810854 0.353317
vn -0.719575 0.686219 -0.106373
vn -0.768201 -0.640067 -0.013504
vn -0.837977 -0.448743 0.310521
vn -0.702762 -0.652435 0.283645
vn -0.759954 -0.554221 0.339572
vn -0.295386 -0.880209 -0.371455
vn -0.295859 -0.858913 -0.418015
vn -0.862396 0.479216 0.163171
vn -0.363151 -0.876785 -0.315228
vn -0.730503 0.472339 0.493215
vn -0.632807 0.543960 0.551056
vn -0.203309 -0.896975 -0.392558
vn -0.139210 -0.902883 -0.406723
vn -0.250258 -0.968025 -0.017264
vn 0.434775 0.181302 -0.882100
vn 0.949187 0.310812 0.049398
vn 0.397569 0.811734 0.427817
vn 0.338376 0.765843 0.546796
vn 0.358049 0.862709 0.357119
vn -0.601424 0.166677 0.781350
vn 0.068539 0.928634 0.364611
vn -0.229201 0.852583 0.469648
vn -0.495909 0.626587 0.601218
vn -0.239470 -0.944179 0.226232
vn -0.369227 0.762658 0.531059
vn -0.627881 -0.168912 0.759759
vn -0.612765 0.306522 0.728398
vn 0.217234 -0.011461 0.976052
vn -0.066218 0.107081 0.992043
vn -0.440661 0.257877 0.859836
vn -0.157710 -0.840475 0.518390
vn -0.582271 -0.631530 0.511987
vn -0.369575 -0.302057 0.878735
vn 0.559714 0.298080 0.773220
vn 0.285568 0.287715 0.914151
vn 0.081818 -0.944946 -0.316832
vn 0.288568 -0.847380 0.445731
vn 0.246371 -0.917177 0.313189
vn 0.189590 -0.891172 -0.412151
vn 0.336838 -0.847711 -0.409787
vn 0.104267 -0.936996 -0.333418
vn -0.110637 -0.898307 -0.425211
vn -0.146172 -0.838788 -0.524470
vn -0.294735 -0.860303 -0.415945
vn 0.147400 -0.895750 0.419411
vn -0.429260 -0.601780 0.673496
vn -0.024381 -0.828348 0.559683
vn -0.414369 -0.809292 -0.416347
vn 0.329042 0.408959 0.851167
vn 0.208119 0.790022 -0.576673
vn 0.271342 -0.797211 0.539285
vn -0.291162 -0.956596 -0.012218
vn 0.292633 -0.153079 0.943892
vn -0.313255 -0.742893 -0.591593
vn 0.161351 -0.821423 0.547019
vn -0.376733 -0.691235 -0.616657
vn 0.266829 -0.436334 0.859311
vn -0.179025 -0.806521 -0.563448
vn 0.158303 -0.878510 0.450734
vn 0.048860 -0.835617 -0.547135
vn 0.430738 -0.745773 -0.508220
vn 0.282994 0.501066 0.817831
vn 0.291540 -0.136284 0.946800
vn 0.471406 -0.822138 -0.319165
vn -0.255347 -0.821267 0.510214
vn 0.271286 -0.948705 -0.162369
vn -0.661884 -0.191620 0.724701
vn -0.236209 0.138637 0.961761
vn -0.761397 0.254006 0.596452
vn -0.078661 -0.676935 -0.731828
vn -0.875160 0.249324 0.414648
vn -0.437109 -0.443542 -0.782436
vn -0.193601 0.585190 0.787446
vn -0.218419 0.675349 0.704412
vn 0.112810 -0.525115 0.843521
vn -0.511012 -0.654220 -0.557551
vn -0.026387 0.674275 0.738008
vn 0.244822 0.496089 0.833041
vn 0.067333 0.380973 0.922131
vn 0.559226 0.231121 0.796147
vn -0.300053 -0.197024 0.933354
vn -0.431806 0.887280 0.162106
vn -0.323748 -0.138169 0.936000
vn -0.568930 -0.065112 0.819804
vn 0.833670 0.122523 0.538500
vn -0.451121 0.867213 0.210789
vn -0.127856 0.637754 0.759554
vn 0.981468 -0.065864 -0.179952
vn 0.917365 0.282530 0.280389
vn 0.645188 0.399077 0.651514
vn 0.948606 0.280248 -0.146992
vn -0.737225 0.097636 0.668556
vn 0.890034 -0.066044 -0.451084
vn -0.048587 0.509695 0.858982
vn 0.037711 0.130604 0.990717
vn -0.541863 0.226906 0.809258
vn 0.887233 0.323144 0.329235
vn -0.035240 0.145196 0.988775
vn -0.342374 0.895303 -0.284978
vn 0.991588 0.122935 0.040511
vn 0.957893 0.125876 -0.258062
vn 0.933231 0.009469 -0.359152
vn 0.833994 -0.384336 0.395904
vn -0.108842 -0.910674 0.398529
vn 0.976024 -0.024668 -0.216260
vn 0.228023 0.106708 0.967791
vn 0.066955 0.257705 0.963901
vn 0.997035 -0.020531 -0.074166
vn -0.371840 0.910385 -0.181480
vn -0.036545 0.587006 0.808758
vn -0.380731 -0.218782 0.898431
vn -0.975085 -0.108484 0.193496
vn -0.635295 -0.651142 0.415228
vn -0.503193 0.270152 0.820862
vn 0.982602 -0.011950 -0.185336
vn 0.993112 -0.087812 -0.077568
vn 0.980358 -0.111841 -0.162448
vn -0.457462 0.818141 0.348387
vn 0.991247 0.065325 -0.114723
vn 0.987517 -0.004401 0.157452
vn -0.401972 0.908160 0.116894
vn -0.104146 0.460705 0.881422
vn -0.590214 -0.793847 0.146472
vn 0.261212 0.399286 0.878828
vn 0.458343 0.652307 0.603670
vn -0.884562 0.348206 0.310327
vn -0.773042 0.535942 0.339369
vn -0.387632 0.920579 -0.047715
vn 0.210725 0.126078 0.969381
vn -0.658159 0.499792 0.563058
vn -0.216651 0.914399 -0.341960
vn 0.245217 0.589333 0.769776
vn -0.065577 0.645003 0.761361
vn 0.311868 0.578464 0.753736
vn -0.144104 0.455124 0.878690
vn -0.508217 -0.057244 0.859324
vn 0.287970 0.024257 0.957332
vn -0.993246 0.105682 -0.047898
vn -0.495624 0.775957 0.390189
vn -0.717280 0.696740 0.007896
vn -0.460863 0.845556 0.269519
vn -0.833950 0.541925 -0.104141
vn -0.888662 0.442799 -0.119201
vn 0.124744 0.177285 0.976222
vn -0.374222 -0.059865 0.925405
vn -0.382641 0.922426 0.052118
vn -0.058638 0.493580 0.867722
vn 0.005127 0.916411 -0.400206
vn -0.314064 0.038966 0.948602
vn -0.848628 0.520163 -0.096236
vn 0.089604 -0.876128 0.473679
vn -0.398363 0.104331 0.911275
vn -0.125176 0.980349 0.152472
vn -0.144698 -0.402899 0.903734
vn -0.007484 -0.293368 0.955970
vn -0.582692 0.130686 0.802117
vn -0.113270 -0.343819 0.932179
vn -0.211597 -0.419106 0.882936
vn -0.289220 0.935337 0.203709
vn -0.133856 -0.482636 0.865531
vn -0.127261 0.966840 0.221414
vn -0.106783 -0.298115 0.948538
vn -0.338725 0.920839 0.193185
vn -0.331169 -0.674837 0.659487
vn -0.039819 -0.560032 0.827514
vn -0.249602 -0.621474 0.742609
vn 0.024911 -0.415689 0.909165
vn -0.768343 0.588066 0.252641
vn -0.572374 0.808543 0.136549
vn 0.342505 -0.939324 -0.018976
vn 0.337326 -0.937243 -0.088242
vn -0.392490 0.699100 0.597671
vn -0.249715 -0.750422 0.611971
vn 0.770145 0.578196 0.269381
vn -0.206405 0.676289 0.707128
vn -0.351974 -0.326067 0.877379
vn 0.886640 0.400244 0.231677
vn 0.358615 0.699528 0.618107
vn 0.750868 0.635469 0.179933
vn -0.113838 -0.697384 0.707599
vn -0.326017 -0.406280 0.853610
vn 0.807172 -0.179826 0.562259
vn 0.842572 0.128223 0.523098
vn 0.754345 -0.596207 0.274774
vn 0.316198 -0.947280 0.051774
vn -0.429368 0.769465 0.472829
vn 0.291958 -0.030816 0.955934
vn 0.670269 -0.511424 0.537760
vn 0.113789 -0.867719 0.483855
vn -0.055915 -0.307789 0.949810
vn -0.424173 0.789234 0.444057
vn 0.896922 0.234566 0.374846
vn 0.911369 0.367508 0.185320
vn 0.170284 -0.734397 0.657012
vn -0.710522 0.450080 0.540912
vn -0.711388 0.347376 0.610948
vn 0.847772 0.258575 0.463056
vn 0.002699 0.560296 0.828288
vn 0.639869 -0.738389 0.212955
vn 0.881305 -0.186948 0.433995
vn 0.851944 -0.413530 0.321223
vn 0.707491 -0.608987 0.358596
vn 0.207776 0.805430 0.555079
vn 0.879016 0.062551 -0.472672
vn 0.979455 0.197719 0.039686
vn 0.561598 -0.827404 -0.003159
vn 0.846134 0.192036 0.497171
vn 0.022531 -0.780270 0.625037
vn 0.505376 -0.762399 0.404158
vn -0.458987 -0.598282 0.656802
vn -0.456923 -0.683550 0.569192
vn -0.362990 -0.647877 0.669696
vn -0.221423 -0.273292 0.936100
vn -0.182218 -0.598069 0.780455
vn -0.190598 0.896202 0.400617
vn -0.604549 -0.766532 0.216678
vn -0.382182 -0.813036 0.439215
vn -0.806629 -0.546461 0.225234
vn -0.275016 0.485403 0.829910
vn -0.126621 -0.991791 0.017837
vn -0.733104 -0.583667 0.349128
vn -0.407447 -0.549645 0.729299
vn -0.151689 0.905768 0.395696
vn 0.110234 -0.387412 0.915292
vn 0.051068 -0.850205 0.523968
vn -0.044468 -0.032331 0.998487
vn 0.779433 0.498807 0.379047
vn 0.816628 0.549516 0.176498
vn 0.406832 0.481083 0.776561
vn 0.338443 0.461254 0.820184
vn -0.286692 -0.396460 0.872139
vn 0.154448 0.025115 0.987682
vn 0.449757 0.886717 0.107008
vn 0.113813 0.044014 0.992527
vn 0.411210 0.176838 0.894223
vn 0.457404 0.880244 0.126302
vn 0.642527 0.336383 0.688481
vn 0.365010 -0.436312 0.822435
vn -0.585834 -0.030860 0.809844
vn 0.965539 0.042930 0.256692
vn -0.300307 0.033167 0.953266
vn 0.347619 0.903963 -0.249024
vn -0.098130 -0.809929 0.578261
vn -0.121421 0.228352 0.965977
vn 0.145447 0.367048 0.918761
vn 0.375381 0.914935 -0.148268
vn 0.057050 -0.090032 0.994304
vn 0.406971 0.285679 0.867619
vn 0.684801 -0.296066 0.665877
vn 0.146835 -0.837329 0.526611
vn 0.478722 0.654681 0.584994
vn 0.444206 0.873431 0.199499
vn 0.424680 0.901082 0.087737
vn -0.460537 -0.041362 0.886676
vn 0.810122 0.581984 0.070689
vn 0.679013 0.729939 0.078290
vn 0.392564 0.919262 -0.029172
vn -0.441350 -0.156533 0.883577
vn 0.689163 0.721401 0.068078
vn 0.235669 0.916059 -0.324494
vn 0.247156 0.326153 0.912435
vn 0.279098 0.043233 0.959289
vn -0.301191 0.025286 0.953229
vn 0.815776 0.215406 0.536759
vn -0.461931 0.094993 0.881814
vn -0.059489 0.601346 0.796771
vn 0.455011 0.877166 0.153441
vn 0.271973 0.776433 0.568491
vn 0.674069 0.564180 0.476793
vn -0.479085 -0.167873 0.861566
vn 0.294877 0.184510 0.937552
vn 0.399075 0.915678 0.047683
vn 0.349987 0.410820 0.841865
vn 0.445735 0.768502 0.459048
vn -0.236823 -0.683916 0.690053
vn 0.103044 0.026549 0.994322
vn -0.360778 -0.099345 0.927345
vn -0.419350 -0.062284 0.905686
vn 0.003850 0.407345 0.913266
vn -0.158402 -0.236115 0.958728
vn -0.192414 -0.172468 0.966039
vn 0.323135 0.933502 0.155429
vn -0.251091 -0.083086 0.964391
vn 0.111967 0.973342 0.200171
vn -0.357644 0.000800 0.933858
vn 0.098473 0.976112 0.193671
vn -0.170931 -0.585428 0.792500
vn -0.217501 -0.633681 0.742389
vn -0.270041 -0.456967 0.847501
vn 0.148869 0.891709 0.427425
vn 0.328535 0.928940 0.170693
vn -0.113980 -0.024945 0.993170
vn -0.095741 -0.090211 0.991310
vn -0.203924 0.010416 0.978931
vn -0.384630 0.005503 0.923055
vn -0.558902 0.011402 0.829155
vn -0.601687 0.008455 0.798687
vn -0.201202 0.028846 0.979125
vn -0.380426 0.072130 0.921994
vn -0.550272 0.110550 0.827635
vn -0.588685 0.119046 0.799548
vn -0.188740 0.067977 0.979672
vn -0.359101 0.145186 0.921937
vn -0.519290 0.208166 0.828858
vn -0.558544 0.221175 0.799443
vn -0.168927 0.110592 0.979405
vn -0.320715 0.214171 0.922644
vn -0.466778 0.302595 0.830996
vn -0.503791 0.323427 0.800993
vn -0.148122 0.137733 0.979331
vn -0.277356 0.264358 0.923682
vn -0.398792 0.386114 0.831794
vn -0.427670 0.423823 0.798419
vn -0.130650 0.152425 0.979641
vn -0.224595 0.311707 0.923253
vn -0.311289 0.461160 0.830922
vn -0.335826 0.502704 0.796561
vn -0.087755 0.174593 0.980722
vn -0.152431 0.355169 0.922290
vn -0.215035 0.512999 0.831018
vn -0.233174 0.559902 0.795072
vn -0.022326 0.195092 0.980531
vn -0.068334 0.379104 0.922827
vn -0.105863 0.545478 0.831413
vn -0.116778 0.596134 0.794347
vn 0.006200 0.199757 0.979826
vn 0.007123 0.386376 0.922314
vn 0.006276 0.555922 0.831211
vn 0.004280 0.605383 0.795923
vn 0.030493 0.196072 0.980115
vn 0.075037 0.379565 0.922117
vn 0.108869 0.546304 0.830481
vn 0.120356 0.591583 0.797210
vn 0.078222 0.183493 0.979904
vn 0.147194 0.357638 0.922187
vn 0.212125 0.515202 0.830403
vn 0.231951 0.557827 0.796886
vn 0.119727 0.160048 0.979822
vn 0.219973 0.317313 0.922456
vn 0.314944 0.460084 0.830140
vn 0.338657 0.500384 0.796824
vn 0.141039 0.144082 0.979463
vn 0.280901 0.269573 0.921100
vn 0.400794 0.388875 0.829542
vn 0.431466 0.420895 0.797925
vn 0.165084 0.111490 0.979958
vn 0.326123 0.216024 0.920314
vn 0.468370 0.307122 0.828436
vn 0.505882 0.328524 0.797594
vn 0.196835 0.054070 0.978945
vn 0.364589 0.142397 0.920216
vn 0.519027 0.210303 0.828483
vn 0.559922 0.227564 0.796682
vn 0.206082 0.022286 0.978281
vn 0.383619 0.062496 0.921374
vn 0.551353 0.104306 0.827726
vn 0.592094 0.114084 0.797753
vn 0.208194 -0.012371 0.978009
vn 0.388189 -0.005582 0.921563
vn 0.561206 -0.004796 0.827662
vn 0.601175 -0.004566 0.799105
vn 0.202827 -0.046537 0.978108
vn 0.380436 -0.072580 0.921955
vn 0.551849 -0.109834 0.826679
vn 0.594860 -0.122166 0.794492
vn 0.189403 -0.082530 0.978425
vn 0.359959 -0.144471 0.921714
vn 0.520472 -0.213581 0.826736
vn 0.566432 -0.232387 0.790665
vn 0.174203 -0.110903 0.978445
vn 0.325396 -0.208081 0.922399
vn 0.470386 -0.308025 0.826957
vn 0.512126 -0.332721 0.791848
vn 0.164293 -0.122729 0.978747
vn 0.280531 -0.267049 0.921948
vn 0.403305 -0.390197 0.827703
vn 0.437344 -0.425587 0.792216
vn 0.133386 -0.150443 0.979579
vn 0.226171 -0.315344 0.921632
vn 0.319627 -0.459782 0.828516
vn 0.346965 -0.502261 0.792054
vn 0.100631 -0.172833 0.979797
vn 0.163875 -0.350726 0.922028
vn 0.227238 -0.510639 0.829223
vn 0.245139 -0.559216 0.791950
vn 0.062660 -0.185754 0.980596
vn 0.090302 -0.375682 0.922338
vn 0.118937 -0.545127 0.829874
vn 0.129916 -0.594777 0.793324
vn 0.013544 -0.192216 0.981259
vn 0.012778 -0.385097 0.922788
vn 0.011044 -0.556641 0.830680
vn 0.009071 -0.607054 0.794609
vn -0.034444 -0.187768 0.981609
vn -0.069205 -0.376480 0.923836
vn -0.100361 -0.547083 0.831040
vn -0.112816 -0.596996 0.794272
vn -0.078971 -0.173328 0.981693
vn -0.149408 -0.350563 0.924545
vn -0.212641 -0.512451 0.831972
vn -0.229213 -0.561970 0.794764
vn -0.127225 -0.143440 0.981447
vn -0.220117 -0.310604 0.924702
vn -0.311052 -0.458251 0.832618
vn -0.337991 -0.502861 0.795545
vn -0.162343 -0.112348 0.980318
vn -0.273174 -0.261630 0.925703
vn -0.394907 -0.388491 0.832540
vn -0.430935 -0.424418 0.796344
vn -0.172129 -0.098505 0.980137
vn -0.318951 -0.198025 0.926853
vn -0.466563 -0.301040 0.831681
vn -0.507051 -0.328585 0.796826
vn 0.002397 0.001774 0.999996
vn -0.185981 -0.073161 0.979826
vn -0.356907 -0.129157 0.925168
vn -0.518419 -0.199790 0.831460
vn -0.562535 -0.220657 0.796784
vn -0.199702 -0.025291 0.979530
vn -0.377003 -0.064315 0.923977
vn -0.548911 -0.094534 0.830518
vn -0.595206 -0.105182 0.796660
vn -0.593379 0.002569 0.804919
vn -0.700302 0.001243 0.713845
vn -0.832200 -0.000596 0.554476
vn -0.925619 0.003040 0.378444
vn -0.982163 0.003851 0.187992
vn -0.999983 0.004156 -0.004020
vn -0.980552 0.003263 -0.196231
vn -0.923602 0.002683 -0.383343
vn -0.831841 0.001915 -0.555010
vn -0.709032 0.001119 -0.705175
vn -0.560285 0.000285 -0.828300
vn -0.389653 -0.000558 -0.920962
vn -0.204434 -0.001372 -0.978879
vn -0.580879 0.116211 0.805651
vn -0.685008 0.132856 0.716320
vn -0.817819 0.158579 0.553195
vn -0.908974 0.181767 0.375135
vn -0.962686 0.193875 0.188808
vn -0.980483 0.196572 -0.003575
vn -0.961212 0.193245 -0.196793
vn -0.905686 0.181965 -0.382913
vn -0.816018 0.163494 -0.554422
vn -0.695910 0.138371 -0.704673
vn -0.549870 0.108493 -0.828174
vn -0.382558 0.074169 -0.920950
vn -0.200656 0.037449 -0.978946
vn -0.549623 0.219196 0.806144
vn -0.646237 0.264285 0.715913
vn -0.769278 0.322102 0.551780
vn -0.856397 0.356145 0.373824
vn -0.906515 0.377630 0.188750
vn -0.923287 0.384094 -0.003572
vn -0.905429 0.376247 -0.196563
vn -0.853543 0.353803 -0.382475
vn -0.769409 0.318119 -0.553904
vn -0.656444 0.270423 -0.704239
vn -0.518813 0.212501 -0.828056
vn -0.361070 0.146701 -0.920928
vn -0.189662 0.074351 -0.979030
vn -0.495615 0.329062 0.803793
vn -0.580326 0.394705 0.712341
vn -0.689353 0.469839 0.551402
vn -0.768726 0.517219 0.376225
vn -0.816095 0.546098 0.189118
vn -0.831573 0.555407 -0.002948
vn -0.815558 0.544444 -0.196078
vn -0.769134 0.512454 -0.381869
vn -0.693510 0.461008 -0.553639
vn -0.591954 0.392275 -0.704068
vn -0.467936 0.308426 -0.828196
vn -0.325760 0.213007 -0.921145
vn -0.171183 0.109169 -0.979172
vn -0.423341 0.427255 0.798897
vn -0.493214 0.501926 0.710500
vn -0.586067 0.592697 0.552482
vn -0.652507 0.656245 0.378916
vn -0.694057 0.694137 0.190939
vn -0.708133 0.706074 -0.002524
vn -0.694929 0.691916 -0.195771
vn -0.655510 0.651720 -0.381532
vn -0.591329 0.586574 -0.553409
vn -0.505012 0.499176 -0.704121
vn -0.399419 0.392831 -0.828341
vn -0.278383 0.271467 -0.921308
vn -0.146377 0.139570 -0.979334
vn -0.332447 0.500891 0.799117
vn -0.389804 0.587249 0.709360
vn -0.461648 0.693490 0.553129
vn -0.513281 0.769452 0.380113
vn -0.545979 0.815264 0.193008
vn -0.557721 0.830028 -0.001226
vn -0.547936 0.813392 -0.195345
vn -0.517011 0.766286 -0.381452
vn -0.466729 0.689818 -0.553458
vn -0.398767 0.587236 -0.704371
vn -0.315527 0.462178 -0.828755
vn -0.220287 0.319115 -0.921759
vn -0.116573 0.164178 -0.979518
vn -0.228006 0.557833 0.798020
vn -0.267631 0.651189 0.710160
vn -0.318819 0.769520 0.553347
vn -0.354285 0.853928 0.381168
vn -0.377664 0.905295 0.194448
vn -0.385837 0.922567 -0.000031
vn -0.379688 0.904361 -0.194855
vn -0.358681 0.851946 -0.381493
vn -0.324099 0.767114 -0.553620
vn -0.277043 0.652996 -0.704871
vn -0.219585 0.514015 -0.829199
vn -0.153927 0.355009 -0.922103
vn -0.081913 0.182639 -0.979762
vn -0.115174 0.592610 0.797213
vn -0.135479 0.690008 0.711009
vn -0.162669 0.816309 0.554237
vn -0.181666 0.905898 0.382552
vn -0.194345 0.961068 0.196413
vn -0.200344 0.979725 0.000875
vn -0.196507 0.961011 -0.194533
vn -0.186079 0.905447 -0.381498
vn -0.168518 0.815179 -0.554152
vn -0.144527 0.693800 -0.705517
vn -0.115326 0.545944 -0.829846
vn -0.081430 0.376984 -0.922633
vn -0.044424 0.193983 -0.979999
vn 0.000735 0.603611 0.797279
vn 0.000148 0.702539 0.711645
vn -0.001069 0.831650 0.555298
vn -0.002415 0.923511 0.383563
vn -0.003054 0.980064 0.198658
vn -0.003464 0.999992 0.001831
vn -0.004793 0.980715 -0.195384
vn -0.005275 0.924379 -0.381439
vn -0.005871 0.832089 -0.554611
vn -0.005981 0.708179 -0.706008
vn -0.006118 0.557197 -0.830358
vn -0.005921 0.384531 -0.923093
vn -0.005310 0.197843 -0.980219
vn 0.117470 0.589916 0.798874
vn 0.136205 0.688940 0.711906
vn 0.161000 0.815364 0.556113
vn 0.178436 0.905668 0.384612
vn 0.189397 0.961700 0.198145
vn 0.194210 0.980957 0.002578
vn 0.188257 0.962827 -0.193711
vn 0.176087 0.907386 -0.381632
vn 0.157490 0.816893 -0.554872
vn 0.132782 0.694927 -0.706715
vn 0.103238 0.546609 -0.831000
vn 0.069739 0.377111 -0.923539
vn 0.033568 0.193942 -0.980439
vn 0.231023 0.554315 0.799602
vn 0.268272 0.648583 0.712299
vn 0.317721 0.767964 0.556134
vn 0.353089 0.852687 0.385036
vn 0.374934 0.905662 0.197994
vn 0.381953 0.924177 0.003035
vn 0.374075 0.907191 -0.192540
vn 0.351519 0.854911 -0.381525
vn 0.315446 0.769818 -0.554865
vn 0.267102 0.654972 -0.706873
vn 0.208897 0.514965 -0.831368
vn 0.142877 0.354947 -0.923904
vn 0.071407 0.182481 -0.980613
vn 0.336069 0.497102 0.799967
vn 0.390908 0.582278 0.712842
vn 0.462155 0.690840 0.556015
vn 0.513572 0.767007 0.384634
vn 0.545656 0.814204 0.198322
vn 0.556111 0.831099 0.003810
vn 0.545366 0.815927 -0.191934
vn 0.512893 0.769314 -0.380915
vn 0.460765 0.692839 -0.554680
vn 0.391075 0.589201 -0.707038
vn 0.306589 0.462925 -0.831688
vn 0.209911 0.319152 -0.924164
vn 0.106392 0.163852 -0.980731
vn 0.427445 0.421703 0.799661
vn 0.496865 0.494245 0.713335
vn 0.588318 0.586835 0.556333
vn 0.653765 0.652021 0.384006
vn 0.694334 0.691877 0.198008
vn 0.708147 0.706053 0.004189
vn 0.695019 0.693092 -0.191238
vn 0.654470 0.653596 -0.380108
vn 0.588517 0.588423 -0.554442
vn 0.499802 0.500310 -0.707028
vn 0.392142 0.393085 -0.831691
vn 0.269287 0.270893 -0.924176
vn 0.136671 0.138847 -0.980838
vn 0.499928 0.327728 0.801665
vn 0.583587 0.386735 0.714046
vn 0.692125 0.460547 0.555751
vn 0.769658 0.510646 0.383233
vn 0.816697 0.542064 0.197922
vn 0.833076 0.553142 0.004354
vn 0.817608 0.543170 -0.191007
vn 0.770586 0.512010 -0.379530
vn 0.693235 0.460980 -0.554005
vn 0.588957 0.391923 -0.706771
vn 0.462188 0.307940 -0.831598
vn 0.317708 0.211871 -0.924214
vn 0.161786 0.108478 -0.980846
vn 0.554034 0.227237 0.800880
vn 0.648717 0.264166 0.713711
vn 0.769914 0.313779 0.555675
vn 0.855654 0.348882 0.382279
vn 0.907850 0.369798 0.197630
vn 0.925897 0.377745 0.004826
vn 0.908682 0.371695 -0.190106
vn 0.856413 0.350701 -0.378900
vn 0.770833 0.315604 -0.553362
vn 0.655158 0.268497 -0.706171
vn 0.514379 0.210655 -0.831288
vn 0.353842 0.144904 -0.924012
vn 0.180594 0.073690 -0.980793
vn 0.584447 0.119878 0.802528
vn 0.687811 0.141246 0.712016
vn 0.816435 0.162073 0.554226
vn 0.908086 0.175845 0.380078
vn 0.962695 0.184839 0.197617
vn 0.981654 0.190586 0.005767
vn 0.963990 0.186942 -0.189144
vn 0.908827 0.176273 -0.378102
vn 0.818220 0.158326 -0.552675
vn 0.695745 0.134208 -0.705640
vn 0.546537 0.104768 -0.830856
vn 0.376192 0.071488 -0.923780
vn 0.192167 0.035667 -0.980714
vn 0.592812 -0.005247 0.805324
vn 0.702601 -0.000665 0.711584
vn 0.834398 -0.004322 0.551146
vn 0.926516 -0.004814 0.376224
vn 0.980222 -0.005996 0.197810
vn 0.999962 -0.005160 0.007024
vn 0.982041 -0.005120 -0.188598
vn 0.925940 -0.004879 -0.377639
vn 0.833818 -0.004794 -0.552018
vn 0.709094 -0.004548 -0.705099
vn 0.557183 -0.004305 -0.830378
vn 0.383675 -0.003730 -0.923461
vn 0.195992 -0.003061 -0.980601
vn 0.582883 -0.131587 0.801831
vn 0.686338 -0.153551 0.710888
vn 0.815195 -0.175944 0.551816
vn 0.906599 -0.186867 0.378363
vn 0.960994 -0.194140 0.196977
vn 0.980039 -0.198702 0.006394
vn 0.962410 -0.196324 -0.187679
vn 0.907510 -0.185469 -0.376865
vn 0.817325 -0.167365 -0.551334
vn 0.695266 -0.142940 -0.704396
vn 0.546393 -0.113259 -0.829836
vn 0.376432 -0.078908 -0.923078
vn 0.192299 -0.041816 -0.980445
vn 0.558370 -0.231677 0.796586
vn 0.648401 -0.277888 0.708770
vn 0.766598 -0.324691 0.553989
vn 0.852199 -0.356060 0.383377
vn 0.905755 -0.374397 0.198583
vn 0.923940 -0.382509 0.004732
vn 0.906501 -0.377510 -0.189054
vn 0.854685 -0.357157 -0.376765
vn 0.769674 -0.322524 -0.550981
vn 0.654522 -0.275551 -0.704041
vn 0.514402 -0.217673 -0.829463
vn 0.354395 -0.151879 -0.922679
vn 0.180931 -0.079527 -0.980275
vn 0.507270 -0.329589 0.796271
vn 0.589677 -0.389598 0.707456
vn 0.694846 -0.458726 0.553858
vn 0.768900 -0.510881 0.384439
vn 0.815899 -0.543062 0.198475
vn 0.831931 -0.554863 0.004138
vn 0.816406 -0.545219 -0.190307
vn 0.769378 -0.515490 -0.377264
vn 0.692475 -0.465457 -0.551205
vn 0.588764 -0.397502 -0.703810
vn 0.462720 -0.313668 -0.829158
vn 0.318657 -0.217982 -0.922465
vn 0.162377 -0.114051 -0.980115
vn 0.433038 -0.423986 0.795433
vn 0.505285 -0.492045 0.708928
vn 0.594860 -0.582949 0.553454
vn 0.657796 -0.648726 0.382700
vn 0.696477 -0.690118 0.196616
vn 0.708650 -0.705554 0.002996
vn 0.695012 -0.693123 -0.191153
vn 0.654244 -0.654882 -0.378277
vn 0.588543 -0.590941 -0.551730
vn 0.500297 -0.504165 -0.703932
vn 0.392865 -0.398134 -0.828943
vn 0.270471 -0.276202 -0.922257
vn 0.137490 -0.143981 -0.979983
vn 0.342419 -0.497990 0.796716
vn 0.399478 -0.580062 0.709891
vn 0.469369 -0.688426 0.552958
vn 0.519545 -0.764185 0.382223
vn 0.549681 -0.812271 0.195105
vn 0.558891 -0.829240 0.001472
vn 0.547439 -0.814375 -0.192625
vn 0.514672 -0.768646 -0.379863
vn 0.462457 -0.693627 -0.552281
vn 0.392811 -0.591524 -0.704130
vn 0.308584 -0.466759 -0.828802
vn 0.211535 -0.324206 -0.922032
vn 0.107287 -0.168881 -0.979780
vn -0.004555 -0.002196 -0.999987
vn 0.241113 -0.553865 0.796930
vn 0.277415 -0.646979 0.710253
vn 0.326091 -0.766387 0.553459
vn 0.360394 -0.851187 0.381573
vn 0.380355 -0.904325 0.193717
vn 0.386293 -0.922376 0.000150
vn 0.377742 -0.905364 -0.193979
vn 0.355268 -0.853564 -0.381069
vn 0.318891 -0.769574 -0.553231
vn 0.270371 -0.656227 -0.704462
vn 0.212033 -0.517758 -0.828836
vn 0.144902 -0.359055 -0.922000
vn 0.072944 -0.187164 -0.979617
vn 0.129087 -0.589432 0.797438
vn 0.145977 -0.688584 0.710312
vn 0.170340 -0.815197 0.553568
vn 0.186840 -0.905721 0.380475
vn 0.196349 -0.961458 0.192472
vn 0.197763 -0.980249 -0.001157
vn 0.193953 -0.961518 -0.194588
vn 0.182301 -0.906129 -0.381702
vn 0.163265 -0.816205 -0.554214
vn 0.137718 -0.695777 -0.704932
vn 0.107289 -0.548895 -0.828977
vn 0.072456 -0.380659 -0.921873
vn 0.035071 -0.198364 -0.979501
vn 0.008224 -0.603040 0.797669
vn 0.006841 -0.703381 0.710780
vn 0.006731 -0.832733 0.553634
vn 0.005979 -0.925030 0.379847
vn 0.005218 -0.981654 0.190601
vn 0.004572 -0.999987 -0.002104
vn 0.003217 -0.980881 -0.194580
vn 0.001783 -0.923944 -0.382523
vn 0.000805 -0.831885 -0.554947
vn -0.000267 -0.708668 -0.705542
vn -0.001615 -0.558938 -0.829208
vn -0.002772 -0.387465 -0.921880
vn -0.003642 -0.202093 -0.979360
vn -0.112146 -0.591879 0.798187
vn -0.131863 -0.690405 0.711303
vn -0.157341 -0.817543 0.553955
vn -0.175760 -0.908157 0.379947
vn -0.186362 -0.963695 0.191211
vn -0.189490 -0.981878 -0.002982
vn -0.187553 -0.962360 -0.196693
vn -0.177996 -0.906150 -0.383679
vn -0.161527 -0.815593 -0.555623
vn -0.138350 -0.694461 -0.706105
vn -0.111111 -0.547546 -0.829366
vn -0.077924 -0.379933 -0.921726
vn -0.042853 -0.197899 -0.979285
vn -0.227932 -0.557339 0.798386
vn -0.265749 -0.650236 0.711738
vn -0.315163 -0.770350 0.554286
vn -0.350456 -0.855920 0.380239
vn -0.372197 -0.908139 0.191711
vn -0.379393 -0.925229 -0.003601
vn -0.372953 -0.906466 -0.198056
vn -0.351968 -0.853214 -0.384896
vn -0.317728 -0.767750 -0.556426
vn -0.271082 -0.653747 -0.706491
vn -0.214606 -0.515448 -0.829613
vn -0.150361 -0.357855 -0.921592
vn -0.080108 -0.186386 -0.979205
vn -0.334017 -0.499950 0.799051
vn -0.389026 -0.584227 0.712276
vn -0.460848 -0.692641 0.554858
vn -0.512316 -0.769964 0.380378
vn -0.544100 -0.816864 0.191542
vn -0.554515 -0.832163 -0.004127
vn -0.543866 -0.815214 -0.199088
vn -0.512695 -0.767162 -0.385495
vn -0.461838 -0.690490 -0.556712
vn -0.394073 -0.587771 -0.706563
vn -0.311134 -0.463479 -0.829688
vn -0.217280 -0.321656 -0.921589
vn -0.114668 -0.167923 -0.979108
vn -0.425800 -0.423361 0.799663
vn -0.496376 -0.495640 0.712707
vn -0.588343 -0.588059 0.555013
vn -0.654329 -0.653586 0.380366
vn -0.694568 -0.693539 0.191255
vn -0.707817 -0.706383 -0.004232
vn -0.693719 -0.692105 -0.199361
vn -0.653289 -0.651406 -0.385855
vn -0.588375 -0.586259 -0.556880
vn -0.501602 -0.499128 -0.706588
vn -0.396043 -0.393668 -0.829564
vn -0.275989 -0.273345 -0.921473
vn -0.145237 -0.142723 -0.979049
vn -0.501213 -0.328317 0.800620
vn -0.584648 -0.386791 0.713148
vn -0.693096 -0.460325 0.554724
vn -0.770403 -0.511821 0.380156
vn -0.817501 -0.543289 0.191124
vn -0.832951 -0.553329 -0.004526
vn -0.816307 -0.542162 -0.199255
vn -0.768510 -0.510573 -0.385626
vn -0.692013 -0.459551 -0.556715
vn -0.589685 -0.391695 -0.706290
vn -0.465595 -0.308652 -0.829431
vn -0.324095 -0.214594 -0.921364
vn -0.170273 -0.112365 -0.978969
vn -0.556763 -0.221089 0.800709
vn -0.649069 -0.262981 0.713828
vn -0.770069 -0.314679 0.554951
vn -0.855921 -0.350685 0.380025
vn -0.908477 -0.371753 0.190969
vn -0.925605 -0.378465 -0.004506
vn -0.906996 -0.371239 -0.198845
vn -0.853851 -0.350090 -0.385196
vn -0.768728 -0.315519 -0.556332
vn -0.655073 -0.268895 -0.706098
vn -0.517289 -0.212167 -0.829094
vn -0.359843 -0.148251 -0.921160
vn -0.189094 -0.077404 -0.978904
vn -0.586414 -0.111035 0.802365
vn -0.686880 -0.133950 0.714321
vn -0.816296 -0.159405 0.555203
vn -0.908099 -0.177387 0.379328
vn -0.963920 -0.186669 0.189772
vn -0.981947 -0.189104 -0.004450
vn -0.962340 -0.186582 -0.197709
vn -0.906220 -0.176727 -0.384099
vn -0.815916 -0.159710 -0.555674
vn -0.695310 -0.136294 -0.705669
vn -0.549168 -0.108208 -0.828677
vn -0.381895 -0.075804 -0.921092
vn -0.200310 -0.040465 -0.978897
vn -0.205823 0.006777 0.978566
vn -0.394425 0.016743 0.918775
vn -0.563589 0.021135 0.825785
vn -0.611973 0.021044 0.790599
vn -0.202320 0.056929 0.977664
vn -0.388885 0.084551 0.917398
vn -0.554034 0.112801 0.824816
vn -0.601748 0.120069 0.789609
vn -0.192466 0.080235 0.978018
vn -0.368937 0.138954 0.919009
vn -0.525564 0.203757 0.825994
vn -0.567230 0.219342 0.793813
vn -0.174361 0.111190 0.978384
vn -0.329773 0.209084 0.920616
vn -0.472579 0.304022 0.827188
vn -0.509448 0.327869 0.795591
vn -0.144293 0.145090 0.978840
vn -0.277158 0.273173 0.921173
vn -0.401373 0.390256 0.828613
vn -0.433634 0.423502 0.795367
vn -0.113095 0.171699 0.978636
vn -0.217189 0.320973 0.921849
vn -0.314577 0.460524 0.830036
vn -0.342370 0.500804 0.794970
vn -0.083464 0.186619 0.978881
vn -0.154211 0.354184 0.922373
vn -0.217651 0.512001 0.830953
vn -0.237143 0.556928 0.795986
vn -0.024234 0.200423 0.979410
vn -0.071251 0.376786 0.923556
vn -0.111327 0.544559 0.831301
vn -0.121656 0.591774 0.796871
vn 0.022694 0.206052 0.978278
vn 0.005201 0.382032 0.924134
vn -0.003548 0.553400 0.832908
vn -0.002907 0.603291 0.797516
vn 0.029784 0.206671 0.977957
vn 0.075031 0.371530 0.925384
vn 0.108686 0.541162 0.833865
vn 0.119940 0.592254 0.796774
vn 0.056731 0.200351 0.978080
vn 0.145830 0.353827 0.923872
vn 0.216263 0.509712 0.832721
vn 0.235288 0.555328 0.797653
vn 0.114267 0.168593 0.979040
vn 0.213299 0.319920 0.923122
vn 0.311936 0.459559 0.831566
vn 0.336463 0.499208 0.798489
vn 0.146441 0.144669 0.978584
vn 0.276051 0.271282 0.922064
vn 0.395452 0.390328 0.831422
vn 0.427835 0.423345 0.798584
vn 0.160316 0.129397 0.978547
vn 0.319024 0.219725 0.921924
vn 0.461165 0.311382 0.830884
vn 0.503189 0.333162 0.797373
vn 0.179306 0.099731 0.978725
vn 0.352047 0.162741 0.921726
vn 0.511993 0.221166 0.830029
vn 0.559569 0.236064 0.794454
vn 0.192210 0.060569 0.979483
vn 0.376782 0.089262 0.921991
vn 0.546573 0.115954 0.829344
vn 0.594421 0.126625 0.794122
vn 0.197083 0.008218 0.980352
vn 0.387658 0.003910 0.921795
vn 0.558085 0.002806 0.829779
vn 0.607486 0.003268 0.794324
vn 0.194694 -0.041121 0.980002
vn 0.379725 -0.080548 0.921586
vn 0.545772 -0.113153 0.830259
vn 0.597289 -0.121226 0.792811
vn 0.184285 -0.076498 0.979891
vn 0.360733 -0.148131 0.920831
vn 0.515508 -0.214280 0.829660
vn 0.561703 -0.232520 0.793993
vn 0.173376 -0.099618 0.979805
vn 0.327464 -0.206385 0.922048
vn 0.470472 -0.301907 0.829161
vn 0.508669 -0.334558 0.793301
vn 0.150820 -0.126703 0.980408
vn 0.281989 -0.264655 0.922193
vn 0.401390 -0.389764 0.828836
vn 0.435343 -0.427529 0.792272
vn 0.111010 -0.158673 0.981071
vn 0.220617 -0.315066 0.923072
vn 0.317383 -0.460873 0.828773
vn 0.345393 -0.503321 0.792068
vn 0.077770 -0.176648 0.981197
vn 0.153337 -0.352181 0.923285
vn 0.221411 -0.512106 0.829895
vn 0.241932 -0.559885 0.792463
vn 0.040663 -0.186439 0.981625
vn 0.080207 -0.373174 0.924288
vn 0.115009 -0.544008 0.831161
vn 0.126102 -0.595423 0.793454
vn 0.007654 -0.190582 0.981641
vn 0.002858 -0.381893 0.924202
vn 0.003592 -0.555343 0.831614
vn 0.004516 -0.605974 0.795472
vn -0.032248 -0.186543 0.981917
vn -0.073898 -0.373671 0.924613
vn -0.104449 -0.544923 0.831955
vn -0.114307 -0.593407 0.796745
vn -0.087680 -0.170371 0.981471
vn -0.149500 -0.349159 0.925061
vn -0.210272 -0.511100 0.833404
vn -0.225366 -0.558823 0.798077
vn -0.117492 -0.153379 0.981158
vn -0.210430 -0.314837 0.925525
vn -0.304596 -0.458567 0.834828
vn -0.332112 -0.500850 0.799281
vn -0.141055 -0.128769 0.981592
vn -0.269701 -0.264551 0.925891
vn -0.395411 -0.385325 0.833771
vn -0.430683 -0.418400 0.799658
vn -0.172541 -0.090961 0.980793
vn -0.328024 -0.192071 0.924937
vn -0.474732 -0.289679 0.831093
vn -0.509420 -0.314163 0.801120
vn -0.002246 0.012927 0.999914
vn -0.198231 -0.043521 0.979189
vn -0.368593 -0.116047 0.922319
vn -0.525380 -0.189958 0.829392
vn -0.563921 -0.206321 0.799640
vn -0.205173 -0.029320 0.978287
vn -0.385437 -0.059061 0.920842
vn -0.552628 -0.087007 0.828874
vn -0.599490 -0.096475 0.794547
vn -0.602227 0.020194 0.798070
vn -0.692666 0.011681 0.721164
vn -0.825361 0.012259 0.564472
vn -0.924631 0.009711 0.380739
vn -0.981233 0.007729 0.192669
vn -0.999981 0.006170 -0.000723
vn -0.980470 0.003861 -0.196631
vn -0.923495 0.002878 -0.383599
vn -0.831706 0.001781 -0.555214
vn -0.708975 0.000916 -0.705233
vn -0.559567 -0.000085 -0.828785
vn -0.388992 -0.001047 -0.921240
vn -0.203046 -0.002242 -0.979167
vn -0.591059 0.114905 0.798402
vn -0.680086 0.138374 0.719956
vn -0.809983 0.168836 0.561625
vn -0.904089 0.188657 0.383447
vn -0.961177 0.194819 0.195407
vn -0.979883 0.199573 -0.000520
vn -0.961162 0.194544 -0.195755
vn -0.905705 0.182341 -0.382688
vn -0.815978 0.163128 -0.554589
vn -0.695717 0.138316 -0.704874
vn -0.549431 0.108356 -0.828483
vn -0.382072 0.074438 -0.921130
vn -0.199545 0.038002 -0.979151
vn -0.562175 0.213758 0.798916
vn -0.647856 0.260855 0.715707
vn -0.766253 0.318498 0.558046
vn -0.851336 0.356941 0.384475
vn -0.904654 0.378224 0.196335
vn -0.923145 0.384452 -0.000577
vn -0.905582 0.376499 -0.195373
vn -0.853708 0.353930 -0.381990
vn -0.769403 0.318016 -0.553972
vn -0.656222 0.270159 -0.704547
vn -0.518551 0.211767 -0.828408
vn -0.360712 0.145978 -0.921183
vn -0.189107 0.073726 -0.979185
vn -0.503853 0.328022 0.799083
vn -0.586160 0.385024 0.712862
vn -0.692347 0.461128 0.554992
vn -0.767604 0.514214 0.382581
vn -0.814416 0.545945 0.196648
vn -0.831113 0.556103 0.000682
vn -0.815749 0.544795 -0.194299
vn -0.769375 0.512559 -0.381243
vn -0.693465 0.461214 -0.553523
vn -0.591754 0.392163 -0.704298
vn -0.467619 0.308093 -0.828500
vn -0.325383 0.212193 -0.921466
vn -0.170440 0.107928 -0.979439
vn -0.428285 0.422905 0.798576
vn -0.499360 0.493577 0.712054
vn -0.590074 0.587598 0.553661
vn -0.654667 0.652123 0.382291
vn -0.694693 0.691954 0.196473
vn -0.708109 0.706103 0.000824
vn -0.695362 0.692034 -0.193803
vn -0.655659 0.651917 -0.380941
vn -0.591400 0.586431 -0.553484
vn -0.505140 0.498787 -0.704305
vn -0.399209 0.392454 -0.828621
vn -0.277787 0.270655 -0.921727
vn -0.145804 0.138607 -0.979556
vn -0.338122 0.498002 0.798541
vn -0.392799 0.582659 0.711490
vn -0.463856 0.691223 0.554120
vn -0.516304 0.765706 0.383568
vn -0.548365 0.812921 0.196101
vn -0.558699 0.829369 0.001376
vn -0.548980 0.813137 -0.193466
vn -0.517501 0.766086 -0.381189
vn -0.466884 0.689825 -0.553318
vn -0.398664 0.586935 -0.704680
vn -0.314840 0.461802 -0.829225
vn -0.219383 0.318837 -0.922070
vn -0.115253 0.163497 -0.979789
vn -0.235388 0.554253 0.798371
vn -0.272427 0.648450 0.710842
vn -0.321681 0.766971 0.555227
vn -0.357653 0.850823 0.384948
vn -0.379925 0.903915 0.196453
vn -0.387599 0.921827 0.001377
vn -0.380678 0.904290 -0.193246
vn -0.359120 0.851755 -0.381506
vn -0.324130 0.766898 -0.553902
vn -0.276376 0.652889 -0.705232
vn -0.218615 0.513836 -0.829566
vn -0.153369 0.354497 -0.922394
vn -0.080801 0.182209 -0.979934
vn -0.121339 0.589070 0.798920
vn -0.140179 0.688944 0.711130
vn -0.166263 0.814208 0.556257
vn -0.184141 0.904306 0.385126
vn -0.195949 0.960416 0.198004
vn -0.202460 0.979288 0.002080
vn -0.197456 0.960977 -0.193738
vn -0.186138 0.905454 -0.381453
vn -0.168393 0.815063 -0.554362
vn -0.144265 0.693493 -0.705872
vn -0.115192 0.545682 -0.830038
vn -0.081160 0.376324 -0.922926
vn -0.043994 0.193015 -0.980209
vn -0.001348 0.601220 0.799082
vn -0.001123 0.702370 0.711812
vn -0.002863 0.830647 0.556792
vn -0.002618 0.922843 0.385168
vn -0.003774 0.979665 0.200607
vn -0.004814 0.999983 0.003135
vn -0.004811 0.980796 -0.194977
vn -0.005407 0.924394 -0.381402
vn -0.005617 0.831989 -0.554763
vn -0.005820 0.707858 -0.706330
vn -0.005714 0.556726 -0.830676
vn -0.005107 0.383873 -0.923372
vn -0.004386 0.196931 -0.980407
vn 0.118444 0.589177 0.799275
vn 0.136311 0.688179 0.712621
vn 0.159866 0.814664 0.557464
vn 0.177524 0.905224 0.386075
vn 0.188741 0.961446 0.199997
vn 0.193634 0.981069 0.003122
vn 0.188092 0.962896 -0.193525
vn 0.176234 0.907401 -0.381530
vn 0.157752 0.816724 -0.555046
vn 0.133119 0.694700 -0.706875
vn 0.103575 0.546142 -0.831265
vn 0.070296 0.376353 -0.923806
vn 0.034504 0.193000 -0.980592
vn 0.231051 0.553282 0.800309
vn 0.266537 0.647835 0.713630
vn 0.316395 0.767449 0.557598
vn 0.352572 0.852347 0.386261
vn 0.374616 0.905464 0.199493
vn 0.381824 0.924228 0.003671
vn 0.373867 0.907232 -0.192751
vn 0.351353 0.855049 -0.381369
vn 0.315376 0.769687 -0.555085
vn 0.267189 0.654653 -0.707134
vn 0.208937 0.514459 -0.831672
vn 0.142979 0.354289 -0.924141
vn 0.071482 0.181793 -0.980735
vn 0.333846 0.496145 0.801490
vn 0.389228 0.581536 0.714365
vn 0.462514 0.690006 0.556752
vn 0.513348 0.766509 0.385926
vn 0.544881 0.814399 0.199648
vn 0.555744 0.831342 0.004313
vn 0.544636 0.816432 -0.191858
vn 0.512738 0.769357 -0.381038
vn 0.460805 0.692574 -0.554978
vn 0.391193 0.588881 -0.707240
vn 0.306488 0.462509 -0.831956
vn 0.209624 0.318656 -0.924400
vn 0.106244 0.163031 -0.980884
vn 0.425385 0.421860 0.800676
vn 0.497378 0.493048 0.713806
vn 0.589268 0.585152 0.557100
vn 0.654048 0.650302 0.386431
vn 0.694315 0.691281 0.200143
vn 0.708127 0.706068 0.004838
vn 0.694881 0.693174 -0.191441
vn 0.654347 0.653379 -0.380692
vn 0.588366 0.588320 -0.554712
vn 0.499788 0.499960 -0.707285
vn 0.392155 0.392471 -0.831974
vn 0.269276 0.270021 -0.924434
vn 0.136917 0.137588 -0.980981
vn 0.499436 0.329532 0.801231
vn 0.584073 0.386132 0.713975
vn 0.691748 0.460010 0.556664
vn 0.768760 0.510136 0.385706
vn 0.816651 0.541126 0.200657
vn 0.833485 0.552517 0.005242
vn 0.817996 0.542631 -0.190877
vn 0.770586 0.511822 -0.379784
vn 0.693087 0.460759 -0.554375
vn 0.588814 0.391524 -0.707112
vn 0.462224 0.306962 -0.831940
vn 0.317919 0.210683 -0.924414
vn 0.161920 0.107468 -0.980935
vn 0.555146 0.229854 0.799362
vn 0.649860 0.263535 0.712903
vn 0.770130 0.311051 0.556908
vn 0.854836 0.347669 0.385204
vn 0.907110 0.370272 0.200125
vn 0.925714 0.378181 0.005783
vn 0.908531 0.372081 -0.190072
vn 0.856383 0.350640 -0.379025
vn 0.770621 0.315398 -0.553776
vn 0.654914 0.267749 -0.706681
vn 0.514206 0.209779 -0.831616
vn 0.353674 0.144213 -0.924185
vn 0.180658 0.072662 -0.980858
vn 0.591322 0.122436 0.797087
vn 0.691146 0.137086 0.709595
vn 0.816468 0.158616 0.555177
vn 0.905431 0.177669 0.385524
vn 0.961627 0.186722 0.201020
vn 0.981657 0.190535 0.006769
vn 0.963893 0.187524 -0.189064
vn 0.908688 0.176369 -0.378390
vn 0.817930 0.158230 -0.553131
vn 0.695337 0.133954 -0.706090
vn 0.546164 0.104777 -0.831100
vn 0.375766 0.071399 -0.923960
vn 0.191947 0.035392 -0.980767
vn 0.606208 0.001232 0.795305
vn 0.705156 0.000409 0.709052
vn 0.831109 0.001462 0.556107
vn 0.923386 0.001216 0.383871
vn 0.980304 -0.000597 0.197496
vn 0.999979 -0.002191 0.006153
vn 0.982046 -0.004038 -0.188601
vn 0.925790 -0.004496 -0.378013
vn 0.833427 -0.004676 -0.552610
vn 0.708709 -0.004731 -0.705485
vn 0.556844 -0.004558 -0.830605
vn 0.383375 -0.004215 -0.923583
vn 0.195953 -0.003418 -0.980607
vn 0.594666 -0.119333 0.795068
vn 0.691194 -0.137287 0.709509
vn 0.816036 -0.161367 0.555020
vn 0.905587 -0.181621 0.383309
vn 0.961384 -0.191420 0.197733
vn 0.980579 -0.196078 0.004205
vn 0.962478 -0.194011 -0.189725
vn 0.907300 -0.184404 -0.377891
vn 0.816837 -0.166922 -0.552191
vn 0.694680 -0.142853 -0.704991
vn 0.545947 -0.113501 -0.830096
vn 0.375875 -0.079535 -0.923251
vn 0.191976 -0.042555 -0.980476
vn 0.560687 -0.230308 0.795354
vn 0.651724 -0.267627 0.709670
vn 0.769382 -0.317031 0.554565
vn 0.853922 -0.352594 0.382747
vn 0.905832 -0.375049 0.196995
vn 0.923745 -0.382995 0.003329
vn 0.906200 -0.377211 -0.191086
vn 0.854072 -0.356828 -0.378464
vn 0.768863 -0.322504 -0.552125
vn 0.653929 -0.275415 -0.704644
vn 0.513934 -0.217847 -0.829708
vn 0.353894 -0.151760 -0.922891
vn 0.180829 -0.079822 -0.980270
vn 0.505612 -0.333801 0.795572
vn 0.587859 -0.387703 0.710006
vn 0.693792 -0.459891 0.554213
vn 0.769711 -0.511570 0.381891
vn 0.815933 -0.543908 0.196005
vn 0.831573 -0.555411 0.002301
vn 0.815488 -0.546012 -0.191965
vn 0.768343 -0.515814 -0.378926
vn 0.691506 -0.465702 -0.552215
vn 0.588072 -0.397395 -0.704449
vn 0.462288 -0.313744 -0.829370
vn 0.318448 -0.217658 -0.922614
vn 0.162300 -0.114121 -0.980120
vn 0.431200 -0.424502 0.796157
vn 0.501495 -0.493942 0.710299
vn 0.591636 -0.585762 0.553940
vn 0.655934 -0.651328 0.381474
vn 0.695191 -0.691870 0.195000
vn 0.707934 -0.706277 0.001332
vn 0.693879 -0.693757 -0.192960
vn 0.653303 -0.654911 -0.379850
vn 0.587815 -0.591058 -0.552380
vn 0.499755 -0.504140 -0.704334
vn 0.392829 -0.397900 -0.829072
vn 0.270181 -0.276341 -0.922300
vn 0.137366 -0.144076 -0.979986
vn 0.340857 -0.499462 0.796464
vn 0.395757 -0.581645 0.710679
vn 0.466891 -0.689505 0.553710
vn 0.517211 -0.766294 0.381164
vn 0.547842 -0.813746 0.194128
vn 0.557507 -0.830172 0.000258
vn 0.545896 -0.815114 -0.193872
vn 0.513748 -0.768861 -0.380679
vn 0.461979 -0.693404 -0.552961
vn 0.392433 -0.591430 -0.704420
vn 0.307964 -0.466783 -0.829018
vn 0.211065 -0.324165 -0.922154
vn 0.107211 -0.168943 -0.979778
vn -0.003988 -0.002841 -0.999988
vn 0.239142 -0.555391 0.796462
vn 0.275455 -0.647275 0.710746
vn 0.324125 -0.766983 0.553787
vn 0.358664 -0.852214 0.380908
vn 0.378958 -0.904922 0.193666
vn 0.385003 -0.922915 -0.000698
vn 0.376721 -0.905567 -0.195011
vn 0.354539 -0.853704 -0.381433
vn 0.318453 -0.769466 -0.553633
vn 0.270221 -0.655962 -0.704766
vn 0.211721 -0.517588 -0.829022
vn 0.145137 -0.359025 -0.921974
vn 0.072855 -0.187162 -0.979624
vn 0.126314 -0.590290 0.797246
vn 0.144425 -0.688231 0.710971
vn 0.168991 -0.815040 0.554212
vn 0.186407 -0.905860 0.380356
vn 0.195565 -0.961736 0.191883
vn 0.196626 -0.980477 -0.001709
vn 0.192951 -0.961669 -0.194842
vn 0.181832 -0.906127 -0.381930
vn 0.162607 -0.816170 -0.554460
vn 0.137575 -0.695534 -0.705199
vn 0.107057 -0.548664 -0.829160
vn 0.072556 -0.380581 -0.921897
vn 0.035429 -0.198443 -0.979472
vn 0.007218 -0.602136 0.798361
vn 0.006751 -0.702699 0.711455
vn 0.006679 -0.832219 0.554407
vn 0.005628 -0.924881 0.380216
vn 0.005110 -0.981740 0.190162
vn 0.004365 -0.999987 -0.002522
vn 0.003180 -0.980841 -0.194783
vn 0.002070 -0.923783 -0.382911
vn 0.001159 -0.831670 -0.555270
vn -0.000215 -0.708586 -0.705625
vn -0.001345 -0.558763 -0.829327
vn -0.002317 -0.387603 -0.921823
vn -0.003185 -0.201965 -0.979388
vn -0.111262 -0.590031 0.799678
vn -0.130955 -0.689514 0.712335
vn -0.156102 -0.817329 0.554622
vn -0.175186 -0.908194 0.380123
vn -0.186294 -0.963686 0.191319
vn -0.188898 -0.981990 -0.003540
vn -0.187113 -0.962287 -0.197463
vn -0.177908 -0.906094 -0.383852
vn -0.160403 -0.815496 -0.556091
vn -0.137737 -0.694274 -0.706408
vn -0.109832 -0.547583 -0.829512
vn -0.077589 -0.379797 -0.921810
vn -0.042180 -0.198119 -0.979270
vn -0.223188 -0.555796 0.800799
vn -0.262783 -0.650354 0.712730
vn -0.313975 -0.770615 0.554592
vn -0.350262 -0.856078 0.380062
vn -0.372354 -0.908073 0.191719
vn -0.379559 -0.925159 -0.004039
vn -0.372566 -0.906342 -0.199346
vn -0.351534 -0.853257 -0.385197
vn -0.317080 -0.767771 -0.556767
vn -0.270356 -0.653535 -0.706965
vn -0.214169 -0.515411 -0.829749
vn -0.149909 -0.357599 -0.921765
vn -0.079000 -0.186818 -0.979213
vn -0.330827 -0.498043 0.801565
vn -0.386925 -0.584681 0.713048
vn -0.460004 -0.693664 0.554280
vn -0.512027 -0.770499 0.379684
vn -0.543840 -0.817128 0.191152
vn -0.554610 -0.832097 -0.004699
vn -0.543607 -0.815249 -0.199648
vn -0.512078 -0.767330 -0.385981
vn -0.461366 -0.690328 -0.557306
vn -0.393121 -0.587844 -0.707032
vn -0.310232 -0.463620 -0.829947
vn -0.215806 -0.322189 -0.921749
vn -0.113645 -0.168222 -0.979176
vn -0.425808 -0.419695 0.801588
vn -0.495906 -0.494133 0.714079
vn -0.587692 -0.589201 0.554490
vn -0.654919 -0.653813 0.378960
vn -0.694889 -0.693368 0.190709
vn -0.707818 -0.706376 -0.005067
vn -0.693582 -0.692080 -0.199925
vn -0.653090 -0.651273 -0.386416
vn -0.587907 -0.586323 -0.557308
vn -0.500772 -0.499339 -0.707027
vn -0.395228 -0.393912 -0.829836
vn -0.274840 -0.273981 -0.921627
vn -0.144028 -0.143155 -0.979164
vn -0.501898 -0.320157 0.803491
vn -0.585959 -0.379330 0.716073
vn -0.695147 -0.457985 0.554095
vn -0.772471 -0.510323 0.377968
vn -0.818381 -0.541946 0.191173
vn -0.833349 -0.552727 -0.004690
vn -0.816409 -0.541779 -0.199882
vn -0.768434 -0.510409 -0.385994
vn -0.691671 -0.459699 -0.557018
vn -0.589096 -0.391589 -0.706841
vn -0.464992 -0.308709 -0.829747
vn -0.323444 -0.214507 -0.921613
vn -0.169286 -0.112407 -0.979136
vn -0.559362 -0.203128 0.803650
vn -0.651621 -0.245978 0.717554
vn -0.771781 -0.307770 0.556446
vn -0.856891 -0.348620 0.379739
vn -0.908668 -0.371018 0.191491
vn -0.925828 -0.377920 -0.004325
vn -0.906921 -0.371193 -0.199273
vn -0.853824 -0.350008 -0.385329
vn -0.768565 -0.315493 -0.556571
vn -0.654689 -0.268812 -0.706486
vn -0.516794 -0.212437 -0.829334
vn -0.359231 -0.148154 -0.921414
vn -0.188328 -0.077787 -0.979021
vn -0.594536 -0.087395 0.799305
vn -0.684431 -0.113749 0.720149
vn -0.813998 -0.148329 0.561609
vn -0.908052 -0.173999 0.381005
vn -0.964092 -0.183641 0.191837
vn -0.981848 -0.189634 -0.003763
vn -0.962248 -0.186930 -0.197826
vn -0.906070 -0.176858 -0.384394
vn -0.815725 -0.159635 -0.555976
vn -0.695030 -0.136480 -0.705908
vn -0.548595 -0.108725 -0.828989
vn -0.381322 -0.076693 -0.921256
vn -0.199157 -0.042287 -0.979055

f 4/4/4 2/2/2 1/1/1
f 8/8/8 6/6/6 5/5/5
f 13/13/13 15/15/15 14/14/14
f 17/17/17 19/19/19 18/18/18
f 32/32/32 30/30/30 29/29/29
f 36/36/36 34/34/34 33/33/33
f 37/37/37 39/39/39 38/38/38
f 21/21/21 23/23/23 20/20/20
f 25/25/25 27/27/27 24/24/24
f 41/41/41 43/43/43 42/42/42
f 48/48/48 46/46/46 45/45/45
f 52/52/52 50/50/50 49/49/49
f 53/53/53 55/55/55 54/54/54
f 60/60/60 58/58/58 57/57/57
f 29/29/29 62/62/62 61/61/61
f 66/66/66 64/64/64 63/63/63
f 67/67/67 6/6/6 68/68/68
f 72/72/72 70/70/70 69/69/69
f 76/76/76 74/74/74 73/73/73
f 77/77/77 79/79/79 78/78/78
f 81/81/81 83/83/83 82/82/82
f 59/59/59 86/86/86 85/85/85
f 88/88/88 90/90/90 89/89/89
f 96/96/96 94/94/94 93/93/93
f 100/100/100 98/98/98 97/97/97
f 101/101/101 103/103/103 102/102/102
f 106/106/106 34/34/34 87/87/87
f 108/108/108 115/115/115 107/107/107
f 117/117/117 36/36/36 118/118/118
f 124/124/124 126/126/126 125/125/125
f 131/131/131 129/129/129 128/128/128
f 132/132/132 134/134/134 133/133/133
f 142/142/142 140/140/140 139/139/139
f 148/148/148 60/60/60 147/147/147
f 144/144/144 127/127/127 124/124/124
f 149/149/149 151/151/151 150/150/150
f 156/156/156 154/154/154 153/153/153
f 159/159/159 158/158/158 157/157/157
f 116/116/116 164/164/164 105/105/105
f 171/171/171 169/169/169 168/168/168
f 174/174/174 173/173/173 172/172/172
f 179/179/179 181/181/181 180/180/180
f 186/186/186 188/188/188 187/187/187
f 194/194/194 196/196/196 195/195/195
f 199/199/199 139/139/139 198/198/198
f 206/206/206 208/208/208 207/207/207
f 213/213/213 211/211/211 210/210/210
f 202/202/202 214/214/214 201/201/201
f 96/96/96 216/216/216 54/54/54
f 92/92/92 43/43/43 44/44/44
f 97/97/97 246/246/246 100/100/100
f 250/250/250 229/229/229 228/228/228
f 252/252/252 58/58/58 253/253/253
f 258/258/258 256/256/256 255/255/255
f 260/260/260 229/229/229 259/259/259
f 110/110/110 112/112/112 113/113/113
f 114/114/114 263/263/263 109/109/109
f 265/265/265 267/267/267 266/266/266
f 56/56/56 270/270/270 269/269/269
f 274/274/274 249/249/249 250/250/250
f 185/185/185 63/63/63 64/64/64
f 280/280/280 278/278/278 276/276/276
f 285/285/285 283/283/283 157/157/157
f 288/288/288 211/211/211 212/212/212
f 141/141/141 92/92/92 46/46/46
f 289/289/289 175/175/175 176/176/176
f 148/148/148 105/105/105 106/106/106
f 312/312/312 170/170/170 171/171/171
f 238/238/238 42/42/42 43/43/43
f 318/318/318 160/160/160 317/317/317
f 310/310/310 308/308/308 307/307/307
f 241/241/241 325/325/325 324/324/324
f 160/160/160 240/240/240 317/317/317
f 47/47/47 307/307/307 308/308/308
f 108/108/108 315/315/315 164/164/164
f 345/345/345 86/86/86 119/119/119
f 348/348/348 350/350/350 349/349/349
f 356/356/356 358/358/358 357/357/357
f 355/355/355 353/353/353 352/352/352
f 363/363/363 32/32/32 362/362/362
f 149/149/149 150/150/150 176/176/176
f 364/364/364 253/253/253 365/365/365
f 366/366/366 368/368/368 367/367/367
f 183/183/183 371/371/371 63/63/63
f 163/163/163 161/161/161 160/160/160
f 209/209/209 101/101/101 208/208/208
f 378/378/378 165/165/165 166/166/166
f 379/379/379 381/381/381 380/380/380
f 383/383/383 3/3/3 4/4/4
f 284/284/284 386/386/386 385/385/385
f 387/387/387 389/389/389 388/388/388
f 391/391/391 229/229/229 249/249/249
f 73/73/73 397/397/397 396/396/396
f 405/405/405 407/407/407 406/406/406
f 203/203/203 411/411/411 410/410/410
f 414/414/414 413/413/413 412/412/412
f 1/1/1 357/357/357 4/4/4
f 277/277/277 131/131/131 275/275/275
f 254/254/254 57/57/57 58/58/58
f 358/358/358 415/415/415 351/351/351
f 417/417/417 386/386/386 408/408/408
f 401/401/401 192/192/192 420/420/420
f 419/419/419 127/127/127 143/143/143
f 421/421/421 182/182/182 422/422/422
f 103/103/103 302/302/302 409/409/409
f 428/428/428 368/368/368 174/174/174
f 380/380/380 359/359/359 356/356/356
f 62/62/62 266/266/266 323/323/323
f 140/140/140 431/431/431 430/430/430
f 357/357/357 351/351/351 348/348/348
f 356/356/356 379/379/379 380/380/380
f 415/415/415 403/403/403 434/434/434
f 437/437/437 436/436/436 435/435/435
f 438/438/438 440/440/440 439/439/439
f 188/188/188 450/450/450 449/449/449
f 452/452/452 454/454/454 453/453/453
f 265/265/265 181/181/181 421/421/421
f 224/224/224 64/64/64 225/225/225
f 237/237/237 213/213/213 427/427/427
f 275/275/275 128/128/128 458/458/458
f 281/281/281 460/460/460 459/459/459
f 50/50/50 79/79/79 461/461/461
f 73/73/73 282/282/282 281/281/281
f 468/468/468 466/466/466 465/465/465
f 390/390/390 352/352/352 359/359/359
f 482/482/482 484/484/484 483/483/483
f 489/489/489 487/487/487 486/486/486
f 493/493/493 495/495/495 494/494/494
f 472/472/472 470/470/470 469/469/469
f 502/502/502 500/500/500 499/499/499
f 220/220/220 222/222/222 223/223/223
f 512/512/512 143/143/143 66/66/66
f 518/518/518 511/511/511 80/80/80
f 513/513/513 230/230/230 286/286/286
f 205/205/205 31/31/31 244/244/244
f 189/189/189 451/451/451 188/188/188
f 163/163/163 532/532/532 8/8/8
f 533/533/533 225/225/225 251/251/251
f 446/446/446 447/447/447 412/412/412
f 335/335/335 540/540/540 334/334/334
f 544/544/544 546/546/546 545/545/545
f 329/329/329 291/291/291 292/292/292
f 199/199/199 262/262/262 238/238/238
f 385/385/385 416/416/416 550/550/550
f 532/532/532 191/191/191 247/247/247
f 363/363/363 118/118/118 243/243/243
f 236/236/236 237/237/237 250/250/250
f 578/578/578 580/580/580 579/579/579
f 573/573/573 571/571/571 570/570/570
f 561/561/561 562/562/562 272/272/272
f 241/241/241 259/259/259 240/240/240
f 590/590/590 592/592/592 591/591/591
f 545/545/545 595/595/595 594/594/594
f 503/503/503 155/155/155 504/504/504
f 606/606/606 624/624/624 623/623/623
f 478/478/478 480/480/480 479/479/479
f 646/646/646 648/648/648 647/647/647
f 590/590/590 689/689/689 684/684/684
f 564/564/564 651/651/651 650/650/650
f 728/728/728 184/184/184 727/727/727
f 714/714/714 716/716/716 715/715/715
f 692/692/692 575/575/575 693/693/693
f 541/541/541 581/581/581 578/578/578
f 346/346/346 248/248/248 400/400/400
f 161/161/161 230/230/230 160/160/160
f 128/128/128 94/94/94 95/95/95
f 698/698/698 704/704/704 703/703/703
f 574/574/574 576/576/576 575/575/575
f 290/290/290 401/401/401 328/328/328
f 630/630/630 725/725/725 726/726/726
f 733/733/733 735/735/735 734/734/734
f 755/755/755 496/496/496 493/493/493
f 759/759/759 481/481/481 760/760/760
f 757/757/757 762/762/762 761/761/761
f 764/764/764 466/466/466 467/467/467
f 768/768/768 3808/3808/3808 3809/3809/3809
f 759/759/759 488/488/488 489/489/489
f 492/492/492 475/475/475 771/771/771
f 474/474/474 769/769/769 473/473/473
f 773/773/773 465/465/465 772/772/772
f 771/771/771 486/486/486 483/483/483
f 484/484/484 775/775/775 491/491/491
f 774/774/774 489/489/489 486/486/486
f 495/495/495 764/764/764 756/756/756
f 495/495/495 761/761/761 494/494/494
f 137/137/137 784/784/784 136/136/136
f 325/325/325 797/797/797 547/547/547
f 165/165/165 51/51/51 52/52/52
f 369/369/369 29/29/29 370/370/370
f 730/730/730 568/568/568 569/569/569
f 90/90/90 301/301/301 89/89/89
f 243/243/243 516/516/516 242/242/242
f 800/800/800 806/806/806 805/805/805
f 817/817/817 808/808/808 816/816/816
f 816/816/816 823/823/823 822/822/822
f 306/306/306 447/447/447 807/807/807
f 815/815/815 809/809/809 808/808/808
f 829/829/829 828/828/828 825/825/825
f 726/726/726 501/501/501 502/502/502
f 274/274/274 424/424/424 423/423/423
f 879/879/879 881/881/881 880/880/880
f 884/884/884 879/879/879 885/885/885
f 219/219/219 217/217/217 211/211/211
f 906/906/906 904/904/904 897/897/897
f 455/455/455 205/205/205 542/542/542
f 898/898/898 830/830/830 829/829/829
f 903/903/903 880/880/880 881/881/881
f 906/906/906 897/897/897 898/898/898
f 377/377/377 519/519/519 165/165/165
f 923/923/923 948/948/948 946/946/946
f 946/946/946 951/951/951 950/950/950
f 3519/3519/3519 739/739/739 3517/3517/3517
f 900/900/900 886/886/886 880/880/880
f 225/225/225 65/65/65 144/144/144
f 182/182/182 442/442/442 422/422/422
f 809/809/809 947/947/947 824/824/824
f 954/954/954 962/962/962 961/961/961
f 927/927/927 965/965/965 966/966/966
f 885/885/885 880/880/880 886/886/886
f 925/925/925 966/966/966 967/967/967
f 343/343/343 341/341/341 340/340/340
f 965/965/965 971/971/971 968/968/968
f 968/968/968 970/970/970 969/969/969
f 972/972/972 969/969/969 973/973/973
f 963/963/963 981/981/981 978/978/978
f 336/336/336 338/338/338 339/339/339
f 992/992/992 827/827/827 828/828/828
f 810/810/810 996/996/996 959/959/959
f 1007/1007/1007 1002/1002/1002 1008/1008/1008
f 1012/1012/1012 827/827/827 1009/1009/1009
f 1011/1011/1011 1007/1007/1007 1008/1008/1008
f 294/294/294 292/292/292 291/291/291
f 907/907/907 920/920/920 919/919/919
f 1017/1017/1017 1019/1019/1019 1018/1018/1018
f 1020/1020/1020 1022/1022/1022 1021/1021/1021
f 1035/1035/1035 1020/1020/1020 1044/1044/1044
f 1061/1061/1061 1047/1047/1047 1046/1046/1046
f 1063/1063/1063 1046/1046/1046 1062/1062/1062
f 1044/1044/1044 1021/1021/1021 1045/1045/1045
f 1102/1102/1102 1097/1097/1097 1109/1109/1109
f 1116/1116/1116 1118/1118/1118 1117/1117/1117
f 1016/1016/1016 1014/1014/1014 1013/1013/1013
f 881/881/881 904/904/904 903/903/903
f 816/816/816 1127/1127/1127 817/817/817
f 1094/1094/1094 949/949/949 1097/1097/1097
f 514/514/514 167/167/167 515/515/515
f 146/146/146 81/81/81 82/82/82
f 1133/1133/1133 1130/1130/1130 1129/1129/1129
f 1102/1102/1102 1126/1126/1126 822/822/822
f 822/822/822 1116/1116/1116 816/816/816
f 1145/1145/1145 1148/1148/1148 1136/1136/1136
f 1076/1076/1076 1151/1151/1151 1069/1069/1069
f 1148/1148/1148 1086/1086/1086 1087/1087/1087
f 1109/1109/1109 1114/1114/1114 1136/1136/1136
f 1154/1154/1154 1156/1156/1156 1155/1155/1155
f 1153/1153/1153 967/967/967 1156/1156/1156
f 3464/3464/3464 463/463/463 3714/3714/3714
f 1144/1144/1144 1152/1152/1152 1151/1151/1151
f 1156/1156/1156 1163/1163/1163 1162/1162/1162
f 1164/1164/1164 1169/1169/1169 1165/1165/1165
f 1145/1145/1145 1176/1176/1176 1147/1147/1147
f 1114/1114/1114 1154/1154/1154 1171/1171/1171
f 1183/1183/1183 1164/1164/1164 1177/1177/1177
f 1184/1184/1184 1177/1177/1177 1185/1185/1185
f 1069/1069/1069 1062/1062/1062 1064/1064/1064
f 1023/1023/1023 1194/1194/1194 1022/1022/1022
f 1162/1162/1162 1170/1170/1170 1169/1169/1169
f 1195/1195/1195 1185/1185/1185 1191/1191/1191
f 1183/1183/1183 1176/1176/1176 1155/1155/1155
f 1201/1201/1201 1152/1152/1152 1196/1196/1196
f 1061/1061/1061 1201/1201/1201 1202/1202/1202
f 3825/3825/3825 843/843/843 3836/3836/3836
f 1203/1203/1203 1195/1195/1195 1034/1034/1034
f 1202/1202/1202 1184/1184/1184 1195/1195/1195
f 1218/1218/1218 1203/1203/1203 1217/1217/1217
f 1060/1060/1060 1202/1202/1202 1203/1203/1203
f 1225/1225/1225 1217/1217/1217 1219/1219/1219
f 671/671/671 694/694/694 670/670/670
f 1219/1219/1219 1024/1024/1024 1035/1035/1035
f 1217/1217/1217 1034/1034/1034 1024/1024/1024
f 1226/1226/1226 1015/1015/1015 1227/1227/1227
f 1243/1243/1243 1234/1234/1234 1233/1233/1233
f 1231/1231/1231 1229/1229/1229 1228/1228/1228
f 847/847/847 1233/1233/1233 843/843/843
f 843/843/843 1244/1244/1244 878/878/878
f 1233/1233/1233 1245/1245/1245 1244/1244/1244
f 1923/1923/1923 233/233/233 216/216/216
f 2100/2100/2100 499/499/499 500/500/500
f 3914/3914/3914 2135/2135/2135 3900/3900/3900
f 61/61/61 323/323/323 505/505/505
f 210/210/210 217/217/217 457/457/457
f 1299/1299/1299 1309/1309/1309 1300/1300/1300
f 3863/3863/3863 1231/1231/1231 3862/3862/3862
f 1066/1066/1066 1321/1321/1321 1322/1322/1322
f 1322/1322/1322 1228/1228/1228 1229/1229/1229
f 1060/1060/1060 1321/1321/1321 1047/1047/1047
f 1325/1325/1325 1323/1323/1323 1310/1310/1310
f 1244/1244/1244 1332/1332/1332 1330/1330/1330
f 1290/1290/1290 1242/1242/1242 1288/1288/1288
f 1337/1337/1337 1339/1339/1339 1338/1338/1338
f 1330/1330/1330 1340/1340/1340 1339/1339/1339
f 1341/1341/1341 1245/1245/1245 1294/1294/1294
f 1342/1342/1342 1332/1332/1332 1341/1341/1341
f 1343/1343/1343 1341/1341/1341 1344/1344/1344
f 1344/1344/1344 1294/1294/1294 1293/1293/1293
f 3857/3857/3857 1345/1345/1345 1346/1346/1346
f 1347/1347/1347 1342/1342/1342 1343/1343/1343
f 3856/3856/3856 1295/1295/1295 1345/1345/1345
f 1349/1349/1349 1348/1348/1348 1347/1347/1347
f 3861/3861/3861 1347/1347/1347 3853/3853/3853
f 3853/3853/3853 1343/1343/1343 3857/3857/3857
f 906/906/906 829/829/829 1353/1353/1353
f 905/905/905 1353/1353/1353 1354/1354/1354
f 865/865/865 1355/1355/1355 1357/1357/1357
f 1355/1355/1355 829/829/829 825/825/825
f 1357/1357/1357 825/825/825 826/826/826
f 1356/1356/1356 1353/1353/1353 1355/1355/1355
f 3834/3834/3834 1338/1338/1338 3833/3833/3833
f 866/866/866 1356/1356/1356 865/865/865
f 1358/1358/1358 1354/1354/1354 1356/1356/1356
f 3828/3828/3828 1337/1337/1337 3834/3834/3834
f 838/838/838 1012/1012/1012 841/841/841
f 1363/1363/1363 1338/1338/1338 1339/1339/1339
f 1368/1368/1368 1339/1339/1339 1340/1340/1340
f 1348/1348/1348 1340/1340/1340 1342/1342/1342
f 1371/1371/1371 3824/3824/3824 3829/3829/3829
f 524/524/524 526/526/526 523/523/523
f 528/528/528 530/530/530 527/527/527
f 1372/1372/1372 1369/1369/1369 1371/1371/1371
f 535/535/535 537/537/537 538/538/538
f 1367/1367/1367 1348/1348/1348 1350/1350/1350
f 1370/1370/1370 1359/1359/1359 1369/1369/1369
f 1369/1369/1369 3833/3833/3833 3824/3824/3824
f 1373/1373/1373 903/903/903 904/904/904
f 555/555/555 557/557/557 558/558/558
f 1374/1374/1374 910/910/910 1373/1373/1373
f 1373/1373/1373 905/905/905 1375/1375/1375
f 1374/1374/1374 1375/1375/1375 1376/1376/1376
f 1375/1375/1375 1354/1354/1354 1370/1370/1370
f 1378/1378/1378 908/908/908 1377/1377/1377
f 376/376/376 651/651/651 1387/1387/1387
f 1388/1388/1388 973/973/973 969/969/969
f 586/586/586 588/588/588 585/585/585
f 1390/1390/1390 1388/1388/1388 1391/1391/1391
f 1391/1391/1391 969/969/969 970/970/970
f 597/597/597 599/599/599 596/596/596
f 600/600/600 602/602/602 603/603/603
f 1392/1392/1392 970/970/970 979/979/979
f 608/608/608 610/610/610 607/607/607
f 612/612/612 523/523/523 611/611/611
f 614/614/614 616/616/616 613/613/613
f 617/617/617 25/25/25 24/24/24
f 620/620/620 622/622/622 619/619/619
f 1397/1397/1397 1391/1391/1391 1392/1392/1392
f 1398/1398/1398 1392/1392/1392 1399/1399/1399
f 1400/1400/1400 920/920/920 1378/1378/1378
f 1402/1402/1402 1165/1165/1165 1169/1169/1169
f 636/636/636 638/638/638 635/635/635
f 930/930/930 1402/1402/1402 929/929/929
f 641/641/641 643/643/643 644/644/644
f 929/929/929 1169/1169/1169 1170/1170/1170
f 1404/1404/1404 1403/1403/1403 1402/1402/1402
f 1411/1411/1411 1365/1365/1365 1406/1406/1406
f 1412/1412/1412 1415/1415/1415 1414/1414/1414
f 652/652/652 654/654/654 655/655/655
f 609/609/609 657/657/657 658/658/658
f 659/659/659 661/661/661 662/662/662
f 558/558/558 586/586/586 585/585/585
f 665/665/665 667/667/667 664/664/664
f 1413/1413/1413 1406/1406/1406 1412/1412/1412
f 1418/1418/1418 3810/3810/3810 3813/3813/3813
f 1417/1417/1417 1371/1371/1371 1416/1416/1416
f 1416/1416/1416 3829/3829/3829 3810/3810/3810
f 1419/1419/1419 1416/1416/1416 1418/1418/1418
f 1386/1386/1386 1374/1374/1374 1420/1420/1420
f 677/677/677 679/679/679 676/676/676
f 1385/1385/1385 1420/1420/1420 1421/1421/1421
f 1420/1420/1420 1376/1376/1376 1422/1422/1422
f 685/685/685 687/687/687 688/688/688
f 1421/1421/1421 1422/1422/1422 1423/1423/1423
f 528/528/528 691/691/691 658/658/658
f 1422/1422/1422 1372/1372/1372 1417/1417/1417
f 1018/1018/1018 747/747/747 1425/1425/1425
f 699/699/699 701/701/701 702/702/702
f 1424/1424/1424 579/579/579 1017/1017/1017
f 3663/3663/3663 1767/1767/1767 3660/3660/3660
f 700/700/700 711/711/711 712/712/712
f 1093/1093/1093 3754/3754/3754 1571/1571/1571
f 717/717/717 530/530/530 719/719/719
f 721/721/721 723/723/723 720/720/720
f 704/704/704 3543/3543/3543 3554/3554/3554
f 19/19/19 1426/1426/1426 1430/1430/1430
f 1429/1429/1429 1427/1427/1427 1426/1426/1426
f 1658/1658/1658 3542/3542/3542 3544/3544/3544
f 1439/1439/1439 1434/1434/1434 1438/1438/1438
f 1437/1437/1437 1435/1435/1435 1434/1434/1434
f 1426/1426/1426 1433/1433/1433 1432/1432/1432
f 1442/1442/1442 1432/1432/1432 1440/1440/1440
f 742/742/742 744/744/744 745/745/745
f 1432/1432/1432 1441/1441/1441 1440/1440/1440
f 751/751/751 753/753/753 750/750/750
f 1438/1438/1438 1403/1403/1403 1405/1405/1405
f 1446/1446/1446 1444/1444/1444 1443/1443/1443
f 1447/1447/1447 1446/1446/1446 1443/1443/1443
f 3860/3860/3860 1443/1443/1443 3848/3848/3848
f 1415/1415/1415 1445/1445/1445 1446/1446/1446
f 1414/1414/1414 1446/1446/1446 1448/1448/1448
f 2173/2173/2173 469/469/469 470/470/470
f 777/777/777 779/779/779 686/686/686
f 780/780/780 782/782/782 783/783/783
f 1676/1676/1676 1806/1806/1806 1675/1675/1675
f 3859/3859/3859 1349/1349/1349 3861/3861/3861
f 789/789/789 791/791/791 788/788/788
f 745/745/745 793/793/793 742/742/742
f 652/652/652 795/795/795 653/653/653
f 1455/1455/1455 1457/1457/1457 1456/1456/1456
f 1454/1454/1454 1350/1350/1350 1452/1452/1452
f 610/610/610 802/802/802 801/801/801
f 3831/3831/3831 698/698/698 703/703/703
f 1352/1352/1352 1045/1045/1045 1351/1351/1351
f 1015/1015/1015 1459/1459/1459 1460/1460/1460
f 811/811/811 813/813/813 814/814/814
f 2118/2118/2118 3817/3817/3817 2117/2117/2117
f 819/819/819 821/821/821 818/818/818
f 1466/1466/1466 1194/1194/1194 1190/1190/1190
f 1467/1467/1467 1465/1465/1465 1466/1466/1466
f 1182/1182/1182 1468/1468/1468 1467/1467/1467
f 832/832/832 833/833/833 831/831/831
f 835/835/835 837/837/837 834/834/834
f 1467/1467/1467 1190/1190/1190 1182/1182/1182
f 1469/1469/1469 1444/1444/1444 1445/1445/1445
f 840/840/840 712/712/712 690/690/690
f 1453/1453/1453 1469/1469/1469 1454/1454/1454
f 599/599/599 845/845/845 846/846/846
f 1226/1226/1226 3849/3849/3849 3855/3855/3855
f 851/851/851 853/853/853 850/850/850
f 855/855/855 856/856/856 854/854/854
f 858/858/858 860/860/860 857/857/857
f 861/861/861 863/863/863 864/864/864
f 1014/1014/1014 3855/3855/3855 3858/3858/3858
f 867/867/867 868/868/868 869/869/869
f 870/870/870 872/872/872 873/873/873
f 874/874/874 876/876/876 877/877/877
f 1310/1310/1310 1471/1471/1471 1309/1309/1309
f 1476/1476/1476 1427/1427/1427 1475/1475/1475
f 1461/1461/1461 1475/1475/1475 1460/1460/1460
f 887/887/887 889/889/889 890/890/890
f 788/788/788 892/892/892 891/891/891
f 894/894/894 896/896/896 893/893/893
f 1460/1460/1460 1227/1227/1227 1015/1015/1015
f 901/901/901 524/524/524 612/612/612
f 1465/1465/1465 1477/1477/1477 1464/1464/1464
f 1865/1865/1865 3500/3500/3500 1864/1864/1864
f 911/911/911 913/913/913 914/914/914
f 916/916/916 918/918/918 915/915/915
f 1850/1850/1850 3507/3507/3507 1851/1851/1851
f 921/921/921 895/895/895 894/894/894
f 1479/1479/1479 1436/1436/1436 1478/1478/1478
f 926/926/926 667/667/667 601/601/601
f 1481/1481/1481 563/563/563 1480/1480/1480
f 269/269/269 84/84/84 1482/1482/1482
f 931/931/931 933/933/933 916/916/916
f 934/934/934 614/614/614 869/869/869
f 936/936/936 688/688/688 937/937/937
f 938/938/938 662/662/662 939/939/939
f 1484/1484/1484 122/122/122 123/123/123
f 941/941/941 835/835/835 834/834/834
f 320/320/320 509/509/509 510/510/510
f 1849/1849/1849 3505/3505/3505 1850/1850/1850
f 84/84/84 1484/1484/1484 83/83/83
f 1487/1487/1487 1488/1488/1488 539/539/539
f 1757/1757/1757 3502/3502/3502 3509/3509/3509
f 365/365/365 1491/1491/1491 364/364/364
f 461/461/461 80/80/80 511/511/511
f 117/117/117 362/362/362 1496/1496/1496
f 1494/1494/1494 541/541/541 1495/1495/1495
f 926/926/926 957/957/957 958/958/958
f 1477/1477/1477 1433/1433/1433 1476/1476/1476
f 1709/1709/1709 1585/1585/1585 1700/1700/1700
f 119/119/119 1496/1496/1496 345/345/345
f 271/271/271 504/504/504 156/156/156
f 511/511/511 189/189/189 186/186/186
f 345/345/345 1492/1492/1492 365/365/365
f 255/255/255 344/344/344 254/254/254
f 57/57/57 299/299/299 132/132/132
f 1501/1501/1501 268/268/268 1500/1500/1500
f 267/267/267 1499/1499/1499 145/145/145
f 974/974/974 976/976/976 977/977/977
f 1678/1678/1678 1693/1693/1693 1676/1676/1676
f 3846/3846/3846 1807/1807/1807 3840/3840/3840
f 557/557/557 663/663/663 558/558/558
f 983/983/983 984/984/984 985/985/985
f 1443/1443/1443 3849/3849/3849 3848/3848/3848
f 421/421/421 268/268/268 265/265/265
f 989/989/989 991/991/991 988/988/988
f 1490/1490/1490 418/418/418 1504/1504/1504
f 279/279/279 309/309/309 310/310/310
f 997/997/997 676/676/676 679/679/679
f 998/998/998 999/999/999 875/875/875
f 1504/1504/1504 38/38/38 1505/1505/1505
f 1506/1506/1506 1507/1507/1507 1486/1486/1486
f 360/360/360 1508/1508/1508 1506/1506/1506
f 1506/1506/1506 207/207/207 360/360/360
f 939/939/939 1006/1006/1006 938/938/938
f 270/270/270 1483/1483/1483 269/269/269
f 66/66/66 546/546/546 512/512/512
f 1010/1010/1010 793/793/793 935/935/935
f 367/367/367 437/437/437 1509/1509/1509
f 244/244/244 363/363/363 243/243/243
f 1670/1670/1670 3534/3534/3534 1669/1669/1669
f 209/209/209 1510/1510/1510 226/226/226
f 235/235/235 1512/1512/1512 1511/1511/1511
f 1511/1511/1511 234/234/234 235/235/235
f 388/388/388 426/426/426 425/425/425
f 427/427/427 250/250/250 237/237/237
f 161/161/161 521/521/521 231/231/231
f 100/100/100 45/45/45 44/44/44
f 1025/1025/1025 608/608/608 1027/1027/1027
f 1029/1029/1029 1031/1031/1031 1028/1028/1028
f 939/939/939 1033/1033/1033 1032/1032/1032
f 41/41/41 594/594/594 99/99/99
f 1036/1036/1036 783/783/783 1037/1037/1037
f 702/702/702 1038/1038/1038 1039/1039/1039
f 1040/1040/1040 1042/1042/1042 1043/1043/1043
f 362/362/362 369/369/369 1493/1493/1493
f 187/187/187 477/477/477 186/186/186
f 70/70/70 539/539/539 198/198/198
f 1511/1511/1511 1521/1521/1521 234/234/234
f 1049/1049/1049 603/603/603 1048/1048/1048
f 613/613/613 869/869/869 614/614/614
f 860/860/860 1051/1051/1051 857/857/857
f 1005/1005/1005 1053/1053/1053 1006/1006/1006
f 753/753/753 1056/1056/1056 1054/1054/1054
f 1057/1057/1057 1059/1059/1059 1055/1055/1055
f 293/293/293 1522/1522/1522 292/292/292
f 288/288/288 1521/1521/1521 1522/1522/1522
f 292/292/292 1523/1523/1523 329/329/329
f 331/331/331 1508/1508/1508 1524/1524/1524
f 306/306/306 453/453/453 305/305/305
f 100/100/100 41/41/41 99/99/99
f 462/462/462 78/78/78 79/79/79
f 330/330/330 1524/1524/1524 462/462/462
f 635/635/635 1068/1068/1068 636/636/636
f 1485/1485/1485 1526/1526/1526 1528/1528/1528
f 206/206/206 1528/1528/1528 1510/1510/1510
f 1070/1070/1070 1072/1072/1072 831/831/831
f 942/942/942 1073/1073/1073 1074/1074/1074
f 916/916/916 1075/1075/1075 917/917/917
f 440/440/440 1530/1530/1530 439/439/439
f 157/157/157 1514/1514/1514 285/285/285
f 1529/1529/1529 5/5/5 1530/1530/1530
f 371/371/371 546/546/546 63/63/63
f 790/790/790 663/663/663 791/791/791
f 1077/1077/1077 857/857/857 1078/1078/1078
f 1403/1403/1403 1435/1435/1435 1165/1165/1165
f 1080/1080/1080 1082/1082/1082 1079/1079/1079
f 531/531/531 1529/1529/1529 440/440/440
f 21/21/21 1084/1084/1084 1085/1085/1085
f 272/272/272 1531/1531/1531 561/561/561
f 137/137/137 396/396/396 397/397/397
f 690/690/690 802/802/802 691/691/691
f 335/335/335 3567/3567/3567 581/581/581
f 1090/1090/1090 1029/1029/1029 1091/1091/1091
f 1092/1092/1092 794/794/794 1042/1042/1042
f 1533/1533/1533 137/137/137 138/138/138
f 661/661/661 1095/1095/1095 1096/1096/1096
f 69/69/69 445/445/445 72/72/72
f 1099/1099/1099 1101/1101/1101 1098/1098/1098
f 38/38/38 1536/1536/1536 1505/1505/1505
f 1104/1104/1104 1106/1106/1106 1103/1103/1103
f 852/852/852 1108/1108/1108 853/853/853
f 1377/1377/1377 909/909/909 1386/1386/1386
f 291/291/291 411/411/411 294/294/294
f 316/316/316 516/516/516 33/33/33
f 539/539/539 1533/1533/1533 534/534/534
f 1505/1505/1505 316/316/316 313/313/313
f 1110/1110/1110 1112/1112/1112 1113/1113/1113
f 1539/1539/1539 460/460/460 264/264/264
f 522/522/522 1537/1537/1537 1539/1539/1539
f 834/834/834 1120/1120/1120 1119/1119/1119
f 1122/1122/1122 1124/1124/1124 1121/1121/1121
f 612/612/612 1041/1041/1041 901/901/901
f 935/935/935 615/615/615 614/614/614
f 276/276/276 130/130/130 131/131/131
f 1686/1686/1686 3522/3522/3522 1685/1685/1685
f 193/193/193 1541/1541/1541 273/273/273
f 231/231/231 1540/1540/1540 287/287/287
f 556/556/556 982/982/982 557/557/557
f 365/365/365 85/85/85 345/345/345
f 190/190/190 318/318/318 1541/1541/1541
f 1810/1810/1810 3574/3574/3574 3528/3528/3528
f 3924/3924/3924 3512/3512/3512 3791/3791/3791
f 1132/1132/1132 985/985/985 1131/1131/1131
f 208/208/208 102/102/102 132/132/132
f 1134/1134/1134 662/662/662 661/661/661
f 1491/1491/1491 80/80/80 77/77/77
f 429/429/429 1542/1542/1542 147/147/147
f 1137/1137/1137 915/915/915 918/918/918
f 172/172/172 428/428/428 174/174/174
f 1139/1139/1139 1141/1141/1141 1142/1142/1142
f 549/549/549 54/54/54 55/55/55
f 1517/1517/1517 1518/1518/1518 296/296/296
f 976/976/976 1146/1146/1146 938/938/938
f 834/834/834 984/984/984 941/941/941
f 1543/1543/1543 286/286/286 115/115/115
f 1544/1544/1544 239/239/239 513/513/513
f 133/133/133 1544/1544/1544 1542/1542/1542
f 506/506/506 257/257/257 258/258/258
f 420/420/420 328/328/328 401/401/401
f 1158/1158/1158 1160/1160/1160 1157/1157/1157
f 587/587/587 1103/1103/1103 588/588/588
f 1513/1513/1513 1514/1514/1514 151/151/151
f 607/607/607 1027/1027/1027 608/608/608
f 304/304/304 1545/1545/1545 303/303/303
f 364/364/364 77/77/77 506/506/506
f 69/69/69 198/198/198 139/139/139
f 1006/1006/1006 976/976/976 938/938/938
f 700/700/700 1112/1112/1112 701/701/701
f 3877/3877/3877 3525/3525/3525 3787/3787/3787
f 1166/1166/1166 657/657/657 656/656/656
f 1167/1167/1167 858/858/858 1077/1077/1077
f 1300/1300/1300 3524/3524/3524 1299/1299/1299
f 1172/1172/1172 1174/1174/1174 1175/1175/1175
f 218/218/218 200/200/200 217/217/217
f 1179/1179/1179 1181/1181/1181 1178/1178/1178
f 372/372/372 97/97/97 98/98/98
f 89/89/89 227/227/227 88/88/88
f 1186/1186/1186 1188/1188/1188 1189/1189/1189
f 172/172/172 1517/1517/1517 1549/1549/1549
f 1482/1482/1482 81/81/81 1498/1498/1498
f 1090/1090/1090 1193/1193/1193 1030/1030/1030
f 394/394/394 353/353/353 1551/1551/1551
f 526/526/526 1198/1198/1198 1197/1197/1197
f 811/811/811 858/858/858 812/812/812
f 1199/1199/1199 1026/1026/1026 1025/1025/1025
f 606/606/606 697/697/697 696/696/696
f 1204/1204/1204 1206/1206/1206 743/743/743
f 1207/1207/1207 523/523/523 526/526/526
f 1209/1209/1209 867/867/867 613/613/613
f 914/914/914 685/685/685 936/936/936
f 1478/1478/1478 1441/1441/1441 1477/1477/1477
f 1029/1029/1029 1161/1161/1161 1091/1091/1091
f 1211/1211/1211 1213/1213/1213 1214/1214/1214
f 3858/3858/3858 1451/1451/1451 3859/3859/3859
f 844/844/844 1216/1216/1216 845/845/845
f 423/423/423 273/273/273 274/274/274
f 1220/1220/1220 1222/1222/1222 1083/1083/1083
f 22/22/22 1224/1224/1224 23/23/23
f 882/882/882 897/897/897 881/881/881
f 1519/1519/1519 173/173/173 387/387/387
f 1189/1189/1189 1232/1232/1232 1178/1178/1178
f 349/349/349 550/550/550 416/416/416
f 1071/1071/1071 1236/1236/1236 1072/1072/1072
f 1237/1237/1237 1239/1239/1239 745/745/745
f 1221/1221/1221 1189/1189/1189 1240/1240/1240
f 1510/1510/1510 1512/1512/1512 333/333/333
f 939/939/939 1241/1241/1241 1005/1005/1005
f 1556/1556/1556 5/5/5 67/67/67
f 1553/1553/1553 394/394/394 1551/1551/1551
f 404/404/404 67/67/67 347/347/347
f 1247/1247/1247 1249/1249/1249 1246/1246/1246
f 142/142/142 238/238/238 92/92/92
f 1251/1251/1251 635/635/635 1250/1250/1250
f 850/850/850 1253/1253/1253 851/851/851
f 1254/1254/1254 1077/1077/1077 1255/1255/1255
f 57/57/57 133/133/133 429/429/429
f 443/443/443 552/552/552 551/551/551
f 1187/1187/1187 1175/1175/1175 1188/1188/1188
f 1256/1256/1256 831/831/831 833/833/833
f 432/432/432 382/382/382 383/383/383
f 741/741/741 747/747/747 746/746/746
f 434/434/434 351/351/351 415/415/415
f 349/349/349 383/383/383 348/348/348
f 251/251/251 1481/1481/1481 1480/1480/1480
f 395/395/395 352/352/352 353/353/353
f 1518/1518/1518 1550/1550/1550 1551/1551/1551
f 1558/1558/1558 378/378/378 340/340/340
f 109/109/109 314/314/314 315/315/315
f 285/285/285 1513/1513/1513 407/407/407
f 395/395/395 393/393/393 392/392/392
f 202/202/202 410/410/410 1558/1558/1558
f 417/417/417 405/405/405 432/432/432
f 1246/1246/1246 1258/1258/1258 1247/1247/1247
f 3/3/3 297/297/297 2/2/2
f 1259/1259/1259 1261/1261/1261 1262/1262/1262
f 403/403/403 347/347/347 284/284/284
f 955/955/955 953/953/953 952/952/952
f 462/462/462 51/51/51 330/330/330
f 1096/1096/1096 687/687/687 1263/1263/1263
f 429/429/429 60/60/60 57/57/57
f 896/896/896 1265/1265/1265 932/932/932
f 1267/1267/1267 1268/1268/1268 1266/1266/1266
f 423/423/423 327/327/327 420/420/420
f 37/37/37 180/180/180 40/40/40
f 20/20/20 1187/1187/1187 1186/1186/1186
f 1256/1256/1256 1071/1071/1071 1070/1070/1070
f 155/155/155 156/156/156 504/504/504
f 1188/1188/1188 1269/1269/1269 1232/1232/1232
f 1236/1236/1236 1271/1271/1271 1262/1262/1262
f 1272/1272/1272 535/535/535 621/621/621
f 565/565/565 463/463/463 464/464/464
f 1273/1273/1273 745/745/745 1239/1239/1239
f 876/876/876 1255/1255/1255 1274/1274/1274
f 316/316/316 164/164/164 315/315/315
f 437/437/437 503/503/503 1509/1509/1509
f 194/194/194 1495/1495/1495 197/197/197
f 1275/1275/1275 864/864/864 863/863/863
f 624/624/624 631/631/631 630/630/630
f 1277/1277/1277 1137/1137/1137 1278/1278/1278
f 569/569/569 567/567/567 566/566/566
f 1481/1481/1481 125/125/125 366/366/366
f 324/324/324 547/547/547 326/326/326
f 1279/1279/1279 1107/1107/1107 1280/1280/1280
f 1525/1525/1525 329/329/329 1523/1523/1523
f 1281/1281/1281 1137/1137/1137 918/918/918
f 171/171/171 1553/1553/1553 1552/1552/1552
f 1488/1488/1488 396/396/396 1533/1533/1533
f 1557/1557/1557 1562/1562/1562 1559/1559/1559
f 1282/1282/1282 1206/1206/1206 1205/1205/1205
f 1053/1053/1053 1278/1278/1278 1281/1281/1281
f 778/778/778 607/607/607 1283/1283/1283
f 713/713/713 3566/3566/3566 3569/3569/3569
f 251/251/251 144/144/144 124/124/124
f 4/4/4 348/348/348 383/383/383
f 709/709/709 707/707/707 706/706/706
f 728/728/728 45/45/45 246/246/246
f 261/261/261 1563/1563/1563 544/544/544
f 789/789/789 1287/1287/1287 790/790/790
f 74/74/74 263/263/263 282/282/282
f 403/403/403 385/385/385 434/434/434
f 1178/1178/1178 1240/1240/1240 1189/1189/1189
f 1223/1223/1223 1289/1289/1289 1224/1224/1224
f 158/158/158 150/150/150 151/151/151
f 1220/1220/1220 1186/1186/1186 1221/1221/1221
f 296/296/296 354/354/354 433/433/433
f 784/784/784 1538/1538/1538 1566/1566/1566
f 1181/1181/1181 1291/1291/1291 1222/1222/1222
f 1269/1269/1269 1257/1257/1257 1246/1246/1246
f 1566/1566/1566 438/438/438 399/399/399
f 136/136/136 1566/1566/1566 1564/1564/1564
f 1563/1563/1563 169/169/169 1565/1565/1565
f 107/107/107 109/109/109 108/108/108
f 1297/1297/1297 1298/1298/1298 1296/1296/1296
f 1464/1464/1464 1476/1476/1476 1461/1461/1461
f 1520/1520/1520 507/507/507 508/508/508
f 1301/1301/1301 1303/1303/1303 1304/1304/1304
f 1306/1306/1306 1308/1308/1308 1305/1305/1305
f 175/175/175 1532/1532/1532 272/272/272
f 1532/1532/1532 200/200/200 201/201/201
f 1311/1311/1311 1312/1312/1312 1313/1313/1313
f 872/872/872 1315/1315/1315 1316/1316/1316
f 1317/1317/1317 1318/1318/1318 1319/1319/1319
f 3836/3836/3836 878/878/878 3828/3828/3828
f 1305/1305/1305 864/864/864 1276/1276/1276
f 1040/1040/1040 863/863/863 1320/1320/1320
f 1564/1564/1564 399/399/399 169/169/169
f 592/592/592 1575/1575/1575 591/591/591
f 591/591/591 1088/1088/1088 689/689/689
f 1581/1581/1581 1583/1583/1583 1582/1582/1582
f 1196/1196/1196 1147/1147/1147 1176/1176/1176
f 710/710/710 583/583/583 713/713/713
f 285/285/285 408/408/408 386/386/386
f 953/953/953 961/961/961 963/963/963
f 1594/1594/1594 1589/1589/1589 1593/1593/1593
f 1585/1585/1585 1587/1587/1587 1586/1586/1586
f 1592/1592/1592 1590/1590/1590 1589/1589/1589
f 3885/3885/3885 944/944/944 3899/3899/3899
f 1600/1600/1600 1598/1598/1598 1597/1597/1597
f 1604/1604/1604 1602/1602/1602 1601/1601/1601
f 1399/1399/1399 979/979/979 980/980/980
f 1589/1589/1589 1596/1596/1596 1595/1595/1595
f 1610/1610/1610 1608/1608/1608 1607/1607/1607
f 298/298/298 361/361/361 360/360/360
f 551/551/551 276/276/276 277/277/277
f 1627/1627/1627 3814/3814/3814 3819/3819/3819
f 859/859/859 818/818/818 860/860/860
f 1078/1078/1078 1328/1328/1328 1329/1329/1329
f 1555/1555/1555 1530/1530/1530 1556/1556/1556
f 572/572/572 680/680/680 681/681/681
f 772/772/772 776/776/776 774/774/774
f 977/977/977 918/918/918 917/917/917
f 404/404/404 392/392/392 393/393/393
f 1054/1054/1054 750/750/750 753/753/753
f 1644/1644/1644 1643/1643/1643 1642/1642/1642
f 932/932/932 1082/1082/1082 933/933/933
f 1067/1067/1067 1334/1334/1334 1068/1068/1068
f 1540/1540/1540 264/264/264 114/114/114
f 597/597/597 643/643/643 1336/1336/1336
f 471/471/471 762/762/762 470/470/470
f 1642/1642/1642 3831/3831/3831 3842/3842/3842
f 1644/1644/1644 3842/3842/3842 3843/3843/3843
f 923/923/923 950/950/950 927/927/927
f 96/96/96 548/548/548 95/95/95
f 520/520/520 522/522/522 521/521/521
f 445/445/445 443/443/443 442/442/442
f 849/849/849 848/848/848 842/842/842
f 480/480/480 755/755/755 493/493/493
f 1646/1646/1646 481/481/481 1639/1639/1639
f 311/311/311 1567/1567/1567 170/170/170
f 464/464/464 3497/3497/3497 3495/3495/3495
f 3497/3497/3497 1361/1361/1361 3495/3495/3495
f 234/234/234 236/236/236 235/235/235
f 190/190/190 192/192/192 191/191/191
f 153/153/153 152/152/152 149/149/149
f 231/231/231 286/286/286 230/230/230
f 1552/1552/1552 1551/1551/1551 1550/1550/1550
f 760/760/760 1648/1648/1648 488/488/488
f 3832/3832/3832 1649/1649/1649 3830/3830/3830
f 828/828/828 826/826/826 825/825/825
f 52/52/52 166/166/166 165/165/165
f 1663/1663/1663 1661/1661/1661 1660/1660/1660
f 287/287/287 115/115/115 286/286/286
f 668/668/668 670/670/670 669/669/669
f 634/634/634 640/640/640 639/639/639
f 553/553/553 559/559/559 554/554/554
f 118/118/118 33/33/33 516/516/516
f 492/492/492 491/491/491 490/490/490
f 3552/3552/3552 1651/1651/1651 3553/3553/3553
f 582/582/582 584/584/584 583/583/583
f 384/384/384 392/392/392 415/415/415
f 1381/1381/1381 1383/1383/1383 1380/1380/1380
f 1562/1562/1562 435/435/435 436/436/436
f 952/952/952 951/951/951 947/947/947
f 3529/3529/3529 583/583/583 584/584/584
f 1660/1660/1660 1667/1667/1667 1666/1666/1666
f 1394/1394/1394 1396/1396/1396 1393/1393/1393
f 1660/1660/1660 1664/1664/1664 1663/1663/1663
f 1671/1671/1671 1669/1669/1669 1668/1668/1668
f 1624/1624/1624 1673/1673/1673 1672/1672/1672
f 1407/1407/1407 1409/1409/1409 1410/1410/1410
f 1677/1677/1677 1675/1675/1675 1674/1674/1674
f 1613/1613/1613 1677/1677/1677 1625/1625/1625
f 1679/1679/1679 1676/1676/1676 1677/1677/1677
f 1626/1626/1626 3811/3811/3811 3814/3814/3814
f 534/534/534 198/198/198 539/539/539
f 176/176/176 150/150/150 159/159/159
f 803/803/803 734/734/734 800/800/800
f 400/400/400 191/191/191 192/192/192
f 65/65/65 143/143/143 144/144/144
f 3526/3526/3526 1656/1656/1656 3540/3540/3540
f 402/402/402 157/157/157 283/283/283
f 629/629/629 627/627/627 626/626/626
f 461/461/461 49/49/49 50/50/50
f 758/758/758 495/495/495 756/756/756
f 796/796/796 786/786/786 785/785/785
f 406/406/406 1513/1513/1513 1560/1560/1560
f 342/342/342 166/166/166 167/167/167
f 1694/1694/1694 1658/1658/1658 1695/1695/1695
f 1692/1692/1692 1694/1694/1694 1696/1696/1696
f 3557/3557/3557 1652/1652/1652 3552/3552/3552
f 3921/3921/3921 1703/1703/1703 3923/3923/3923
f 326/326/326 302/302/302 90/90/90
f 3916/3916/3916 1702/1702/1702 1706/1706/1706
f 3919/3919/3919 1698/1698/1698 1701/1701/1701
f 1699/1699/1699 3927/3927/3927 3918/3918/3918
f 1557/1557/1557 1560/1560/1560 1561/1561/1561
f 1127/1127/1127 1117/1117/1117 1128/1128/1128
f 400/400/400 289/289/289 346/346/346
f 1706/1706/1706 1707/1707/1707 1708/1708/1708
f 1707/1707/1707 1599/1599/1599 1600/1600/1600
f 1709/1709/1709 1708/1708/1708 1588/1588/1588
f 1714/1714/1714 1711/1711/1711 1713/1713/1713
f 3919/3919/3919 1709/1709/1709 1700/1700/1700
f 1704/1704/1704 1577/1577/1577 1703/1703/1703
f 1716/1716/1716 1713/1713/1713 1715/1715/1715
f 1559/1559/1559 1549/1549/1549 297/297/297
f 1722/1722/1722 1720/1720/1720 1719/1719/1719
f 1335/1335/1335 596/596/596 1489/1489/1489
f 410/410/410 377/377/377 378/378/378
f 973/973/973 1163/1163/1163 972/972/972
f 168/168/168 399/399/399 398/398/398
f 1571/1571/1571 1089/1089/1089 1093/1093/1093
f 1572/1572/1572 682/682/682 1571/1571/1571
f 749/749/749 647/647/647 754/754/754
f 1730/1730/1730 1723/1723/1723 1729/1729/1729
f 1594/1594/1594 1729/1729/1729 1592/1592/1592
f 1729/1729/1729 1591/1591/1591 1592/1592/1592
f 1731/1731/1731 1730/1730/1730 1583/1583/1583
f 1384/1384/1384 1377/1377/1377 1379/1379/1379
f 1732/1732/1732 1712/1712/1712 1714/1714/1714
f 1724/1724/1724 1731/1731/1731 1732/1732/1732
f 1712/1712/1712 1731/1731/1731 1580/1580/1580
f 1722/1722/1722 1732/1732/1732 1733/1733/1733
f 1721/1721/1721 1733/1733/1733 1734/1734/1734
f 1734/1734/1734 1716/1716/1716 1717/1717/1717
f 1735/1735/1735 1736/1736/1736 1697/1697/1697
f 1733/1733/1733 1714/1714/1714 1716/1716/1716
f 1663/1663/1663 1741/1741/1741 1668/1668/1668
f 1742/1742/1742 1740/1740/1740 1743/1743/1743
f 1738/1738/1738 1737/1737/1737 1735/1735/1735
f 1665/1665/1665 1666/1666/1666 1740/1740/1740
f 1665/1665/1665 1744/1744/1744 1664/1664/1664
f 1725/1725/1725 1746/1746/1746 1745/1745/1745
f 1591/1591/1591 1745/1745/1745 1590/1590/1590
f 1590/1590/1590 1747/1747/1747 1596/1596/1596
f 1745/1745/1745 1748/1748/1748 1747/1747/1747
f 1659/1659/1659 3538/3538/3538 3542/3542/3542
f 3287/3287/3287 3545/3545/3545 3282/3282/3282
f 1185/1185/1185 1182/1182/1182 1190/1190/1190
f 1664/1664/1664 1749/1749/1749 1741/1741/1741
f 1741/1741/1741 1739/1739/1739 1738/1738/1738
f 1746/1746/1746 1743/1743/1743 1748/1748/1748
f 1726/1726/1726 1742/1742/1742 1746/1746/1746
f 1153/1153/1153 924/924/924 925/925/925
f 1115/1115/1115 1153/1153/1153 1154/1154/1154
f 1654/1654/1654 3575/3575/3575 1655/1655/1655
f 1896/1896/1896 3549/3549/3549 1686/1686/1686
f 1720/1720/1720 1744/1744/1744 1726/1726/1726
f 1721/1721/1721 1749/1749/1749 1720/1720/1720
f 1750/1750/1750 1701/1701/1701 1698/1698/1698
f 1697/1697/1697 1750/1750/1750 1696/1696/1696
f 1151/1151/1151 1063/1063/1063 1062/1062/1062
f 1751/1751/1751 1670/1670/1670 1671/1671/1671
f 1695/1695/1695 1752/1752/1752 1751/1751/1751
f 961/961/961 986/986/986 981/981/981
f 1770/1770/1770 1768/1768/1768 1767/1767/1767
f 1766/1766/1766 1593/1593/1593 1765/1765/1765
f 1731/1731/1731 1579/1579/1579 1580/1580/1580
f 1579/1579/1579 1774/1774/1774 1578/1578/1578
f 3928/3928/3928 1771/1771/1771 3929/3929/3929
f 1764/1764/1764 3928/3928/3928 3917/3917/3917
f 1777/1777/1777 1775/1775/1775 1774/1774/1774
f 3762/3762/3762 1699/1699/1699 1700/1700/1700
f 1004/1004/1004 1128/1128/1128 1003/1003/1003
f 1774/1774/1774 1771/1771/1771 1772/1772/1772
f 987/987/987 1399/1399/1399 980/980/980
f 1578/1578/1578 1772/1772/1772 1764/1764/1764
f 1783/1783/1783 1781/1781/1781 1778/1778/1778
f 1597/1597/1597 1770/1770/1770 1767/1767/1767
f 639/639/639 3895/3895/3895 3884/3884/3884
f 3928/3928/3928 1769/1769/1769 1770/1770/1770
f 1793/1793/1793 1789/1789/1789 1788/1788/1788
f 3929/3929/3929 1798/1798/1798 1769/1769/1769
f 3508/3508/3508 3773/3773/3773 1806/1806/1806
f 1802/1802/1802 3924/3924/3924 3922/3922/3922
f 1788/1788/1788 1794/1794/1794 1793/1793/1793
f 1793/1793/1793 1795/1795/1795 1776/1776/1776
f 3773/3773/3773 1675/1675/1675 1806/1806/1806
f 1584/1584/1584 1783/1783/1783 1789/1789/1789
f 1771/1771/1771 3920/3920/3920 3929/3929/3929
f 1801/1801/1801 1798/1798/1798 1800/1800/1800
f 1768/1768/1768 1798/1798/1798 1799/1799/1799
f 1775/1775/1775 1797/1797/1797 1771/1771/1771
f 508/508/508 515/515/515 1520/1520/1520
f 1796/1796/1796 1802/1802/1802 1797/1797/1797
f 1800/1800/1800 3920/3920/3920 3922/3922/3922
f 1794/1794/1794 1804/1804/1804 1795/1795/1795
f 3532/3532/3532 1752/1752/1752 3547/3547/3547
f 485/485/485 1807/1807/1807 775/775/775
f 3809/3809/3809 1640/1640/1640 768/768/768
f 3837/3837/3837 1810/1810/1810 1653/1653/1653
f 485/485/485 1640/1640/1640 1808/1808/1808
f 1690/1690/1690 3770/3770/3770 3772/3772/3772
f 487/487/487 1648/1648/1648 1811/1811/1811
f 3839/3839/3839 1816/1816/1816 3822/3822/3822
f 3838/3838/3838 1648/1648/1648 3830/3830/3830
f 3839/3839/3839 1811/1811/1811 3838/3838/3838
f 1812/1812/1812 487/487/487 1811/1811/1811
f 1641/1641/1641 767/767/767 768/768/768
f 465/465/465 755/755/755 776/776/776
f 767/767/767 3823/3823/3823 3808/3808/3808
f 3822/3822/3822 3826/3826/3826 3847/3847/3847
f 1809/1809/1809 1815/1815/1815 767/767/767
f 3837/3837/3837 1651/1651/1651 3840/3840/3840
f 675/675/675 3541/3541/3541 3496/3496/3496
f 1814/1814/1814 1822/1822/1822 1821/1821/1821
f 1821/1821/1821 3821/3821/3821 3820/3820/3820
f 1824/1824/1824 1649/1649/1649 1825/1825/1825
f 1827/1827/1827 1850/1850/1850 1805/1805/1805
f 1668/1668/1668 1662/1662/1662 1663/1663/1663
f 1779/1779/1779 1848/1848/1848 1828/1828/1828
f 1790/1790/1790 1805/1805/1805 1794/1794/1794
f 1833/1833/1833 1853/1853/1853 1852/1852/1852
f 3521/3521/3521 693/693/693 575/575/575
f 1614/1614/1614 1616/1616/1616 1617/1617/1617
f 1852/1852/1852 3498/3498/3498 3501/3501/3501
f 1620/1620/1620 1622/1622/1622 1623/1623/1623
f 1855/1855/1855 1574/1574/1574 1861/1861/1861
f 1847/1847/1847 3501/3501/3501 3513/3513/3513
f 1766/1766/1766 1855/1855/1855 1782/1782/1782
f 1629/1629/1629 1631/1631/1631 1628/1628/1628
f 1633/1633/1633 1634/1634/1634 1632/1632/1632
f 1635/1635/1635 1637/1637/1637 1638/1638/1638
f 1848/1848/1848 1852/1852/1852 1847/1847/1847
f 1855/1855/1855 1863/1863/1863 1862/1862/1862
f 1803/1803/1803 1867/1867/1867 1802/1802/1802
f 1862/1862/1862 1831/1831/1831 1832/1832/1832
f 1782/1782/1782 1862/1862/1862 1781/1781/1781
f 3922/3922/3922 1865/1865/1865 1800/1800/1800
f 1873/1873/1873 1870/1870/1870 1869/1869/1869
f 1874/1874/1874 799/799/799 804/804/804
f 2045/2045/2045 3897/3897/3897 2044/2044/2044
f 1219/1219/1219 1295/1295/1295 1225/1225/1225
f 1615/1615/1615 1396/1396/1396 1395/1395/1395
f 3884/3884/3884 1877/1877/1877 1876/1876/1876
f 645/645/645 3786/3786/3786 3559/3559/3559
f 1345/1345/1345 1035/1035/1035 1346/1346/1346
f 634/634/634 3884/3884/3884 3880/3880/3880
f 15/15/15 1327/1327/1327 14/14/14
f 3910/3910/3910 1878/1878/1878 1893/1893/1893
f 1894/1894/1894 605/605/605 1893/1893/1893
f 3506/3506/3506 627/627/627 693/693/693
f 3560/3560/3560 645/645/645 3559/3559/3559
f 340/340/340 454/454/454 1558/1558/1558
f 1897/1897/1897 195/195/195 1898/1898/1898
f 1889/1889/1889 1877/1877/1877 1890/1890/1890
f 1901/1901/1901 129/129/129 1900/1900/1900
f 196/196/196 754/754/754 232/232/232
f 1705/1705/1705 3921/3921/3921 3916/3916/3916
f 340/340/340 166/166/166 343/343/343
f 1570/1570/1570 563/563/563 561/561/561
f 1904/1904/1904 194/194/194 1897/1897/1897
f 1781/1781/1781 1832/1832/1832 1780/1780/1780
f 1905/1905/1905 55/55/55 1906/1906/1906
f 1000/1000/1000 995/995/995 996/996/996
f 986/986/986 920/920/920 987/987/987
f 1191/1191/1191 1190/1190/1190 1194/1194/1194
f 2094/2094/2094 2075/2075/2075 2093/2093/2093
f 1920/1920/1920 1919/1919/1919 1915/1915/1915
f 453/453/453 1912/1912/1912 1911/1911/1911
f 1915/1915/1915 1918/1918/1918 1916/1916/1916
f 3882/3882/3882 2106/2106/2106 3901/3901/3901
f 1655/1655/1655 3531/3531/3531 1868/1868/1868
f 1916/1916/1916 1926/1926/1926 1925/1925/1925
f 704/704/704 3561/3561/3561 703/703/703
f 278/278/278 1925/1925/1925 1900/1900/1900
f 3565/3565/3565 1818/1818/1818 1820/1820/1820
f 1097/1097/1097 1115/1115/1115 1114/1114/1114
f 1927/1927/1927 727/727/727 1923/1923/1923
f 3578/3578/3578 3654/3654/3654 3758/3758/3758
f 1920/1920/1920 307/307/307 1929/1929/1929
f 1929/1929/1929 48/48/48 728/728/728
f 503/503/503 1497/1497/1497 1509/1509/1509
f 1902/1902/1902 787/787/787 796/796/796
f 1816/1816/1816 3820/3820/3820 3826/3826/3826
f 1925/1925/1925 1923/1923/1923 1924/1924/1924
f 1535/1535/1535 1568/1568/1568 1534/1534/1534
f 254/254/254 258/258/258 255/255/255
f 1509/1509/1509 366/366/366 367/367/367
f 119/119/119 35/35/35 36/36/36
f 219/219/219 293/293/293 294/294/294
f 141/141/141 47/47/47 431/431/431
f 542/542/542 244/244/244 245/245/245
f 1940/1940/1940 430/430/430 431/431/431
f 1779/1779/1779 1827/1827/1827 1790/1790/1790
f 1701/1701/1701 3915/3915/3915 3919/3919/3919
f 1661/1661/1661 3515/3515/3515 1667/1667/1667
f 270/270/270 754/754/754 647/647/647
f 197/197/197 749/749/749 196/196/196
f 1727/1727/1727 1212/1212/1212 1211/1211/1211
f 53/53/53 232/232/232 754/754/754
f 1465/1465/1465 1479/1479/1479 1478/1478/1478
f 1284/1284/1284 3854/3854/3854 1293/1293/1293
f 1951/1951/1951 412/412/412 413/413/413
f 168/168/168 1554/1554/1554 1553/1553/1553
f 1486/1486/1486 206/206/206 207/207/207
f 506/506/506 78/78/78 361/361/361
f 994/994/994 1007/1007/1007 993/993/993
f 951/951/951 963/963/963 964/964/964
f 1013/1013/1013 3861/3861/3861 1351/1351/1351
f 3826/3826/3826 1820/1820/1820 1818/1818/1818
f 1498/1498/1498 1954/1954/1954 1482/1482/1482
f 299/299/299 543/543/543 132/132/132
f 1754/1754/1754 1756/1756/1756 1753/1753/1753
f 1681/1681/1681 1683/1683/1683 1682/1682/1682
f 1696/1696/1696 1695/1695/1695 1697/1697/1697
f 13/13/13 738/738/738 737/737/737
f 473/473/473 475/475/475 474/474/474
f 482/482/482 768/768/768 1640/1640/1640
f 204/204/204 30/30/30 205/205/205
f 1761/1761/1761 820/820/820 819/819/819
f 611/611/611 1125/1125/1125 612/612/612
f 1501/1501/1501 1908/1908/1908 1909/1909/1909
f 1074/1074/1074 711/711/711 699/699/699
f 1960/1960/1960 82/82/82 83/83/83
f 120/120/120 1960/1960/1960 123/123/123
f 35/35/35 87/87/87 34/34/34
f 1773/1773/1773 1025/1025/1025 1031/1031/1031
f 1965/1965/1965 1569/1569/1569 1535/1535/1535
f 494/494/494 471/471/471 479/479/479
f 1966/1966/1966 1969/1969/1969 1968/1968/1968
f 446/446/446 1971/1971/1971 1967/1967/1967
f 174/174/174 125/125/125 126/126/126
f 1580/1580/1580 1578/1578/1578 1577/1577/1577
f 1785/1785/1785 1787/1787/1787 1784/1784/1784
f 1972/1972/1972 304/304/304 305/305/305
f 1254/1254/1254 875/875/875 999/999/999
f 1973/1973/1973 342/342/342 514/514/514
f 321/321/321 1973/1973/1973 509/509/509
f 1910/1910/1910 275/275/275 1907/1907/1907
f 509/509/509 514/514/514 508/508/508
f 1486/1486/1486 1527/1527/1527 1485/1485/1485
f 1974/1974/1974 804/804/804 1975/1975/1975
f 1977/1977/1977 1974/1974/1974 1978/1978/1978
f 1980/1980/1980 1966/1966/1966 1981/1981/1981
f 379/379/379 2/2/2 295/295/295
f 1718/1718/1718 1710/1710/1710 1701/1701/1701
f 884/884/884 992/992/992 883/883/883
f 1680/1680/1680 1678/1678/1678 1679/1679/1679
f 902/902/902 525/525/525 524/524/524
f 344/344/344 256/256/256 299/299/299
f 135/135/135 137/137/137 136/136/136
f 236/236/236 228/228/228 333/333/333
f 448/448/448 1967/1967/1967 1966/1966/1966
f 589/589/589 604/604/604 584/584/584
f 910/910/910 908/908/908 907/907/907
f 1981/1981/1981 1968/1968/1968 1987/1987/1987
f 1982/1982/1982 1987/1987/1987 1979/1979/1979
f 1988/1988/1988 1987/1987/1987 1989/1989/1989
f 1990/1990/1990 1989/1989/1989 1991/1991/1991
f 1991/1991/1991 1993/1993/1993 1992/1992/1992
f 322/322/322 320/320/320 319/319/319
f 992/992/992 830/830/830 883/883/883
f 1144/1144/1144 1086/1086/1086 1143/1143/1143
f 1995/1995/1995 1978/1978/1978 1994/1994/1994
f 1133/1133/1133 1118/1118/1118 1126/1126/1126
f 1997/1997/1997 1994/1994/1994 1996/1996/1996
f 870/870/870 1335/1335/1335 1489/1489/1489
f 805/805/805 1982/1982/1982 1998/1998/1998
f 727/727/727 2000/2000/2000 1999/1999/1999
f 1996/1996/1996 1988/1988/1988 1990/1990/1990
f 1994/1994/1994 1979/1979/1979 1988/1988/1988
f 1829/1829/1829 792/792/792 1273/1273/1273
f 1830/1830/1830 941/941/941 983/983/983
f 798/798/798 800/800/800 799/799/799
f 729/729/729 731/731/731 730/730/730
f 2011/2011/2011 2023/2023/2023 2022/2022/2022
f 1834/1834/1834 846/846/846 1159/1159/1159
f 402/402/402 284/284/284 347/347/347
f 2022/2022/2022 2024/2024/2024 2025/2025/2025
f 1838/1838/1838 989/989/989 988/988/988
f 810/810/810 952/952/952 809/809/809
f 1823/1823/1823 1840/1840/1840 644/644/644
f 1430/1430/1430 1432/1432/1432 1431/1431/1431
f 1215/1215/1215 1841/1841/1841 1079/1079/1079
f 149/149/149 176/176/176 177/177/177
f 1316/1316/1316 873/873/873 872/872/872
f 2112/2112/2112 1384/1384/1384 2106/2106/2106
f 1842/1842/1842 1844/1844/1844 1845/1845/1845
f 1159/1159/1159 845/845/845 1160/1160/1160
f 837/837/837 1846/1846/1846 1120/1120/1120
f 1971/1971/1971 2030/2030/2030 2027/2027/2027
f 517/517/517 370/370/370 189/189/189
f 858/858/858 833/833/833 812/812/812
f 1471/1471/1471 2027/2027/2027 1888/1888/1888
f 3551/3551/3551 626/626/626 627/627/627
f 2174/2174/2174 770/770/770 490/490/490
f 935/935/935 1854/1854/1854 1010/1010/1010
f 1613/1613/1613 1611/1611/1611 1618/1618/1618
f 1231/1231/1231 1225/1225/1225 1295/1295/1295
f 1856/1856/1856 891/891/891 892/892/892
f 1300/1300/1300 748/748/748 741/741/741
f 1150/1150/1150 1858/1858/1858 1859/1859/1859
f 1643/1643/1643 696/696/696 1642/1642/1642
f 1215/1215/1215 1264/1264/1264 1216/1216/1216
f 1320/1320/1320 902/902/902 901/901/901
f 1956/1956/1956 1944/1944/1944 1960/1960/1960
f 2031/2031/2031 669/669/669 1474/1474/1474
f 2034/2034/2034 1310/1310/1310 1299/1299/1299
f 1879/1879/1879 1656/1656/1656 1657/1657/1657
f 40/40/40 242/242/242 39/39/39
f 1992/1992/1992 2039/2039/2039 1456/1456/1456
f 888/888/888 957/957/957 889/889/889
f 1882/1882/1882 1996/1996/1996 1990/1990/1990
f 1078/1078/1078 1255/1255/1255 1077/1077/1077
f 1871/1871/1871 1192/1192/1192 1090/1090/1090
f 294/294/294 218/218/218 219/219/219
f 1323/1323/1323 2026/2026/2026 1471/1471/1471
f 123/123/123 83/83/83 1484/1484/1484
f 1324/1324/1324 2041/2041/2041 1323/1323/1323
f 384/384/384 359/359/359 352/352/352
f 1324/1324/1324 2038/2038/2038 2036/2036/2036
f 1883/1883/1883 1885/1885/1885 1829/1829/1829
f 287/287/287 114/114/114 107/107/107
f 1096/1096/1096 1134/1134/1134 661/661/661
f 915/915/915 931/931/931 916/916/916
f 806/806/806 1981/1981/1981 1982/1982/1982
f 3533/3533/3533 584/584/584 604/604/604
f 1425/1425/1425 2042/2042/2042 1018/1018/1018
f 1018/1018/1018 1948/1948/1948 1017/1017/1017
f 3562/3562/3562 740/740/740 3519/3519/3519
f 1948/1948/1948 649/649/649 646/646/646
f 1881/1881/1881 1990/1990/1990 1991/1991/1991
f 1900/1900/1900 130/130/130 278/278/278
f 992/992/992 994/994/994 993/993/993
f 923/923/923 925/925/925 924/924/924
f 3878/3878/3878 2047/2047/2047 3876/3876/3876
f 1643/1643/1643 625/625/625 606/606/606
f 2050/2050/2050 2051/2051/2051 2049/2049/2049
f 2045/2045/2045 1404/1404/1404 2047/2047/2047
f 3876/3876/3876 945/945/945 3885/3885/3885
f 1139/1139/1139 1079/1079/1079 1841/1841/1841
f 1037/1037/1037 892/892/892 982/982/982
f 2055/2055/2055 2057/2057/2057 2056/2056/2056
f 1198/1198/1198 718/718/718 717/717/717
f 1619/1619/1619 1612/1612/1612 1611/1611/1611
f 2058/2058/2058 1606/1606/1606 2059/2059/2059
f 2059/2059/2059 1607/1607/1607 2058/2058/2058
f 2058/2058/2058 1624/1624/1624 1605/1605/1605
f 71/71/71 179/179/179 37/37/37
f 405/405/405 1557/1557/1557 382/382/382
f 976/976/976 1006/1006/1006 977/977/977
f 322/322/322 1972/1972/1972 1911/1911/1911
f 2061/2061/2061 2063/2063/2063 2062/2062/2062
f 2066/2066/2066 2067/2067/2067 1825/1825/1825
f 2052/2052/2052 2064/2064/2064 2051/2051/2051
f 1609/1609/1609 2066/2066/2066 1647/1647/1647
f 1515/1515/1515 152/152/152 1516/1516/1516
f 1009/1009/1009 993/993/993 1007/1007/1007
f 1644/1644/1644 3815/3815/3815 2118/2118/2118
f 279/279/279 1916/1916/1916 278/278/278
f 1285/1285/1285 3862/3862/3862 1284/1284/1284
f 1647/1647/1647 1825/1825/1825 1649/1649/1649
f 2056/2056/2056 2067/2067/2067 2065/2065/2065
f 319/319/319 1953/1953/1953 1952/1952/1952
f 667/667/667 1913/1913/1913 1914/1914/1914
f 2070/2070/2070 625/625/625 2048/2048/2048
f 2052/2052/2052 2055/2055/2055 2063/2063/2063
f 2038/2038/2038 1655/1655/1655 1458/1458/1458
f 1606/1606/1606 2073/2073/2073 2072/2072/2072
f 1235/1235/1235 1270/1270/1270 1236/1236/1236
f 2072/2072/2072 2075/2075/2075 2074/2074/2074
f 2059/2059/2059 2072/2072/2072 2062/2062/2062
f 2074/2074/2074 2077/2077/2077 2076/2076/2076
f 1601/1601/1601 2078/2078/2078 2073/2073/2073
f 2049/2049/2049 1643/1643/1643 1645/1645/1645
f 1000/1000/1000 1001/1001/1001 994/994/994
f 1089/1089/1089 684/684/684 689/689/689
f 1931/1931/1931 1306/1306/1306 1930/1930/1930
f 1462/1462/1462 1021/1021/1021 1022/1022/1022
f 1932/1932/1932 1934/1934/1934 1935/1935/1935
f 875/875/875 1846/1846/1846 998/998/998
f 1936/1936/1936 1937/1937/1937 1938/1938/1938
f 44/44/44 46/46/46 92/92/92
f 1534/1534/1534 1956/1956/1956 120/120/120
f 1541/1541/1541 317/317/317 391/391/391
f 2081/2081/2081 2084/2084/2084 2083/2083/2083
f 146/146/146 1959/1959/1959 300/300/300
f 1360/1360/1360 1942/1942/1942 1361/1361/1361
f 985/985/985 1032/1032/1032 1033/1033/1033
f 1995/1995/1995 1892/1892/1892 2043/2043/2043
f 2079/2079/2079 2082/2082/2082 2081/2081/2081
f 2095/2095/2095 2076/2076/2076 2077/2077/2077
f 2081/2081/2081 2078/2078/2078 2079/2079/2079
f 2055/2055/2055 2054/2054/2054 2053/2053/2053
f 501/501/501 2095/2095/2095 500/500/500
f 2097/2097/2097 2099/2099/2099 2098/2098/2098
f 2098/2098/2098 2094/2094/2094 2083/2083/2083
f 2140/2140/2140 3893/3893/3893 3866/3866/3866
f 2141/2141/2141 3894/3894/3894 3893/3893/3893
f 2051/2051/2051 2048/2048/2048 2049/2049/2049
f 592/592/592 2101/2101/2101 1576/1576/1576
f 2071/2071/2071 2076/2076/2076 2096/2096/2096
f 2102/2102/2102 2098/2098/2098 2101/2101/2101
f 593/593/593 2102/2102/2102 592/592/592
f 1019/1019/1019 746/746/746 747/747/747
f 1950/1950/1950 12/12/12 1327/1327/1327
f 725/725/725 2096/2096/2096 501/501/501
f 1385/1385/1385 2104/2104/2104 1379/1379/1379
f 1379/1379/1379 2106/2106/2106 1384/1384/1384
f 2107/2107/2107 2100/2100/2100 2097/2097/2097
f 3908/3908/3908 502/502/502 3896/3896/3896
f 3896/3896/3896 499/499/499 3901/3901/3901
f 940/940/940 2109/2109/2109 944/944/944
f 928/928/928 1170/1170/1170 973/973/973
f 3868/3868/3868 684/684/684 3899/3899/3899
f 1962/1962/1962 1964/1964/1964 1961/1961/1961
f 3878/3878/3878 573/573/573 3897/3897/3897
f 2039/2039/2039 1968/1968/1968 1969/1969/1969
f 1389/1389/1389 2110/2110/2110 2109/2109/2109
f 1398/1398/1398 2113/2113/2113 1397/1397/1397
f 3757/3757/3757 3753/3753/3753 3743/3743/3743
f 3911/3911/3911 2107/2107/2107 2103/2103/2103
f 949/949/949 924/924/924 1115/1115/1115
f 260/260/260 324/324/324 326/326/326
f 1390/1390/1390 2113/2113/2113 2110/2110/2110
f 2070/2070/2070 2064/2064/2064 2071/2071/2071
f 3867/3867/3867 2103/2103/2103 593/593/593
f 2105/2105/2105 1421/1421/1421 2114/2114/2114
f 2114/2114/2114 1423/1423/1423 2115/2115/2115
f 3892/3892/3892 2115/2115/2115 3903/3903/3903
f 3908/3908/3908 2114/2114/2114 3892/3892/3892
f 554/554/554 1902/1902/1902 553/553/553
f 972/972/972 967/967/967 966/966/966
f 1765/1765/1765 1573/1573/1573 1574/1574/1574
f 1984/1984/1984 1986/1986/1986 1983/1983/1983
f 2053/2053/2053 2069/2069/2069 2057/2057/2057
f 3573/3573/3573 724/724/724 714/714/714
f 1625/1625/1625 1674/1674/1674 1673/1673/1673
f 3881/3881/3881 2119/2119/2119 2122/2122/2122
f 3903/3903/3903 2123/2123/2123 3904/3904/3904
f 56/56/56 1906/1906/1906 55/55/55
f 626/626/626 3879/3879/3879 629/629/629
f 2001/2001/2001 2003/2003/2003 2004/2004/2004
f 3912/3912/3912 2127/2127/2127 3907/3907/3907
f 2006/2006/2006 2008/2008/2008 2009/2009/2009
f 2127/2127/2127 1412/1412/1412 2128/2128/2128
f 2014/2014/2014 2016/2016/2016 2017/2017/2017
f 2018/2018/2018 2020/2020/2020 2021/2021/2021
f 1495/1495/1495 1947/1947/1947 197/197/197
f 1379/1379/1379 1386/1386/1386 1385/1385/1385
f 3814/3814/3814 1680/1680/1680 1618/1618/1618
f 2029/2029/2029 1884/1884/1884 2028/2028/2028
f 3902/3902/3902 2120/2120/2120 3887/3887/3887
f 629/629/629 3914/3914/3914 3872/3872/3872
f 682/682/682 943/943/943 1089/1089/1089
f 724/724/724 2121/2121/2121 716/716/716
f 1757/1757/1757 3821/3821/3821 3845/3845/3845
f 765/765/765 3844/3844/3844 3809/3809/3809
f 3851/3851/3851 715/715/715 3852/3852/3852
f 706/706/706 3870/3870/3870 3872/3872/3872
f 981/981/981 987/987/987 980/980/980
f 1457/1457/1457 1656/1656/1656 1880/1880/1880
f 2017/2017/2017 2032/2032/2032 2033/2033/2033
f 1458/1458/1458 1868/1868/1868 1457/1457/1457
f 1776/1776/1776 1792/1792/1792 1793/1793/1793
f 1959/1959/1959 1946/1946/1946 1958/1958/1958
f 3663/3663/3663 3725/3725/3725 3661/3661/3661
f 3913/3913/3913 2122/2122/2122 3850/3850/3850
f 1093/1093/1093 689/689/689 1088/1088/1088
f 966/966/966 968/968/968 972/972/972
f 3852/3852/3852 3881/3881/3881 3913/3913/3913
f 2172/2172/2172 2170/2170/2170 2171/2171/2171
f 670/670/670 2137/2137/2137 669/669/669
f 3761/3761/3761 1903/1903/1903 233/233/233
f 1429/1429/1429 28/28/28 1449/1449/1449
f 964/964/964 978/978/978 971/971/971
f 3841/3841/3841 1413/1413/1413 2127/2127/2127
f 1473/1473/1473 669/669/669 2137/2137/2137
f 3834/3834/3834 1359/1359/1359 1358/1358/1358
f 2138/2138/2138 1870/1870/1870 2137/2137/2137
f 1872/1872/1872 2137/2137/2137 1870/1870/1870
f 715/715/715 3888/3888/3888 3881/3881/3881
f 1881/1881/1881 1992/1992/1992 1880/1880/1880
f 3843/3843/3843 739/739/739 740/740/740
f 1837/1837/1837 3513/3513/3513 3514/3514/3514
f 253/253/253 59/59/59 85/85/85
f 1808/1808/1808 3840/3840/3840 1807/1807/1807
f 1647/1647/1647 3818/3818/3818 1609/1609/1609
f 3865/3865/3865 671/671/671 668/668/668
f 2112/2112/2112 3883/3883/3883 2111/2111/2111
f 1405/1405/1405 2044/2044/2044 1438/1438/1438
f 3829/3829/3829 1364/1364/1364 1366/1366/1366
f 273/273/273 391/391/391 249/249/249
f 576/576/576 3520/3520/3520 3555/3555/3555
f 3875/3875/3875 668/668/668 2031/2031/2031
f 1430/1430/1430 2140/2140/2140 2139/2139/2139
f 2136/2136/2136 3860/3860/3860 28/28/28
f 1430/1430/1430 18/18/18 19/19/19
f 3893/3893/3893 570/570/570 695/695/695
f 1442/1442/1442 2046/2046/2046 2141/2141/2141
f 1431/1431/1431 2141/2141/2141 2140/2140/2140
f 3869/3869/3869 3850/3850/3850 2136/2136/2136
f 3808/3808/3808 1817/1817/1817 766/766/766
f 3866/3866/3866 695/695/695 671/671/671
f 2142/2142/2142 798/798/798 2138/2138/2138
f 571/571/571 2142/2142/2142 694/694/694
f 3819/3819/3819 1618/1618/1618 1611/1611/1611
f 2143/2143/2143 2025/2025/2025 2142/2142/2142
f 694/694/694 2138/2138/2138 670/670/670
f 681/681/681 2144/2144/2144 572/572/572
f 2144/2144/2144 2022/2022/2022 2143/2143/2143
f 328/328/328 457/457/457 290/290/290
f 1572/1572/1572 2011/2011/2011 2144/2144/2144
f 630/630/630 3903/3903/3903 624/624/624
f 2085/2085/2085 2087/2087/2087 2088/2088/2088
f 2090/2090/2090 2092/2092/2092 2089/2089/2089
f 572/572/572 2143/2143/2143 571/571/571
f 1875/1875/1875 2153/2153/2153 2149/2149/2149
f 1873/1873/1873 2149/2149/2149 2154/2154/2154
f 2103/2103/2103 2097/2097/2097 2102/2102/2102
f 2157/2157/2157 2155/2155/2155 2156/2156/2156
f 2128/2128/2128 1414/1414/1414 2120/2120/2120
f 3874/3874/3874 589/589/589 582/582/582
f 3872/3872/3872 628/628/628 629/629/629
f 2149/2149/2149 2158/2158/2158 2159/2159/2159
f 2159/2159/2159 3905/3905/3905 3890/3890/3890
f 698/698/698 3902/3902/3902 705/705/705
f 3823/3823/3823 3827/3827/3827 1817/1817/1817
f 2158/2158/2158 3874/3874/3874 3905/3905/3905
f 1438/1438/1438 2046/2046/2046 1439/1439/1439
f 2035/2035/2035 2160/2160/2160 2161/2161/2161
f 2161/2161/2161 3889/3889/3889 3886/3886/3886
f 3871/3871/3871 605/605/605 589/589/589
f 3873/3873/3873 18/18/18 3875/3875/3875
f 370/370/370 61/61/61 451/451/451
f 649/649/649 413/413/413 648/648/648
f 2153/2153/2153 2156/2156/2156 2158/2158/2158
f 1428/1428/1428 1449/1449/1449 1450/1450/1450
f 1490/1490/1490 73/73/73 1488/1488/1488
f 3890/3890/3890 710/710/710 633/633/633
f 2155/2155/2155 3891/3891/3891 3871/3871/3871
f 1456/1456/1456 1880/1880/1880 1992/1992/1992
f 2125/2125/2125 2087/2087/2087 2124/2124/2124
f 2160/2160/2160 3890/3890/3890 3889/3889/3889
f 300/300/300 505/505/505 323/323/323
f 1064/1064/1064 1046/1046/1046 1065/1065/1065
f 2043/2043/2043 1891/1891/1891 2155/2155/2155
f 2129/2129/2129 2004/2004/2004 2003/2003/2003
f 2131/2131/2131 2133/2133/2133 2134/2134/2134
f 3848/3848/3848 1450/1450/1450 1449/1449/1449
f 1998/1998/1998 804/804/804 805/805/805
f 3879/3879/3879 3864/3864/3864 3914/3914/3914
f 474/474/474 490/490/490 770/770/770
f 1164/1164/1164 1182/1182/1182 1177/1177/1177
f 707/707/707 3909/3909/3909 3870/3870/3870
f 708/708/708 2162/2162/2162 707/707/707
f 2162/2162/2162 3886/3886/3886 3909/3909/3909
f 548/548/548 1905/1905/1905 458/458/458
f 1145/1145/1145 1114/1114/1114 1171/1171/1171
f 705/705/705 1650/1650/1650 704/704/704
f 2043/2043/2043 1977/1977/1977 1995/1995/1995
f 737/737/737 554/554/554 559/559/559
f 1034/1034/1034 1191/1191/1191 1023/1023/1023
f 458/458/458 1907/1907/1907 275/275/275
f 195/195/195 232/232/232 233/233/233
f 2040/2040/2040 1969/1969/1969 1970/1970/1970
f 2145/2145/2145 2147/2147/2147 2148/2148/2148
f 2054/2054/2054 2049/2049/2049 1645/1645/1645
f 3832/3832/3832 1639/1639/1639 3818/3818/3818
f 9/9/9 11/11/11 10/10/10
f 252/252/252 506/506/506 258/258/258
f 472/472/472 479/479/479 471/471/471
f 1865/1865/1865 3791/3791/3791 3503/3503/3503
f 900/900/900 910/910/910 907/907/907
f 1941/1941/1941 2151/2151/2151 1942/1942/1942
f 1921/1921/1921 1927/1927/1927 1919/1919/1919
f 2163/2163/2163 1898/1898/1898 2116/2116/2116
f 271/271/271 153/153/153 178/178/178
f 1904/1904/1904 12/12/12 9/9/9
f 282/282/282 264/264/264 460/460/460
f 1872/1872/1872 2154/2154/2154 2035/2035/2035
f 1326/1326/1326 1897/1897/1897 2163/2163/2163
f 628/628/628 693/693/693 627/627/627
f 1724/1724/1724 1719/1719/1719 1723/1723/1723
f 1549/1549/1549 436/436/436 172/172/172
f 1582/1582/1582 1730/1730/1730 1729/1729/1729
f 1921/1921/1921 1929/1929/1929 1928/1928/1928
f 3563/3563/3563 10/10/10 11/11/11
f 2152/2152/2152 1950/1950/1950 1949/1949/1949
f 475/475/475 774/774/774 771/771/771
f 769/769/769 2171/2171/2171 473/473/473
f 2171/2171/2171 476/476/476 473/473/473
f 476/476/476 772/772/772 475/475/475
f 1791/1791/1791 464/464/464 1760/1760/1760
f 2166/2166/2166 2168/2168/2168 2169/2169/2169
f 595/595/595 372/372/372 98/98/98
f 483/483/483 1641/1641/1641 482/482/482
f 762/762/762 2173/2173/2173 470/470/470
f 771/771/771 484/484/484 492/492/492
f 486/486/486 1809/1809/1809 483/483/483
f 297/297/297 1517/1517/1517 296/296/296
f 763/763/763 2174/2174/2174 762/762/762
f 776/776/776 759/759/759 489/489/489
f 184/184/184 2176/2176/2176 2000/2000/2000
f 412/412/412 303/303/303 414/414/414
f 2005/2005/2005 185/185/185 224/224/224
f 3811/3811/3811 1682/1682/1682 3846/3846/3846
f 2164/2164/2164 756/756/756 764/764/764
f 1472/1472/1472 2161/2161/2161 2162/2162/2162
f 950/950/950 964/964/964 965/965/965
f 2177/2177/2177 2179/2179/2179 2180/2180/2180
f 227/227/227 1510/1510/1510 333/333/333
f 764/764/764 467/467/467 2164/2164/2164
f 2182/2182/2182 2184/2184/2184 2181/2181/2181
f 2186/2186/2186 2018/2018/2018 2185/2185/2185
f 1985/1985/1985 2181/2181/2181 1986/1986/1986
f 214/214/214 729/729/729 1531/1531/1531
f 1545/1545/1545 1546/1546/1546 1569/1569/1569
f 865/865/865 842/842/842 866/866/866
f 849/849/849 1357/1357/1357 1362/1362/1362
f 452/452/452 1558/1558/1558 454/454/454
f 559/559/559 3188/3188/3188 737/737/737
f 16/16/16 737/737/737 3188/3188/3188
f 560/560/560 498/498/498 374/374/374
f 3193/3193/3193 3195/3195/3195 3194/3194/3194
f 3200/3200/3200 3198/3198/3198 3199/3199/3199
f 3211/3211/3211 3213/3213/3213 3212/3212/3212
f 3215/3215/3215 3217/3217/3217 3216/3216/3216
f 2187/2187/2187 2002/2002/2002 2001/2001/2001
f 2169/2169/2169 2189/2189/2189 2190/2190/2190
f 2192/2192/2192 2085/2085/2085 2191/2191/2191
f 2193/2193/2193 2195/2195/2195 2196/2196/2196
f 2198/2198/2198 2200/2200/2200 2197/2197/2197
f 1998/1998/1998 1979/1979/1979 1975/1975/1975
f 3664/3664/3664 3668/3668/3668 3671/3671/3671
f 2116/2116/2116 1903/1903/1903 1902/1902/1902
f 1859/1859/1859 2009/2009/2009 1150/1150/1150
f 3904/3904/3904 2126/2126/2126 3906/3906/3906
f 1135/1135/1135 1087/1087/1087 1130/1130/1130
f 2201/2201/2201 2015/2015/2015 2014/2014/2014
f 1149/1149/1149 110/110/110 1858/1858/1858
f 3221/3221/3221 3218/3218/3218 3215/3215/3215
f 2203/2203/2203 2205/2205/2205 2206/2206/2206
f 579/579/579 1895/1895/1895 1019/1019/1019
f 1755/1755/1755 2208/2208/2208 1756/1756/1756
f 3891/3891/3891 1893/1893/1893 605/605/605
f 1211/1211/1211 2150/2150/2150 1727/1727/1727
f 868/868/868 2210/2210/2210 2209/2209/2209
f 944/944/944 930/930/930 940/940/940
f 2130/2130/2130 2202/2202/2202 2201/2201/2201
f 233/233/233 1898/1898/1898 195/195/195
f 665/665/665 750/750/750 666/666/666
f 1167/1167/1167 999/999/999 618/618/618
f 2211/2211/2211 2213/2213/2213 2214/2214/2214
f 2215/2215/2215 2217/2217/2217 2218/2218/2218
f 3867/3867/3867 590/590/590 3868/3868/3868
f 2220/2220/2220 220/220/220 2219/2219/2219
f 823/823/823 948/948/948 1094/1094/1094
f 3225/3225/3225 3227/3227/3227 3226/3226/3226
f 266/266/266 455/455/455 265/265/265
f 3882/3882/3882 2107/2107/2107 3883/3883/3883
f 2221/2221/2221 3519/3519/3519 3517/3517/3517
f 2223/2223/2223 2225/2225/2225 2226/2226/2226
f 2207/2207/2207 2124/2124/2124 2208/2208/2208
f 673/673/673 3869/3869/3869 3864/3864/3864
f 817/817/817 996/996/996 815/815/815
f 2227/2227/2227 2146/2146/2146 2145/2145/2145
f 1947/1947/1947 646/646/646 749/749/749
f 3900/3900/3900 17/17/17 3873/3873/3873
f 2229/2229/2229 1638/1638/1638 1381/1381/1381
f 1679/1679/1679 1618/1618/1618 1680/1680/1680
f 1637/1637/1637 2232/2232/2232 2230/2230/2230
f 2233/2233/2233 1617/1617/1617 1616/1616/1616
f 2231/2231/2231 2236/2236/2236 2237/2237/2237
f 1381/1381/1381 2238/2238/2238 1382/1382/1382
f 3586/3586/3586 2242/2242/2242 3587/3587/3587
f 1630/1630/1630 2233/2233/2233 1631/1631/1631
f 1681/1681/1681 472/472/472 469/469/469
f 1408/1408/1408 2243/2243/2243 2244/2244/2244
f 3236/3236/3236 3238/3238/3238 3237/3237/3237
f 3232/3232/3232 3240/3240/3240 3235/3235/3235
f 1637/1637/1637 2238/2238/2238 1638/1638/1638
f 3237/3237/3237 3233/3233/3233 3234/3234/3234
f 1409/1409/1409 1634/1634/1634 2245/2245/2245
f 1380/1380/1380 2247/2247/2247 2246/2246/2246
f 1628/1628/1628 2245/2245/2245 1621/1621/1621
f 2249/2249/2249 1622/1622/1622 1633/1633/1633
f 1632/1632/1632 1408/1408/1408 2244/2244/2244
f 2248/2248/2248 1631/1631/1631 2250/2250/2250
f 2235/2235/2235 1637/1637/1637 1636/1636/1636
f 3245/3245/3245 3199/3199/3199 3198/3198/3198
f 631/631/631 2071/2071/2071 725/725/725
f 515/515/515 52/52/52 49/49/49
f 782/782/782 2251/2251/2251 1251/1251/1251
f 2253/2253/2253 2255/2255/2255 2252/2252/2252
f 397/397/397 459/459/459 784/784/784
f 1456/1456/1456 2040/2040/2040 1455/1455/1455
f 2040/2040/2040 2036/2036/2036 1455/1455/1455
f 1401/1401/1401 2111/2111/2111 1398/1398/1398
f 2041/2041/2041 1970/1970/1970 2026/2026/2026
f 1535/1535/1535 414/414/414 1965/1965/1965
f 1586/1586/1586 2080/2080/2080 2079/2079/2079
f 2256/2256/2256 1132/1132/1132 1886/1886/1886
f 1700/1700/1700 3918/3918/3918 3919/3919/3919
f 3815/3815/3815 1686/1686/1686 3817/3817/3817
f 1263/1263/1263 1886/1886/1886 1096/1096/1096
f 598/598/598 844/844/844 599/599/599
f 2257/2257/2257 2259/2259/2259 2260/2260/2260
f 2258/2258/2258 2262/2262/2262 2259/2259/2259
f 2259/2259/2259 2263/2263/2263 2216/2216/2216
f 2260/2260/2260 2216/2216/2216 2215/2215/2215
f 1967/1967/1967 1970/1970/1970 1969/1969/1969
f 2212/2212/2212 1963/1963/1963 2213/2213/2213
f 922/922/922 2218/2218/2218 2217/2217/2217
f 1312/1312/1312 1101/1101/1101 2264/2264/2264
f 1307/1307/1307 1286/1286/1286 789/789/789
f 1548/1548/1548 1546/1546/1546 1972/1972/1972
f 2266/2266/2266 2268/2268/2268 2265/2265/2265
f 2265/2265/2265 2270/2270/2270 2269/2269/2269
f 2272/2272/2272 2269/2269/2269 2271/2271/2271
f 2273/2273/2273 2265/2265/2265 2272/2272/2272
f 2275/2275/2275 2277/2277/2277 2274/2274/2274
f 2278/2278/2278 2277/2277/2277 2279/2279/2279
f 2284/2284/2284 3617/3617/3617 3639/3639/3639
f 2287/2287/2287 2286/2286/2286 2281/2281/2281
f 2288/2288/2288 2283/2283/2283 2287/2287/2287
f 2290/2290/2290 3639/3639/3639 3620/3620/3620
f 2291/2291/2291 2293/2293/2293 2294/2294/2294
f 2295/2295/2295 2294/2294/2294 2279/2279/2279
f 2296/2296/2296 2291/2291/2291 2295/2295/2295
f 2297/2297/2297 2292/2292/2292 2291/2291/2291
f 2294/2294/2294 2299/2299/2299 2300/2300/2300
f 2279/2279/2279 2300/2300/2300 2278/2278/2278
f 2298/2298/2298 2302/2302/2302 2292/2292/2292
f 2292/2292/2292 2303/2303/2303 2293/2293/2293
f 2293/2293/2293 2304/2304/2304 2299/2299/2299
f 2304/2304/2304 2306/2306/2306 2299/2299/2299
f 2306/2306/2306 2300/2300/2300 2299/2299/2299
f 2308/2308/2308 2310/2310/2310 2307/2307/2307
f 2302/2302/2302 2310/2310/2310 2303/2303/2303
f 2301/2301/2301 2307/2307/2307 2302/2302/2302
f 2312/2312/2312 2307/2307/2307 2311/2311/2311
f 2313/2313/2313 2315/2315/2315 2316/2316/2316
f 2318/2318/2318 2320/2320/2320 2317/2317/2317
f 3748/3748/3748 2322/2322/2322 2323/2323/2323
f 2324/2324/2324 2273/2273/2273 2326/2326/2326
f 2313/2313/2313 2326/2326/2326 2327/2327/2327
f 2328/2328/2328 2313/2313/2313 2316/2316/2316
f 2329/2329/2329 2324/2324/2324 2328/2328/2328
f 2331/2331/2331 2333/2333/2333 2330/2330/2330
f 2330/2330/2330 2267/2267/2267 2266/2266/2266
f 2325/2325/2325 2266/2266/2266 2273/2273/2273
f 2329/2329/2329 2330/2330/2330 2325/2325/2325
f 2333/2333/2333 2335/2335/2335 2267/2267/2267
f 2336/2336/2336 2333/2333/2333 2332/2332/2332
f 2338/2338/2338 2332/2332/2332 2337/2337/2337
f 2331/2331/2331 2337/2337/2337 2332/2332/2332
f 2329/2329/2329 2339/2339/2339 2331/2331/2331
f 2328/2328/2328 2340/2340/2340 2329/2329/2329
f 2316/2316/2316 2341/2341/2341 2328/2328/2328
f 2342/2342/2342 2315/2315/2315 2343/2343/2343
f 2344/2344/2344 2346/2346/2346 2347/2347/2347
f 2341/2341/2341 2347/2347/2347 2340/2340/2340
f 2342/2342/2342 2344/2344/2344 2341/2341/2341
f 2348/2348/2348 2345/2345/2345 2344/2344/2344
f 2350/2350/2350 2352/2352/2352 2353/2353/2353
f 2339/2339/2339 2353/2353/2353 2337/2337/2337
f 2340/2340/2340 2350/2350/2350 2339/2339/2339
f 2347/2347/2347 2351/2351/2351 2350/2350/2350
f 2337/2337/2337 2354/2354/2354 2338/2338/2338
f 2353/2353/2353 2355/2355/2355 2354/2354/2354
f 2356/2356/2356 2276/2276/2276 2357/2357/2357
f 2356/2356/2356 2358/2358/2358 2359/2359/2359
f 2356/2356/2356 2296/2296/2296 2295/2295/2295
f 2279/2279/2279 2356/2356/2356 2295/2295/2295
f 2360/2360/2360 2270/2270/2270 2268/2268/2268
f 2267/2267/2267 2360/2360/2360 2268/2268/2268
f 2362/2362/2362 2364/2364/2364 2365/2365/2365
f 2362/2362/2362 2361/2361/2361 2358/2358/2358
f 2366/2366/2366 2358/2358/2358 2357/2357/2357
f 2366/2366/2366 2363/2363/2363 2362/2362/2362
f 2357/2357/2357 2368/2368/2368 2366/2366/2366
f 2366/2366/2366 2369/2369/2369 2367/2367/2367
f 2276/2276/2276 2370/2370/2370 2368/2368/2368
f 2368/2368/2368 2282/2282/2282 2369/2369/2369
f 2372/2372/2372 2374/2374/2374 2371/2371/2371
f 2375/2375/2375 2377/2377/2377 2007/2007/2007
f 2378/2378/2378 2380/2380/2380 2381/2381/2381
f 2382/2382/2382 2381/2381/2381 2383/2383/2383
f 2384/2384/2384 2378/2378/2378 2382/2382/2382
f 2385/2385/2385 2379/2379/2379 2378/2378/2378
f 2388/2388/2388 2390/2390/2390 2387/2387/2387
f 2387/2387/2387 2392/2392/2392 2391/2391/2391
f 2393/2393/2393 2387/2387/2387 2391/2391/2391
f 2394/2394/2394 2388/2388/2388 2387/2387/2387
f 2186/2186/2186 2402/2402/2402 2400/2400/2400
f 2403/2403/2403 2327/2327/2327 2326/2326/2326
f 2272/2272/2272 2326/2326/2326 2273/2273/2273
f 2271/2271/2271 2403/2403/2403 2272/2272/2272
f 2405/2405/2405 2404/2404/2404 2403/2403/2403
f 2404/2404/2404 2408/2408/2408 2327/2327/2327
f 2409/2409/2409 2411/2411/2411 2412/2412/2412
f 2409/2409/2409 2271/2271/2271 2269/2269/2269
f 2413/2413/2413 2269/2269/2269 2270/2270/2270
f 2413/2413/2413 2410/2410/2410 2409/2409/2409
f 2417/2417/2417 2416/2416/2416 2418/2418/2418
f 2417/2417/2417 2406/2406/2406 2405/2405/2405
f 2412/2412/2412 2405/2405/2405 2271/2271/2271
f 2411/2411/2411 2417/2417/2417 2412/2412/2412
f 2406/2406/2406 2407/2407/2407 2404/2404/2404
f 3569/3569/3569 632/632/632 713/713/713
f 2420/2420/2420 2397/2397/2397 2421/2421/2421
f 2420/2420/2420 2423/2423/2423 2422/2422/2422
f 2424/2424/2424 2422/2422/2422 2419/2419/2419
f 2424/2424/2424 2398/2398/2398 2420/2420/2420
f 2425/2425/2425 2392/2392/2392 2426/2426/2426
f 2421/2421/2421 2426/2426/2426 2423/2423/2423
f 2397/2397/2397 2425/2425/2425 2421/2421/2421
f 2396/2396/2396 2391/2391/2391 2425/2425/2425
f 2427/2427/2427 2315/2315/2315 2314/2314/2314
f 2427/2427/2427 2408/2408/2408 2428/2428/2428
f 2430/2430/2430 2428/2428/2428 2429/2429/2429
f 2343/2343/2343 2427/2427/2427 2430/2430/2430
f 2432/2432/2432 2430/2430/2430 2431/2431/2431
f 2431/2431/2431 2429/2429/2429 2433/2433/2433
f 2435/2435/2435 2433/2433/2433 2434/2434/2434
f 2436/2436/2436 2431/2431/2431 2435/2435/2435
f 2428/2428/2428 2407/2407/2407 2437/2437/2437
f 2422/2422/2422 2407/2407/2407 2419/2419/2419
f 2438/2438/2438 2422/2422/2422 2423/2423/2423
f 2429/2429/2429 2437/2437/2437 2438/2438/2438
f 2440/2440/2440 2433/2433/2433 2439/2439/2439
f 2441/2441/2441 2433/2433/2433 2429/2429/2429
f 2442/2442/2442 2439/2439/2439 2441/2441/2441
f 2443/2443/2443 2440/2440/2440 2439/2439/2439
f 2445/2445/2445 2444/2444/2444 2443/2443/2443
f 2447/2447/2447 2443/2443/2443 2442/2442/2442
f 2383/2383/2383 2445/2445/2445 2447/2447/2447
f 2381/2381/2381 2446/2446/2446 2445/2445/2445
f 2448/2448/2448 2423/2423/2423 2426/2426/2426
f 2449/2449/2449 2426/2426/2426 2392/2392/2392
f 2441/2441/2441 2449/2449/2449 2442/2442/2442
f 2441/2441/2441 2438/2438/2438 2448/2448/2448
f 2449/2449/2449 2390/2390/2390 2450/2450/2450
f 2450/2450/2450 2389/2389/2389 2451/2451/2451
f 2447/2447/2447 2451/2451/2451 2383/2383/2383
f 2442/2442/2442 2450/2450/2450 2447/2447/2447
f 2451/2451/2451 2453/2453/2453 2452/2452/2452
f 2452/2452/2452 2455/2455/2455 2454/2454/2454
f 2382/2382/2382 2454/2454/2454 2384/2384/2384
f 2383/2383/2383 2452/2452/2452 2382/2382/2382
f 2456/2456/2456 2373/2373/2373 2372/2372/2372
f 2459/2459/2459 2461/2461/2461 2458/2458/2458
f 2463/2463/2463 2465/2465/2465 2462/2462/2462
f 2462/2462/2462 2285/2285/2285 2284/2284/2284
f 2466/2466/2466 2284/2284/2284 2290/2290/2290
f 2467/2467/2467 2462/2462/2462 2466/2466/2466
f 2461/2461/2461 3703/3703/3703 3701/3701/3701
f 2468/2468/2468 2470/2470/2470 2471/2471/2471
f 2472/2472/2472 2471/2471/2471 2473/2473/2473
f 2474/2474/2474 3701/3701/3701 3688/3688/3688
f 2475/2475/2475 2477/2477/2477 2478/2478/2478
f 2458/2458/2458 2453/2453/2453 2479/2479/2479
f 2479/2479/2479 2389/2389/2389 2388/2388/2388
f 2395/2395/2395 2479/2479/2479 2388/2388/2388
f 2480/2480/2480 2458/2458/2458 2479/2479/2479
f 2481/2481/2481 2483/2483/2483 2478/2478/2478
f 2484/2484/2484 2485/2485/2485 221/221/221
f 2471/2471/2471 2464/2464/2464 2463/2463/2463
f 2473/2473/2473 2463/2463/2463 2467/2467/2467
f 2487/2487/2487 2466/2466/2466 2486/2486/2486
f 2486/2486/2486 2290/2290/2290 2488/2488/2488
f 2490/2490/2490 2488/2488/2488 2489/2489/2489
f 2491/2491/2491 2486/2486/2486 2490/2490/2490
f 2492/2492/2492 2467/2467/2467 2487/2487/2487
f 2493/2493/2493 2487/2487/2487 2491/2491/2491
f 2494/2494/2494 2492/2492/2492 2493/2493/2493
f 2495/2495/2495 2473/2473/2473 2492/2492/2492
f 3690/3690/3690 2474/2474/2474 3688/3688/3688
f 3691/3691/3691 2496/2496/2496 3690/3690/3690
f 2498/2498/2498 2493/2493/2493 2499/2499/2499
f 2500/2500/2500 2499/2499/2499 2501/2501/2501
f 3700/3700/3700 2498/2498/2498 2500/2500/2500
f 3687/3687/3687 2494/2494/2494 2498/2498/2498
f 2306/2306/2306 2278/2278/2278 2300/2300/2300
f 2305/2305/2305 2504/2504/2504 2306/2306/2306
f 2504/2504/2504 2507/2507/2507 2506/2506/2506
f 2506/2506/2506 2288/2288/2288 2508/2508/2508
f 2274/2274/2274 2508/2508/2508 2275/2275/2275
f 2278/2278/2278 2506/2506/2506 2274/2274/2274
f 3633/3633/3633 2489/2489/2489 2488/2488/2488
f 3620/3620/3620 2488/2488/2488 2290/2290/2290
f 2507/2507/2507 2289/2289/2289 2288/2288/2288
f 2505/2505/2505 2509/2509/2509 2507/2507/2507
f 2508/2508/2508 2287/2287/2287 2511/2511/2511
f 2511/2511/2511 2281/2281/2281 2280/2280/2280
f 2370/2370/2370 2280/2280/2280 2282/2282/2282
f 2275/2275/2275 2511/2511/2511 2370/2370/2370
f 2512/2512/2512 2489/2489/2489 2513/2513/2513
f 2514/2514/2514 2513/2513/2513 2515/2515/2515
f 2517/2517/2517 2514/2514/2514 2516/2516/2516
f 2517/2517/2517 2490/2490/2490 2512/2512/2512
f 2499/2499/2499 2491/2491/2491 2517/2517/2517
f 2499/2499/2499 2516/2516/2516 2501/2501/2501
f 2510/2510/2510 2519/2519/2519 2518/2518/2518
f 2518/2518/2518 2521/2521/2521 2520/2520/2520
f 3616/3616/3616 2520/2520/2520 3621/3621/3621
f 3632/3632/3632 2518/2518/2518 3616/3616/3616
f 2522/2522/2522 2303/2303/2303 2310/2310/2310
f 2523/2523/2523 2310/2310/2310 2309/2309/2309
f 2305/2305/2305 2522/2522/2522 2524/2524/2524
f 2524/2524/2524 2523/2523/2523 2525/2525/2525
f 2519/2519/2519 2525/2525/2525 2521/2521/2521
f 2505/2505/2505 2524/2524/2524 2519/2519/2519
f 2308/2308/2308 2527/2527/2527 2526/2526/2526
f 2526/2526/2526 2529/2529/2529 2528/2528/2528
f 2531/2531/2531 2528/2528/2528 2530/2530/2530
f 2309/2309/2309 2526/2526/2526 2531/2531/2531
f 1214/1214/1214 2151/2151/2151 1211/1211/1211
f 2419/2419/2419 2418/2418/2418 2424/2424/2424
f 2533/2533/2533 2349/2349/2349 2317/2317/2317
f 2534/2534/2534 2317/2317/2317 2320/2320/2320
f 2535/2535/2535 2533/2533/2533 2534/2534/2534
f 2536/2536/2536 2345/2345/2345 2533/2533/2533
f 2537/2537/2537 2346/2346/2346 2536/2536/2536
f 2538/2538/2538 2536/2536/2536 2535/2535/2535
f 2539/2539/2539 2537/2537/2537 2538/2538/2538
f 2540/2540/2540 2351/2351/2351 2537/2537/2537
f 2312/2312/2312 2541/2541/2541 2527/2527/2527
f 2527/2527/2527 2542/2542/2542 2529/2529/2529
f 2543/2543/2543 2434/2434/2434 2544/2544/2544
f 2545/2545/2545 2544/2544/2544 2546/2546/2546
f 2319/2319/2319 2543/2543/2543 2545/2545/2545
f 2318/2318/2318 2435/2435/2435 2543/2543/2543
f 2514/2514/2514 2548/2548/2548 2547/2547/2547
f 2547/2547/2547 2550/2550/2550 2549/2549/2549
f 2552/2552/2552 2549/2549/2549 2551/2551/2551
f 2552/2552/2552 2514/2514/2514 2547/2547/2547
f 2520/2520/2520 2554/2554/2554 2553/2553/2553
f 2553/2553/2553 2556/2556/2556 2555/2555/2555
f 3590/3590/3590 2555/2555/2555 3593/3593/3593
f 3621/3621/3621 2553/2553/2553 3590/3590/3590
f 2523/2523/2523 2531/2531/2531 2557/2557/2557
f 2557/2557/2557 2530/2530/2530 2558/2558/2558
f 2525/2525/2525 2557/2557/2557 2559/2559/2559
f 2559/2559/2559 2558/2558/2558 2560/2560/2560
f 2554/2554/2554 2560/2560/2560 2556/2556/2556
f 2521/2521/2521 2559/2559/2559 2554/2554/2554
f 2561/2561/2561 2007/2007/2007 2006/2006/2006
f 2376/2376/2376 2225/2225/2225 2377/2377/2377
f 2564/2564/2564 2566/2566/2566 2563/2563/2563
f 2563/2563/2563 338/338/338 2567/2567/2567
f 2569/2569/2569 2567/2567/2567 2568/2568/2568
f 2570/2570/2570 2563/2563/2563 2569/2569/2569
f 2572/2572/2572 2574/2574/2574 2571/2571/2571
f 2571/2571/2571 2576/2576/2576 2575/2575/2575
f 2544/2544/2544 2575/2575/2575 2546/2546/2546
f 2544/2544/2544 2572/2572/2572 2571/2571/2571
f 2578/2578/2578 2569/2569/2569 2577/2577/2577
f 2579/2579/2579 2569/2569/2569 2568/2568/2568
f 2574/2574/2574 2579/2579/2579 2576/2576/2576
f 2573/2573/2573 2577/2577/2577 2574/2574/2574
f 2581/2581/2581 2583/2583/2583 2580/2580/2580
f 2584/2584/2584 2583/2583/2583 2585/2585/2585
f 3697/3697/3697 2580/2580/2580 2584/2584/2584
f 3676/3676/3676 2580/2580/2580 3675/3675/3675
f 2582/2582/2582 2552/2552/2552 2583/2583/2583
f 2583/2583/2583 2551/2551/2551 2585/2585/2585
f 2500/2500/2500 2589/2589/2589 2588/2588/2588
f 2590/2590/2590 2589/2589/2589 2591/2591/2591
f 3693/3693/3693 2588/2588/2588 2590/2590/2590
f 3695/3695/3695 2500/2500/2500 2588/2588/2588
f 2501/2501/2501 2591/2591/2591 2589/2589/2589
f 2592/2592/2592 2594/2594/2594 2595/2595/2595
f 2386/2386/2386 2503/2503/2503 2502/2502/2502
f 2596/2596/2596 2386/2386/2386 2374/2374/2374
f 2596/2596/2596 2373/2373/2373 2597/2597/2597
f 2599/2599/2599 2597/2597/2597 2598/2598/2598
f 2599/2599/2599 2379/2379/2379 2596/2596/2596
f 2600/2600/2600 2380/2380/2380 2599/2599/2599
f 2600/2600/2600 2598/2598/2598 2601/2601/2601
f 2603/2603/2603 2601/2601/2601 2602/2602/2602
f 2603/2603/2603 2446/2446/2446 2600/2600/2600
f 2604/2604/2604 2602/2602/2602 2605/2605/2605
f 2440/2440/2440 2605/2605/2605 2434/2434/2434
f 2444/2444/2444 2604/2604/2604 2440/2440/2440
f 2606/2606/2606 2581/2581/2581 2607/2607/2607
f 2606/2606/2606 2590/2590/2590 2591/2591/2591
f 2591/2591/2591 2582/2582/2582 2606/2606/2606
f 3676/3676/3676 2456/2456/2456 3689/3689/3689
f 3689/3689/3689 2372/2372/2372 3693/3693/3693
f 2478/2478/2478 2608/2608/2608 2481/2481/2481
f 2609/2609/2609 2611/2611/2611 2199/2199/2199
f 2564/2564/2564 2613/2613/2613 2612/2612/2612
f 2612/2612/2612 2598/2598/2598 2597/2597/2597
f 2457/2457/2457 2597/2597/2597 2373/2373/2373
f 2565/2565/2565 2612/2612/2612 2457/2457/2457
f 2614/2614/2614 2570/2570/2570 2578/2578/2578
f 2615/2615/2615 2578/2578/2578 2573/2573/2573
f 2602/2602/2602 2614/2614/2614 2615/2615/2615
f 2601/2601/2601 2613/2613/2613 2614/2614/2614
f 2572/2572/2572 2605/2605/2605 2616/2616/2616
f 2616/2616/2616 2602/2602/2602 2615/2615/2615
f 2573/2573/2573 2616/2616/2616 2615/2615/2615
f 1459/1459/1459 1045/1045/1045 1021/1021/1021
f 1265/1265/1265 1079/1079/1079 1082/1082/1082
f 1612/1612/1612 1609/1609/1609 1611/1611/1611
f 2067/2067/2067 2069/2069/2069 2068/2068/2068
f 1135/1135/1135 1136/1136/1136 1148/1148/1148
f 1938/1938/1938 2618/2618/2618 2617/2617/2617
f 95/95/95 458/458/458 128/128/128
f 2058/2058/2058 1608/1608/1608 1612/1612/1612
f 1454/1454/1454 1445/1445/1445 1367/1367/1367
f 655/655/655 1048/1048/1048 2619/2619/2619
f 722/722/722 2621/2621/2621 723/723/723
f 1131/1131/1131 1033/1033/1033 1134/1134/1134
f 562/562/562 366/366/366 1497/1497/1497
f 1723/1723/1723 1725/1725/1725 1591/1591/1591
f 1786/1786/1786 1122/1122/1122 1787/1787/1787
f 267/267/267 323/323/323 266/266/266
f 1325/1325/1325 1654/1654/1654 2038/2038/2038
f 1468/1468/1468 1435/1435/1435 1479/1479/1479
f 658/658/658 529/529/529 528/528/528
f 8/8/8 247/247/247 7/7/7
f 382/382/382 1559/1559/1559 3/3/3
f 788/788/788 1307/1307/1307 789/789/789
f 940/940/940 929/929/929 928/928/928
f 911/911/911 2623/2623/2623 912/912/912
f 2621/2621/2621 655/655/655 654/654/654
f 2624/2624/2624 2625/2625/2625 2626/2626/2626
f 998/998/998 27/27/27 26/26/26
f 635/635/635 2626/2626/2626 2625/2625/2625
f 2627/2627/2627 644/644/644 1840/1840/1840
f 2628/2628/2628 1840/1840/1840 2629/2629/2629
f 1200/1200/1200 2627/2627/2627 2628/2628/2628
f 1199/1199/1199 641/641/641 2627/2627/2627
f 1520/1520/1520 49/49/49 477/477/477
f 1452/1452/1452 1349/1349/1349 1451/1451/1451
f 2630/2630/2630 1859/1859/1859 1858/1858/1858
f 644/644/644 1335/1335/1335 1823/1823/1823
f 1197/1197/1197 717/717/717 2632/2632/2632
f 2632/2632/2632 719/719/719 1166/1166/1166
f 2628/2628/2628 1166/1166/1166 1200/1200/1200
f 2629/2629/2629 2632/2632/2632 2628/2628/2628
f 1762/1762/1762 1050/1050/1050 821/821/821
f 1823/1823/1823 873/873/873 1839/1839/1839
f 2634/2634/2634 794/794/794 652/652/652
f 1028/1028/1028 1027/1027/1027 1161/1161/1161
f 1042/1042/1042 2635/2635/2635 1043/1043/1043
f 93/93/93 1901/1901/1901 1924/1924/1924
f 2036/2036/2036 1458/1458/1458 1455/1455/1455
f 1527/1527/1527 1525/1525/1525 1526/1526/1526
f 877/877/877 1274/1274/1274 1277/1277/1277
f 134/134/134 797/797/797 1544/1544/1544
f 1328/1328/1328 931/931/931 1329/1329/1329
f 607/607/607 1091/1091/1091 1161/1161/1161
f 1043/1043/1043 2637/2637/2637 2636/2636/2636
f 2636/2636/2636 2639/2639/2639 2638/2638/2638
f 1275/1275/1275 2638/2638/2638 1276/1276/1276
f 1275/1275/1275 1043/1043/1043 2636/2636/2636
f 1272/1272/1272 2626/2626/2626 2640/2640/2640
f 2640/2640/2640 638/638/638 637/637/637
f 1110/1110/1110 2640/2640/2640 637/637/637
f 536/536/536 2640/2640/2640 2641/2641/2641
f 1472/1472/1472 1474/1474/1474 1473/1473/1473
f 2042/2042/2042 1951/1951/1951 649/649/649
f 1058/1058/1058 1105/1105/1105 1059/1059/1059
f 2642/2642/2642 2643/2643/2643 2644/2644/2644
f 1192/1192/1192 2644/2644/2644 1193/1193/1193
f 912/912/912 2642/2642/2642 1192/1192/1192
f 3898/3898/3898 3526/3526/3526 3786/3786/3786
f 1049/1049/1049 2620/2620/2620 2621/2621/2621
f 616/616/616 1885/1885/1885 613/613/613
f 1331/1331/1331 666/666/666 750/750/750
f 990/990/990 1198/1198/1198 525/525/525
f 1911/1911/1911 321/321/321 322/322/322
f 1298/1298/1298 1205/1205/1205 2645/2645/2645
f 76/76/76 1504/1504/1504 75/75/75
f 1502/1502/1502 421/421/421 422/422/422
f 610/610/610 658/658/658 691/691/691
f 1146/1146/1146 659/659/659 938/938/938
f 2646/2646/2646 914/914/914 936/936/936
f 1280/1280/1280 1238/1238/1238 1279/1279/1279
f 975/975/975 2647/2647/2647 2648/2648/2648
f 2647/2647/2647 975/975/975 974/974/974
f 1453/1453/1453 1452/1452/1452 1451/1451/1451
f 1514/1514/1514 158/158/158 151/151/151
f 835/835/835 1843/1843/1843 1842/1842/1842
f 1271/1271/1271 1173/1173/1173 1289/1289/1289
f 2649/2649/2649 813/813/813 2650/2650/2650
f 1893/1893/1893 1826/1826/1826 1894/1894/1894
f 1050/1050/1050 1937/1937/1937 1051/1051/1051
f 2651/2651/2651 814/814/814 813/813/813
f 1006/1006/1006 1281/1281/1281 977/977/977
f 2653/2653/2653 2654/2654/2654 2655/2655/2655
f 1001/1001/1001 1003/1003/1003 1002/1002/1002
f 585/585/585 679/679/679 558/558/558
f 2624/2624/2624 621/621/621 620/620/620
f 555/555/555 2028/2028/2028 556/556/556
f 1207/1207/1207 1197/1197/1197 2629/2629/2629
f 1626/1626/1626 478/478/478 472/472/472
f 426/426/426 419/419/419 1567/1567/1567
f 1030/1030/1030 1773/1773/1773 1031/1031/1031
f 3898/3898/3898 634/634/634 3880/3880/3880
f 534/534/534 138/138/138 262/262/262
f 1125/1125/1125 1042/1042/1042 1041/1041/1041
f 333/333/333 88/88/88 227/227/227
f 569/569/569 561/561/561 730/730/730
f 1489/1489/1489 871/871/871 870/870/870
f 1857/1857/1857 620/620/620 891/891/891
f 1673/1673/1673 3770/3770/3770 3763/3763/3763
f 622/622/622 864/864/864 1308/1308/1308
f 2647/2647/2647 974/974/974 2657/2657/2657
f 619/619/619 891/891/891 620/620/620
f 261/261/261 545/545/545 262/262/262
f 393/393/393 1556/1556/1556 404/404/404
f 2658/2658/2658 2647/2647/2647 2657/2657/2657
f 1075/1075/1075 2657/2657/2657 917/917/917
f 1081/1081/1081 2658/2658/2658 1075/1075/1075
f 1080/1080/1080 2659/2659/2659 2658/2658/2658
f 2644/2644/2644 1141/1141/1141 2660/2660/2660
f 2660/2660/2660 1140/1140/1140 1336/1336/1336
f 642/642/642 1336/1336/1336 643/643/643
f 1193/1193/1193 2660/2660/2660 642/642/642
f 679/679/679 555/555/555 558/558/558
f 1503/1503/1503 1500/1500/1500 1502/1502/1502
f 1318/1318/1318 1101/1101/1101 1100/1100/1100
f 2661/2661/2661 1139/1139/1139 1142/1142/1142
f 2661/2661/2661 2663/2663/2663 2662/2662/2662
f 2662/2662/2662 2659/2659/2659 2661/2661/2661
f 2662/2662/2662 2622/2622/2622 2664/2664/2664
f 2664/2664/2664 911/911/911 2646/2646/2646
f 2648/2648/2648 2646/2646/2646 1146/1146/1146
f 2648/2648/2648 2662/2662/2662 2664/2664/2664
f 2083/2083/2083 2093/2093/2093 2081/2081/2081
f 1442/1442/1442 1437/1437/1437 1439/1439/1439
f 519/519/519 330/330/330 51/51/51
f 1885/1885/1885 1209/1209/1209 613/613/613
f 799/799/799 805/805/805 804/804/804
f 1946/1946/1946 1952/1952/1952 1953/1953/1953
f 1302/1302/1302 1253/1253/1253 1252/1252/1252
f 566/566/566 224/224/224 533/533/533
f 1389/1389/1389 928/928/928 1388/1388/1388
f 683/683/683 681/681/681 680/680/680
f 836/836/836 1842/1842/1842 2665/2665/2665
f 2665/2665/2665 1845/1845/1845 1303/1303/1303
f 2666/2666/2666 1303/1303/1303 1302/1302/1302
f 24/24/24 2665/2665/2665 2666/2666/2666
f 831/831/831 2650/2650/2650 832/832/832
f 1845/1845/1845 1304/1304/1304 1303/1303/1303
f 2010/2010/2010 2012/2012/2012 2011/2011/2011
f 1051/1051/1051 2667/2667/2667 2668/2668/2668
f 1522/1522/1522 1511/1511/1511 1523/1523/1523
f 531/531/531 441/441/441 522/522/522
f 782/782/782 1251/1251/1251 1250/1250/1250
f 1250/1250/1250 2625/2625/2625 2669/2669/2669
f 2669/2669/2669 1857/1857/1857 1856/1856/1856
f 783/783/783 1856/1856/1856 1037/1037/1037
f 782/782/782 2669/2669/2669 783/783/783
f 720/720/720 2671/2671/2671 721/721/721
f 1055/1055/1055 1930/1930/1930 1056/1056/1056
f 1333/1333/1333 1251/1251/1251 2251/2251/2251
f 619/619/619 1308/1308/1308 1307/1307/1307
f 652/652/652 2619/2619/2619 2634/2634/2634
f 521/521/521 1539/1539/1539 1540/1540/1540
f 1838/1838/1838 537/537/537 2672/2672/2672
f 2672/2672/2672 536/536/536 2641/2641/2641
f 1113/1113/1113 2641/2641/2641 1110/1110/1110
f 1113/1113/1113 1838/1838/1838 2672/2672/2672
f 1016/1016/1016 1351/1351/1351 1045/1045/1045
f 3897/3897/3897 570/570/570 3894/3894/3894
f 226/226/226 104/104/104 101/101/101
f 3564/3564/3564 3827/3827/3827 1818/1818/1818
f 1036/1036/1036 1884/1884/1884 1883/1883/1883
f 2674/2674/2674 1304/1304/1304 2673/2673/2673
f 2673/2673/2673 1844/1844/1844 2675/2675/2675
f 1334/1334/1334 2675/2675/2675 1039/1039/1039
f 1333/1333/1333 2673/2673/2673 1334/1334/1334
f 2676/2676/2676 1039/1039/1039 2675/2675/2675
f 1843/1843/1843 2675/2675/2675 1844/1844/1844
f 942/942/942 2676/2676/2676 1843/1843/1843
f 1074/1074/1074 702/702/702 2676/2676/2676
f 811/811/811 859/859/859 858/858/858
f 752/752/752 1055/1055/1055 753/753/753
f 1200/1200/1200 656/656/656 1026/1026/1026
f 1120/1120/1120 874/874/874 2677/2677/2677
f 2677/2677/2677 877/877/877 1052/1052/1052
f 1241/1241/1241 1052/1052/1052 1005/1005/1005
f 1119/1119/1119 2677/2677/2677 1241/1241/1241
f 1560/1560/1560 151/151/151 1515/1515/1515
f 1208/1208/1208 611/611/611 523/523/523
f 215/215/215 736/736/736 214/214/214
f 1460/1460/1460 1462/1462/1462 1461/1461/1461
f 1208/1208/1208 1839/1839/1839 873/873/873
f 854/854/854 1282/1282/1282 1297/1297/1297
f 72/72/72 182/182/182 179/179/179
f 544/544/544 1565/1565/1565 512/512/512
f 217/217/217 456/456/456 457/457/457
f 2047/2047/2047 930/930/930 945/945/945
f 1204/1204/1204 1937/1937/1937 2633/2633/2633
f 913/913/913 686/686/686 685/685/685
f 840/840/840 1113/1113/1113 1112/1112/1112
f 1531/1531/1531 730/730/730 561/561/561
f 2678/2678/2678 1283/1283/1283 801/801/801
f 601/601/601 1914/1914/1914 602/602/602
f 1537/1537/1537 459/459/459 460/460/460
f 1819/1819/1819 3509/3509/3509 3527/3527/3527
f 991/991/991 862/862/862 538/538/538
f 2679/2679/2679 1073/1073/1073 1830/1830/1830
f 2680/2680/2680 983/983/983 2256/2256/2256
f 779/779/779 2256/2256/2256 1263/1263/1263
f 778/778/778 2680/2680/2680 779/779/779
f 2678/2678/2678 1830/1830/1830 2680/2680/2680
f 180/180/180 245/245/245 40/40/40
f 1886/1886/1886 1131/1131/1131 1134/1134/1134
f 1138/1138/1138 1274/1274/1274 1255/1255/1255
f 1841/1841/1841 1140/1140/1140 1139/1139/1139
f 75/75/75 314/314/314 74/74/74
f 193/193/193 420/420/420 192/192/192
f 2681/2681/2681 1099/1099/1099 1098/1098/1098
f 170/170/170 1565/1565/1565 169/169/169
f 349/349/349 417/417/417 432/432/432
f 1121/1121/1121 2684/2684/2684 2683/2683/2683
f 547/547/547 409/409/409 302/302/302
f 123/123/123 121/121/121 120/120/120
f 2643/2643/2643 1142/1142/1142 1141/1141/1141
f 1542/1542/1542 513/513/513 1543/1543/1543
f 899/899/899 907/907/907 919/919/919
f 1210/1210/1210 676/676/676 867/867/867
f 791/791/791 982/982/982 892/892/892
f 24/24/24 837/837/837 836/836/836
f 893/893/893 932/932/932 931/931/931
f 1860/1860/1860 863/863/863 862/862/862
f 535/535/535 862/862/862 861/861/861
f 832/832/832 813/813/813 812/812/812
f 2650/2650/2650 813/813/813 832/832/832
f 1569/1569/1569 1547/1547/1547 1568/1568/1568
f 181/181/181 542/542/542 180/180/180
f 660/660/660 937/937/937 688/688/688
f 2013/2013/2013 568/568/568 2012/2012/2012
f 887/887/887 2631/2631/2631 2630/2630/2630
f 1524/1524/1524 361/361/361 78/78/78
f 520/520/520 162/162/162 1529/1529/1529
f 2653/2653/2653 854/854/854 2685/2685/2685
f 1238/1238/1238 2655/2655/2655 2686/2686/2686
f 718/718/718 527/527/527 530/530/530
f 1492/1492/1492 518/518/518 1491/1491/1491
f 792/792/792 615/615/615 793/793/793
f 599/599/599 1835/1835/1835 596/596/596
f 290/290/290 456/456/456 175/175/175
f 312/312/312 1552/1552/1552 425/425/425
f 1248/1248/1248 1179/1179/1179 1249/1249/1249
f 153/153/153 177/177/177 178/178/178
f 1240/1240/1240 1222/1222/1222 1221/1221/1221
f 1257/1257/1257 1235/1235/1235 1071/1071/1071
f 1291/1291/1291 1083/1083/1083 1222/1222/1222
f 1052/1052/1052 1277/1277/1277 1053/1053/1053
f 743/743/743 2618/2618/2618 1204/1204/1204
f 444/444/444 430/430/430 443/443/443
f 23/23/23 1172/1172/1172 1187/1187/1187
f 2687/2687/2687 1180/1180/1180 1179/1179/1179
f 102/102/102 409/409/409 134/134/134
f 1283/1283/1283 610/610/610 801/801/801
f 373/373/373 650/650/650 651/651/651
f 1180/1180/1180 1084/1084/1084 1291/1291/1291
f 855/855/855 2655/2655/2655 1237/1237/1237
f 1173/1173/1173 1917/1917/1917 1174/1174/1174
f 2689/2689/2689 853/853/853 2688/2688/2688
f 2688/2688/2688 1108/1108/1108 1279/1279/1279
f 2686/2686/2686 1279/1279/1279 1238/1238/1238
f 2687/2687/2687 2688/2688/2688 2686/2686/2686
f 2691/2691/2691 1252/1252/1252 2690/2690/2690
f 2690/2690/2690 850/850/850 2689/2689/2689
f 1248/1248/1248 2689/2689/2689 2687/2687/2687
f 1248/1248/1248 2691/2691/2691 2690/2690/2690
f 2692/2692/2692 24/24/24 2666/2666/2666
f 2691/2691/2691 2666/2666/2666 1302/1302/1302
f 1247/1247/1247 2692/2692/2692 2691/2691/2691
f 1258/1258/1258 617/617/617 2692/2692/2692
f 394/394/394 1555/1555/1555 393/393/393
f 2693/2693/2693 1259/1259/1259 1223/1223/1223
f 1072/1072/1072 1262/1262/1262 1261/1261/1261
f 1257/1257/1257 1168/1168/1168 1258/1258/1258
f 398/398/398 1555/1555/1555 1554/1554/1554
f 871/871/871 1314/1314/1314 872/872/872
f 1178/1178/1178 1249/1249/1249 1179/1179/1179
f 1224/1224/1224 1173/1173/1173 1172/1172/1172
f 1010/1010/1010 2618/2618/2618 742/742/742
f 1175/1175/1175 1292/1292/1292 1269/1269/1269
f 2654/2654/2654 2686/2686/2686 2655/2655/2655
f 2694/2694/2694 1216/1216/1216 1264/1264/1264
f 71/71/71 1487/1487/1487 70/70/70
f 701/701/701 1111/1111/1111 1038/1038/1038
f 1072/1072/1072 2649/2649/2649 2650/2650/2650
f 1085/1085/1085 22/22/22 21/21/21
f 895/895/895 1264/1264/1264 896/896/896
f 1601/1601/1601 1605/1605/1605 1604/1604/1604
f 1259/1259/1259 1271/1271/1271 1289/1289/1289
f 21/21/21 1220/1220/1220 1083/1083/1083
f 988/988/988 538/538/538 537/537/537
f 598/598/598 1336/1336/1336 1140/1140/1140
f 820/820/820 1762/1762/1762 821/821/821
f 1050/1050/1050 818/818/818 821/821/821
f 1298/1298/1298 1761/1761/1761 2652/2652/2652
f 1168/1168/1168 618/618/618 617/617/617
f 858/858/858 1256/1256/1256 833/833/833
f 39/39/39 516/516/516 1536/1536/1536
f 2652/2652/2652 819/819/819 814/814/814
f 313/313/313 315/315/315 314/314/314
f 2026/2026/2026 1971/1971/1971 2027/2027/2027
f 2656/2656/2656 596/596/596 1835/1835/1835
f 814/814/814 818/818/818 811/811/811
f 2696/2696/2696 813/813/813 2649/2649/2649
f 1260/1260/1260 2649/2649/2649 1261/1261/1261
f 2693/2693/2693 2696/2696/2696 1260/1260/1260
f 2697/2697/2697 2651/2651/2651 2696/2696/2696
f 381/381/381 390/390/390 380/380/380
f 3818/3818/3818 1611/1611/1611 1609/1609/1609
f 1475/1475/1475 1428/1428/1428 1227/1227/1227
f 1292/1292/1292 1917/1917/1917 1235/1235/1235
f 1551/1551/1551 354/354/354 1518/1518/1518
f 1526/1526/1526 1523/1523/1523 1511/1511/1511
f 1593/1593/1593 1595/1595/1595 1573/1573/1573
f 1232/1232/1232 1246/1246/1246 1249/1249/1249
f 2695/2695/2695 1223/1223/1223 22/22/22
f 2698/2698/2698 1296/1296/1296 2697/2697/2697
f 2698/2698/2698 2693/2693/2693 2695/2695/2695
f 2685/2685/2685 2695/2695/2695 1085/1085/1085
f 2685/2685/2685 1297/1297/1297 2698/2698/2698
f 562/562/562 271/271/271 272/272/272
f 2652/2652/2652 1296/1296/1296 1298/1298/1298
f 1365/1365/1365 1364/1364/1364 1363/1363/1363
f 1958/1958/1958 1953/1953/1953 1957/1957/1957
f 585/585/585 2210/2210/2210 997/997/997
f 1561/1561/1561 1515/1515/1515 435/435/435
f 975/975/975 1146/1146/1146 976/976/976
f 347/347/347 68/68/68 346/346/346
f 1038/1038/1038 636/636/636 1068/1068/1068
f 2700/2700/2700 780/780/780 2699/2699/2699
f 2699/2699/2699 1036/1036/1036 1883/1883/1883
f 2701/2701/2701 1883/1883/1883 1829/1829/1829
f 851/851/851 2699/2699/2699 2701/2701/2701
f 2674/2674/2674 2251/2251/2251 2702/2702/2702
f 2702/2702/2702 781/781/781 2700/2700/2700
f 1253/1253/1253 2700/2700/2700 851/851/851
f 1301/1301/1301 2702/2702/2702 1253/1253/1253
f 1519/1519/1519 388/388/388 1550/1550/1550
f 1273/1273/1273 1280/1280/1280 2703/2703/2703
f 2703/2703/2703 1107/1107/1107 852/852/852
f 2701/2701/2701 852/852/852 851/851/851
f 1829/1829/1829 2703/2703/2703 2701/2701/2701
f 91/91/91 326/326/326 90/90/90
f 1784/1784/1784 2656/2656/2656 1785/1785/1785
f 2683/2683/2683 2705/2705/2705 2704/2704/2704
f 604/604/604 3499/3499/3499 3533/3533/3533
f 1669/1669/1669 3548/3548/3548 1662/1662/1662
f 2062/2062/2062 2060/2060/2060 2059/2059/2059
f 621/621/621 861/861/861 622/622/622
f 2023/2023/2023 732/732/732 2024/2024/2024
f 686/686/686 1263/1263/1263 687/687/687
f 857/857/857 2668/2668/2668 1328/1328/1328
f 883/883/883 882/882/882 879/879/879
f 637/637/637 1111/1111/1111 1110/1110/1110
f 2668/2668/2668 893/893/893 1328/1328/1328
f 2667/2667/2667 894/894/894 2668/2668/2668
f 1039/1039/1039 1068/1068/1068 1334/1334/1334
f 313/313/313 1504/1504/1504 1505/1505/1505
f 1911/1911/1911 305/305/305 453/453/453
f 1936/1936/1936 1964/1964/1964 2212/2212/2212
f 2707/2707/2707 2401/2401/2401 2183/2183/2183
f 2708/2708/2708 2183/2183/2183 2182/2182/2182
f 738/738/738 2116/2116/2116 554/554/554
f 2349/2349/2349 2432/2432/2432 2436/2436/2436
f 2711/2711/2711 2020/2020/2020 2019/2019/2019
f 2400/2400/2400 2019/2019/2019 2186/2186/2186
f 2714/2714/2714 2716/2716/2716 2713/2713/2713
f 2717/2717/2717 2719/2719/2719 2720/2720/2720
f 2721/2721/2721 2723/2723/2723 2724/2724/2724
f 2726/2726/2726 2728/2728/2728 2725/2725/2725
f 2725/2725/2725 2730/2730/2730 2729/2729/2729
f 2731/2731/2731 2729/2729/2729 2709/2709/2709
f 2732/2732/2732 2725/2725/2725 2731/2731/2731
f 2734/2734/2734 2736/2736/2736 2733/2733/2733
f 2738/2738/2738 2740/2740/2740 2737/2737/2737
f 2737/2737/2737 2741/2741/2741 2742/2742/2742
f 2744/2744/2744 2746/2746/2746 2743/2743/2743
f 2745/2745/2745 2748/2748/2748 2747/2747/2747
f 2749/2749/2749 2747/2747/2747 2751/2751/2751
f 2753/2753/2753 2751/2751/2751 2752/2752/2752
f 2250/2250/2250 2246/2246/2246 2248/2248/2248
f 2754/2754/2754 1614/1614/1614 2755/2755/2755
f 3598/3598/3598 2755/2755/2755 3609/3609/3609
f 3608/3608/3608 2747/2747/2747 3609/3609/3609
f 1617/1617/1617 2755/2755/2755 1614/1614/1614
f 2242/2242/2242 1620/1620/1620 2757/2757/2757
f 2191/2191/2191 2760/2760/2760 2759/2759/2759
f 2761/2761/2761 2760/2760/2760 2762/2762/2762
f 3648/3648/3648 2761/2761/2761 3649/3649/3649
f 3623/3623/3623 2759/2759/2759 3648/3648/3648
f 3209/3209/3209 3223/3223/3223 3224/3224/3224
f 1395/1395/1395 2236/2236/2236 2235/2235/2235
f 1395/1395/1395 1636/1636/1636 1615/1615/1615
f 1616/1616/1616 2229/2229/2229 2233/2233/2233
f 1617/1617/1617 2763/2763/2763 2756/2756/2756
f 2756/2756/2756 3628/3628/3628 3608/3608/3608
f 2765/2765/2765 2234/2234/2234 1630/1630/1630
f 2766/2766/2766 3628/3628/3628 3622/3622/3622
f 3202/3202/3202 3246/3246/3246 3247/3247/3247
f 1516/1516/1516 435/435/435 1515/1515/1515
f 2768/2768/2768 3552/3552/3552 3553/3553/3553
f 1495/1495/1495 578/578/578 1424/1424/1424
f 2135/2135/2135 28/28/28 17/17/17
f 3526/3526/3526 2773/2773/2773 2774/2774/2774
f 1690/1690/1690 3926/3926/3926 3925/3925/3925
f 2778/2778/2778 2780/2780/2780 2777/2777/2777
f 2777/2777/2777 2781/2781/2781 2782/2782/2782
f 2784/2784/2784 2777/2777/2777 2783/2783/2783
f 3555/3555/3555 575/575/575 576/576/576
f 1494/1494/1494 9/9/9 540/540/540
f 3529/3529/3529 2015/2015/2015 3566/3566/3566
f 451/451/451 505/505/505 450/450/450
f 2786/2786/2786 2788/2788/2788 2785/2785/2785
f 2779/2779/2779 2785/2785/2785 2780/2780/2780
f 2789/2789/2789 2741/2741/2741 2740/2740/2740
f 2790/2790/2790 2752/2752/2752 2789/2789/2789
f 2792/2792/2792 2794/2794/2794 2791/2791/2791
f 2793/2793/2793 2796/2796/2796 2794/2794/2794
f 2796/2796/2796 2750/2750/2750 2749/2749/2749
f 2794/2794/2794 2749/2749/2749 2753/2753/2753
f 2798/2798/2798 1396/1396/1396 2754/2754/2754
f 3591/3591/3591 2754/2754/2754 3598/3598/3598
f 2798/2798/2798 2800/2800/2800 1393/1393/1393
f 3591/3591/3591 2799/2799/2799 2798/2798/2798
f 2797/2797/2797 2795/2795/2795 2801/2801/2801
f 2791/2791/2791 2753/2753/2753 2790/2790/2790
f 216/216/216 232/232/232 54/54/54
f 3804/3804/3804 2807/2807/2807 3803/3803/3803
f 3805/3805/3805 2804/2804/2804 3803/3803/3803
f 2769/2769/2769 3557/3557/3557 3552/3552/3552
f 183/183/183 184/184/184 97/97/97
f 2811/2811/2811 2775/2775/2775 2776/2776/2776
f 2804/2804/2804 2776/2776/2776 2805/2805/2805
f 2809/2809/2809 2811/2811/2811 2804/2804/2804
f 2812/2812/2812 2813/2813/2813 2814/2814/2814
f 3805/3805/3805 2816/2816/2816 3795/3795/3795
f 3796/3796/3796 2815/2815/2815 3795/3795/3795
f 3798/3798/3798 2820/2820/2820 2821/2821/2821
f 3793/3793/3793 2819/2819/2819 3798/3798/3798
f 2824/2824/2824 2735/2735/2735 2819/2819/2819
f 2823/2823/2823 2824/2824/2824 2819/2819/2819
f 2825/2825/2825 2826/2826/2826 2724/2724/2724
f 3793/3793/3793 2827/2827/2827 3792/3792/3792
f 3796/3796/3796 2826/2826/2826 3792/3792/3792
f 2713/2713/2713 2829/2829/2829 2828/2828/2828
f 2828/2828/2828 2831/2831/2831 2830/2830/2830
f 2822/2822/2822 2828/2828/2828 2830/2830/2830
f 2821/2821/2821 2713/2713/2713 2828/2828/2828
f 2832/2832/2832 2822/2822/2822 2830/2830/2830
f 2833/2833/2833 2830/2830/2830 2831/2831/2831
f 2834/2834/2834 2832/2832/2832 2833/2833/2833
f 2835/2835/2835 2827/2827/2827 2832/2832/2832
f 2837/2837/2837 2839/2839/2839 2836/2836/2836
f 2836/2836/2836 2841/2841/2841 2840/2840/2840
f 2842/2842/2842 2840/2840/2840 2727/2727/2727
f 2843/2843/2843 2836/2836/2836 2842/2842/2842
f 2840/2840/2840 2845/2845/2845 2844/2844/2844
f 2718/2718/2718 2845/2845/2845 2719/2719/2719
f 2730/2730/2730 2844/2844/2844 2718/2718/2718
f 2727/2727/2727 2844/2844/2844 2728/2728/2728
f 2846/2846/2846 2719/2719/2719 2845/2845/2845
f 2846/2846/2846 2841/2841/2841 2847/2847/2847
f 2829/2829/2829 2847/2847/2847 2831/2831/2831
f 2829/2829/2829 2716/2716/2716 2846/2846/2846
f 2847/2847/2847 2839/2839/2839 2848/2848/2848
f 2848/2848/2848 2838/2838/2838 2849/2849/2849
f 2833/2833/2833 2849/2849/2849 2834/2834/2834
f 2831/2831/2831 2848/2848/2848 2833/2833/2833
f 2850/2850/2850 2851/2851/2851 2852/2852/2852
f 2853/2853/2853 2852/2852/2852 2854/2854/2854
f 2783/2783/2783 2782/2782/2782 2855/2855/2855
f 2785/2785/2785 2853/2853/2853 2856/2856/2856
f 2780/2780/2780 2856/2856/2856 2781/2781/2781
f 2857/2857/2857 2855/2855/2855 2782/2782/2782
f 2859/2859/2859 2782/2782/2782 2781/2781/2781
f 2861/2861/2861 2842/2842/2842 2860/2860/2860
f 2860/2860/2860 2727/2727/2727 2726/2726/2726
f 2862/2862/2862 2726/2726/2726 2732/2732/2732
f 2863/2863/2863 2860/2860/2860 2862/2862/2862
f 2861/2861/2861 2858/2858/2858 2857/2857/2857
f 2843/2843/2843 2857/2857/2857 2859/2859/2859
f 2856/2856/2856 2854/2854/2854 2864/2864/2864
f 2781/2781/2781 2864/2864/2864 2859/2859/2859
f 2837/2837/2837 2859/2859/2859 2864/2864/2864
f 2838/2838/2838 2864/2864/2864 2854/2854/2854
f 2852/2852/2852 2834/2834/2834 2849/2849/2849
f 2854/2854/2854 2849/2849/2849 2838/2838/2838
f 2865/2865/2865 2818/2818/2818 2835/2835/2835
f 2851/2851/2851 2835/2835/2835 2834/2834/2834
f 2813/2813/2813 2815/2815/2815 2865/2865/2865
f 2814/2814/2814 2865/2865/2865 2851/2851/2851
f 2866/2866/2866 2814/2814/2814 2850/2850/2850
f 2788/2788/2788 2850/2850/2850 2853/2853/2853
f 2866/2866/2866 2787/2787/2787 2867/2867/2867
f 2812/2812/2812 2867/2867/2867 2775/2775/2775
f 1892/1892/1892 1890/1890/1890 1891/1891/1891
f 2720/2720/2720 2846/2846/2846 2870/2870/2870
f 298/298/298 256/256/256 257/257/257
f 2872/2872/2872 2713/2713/2713 2820/2820/2820
f 3794/3794/3794 2735/2735/2735 2734/2734/2734
f 2729/2729/2729 2874/2874/2874 2873/2873/2873
f 2846/2846/2846 2715/2715/2715 2870/2870/2870
f 2876/2876/2876 2878/2878/2878 2875/2875/2875
f 2733/2733/2733 2878/2878/2878 2734/2734/2734
f 3806/3806/3806 2879/2879/2879 2880/2880/2880
f 3806/3806/3806 2872/2872/2872 3794/3794/3794
f 2882/2882/2882 2884/2884/2884 2881/2881/2881
f 2881/2881/2881 2715/2715/2715 2714/2714/2714
f 2880/2880/2880 2714/2714/2714 2872/2872/2872
f 2879/2879/2879 2881/2881/2881 2880/2880/2880
f 2885/2885/2885 2887/2887/2887 2888/2888/2888
f 2888/2888/2888 2890/2890/2890 2885/2885/2885
f 2885/2885/2885 2892/2892/2892 2891/2891/2891
f 2893/2893/2893 2885/2885/2885 2891/2891/2891
f 1942/1942/1942 2532/2532/2532 2894/2894/2894
f 2895/2895/2895 2720/2720/2720 2870/2870/2870
f 2884/2884/2884 2870/2870/2870 2715/2715/2715
f 2883/2883/2883 2895/2895/2895 2884/2884/2884
f 2896/2896/2896 2892/2892/2892 2895/2895/2895
f 2889/2889/2889 2717/2717/2717 2890/2890/2890
f 2890/2890/2890 2720/2720/2720 2892/2892/2892
f 2897/2897/2897 2891/2891/2891 2896/2896/2896
f 2898/2898/2898 2896/2896/2896 2883/2883/2883
f 2899/2899/2899 2883/2883/2883 2882/2882/2882
f 2900/2900/2900 2882/2882/2882 2879/2879/2879
f 3797/3797/3797 2879/2879/2879 3807/3807/3807
f 2876/2876/2876 2901/2901/2901 2877/2877/2877
f 2901/2901/2901 2904/2904/2904 2903/2903/2903
f 1785/1785/1785 1835/1835/1835 1834/1834/1834
f 2905/2905/2905 2899/2899/2899 2900/2900/2900
f 2907/2907/2907 2897/2897/2897 2898/2898/2898
f 3797/3797/3797 2903/2903/2903 3799/3799/3799
f 632/632/632 577/577/577 633/633/633
f 3532/3532/3532 2867/2867/2867 2787/2787/2787
f 434/434/434 550/550/550 350/350/350
f 2768/2768/2768 3640/3640/3640 3643/3643/3643
f 2910/2910/2910 1623/1623/1623 2249/2249/2249
f 2241/2241/2241 2758/2758/2758 2242/2242/2242
f 3640/3640/3640 2913/2913/2913 3652/3652/3652
f 1623/1623/1623 2757/2757/2757 1620/1620/1620
f 3587/3587/3587 2757/2757/2757 3652/3652/3652
f 2229/2229/2229 1380/1380/1380 2250/2250/2250
f 2765/2765/2765 1629/1629/1629 2914/2914/2914
f 2915/2915/2915 1629/1629/1629 2912/2912/2912
f 3642/3642/3642 2914/2914/2914 2915/2915/2915
f 3641/3641/3641 2765/2765/2765 2914/2914/2914
f 2919/2919/2919 3642/3642/3642 3613/3613/3613
f 2918/2918/2918 2912/2912/2912 2241/2241/2241
f 3614/3614/3614 2241/2241/2241 3586/3586/3586
f 3618/3618/3618 3613/3613/3613 3670/3670/3670
f 3541/3541/3541 2180/2180/2180 3496/3496/3496
f 3521/3521/3521 2188/2188/2188 3506/3506/3506
f 3705/3705/3705 714/714/714 3851/3851/3851
f 2925/2925/2925 2917/2917/2917 2924/2924/2924
f 2924/2924/2924 2916/2916/2916 2919/2919/2919
f 3610/3610/3610 2919/2919/2919 3618/3618/3618
f 3611/3611/3611 2924/2924/2924 3610/3610/3610
f 2926/2926/2926 2766/2766/2766 2925/2925/2925
f 3658/3658/3658 2925/2925/2925 3611/3611/3611
f 1715/1715/1715 1705/1705/1705 1710/1710/1710
f 785/785/785 498/498/498 796/796/796
f 1387/1387/1387 565/565/565 1791/1791/1791
f 374/374/374 1899/1899/1899 560/560/560
f 3573/3573/3573 2206/2206/2206 3556/3556/3556
f 2929/2929/2929 2886/2886/2886 2893/2893/2893
f 2932/2932/2932 2934/2934/2934 2931/2931/2931
f 1905/1905/1905 1908/1908/1908 1907/1907/1907
f 2930/2930/2930 2936/2936/2936 2937/2937/2937
f 2938/2938/2938 2930/2930/2930 2929/2929/2929
f 1493/1493/1493 517/517/517 518/518/518
f 1603/1603/1603 1586/1586/1586 1602/1602/1602
f 2939/2939/2939 2929/2929/2929 2908/2908/2908
f 2940/2940/2940 2908/2908/2908 2907/2907/2907
f 3665/3665/3665 1600/1600/1600 3661/3661/3661
f 2886/2886/2886 2937/2937/2937 2887/2887/2887
f 2906/2906/2906 2898/2898/2898 2899/2899/2899
f 2908/2908/2908 2893/2893/2893 2897/2897/2897
f 2942/2942/2942 2933/2933/2933 2941/2941/2941
f 2941/2941/2941 2937/2937/2937 2936/2936/2936
f 3501/3501/3501 2936/2936/2936 3513/3513/3513
f 3498/3498/3498 2941/2941/2941 3501/3501/3501
f 2943/2943/2943 2710/2710/2710 2873/2873/2873
f 2943/2943/2943 2874/2874/2874 2889/2889/2889
f 2945/2945/2945 2889/2889/2889 2888/2888/2888
f 2946/2946/2946 2943/2943/2943 2945/2945/2945
f 2932/2932/2932 2888/2888/2888 2887/2887/2887
f 2931/2931/2931 2945/2945/2945 2932/2932/2932
f 727/727/727 1929/1929/1929 728/728/728
f 2903/2903/2903 2947/2947/2947 2948/2948/2948
f 545/545/545 42/42/42 262/262/262
f 1480/1480/1480 533/533/533 251/251/251
f 2907/2907/2907 2949/2949/2949 2940/2940/2940
f 2906/2906/2906 2950/2950/2950 2949/2949/2949
f 1558/1558/1558 215/215/215 202/202/202
f 3799/3799/3799 2948/2948/2948 3801/3801/3801
f 2054/2054/2054 1644/1644/1644 2118/2118/2118
f 3705/3705/3705 2203/2203/2203 3573/3573/3573
f 1828/1828/1828 1849/1849/1849 1827/1827/1827
f 2953/2953/2953 2955/2955/2955 2952/2952/2952
f 2952/2952/2952 2957/2957/2957 2956/2956/2956
f 2956/2956/2956 2258/2258/2258 2952/2952/2952
f 2953/2953/2953 2258/2258/2258 2257/2257/2257
f 2454/2454/2454 2474/2474/2474 2496/2496/2496
f 3747/3747/3747 2959/2959/2959 3766/3766/3766
f 3747/3747/3747 2131/2131/2131 3737/3737/3737
f 2961/2961/2961 2963/2963/2963 2958/2958/2958
f 2958/2958/2958 2964/2964/2964 2959/2959/2959
f 222/222/222 2485/2485/2485 2965/2965/2965
f 2477/2477/2477 2966/2966/2966 2608/2608/2608
f 2631/2631/2631 2006/2006/2006 1859/1859/1859
f 2384/2384/2384 2496/2496/2496 2497/2497/2497
f 2967/2967/2967 2959/2959/2959 2964/2964/2964
f 2968/2968/2968 2970/2970/2970 2969/2969/2969
f 3759/3759/3759 2971/2971/2971 3784/3784/3784
f 3784/3784/3784 2960/2960/2960 3766/3766/3766
f 2972/2972/2972 2033/2033/2033 2032/2032/2032
f 2007/2007/2007 2973/2973/2973 2008/2008/2008
f 3560/3560/3560 2134/2134/2134 2133/2133/2133
f 1836/1836/1836 1832/1832/1832 1831/1831/1831
f 3506/3506/3506 2090/2090/2090 3551/3551/3551
f 955/955/955 959/959/959 956/956/956
f 672/672/672 674/674/674 673/673/673
f 633/633/633 713/713/713 632/632/632
f 2024/2024/2024 733/733/733 803/803/803
f 2025/2025/2025 803/803/803 798/798/798
f 425/425/425 1550/1550/1550 388/388/388
f 2975/2975/2975 888/888/888 887/887/887
f 1319/1319/1319 1157/1157/1157 2694/2694/2694
f 1212/1212/1212 2977/2977/2977 1213/1213/1213
f 889/889/889 2228/2228/2228 2227/2227/2227
f 1978/1978/1978 1975/1975/1975 1979/1979/1979
f 1138/1138/1138 1329/1329/1329 915/915/915
f 751/751/751 2979/2979/2979 2978/2978/2978
f 1619/1619/1619 1625/1625/1625 1624/1624/1624
f 2252/2252/2252 1728/1728/1728 1727/1727/1727
f 1157/1157/1157 845/845/845 1216/1216/1216
f 2706/2706/2706 1938/1938/1938 2617/2617/2617
f 2980/2980/2980 2254/2254/2254 2981/2981/2981
f 2982/2982/2982 887/887/887 2630/2630/2630
f 802/802/802 711/711/711 2679/2679/2679
f 678/678/678 2029/2029/2029 2028/2028/2028
f 527/527/527 690/690/690 528/528/528
f 1839/1839/1839 2629/2629/2629 1840/1840/1840
f 2983/2983/2983 602/602/602 1914/1914/1914
f 2983/2983/2983 1913/1913/1913 1331/1331/1331
f 2985/2985/2985 1331/1331/1331 1054/1054/1054
f 2986/2986/2986 2983/2983/2983 2985/2985/2985
f 2987/2987/2987 2635/2635/2635 2634/2634/2634
f 2985/2985/2985 2639/2639/2639 2986/2986/2986
f 2990/2990/2990 1318/1318/1318 2989/2989/2989
f 2991/2991/2991 2993/2993/2993 2994/2994/2994
f 2995/2995/2995 2994/2994/2994 2996/2996/2996
f 1106/1106/1106 2991/2991/2991 2995/2995/2995
f 1058/1058/1058 2992/2992/2992 2991/2991/2991
f 1415/1415/1415 1365/1365/1365 1367/1367/1367
f 1317/1317/1317 2217/2217/2217 2997/2997/2997
f 1932/1932/1932 2255/2255/2255 2980/2980/2980
f 926/926/926 2999/2999/2999 664/664/664
f 3001/3001/3001 2992/2992/2992 3000/3000/3000
f 3000/3000/3000 1057/1057/1057 2978/2978/2978
f 2999/2999/2999 2978/2978/2978 2979/2979/2979
f 2998/2998/2998 3000/3000/3000 2999/2999/2999
f 3002/3002/3002 2209/2209/2209 3003/3003/3003
f 3002/3002/3002 2996/2996/2996 2994/2994/2994
f 2993/2993/2993 3002/3002/3002 2994/2994/2994
f 3001/3001/3001 2998/2998/2998 3002/3002/3002
f 1103/1103/1103 2995/2995/2995 3004/3004/3004
f 3004/3004/3004 2996/2996/2996 3003/3003/3003
f 2209/2209/2209 3004/3004/3004 3003/3003/3003
f 588/588/588 3004/3004/3004 2210/2210/2210
f 295/295/295 433/433/433 381/381/381
f 2638/2638/2638 2988/2988/2988 3005/3005/3005
f 3005/3005/3005 1056/1056/1056 1930/1930/1930
f 1305/1305/1305 1930/1930/1930 1306/1306/1306
f 1276/1276/1276 3005/3005/3005 1305/1305/1305
f 1987/1987/1987 1993/1993/1993 1989/1989/1989
f 2633/2633/2633 1761/1761/1761 2645/2645/2645
f 1423/1423/1423 1417/1417/1417 1419/1419/1419
f 3561/3561/3561 739/739/739 703/703/703
f 2671/2671/2671 2704/2704/2704 2705/2705/2705
f 1473/1473/1473 2035/2035/2035 1472/1472/1472
f 922/922/922 2694/2694/2694 895/895/895
f 1401/1401/1401 1378/1378/1378 1384/1384/1384
f 556/556/556 1884/1884/1884 1037/1037/1037
f 842/842/842 3825/3825/3825 3836/3836/3836
f 1854/1854/1854 2617/2617/2617 1010/1010/1010
f 933/933/933 1081/1081/1081 1075/1075/1075
f 1440/1440/1440 1436/1436/1436 1437/1437/1437
f 529/529/529 719/719/719 530/530/530
f 1031/1031/1031 1027/1027/1027 1028/1028/1028
f 777/777/777 912/912/912 1871/1871/1871
f 2645/2645/2645 1204/1204/1204 2633/2633/2633
f 441/441/441 1538/1538/1538 1537/1537/1537
f 790/790/790 587/587/587 586/586/586
f 2065/2065/2065 1610/1610/1610 1607/1607/1607
f 1860/1860/1860 990/990/990 902/902/902
f 60/60/60 87/87/87 59/59/59
f 1424/1424/1424 1948/1948/1948 1947/1947/1947
f 332/332/332 1507/1507/1507 331/331/331
f 261/261/261 138/138/138 135/135/135
f 187/187/187 449/449/449 507/507/507
f 1719/1719/1719 1726/1726/1726 1725/1725/1725
f 1931/1931/1931 1059/1059/1059 3006/3006/3006
f 3006/3006/3006 1105/1105/1105 1104/1104/1104
f 1287/1287/1287 1104/1104/1104 587/587/587
f 1286/1286/1286 3006/3006/3006 1287/1287/1287
f 3007/3007/3007 3009/3009/3009 3010/3010/3010
f 3009/3009/3009 653/653/653 795/795/795
f 618/618/618 26/26/26 25/25/25
f 2029/2029/2029 1210/1210/1210 1209/1209/1209
f 957/957/957 600/600/600 2228/2228/2228
f 1049/1049/1049 2228/2228/2228 600/600/600
f 2631/2631/2631 3011/3011/3011 2561/2561/2561
f 890/890/890 2227/2227/2227 3011/3011/3011
f 3011/3011/3011 2145/2145/2145 3012/3012/3012
f 2561/2561/2561 3012/3012/3012 2375/2375/2375
f 1026/1026/1026 609/609/609 608/608/608
f 2706/2706/2706 1961/1961/1961 1964/1964/1964
f 3013/3013/3013 2485/2485/2485 3014/3014/3014
f 2148/2148/2148 1267/1267/1267 3015/3015/3015
f 3015/3015/3015 1266/1266/1266 1311/1311/1311
f 2997/2997/2997 1101/1101/1101 1317/1317/1317
f 642/642/642 1773/1773/1773 1193/1193/1193
f 186/186/186 461/461/461 511/511/511
f 1041/1041/1041 1320/1320/1320 901/901/901
f 1121/1121/1121 3017/3017/3017 1122/1122/1122
f 2984/2984/2984 2987/2987/2987 3018/3018/3018
f 3018/3018/3018 2634/2634/2634 2619/2619/2619
f 1048/1048/1048 3018/3018/3018 2619/2619/2619
f 603/603/603 2984/2984/2984 3018/3018/3018
f 2679/2679/2679 801/801/801 802/802/802
f 2062/2062/2062 2074/2074/2074 2061/2061/2061
f 2061/2061/2061 2076/2076/2076 2064/2064/2064
f 414/414/414 1545/1545/1545 1965/1965/1965
f 3016/3016/3016 2683/2683/2683 3019/3019/3019
f 3019/3019/3019 2704/2704/2704 2670/2670/2670
f 3020/3020/3020 2670/2670/2670 720/720/720
f 3007/3007/3007 3019/3019/3019 3020/3020/3020
f 1871/1871/1871 1091/1091/1091 777/777/777
f 3021/3021/3021 1122/1122/1122 3017/3017/3017
f 3022/3022/3022 3017/3017/3017 3010/3010/3010
f 1314/1314/1314 3022/3022/3022 1315/1315/1315
f 1784/1784/1784 3021/3021/3021 1314/1314/1314
f 1316/1316/1316 1763/1763/1763 611/611/611
f 3023/3023/3023 3010/3010/3010 3009/3009/3009
f 3023/3023/3023 795/795/795 1092/1092/1092
f 1763/1763/1763 1092/1092/1092 1125/1125/1125
f 1315/1315/1315 3023/3023/3023 1763/1763/1763
f 3016/3016/3016 3010/3010/3010 3017/3017/3017
f 752/752/752 2978/2978/2978 1057/1057/1057
f 2986/2986/2986 2637/2637/2637 2987/2987/2987
f 3024/3024/3024 653/653/653 3008/3008/3008
f 3020/3020/3020 3008/3008/3008 3007/3007/3007
f 720/720/720 3024/3024/3024 3020/3020/3020
f 723/723/723 654/654/654 3024/3024/3024
f 2681/2681/2681 1268/1268/1268 3025/3025/3025
f 2671/2671/2671 1268/1268/1268 721/721/721
f 2705/2705/2705 3025/3025/3025 2671/2671/2671
f 1313/1313/1313 3027/3027/3027 1311/1311/1311
f 3026/3026/3026 3029/3029/3029 3027/3027/3027
f 3027/3027/3027 3030/3030/3030 3031/3031/3031
f 1311/1311/1311 3031/3031/3031 3015/3015/3015
f 2012/2012/2012 731/731/731 2023/2023/2023
f 917/917/917 974/974/974 977/977/977
f 743/743/743 856/856/856 744/744/744
f 1888/1888/1888 2030/2030/2030 1425/1425/1425
f 2682/2682/2682 2684/2684/2684 3032/3032/3032
f 3032/3032/3032 1124/1124/1124 2989/2989/2989
f 1100/1100/1100 2989/2989/2989 1318/1318/1318
f 1099/1099/1099 3032/3032/3032 1100/1100/1100
f 1123/1123/1123 2989/2989/2989 1124/1124/1124
f 3033/3033/3033 1159/1159/1159 1158/1158/1158
f 2990/2990/2990 1158/1158/1158 1319/1319/1319
f 1123/1123/1123 3033/3033/3033 2990/2990/2990
f 1786/1786/1786 1834/1834/1834 3033/3033/3033
f 1054/1054/1054 2988/2988/2988 2985/2985/2985
f 2979/2979/2979 664/664/664 2999/2999/2999
f 2623/2623/2623 2663/2663/2663 2643/2643/2643
f 1095/1095/1095 688/688/688 687/687/687
f 3034/3034/3034 2261/2261/2261 2956/2956/2956
f 3036/3036/3036 2956/2956/2956 2957/2957/2957
f 3037/3037/3037 3034/3034/3034 3036/3036/3036
f 3038/3038/3038 3035/3035/3035 3034/3034/3034
f 3040/3040/3040 3026/3026/3026 1313/1313/1313
f 2263/2263/2263 3041/3041/3041 3040/3040/3040
f 3042/3042/3042 3043/3043/3043 3041/3041/3041
f 3041/3041/3041 3028/3028/3028 3026/3026/3026
f 3044/3044/3044 3043/3043/3043 3039/3039/3039
f 3046/3046/3046 3045/3045/3045 3044/3044/3044
f 3047/3047/3047 3049/3049/3049 3045/3045/3045
f 3043/3043/3043 3049/3049/3049 3028/3028/3028
f 3038/3038/3038 3051/3051/3051 3050/3050/3050
f 3050/3050/3050 3053/3053/3053 3052/3052/3052
f 3052/3052/3052 3044/3044/3044 3050/3050/3050
f 3039/3039/3039 3050/3050/3050 3044/3044/3044
f 3054/3054/3054 3039/3039/3039 3042/3042/3042
f 3042/3042/3042 2262/2262/2262 3054/3054/3054
f 2261/2261/2261 3054/3054/3054 2262/2262/2262
f 2216/2216/2216 2997/2997/2997 2217/2217/2217
f 2212/2212/2212 2667/2667/2667 1936/1936/1936
f 3056/3056/3056 2209/2209/2209 3055/3055/3055
f 934/934/934 1961/1961/1961 1854/1854/1854
f 2013/2013/2013 3757/3757/3757 567/567/567
f 3058/3058/3058 3060/3060/3060 3061/3061/3061
f 3059/3059/3059 3063/3063/3063 3060/3060/3060
f 3060/3060/3060 2213/2213/2213 1963/1963/1963
f 3061/3061/3061 1963/1963/1963 1962/1962/1962
f 3063/3063/3063 2214/2214/2214 2213/2213/2213
f 3062/3062/3062 3064/3064/3064 3063/3063/3063
f 3065/3065/3065 2260/2260/2260 3064/3064/3064
f 3064/3064/3064 2215/2215/2215 2214/2214/2214
f 3066/3066/3066 3031/3031/3031 3030/3030/3030
f 2608/2608/2608 3067/3067/3067 3066/3066/3066
f 2966/2966/2966 3068/3068/3068 3067/3067/3067
f 3031/3031/3031 3068/3068/3068 3015/3015/3015
f 2455/2455/2455 2461/2461/2461 2474/2474/2474
f 2476/2476/2476 2226/2226/2226 2477/2477/2477
f 3551/3551/3551 2089/2089/2089 3525/3525/3525
f 3526/3526/3526 3769/3769/3769 3786/3786/3786
f 433/433/433 355/355/355 381/381/381
f 2115/2115/2115 1419/1419/1419 2123/2123/2123
f 3509/3509/3509 2922/2922/2922 3527/3527/3527
f 3769/3769/3769 2131/2131/2131 2134/2134/2134
f 3069/3069/3069 2167/2167/2167 2166/2166/2166
f 2971/2971/2971 2928/2928/2928 2960/2960/2960
f 2961/2961/2961 2773/2773/2773 2962/2962/2962
f 3070/3070/3070 2478/2478/2478 2483/2483/2483
f 2610/2610/2610 3071/3071/3071 2954/2954/2954
f 2502/2502/2502 2374/2374/2374 2386/2386/2386
f 3072/3072/3072 2595/2595/2595 3073/3073/3073
f 2964/2964/2964 3052/3052/3052 2967/2967/2967
f 3048/3048/3048 3074/3074/3074 3049/3049/3049
f 2593/2593/2593 3075/3075/3075 3074/3074/3074
f 3075/3075/3075 3029/3029/3029 3074/3074/3074
f 3074/3074/3074 3028/3028/3028 3049/3049/3049
f 3072/3072/3072 3075/3075/3075 2592/2592/2592
f 3076/3076/3076 2482/2482/2482 2481/2481/2481
f 2481/2481/2481 3066/3066/3066 3076/3076/3076
f 3076/3076/3076 3030/3030/3030 3075/3075/3075
f 2967/2967/2967 3053/3053/3053 2970/2970/2970
f 2482/2482/2482 3073/3073/3073 2483/2483/2483
f 479/479/479 493/493/493 494/494/494
f 706/706/706 3873/3873/3873 709/709/709
f 3561/3561/3561 2221/2221/2221 3517/3517/3517
f 2013/2013/2013 3754/3754/3754 3755/3755/3755
f 3533/3533/3533 2016/2016/2016 3529/3529/3529
f 3562/3562/3562 2222/2222/2222 2974/2974/2974
f 1171/1171/1171 1155/1155/1155 1176/1176/1176
f 2586/2586/2586 2565/2565/2565 2587/2587/2587
f 2982/2982/2982 113/113/113 2484/2484/2484
f 2562/2562/2562 3077/3077/3077 3068/3068/3068
f 2376/2376/2376 3012/3012/3012 3077/3077/3077
f 3012/3012/3012 2148/2148/2148 3077/3077/3077
f 3077/3077/3077 3015/3015/3015 3068/3068/3068
f 2963/2963/2963 3046/3046/3046 2964/2964/2964
f 3051/3051/3051 2970/2970/2970 3053/3053/3053
f 1683/1683/1683 491/491/491 775/775/775
f 3850/3850/3850 1447/1447/1447 3860/3860/3860
f 1986/1986/1986 3734/3734/3734 3768/3768/3768
f 3079/3079/3079 2546/2546/2546 2575/2575/2575
f 3081/3081/3081 2575/2575/2575 2576/2576/2576
f 1983/1983/1983 3768/3768/3768 3765/3765/3765
f 3082/3082/3082 2319/2319/2319 2545/2545/2545
f 3080/3080/3080 2545/2545/2545 2546/2546/2546
f 3734/3734/3734 3082/3082/3082 3080/3080/3080
f 3732/3732/3732 2323/2323/2323 3082/3082/3082
f 1309/1309/1309 1888/1888/1888 748/748/748
f 3073/3073/3073 2772/2772/2772 2771/2771/2771
f 2760/2760/2760 3084/3084/3084 2762/2762/2762
f 2760/2760/2760 2088/2088/2088 3083/3083/3083
f 3085/3085/3085 3086/3086/3086 3087/3087/3087
f 3089/3089/3089 3090/3090/3090 3088/3088/3088
f 3089/3089/3089 3084/3084/3084 3085/3085/3085
f 3092/3092/3092 3090/3090/3090 3091/3091/3091
f 3093/3093/3093 2744/2744/2744 2743/2743/2743
f 2751/2751/2751 2748/2748/2748 3093/3093/3093
f 3093/3093/3093 2752/2752/2752 2751/2751/2751
f 2742/2742/2742 3093/3093/3093 3094/3094/3094
f 3094/3094/3094 2743/2743/2743 3095/3095/3095
f 3096/3096/3096 3098/3098/3098 3087/3087/3087
f 3099/3099/3099 3087/3087/3087 3086/3086/3086
f 3097/3097/3097 3095/3095/3095 3098/3098/3098
f 3100/3100/3100 2746/2746/2746 3101/3101/3101
f 3101/3101/3101 3102/3102/3102 3100/3100/3100
f 2764/2764/2764 2927/2927/2927 3101/3101/3101
f 2745/2745/2745 3101/3101/3101 2746/2746/2746
f 3102/3102/3102 3091/3091/3091 3100/3100/3100
f 3100/3100/3100 3095/3095/3095 2743/2743/2743
f 2869/2869/2869 3592/3592/3592 3634/3634/3634
f 3102/3102/3102 3104/3104/3104 3092/3092/3092
f 3658/3658/3658 2869/2869/2869 3634/3634/3634
f 2927/2927/2927 3103/3103/3103 3102/3102/3102
f 3098/3098/3098 3091/3091/3091 3090/3090/3090
f 3087/3087/3087 3090/3090/3090 3085/3085/3085
f 2088/2088/2088 3105/3105/3105 3083/3083/3083
f 3083/3083/3083 3086/3086/3086 3084/3084/3084
f 2483/2483/2483 2771/2771/2771 3070/3070/3070
f 2401/2401/2401 2185/2185/2185 2321/2321/2321
f 3099/3099/3099 3105/3105/3105 3106/3106/3106
f 2125/2125/2125 3106/3106/3106 3105/3105/3105
f 3108/3108/3108 2742/2742/2742 3107/3107/3107
f 3107/3107/3107 3094/3094/3094 3097/3097/3097
f 3110/3110/3110 3107/3107/3107 3109/3109/3109
f 3109/3109/3109 3097/3097/3097 3096/3096/3096
f 3111/3111/3111 3096/3096/3096 3099/3099/3099
f 3112/3112/3112 3109/3109/3109 3111/3111/3111
f 3113/3113/3113 2737/2737/2737 3108/3108/3108
f 3115/3115/3115 2722/2722/2722 3114/3114/3114
f 3117/3117/3117 3114/3114/3114 3116/3116/3116
f 3119/3119/3119 3116/3116/3116 3118/3118/3118
f 3118/3118/3118 3120/3120/3120 3121/3121/3121
f 3116/3116/3116 3113/3113/3113 3120/3120/3120
f 3122/3122/3122 3111/3111/3111 3123/3123/3123
f 3122/3122/3122 1755/1755/1755 1754/1754/1754
f 3124/3124/3124 3126/3126/3126 3127/3127/3127
f 3125/3125/3125 3121/3121/3121 3126/3126/3126
f 3128/3128/3128 3118/3118/3118 3125/3125/3125
f 3129/3129/3129 3125/3125/3125 3124/3124/3124
f 2020/2020/2020 3128/3128/3128 3129/3129/3129
f 3853/3853/3853 1346/1346/1346 1352/1352/1352
f 1065/1065/1065 1047/1047/1047 1066/1066/1066
f 1814/1814/1814 3830/3830/3830 1649/1649/1649
f 2021/2021/2021 3129/3129/3129 3130/3130/3130
f 3111/3111/3111 3106/3106/3106 3123/3123/3123
f 3123/3123/3123 2207/2207/2207 1755/1755/1755
f 2377/2377/2377 2224/2224/2224 2973/2973/2973
f 3014/3014/3014 113/113/113 112/112/112
f 1756/1756/1756 3782/3782/3782 3767/3767/3767
f 3131/3131/3131 2530/2530/2530 2528/2528/2528
f 3133/3133/3133 2528/2528/2528 2529/2529/2529
f 1753/1753/1753 3767/3767/3767 3775/3775/3775
f 3134/3134/3134 3127/3127/3127 3135/3135/3135
f 2327/2327/2327 2314/2314/2314 2313/2313/2313
f 2436/2436/2436 2317/2317/2317 2349/2349/2349
f 2018/2018/2018 3711/3711/3711 3712/3712/3712
f 2534/2534/2534 3137/3137/3137 2535/2535/2535
f 2320/2320/2320 3136/3136/3136 2534/2534/2534
f 2185/2185/2185 3712/3712/3712 3771/3771/3771
f 3138/3138/3138 2542/2542/2542 2539/2539/2539
f 3134/3134/3134 3744/3744/3744 3745/3745/3745
f 3785/3785/3785 3134/3134/3134 3745/3745/3745
f 3140/3140/3140 2539/2539/2539 2538/2538/2538
f 2535/2535/2535 3140/3140/3140 2538/2538/2538
f 3711/3711/3711 3130/3130/3130 3785/3785/3785
f 2558/2558/2558 3132/3132/3132 3141/3141/3141
f 3782/3782/3782 3141/3141/3141 3132/3132/3132
f 2560/2560/2560 3141/3141/3141 3142/3142/3142
f 3760/3760/3760 3142/3142/3142 3141/3141/3141
f 958/958/958 2976/2976/2976 2981/2981/2981
f 1933/1933/1933 2980/2980/2980 3143/3143/3143
f 2399/2399/2399 2418/2418/2418 2416/2416/2416
f 2348/2348/2348 2343/2343/2343 2432/2432/2432
f 2322/2322/2322 2319/2319/2319 2323/2323/2323
f 2718/2718/2718 2874/2874/2874 2730/2730/2730
f 2709/2709/2709 2873/2873/2873 2710/2710/2710
f 2894/2894/2894 1361/1361/1361 1942/1942/1942
f 346/346/346 176/176/176 347/347/347
f 1876/1876/1876 1882/1882/1882 1881/1881/1881
f 2802/2802/2802 3607/3607/3607 3592/3592/3592
f 3104/3104/3104 3088/3088/3088 3092/3092/3092
f 2974/2974/2974 3649/3649/3649 3603/3603/3603
f 3089/3089/3089 2761/2761/2761 2762/2762/2762
f 3088/3088/3088 3145/3145/3145 3089/3089/3089
f 2803/2803/2803 3603/3603/3603 3607/3607/3607
f 3870/3870/3870 692/692/692 628/628/628
f 2123/2123/2123 1418/1418/1418 2126/2126/2126
f 1365/1365/1365 1368/1368/1368 1367/1367/1367
f 1581/1581/1581 1782/1782/1782 1783/1783/1783
f 3569/3569/3569 2129/2129/2129 3520/3520/3520
f 3555/3555/3555 2002/2002/2002 3521/3521/3521
f 3146/3146/3146 2551/2551/2551 3147/3147/3147
f 3751/3751/3751 3147/3147/3147 3750/3750/3750
f 3742/3742/3742 3146/3146/3146 3751/3751/3751
f 3149/3149/3149 2585/2585/2585 3146/3146/3146
f 3196/3196/3196 3197/3197/3197 3195/3195/3195
f 3604/3604/3604 2191/2191/2191 3623/3623/3623
f 3142/3142/3142 2556/2556/2556 2560/2560/2560
f 3777/3777/3777 3150/3150/3150 3142/3142/3142
f 3646/3646/3646 2550/2550/2550 3593/3593/3593
f 3150/3150/3150 2555/2555/2555 2556/2556/2556
f 3778/3778/3778 3151/3151/3151 3150/3150/3150
f 3788/3788/3788 3152/3152/3152 3646/3646/3646
f 3153/3153/3153 2551/2551/2551 2549/2549/2549
f 3152/3152/3152 2549/2549/2549 2550/2550/2550
f 3781/3781/3781 3153/3153/3153 3152/3152/3152
f 3776/3776/3776 3147/3147/3147 3153/3153/3153
f 3148/3148/3148 2206/2206/2206 2205/2205/2205
f 2183/2183/2183 2321/2321/2321 2184/2184/2184
f 2132/2132/2132 2928/2928/2928 2133/2133/2133
f 3684/3684/3684 2204/2204/2204 2203/2203/2203
f 3719/3719/3719 2197/2197/2197 3721/3721/3721
f 2594/2594/2594 2773/2773/2773 2951/2951/2951
f 2595/2595/2595 2951/2951/2951 2772/2772/2772
f 1870/1870/1870 799/799/799 1869/1869/1869
f 3713/3713/3713 2178/2178/2178 3706/3706/3706
f 3706/3706/3706 3736/3736/3736 3790/3790/3790
f 336/336/336 3774/3774/3774 3722/3722/3722
f 339/339/339 3154/3154/3154 336/336/336
f 3789/3789/3789 3149/3149/3149 3742/3742/3742
f 3683/3683/3683 2584/2584/2584 3149/3149/3149
f 2963/2963/2963 3048/3048/3048 3047/3047/3047
f 3722/3722/3722 337/337/337 336/336/336
f 339/339/339 2566/2566/2566 2586/2586/2586
f 3156/3156/3156 2168/2168/2168 2167/2167/2167
f 2610/2610/2610 2167/2167/2167 2611/2611/2611
f 2954/2954/2954 3156/3156/3156 2610/2610/2610
f 3157/3157/3157 2953/2953/2953 2257/2257/2257
f 3707/3707/3707 2169/2169/2169 3709/3709/3709
f 2567/2567/2567 3159/3159/3159 2568/2568/2568
f 337/337/337 2567/2567/2567 338/338/338
f 3730/3730/3730 2166/2166/2166 3707/3707/3707
f 3764/3764/3764 1983/1983/1983 3765/3765/3765
f 2579/2579/2579 3081/3081/3081 2576/2576/2576
f 2568/2568/2568 3160/3160/3160 2579/2579/2579
f 3709/3709/3709 2190/2190/2190 3764/3764/3764
f 3065/3065/3065 3162/3162/3162 3161/3161/3161
f 3161/3161/3161 1984/1984/1984 2189/2189/2189
f 3157/3157/3157 2189/2189/2189 2168/2168/2168
f 2257/2257/2257 3161/3161/3161 3157/3157/3157
f 734/734/734 1922/1922/1922 806/806/806
f 3059/3059/3059 2708/2708/2708 3163/3163/3163
f 3163/3163/3163 2182/2182/2182 1985/1985/1985
f 3162/3162/3162 1985/1985/1985 1984/1984/1984
f 3062/3062/3062 3163/3163/3163 3162/3162/3162
f 3203/3203/3203 3205/3205/3205 3204/3204/3204
f 2122/2122/2122 1448/1448/1448 1447/1447/1447
f 3817/3817/3817 1685/1685/1685 3812/3812/3812
f 139/139/139 444/444/444 69/69/69
f 1570/1570/1570 566/566/566 533/533/533
f 2957/2957/2957 3165/3165/3165 3036/3036/3036
f 2955/2955/2955 3164/3164/3164 2957/2957/2957
f 1912/1912/1912 341/341/341 1973/1973/1973
f 3130/3130/3130 3124/3124/3124 3134/3134/3134
f 1548/1548/1548 319/319/319 1547/1547/1547
f 1949/1949/1949 1327/1327/1327 1887/1887/1887
f 2969/2969/2969 3078/3078/3078 3167/3167/3167
f 3167/3167/3167 3169/3169/3169 3168/3168/3168
f 3724/3724/3724 2017/2017/2017 3720/3720/3720
f 3720/3720/3720 2033/2033/2033 3759/3759/3759
f 3168/3168/3168 3165/3165/3165 3170/3170/3170
f 3170/3170/3170 3164/3164/3164 3171/3171/3171
f 3779/3779/3779 3171/3171/3171 3756/3756/3756
f 3724/3724/3724 3170/3170/3170 3779/3779/3779
f 3171/3171/3171 3166/3166/3166 3172/3172/3172
f 3172/3172/3172 3071/3071/3071 3173/3173/3173
f 3752/3752/3752 3173/3173/3173 3749/3749/3749
f 3756/3756/3756 3172/3172/3172 3752/3752/3752
f 3169/3169/3169 3036/3036/3036 3165/3165/3165
f 2593/2593/2593 2962/2962/2962 2594/2594/2594
f 3173/3173/3173 2609/2609/2609 3174/3174/3174
f 3174/3174/3174 2199/2199/2199 2198/2198/2198
f 3783/3783/3783 2198/2198/2198 3719/3719/3719
f 3749/3749/3749 3174/3174/3174 3783/3783/3783
f 2190/2190/2190 1984/1984/1984 1983/1983/1983
f 2196/2196/2196 2767/2767/2767 3148/3148/3148
f 2119/2119/2119 1414/1414/1414 1448/1448/1448
f 1464/1464/1464 1466/1466/1466 1465/1465/1465
f 2199/2199/2199 3069/3069/3069 2200/2200/2200
f 2457/2457/2457 2587/2587/2587 2565/2565/2565
f 2226/2226/2226 2562/2562/2562 2966/2966/2966
f 481/481/481 1627/1627/1627 1639/1639/1639
f 333/333/333 235/235/235 236/236/236
f 3078/3078/3078 3037/3037/3037 3169/3169/3169
f 3040/3040/3040 2997/2997/2997 2263/2263/2263
f 2219/2219/2219 1933/1933/1933 2220/2220/2220
f 2385/2385/2385 2497/2497/2497 2503/2503/2503
f 221/221/221 3175/3175/3175 2484/2484/2484
f 2220/2220/2220 3143/3143/3143 3175/3175/3175
f 3175/3175/3175 2976/2976/2976 2975/2975/2975
f 2484/2484/2484 2975/2975/2975 2982/2982/2982
f 2954/2954/2954 3166/3166/3166 2955/2955/2955
f 2630/2630/2630 110/110/110 2982/2982/2982
f 1547/1547/1547 1952/1952/1952 1955/1955/1955
f 2091/2091/2091 2188/2188/2188 2187/2187/2187
f 3733/3733/3733 2178/2178/2178 2177/2177/2177
f 1918/1918/1918 1927/1927/1927 1926/1926/1926
f 3563/3563/3563 111/111/111 3511/3511/3511
f 955/955/955 960/960/960 954/954/954
f 2037/2037/2037 112/112/112 3563/3563/3563
f 3143/3143/3143 2981/2981/2981 2976/2976/2976
f 2218/2218/2218 2214/2214/2214 2215/2215/2215
f 672/672/672 3787/3787/3787 3541/3541/3541
f 2152/2152/2152 3014/3014/3014 2037/2037/2037
f 1147/1147/1147 1143/1143/1143 1145/1145/1145
f 2248/2248/2248 1409/1409/1409 2245/2245/2245
f 1615/1615/1615 1635/1635/1635 1616/1616/1616
f 1410/1410/1410 2246/2246/2246 2247/2247/2247
f 3241/3241/3241 3242/3242/3242 3240/3240/3240
f 3177/3177/3177 1383/1383/1383 1382/1382/1382
f 2238/2238/2238 3176/3176/3176 1382/1382/1382
f 3176/3176/3176 2230/2230/2230 3178/3178/3178
f 1410/1410/1410 3179/3179/3179 1407/1407/1407
f 3179/3179/3179 2243/2243/2243 1407/1407/1407
f 1633/1633/1633 2800/2800/2800 2249/2249/2249
f 1621/1621/1621 2758/2758/2758 2912/2912/2912
f 1622/1622/1622 2245/2245/2245 1634/1634/1634
f 2236/2236/2236 3181/3181/3181 3182/3182/3182
f 2237/2237/2237 3182/3182/3182 3183/3183/3183
f 2250/2250/2250 2233/2233/2233 2229/2229/2229
f 2912/2912/2912 1628/1628/1628 1621/1621/1621
f 135/135/135 1564/1564/1564 1563/1563/1563
f 1567/1567/1567 512/512/512 1565/1565/1565
f 1085/1085/1085 2653/2653/2653 2685/2685/2685
f 3184/3184/3184 868/868/868 3056/3056/3056
f 869/869/869 3057/3057/3057 934/934/934
f 1266/1266/1266 1098/1098/1098 1312/1312/1312
f 1267/1267/1267 722/722/722 721/721/721
f 937/937/937 2646/2646/2646 936/936/936
f 2146/2146/2146 722/722/722 2147/2147/2147
f 2211/2211/2211 921/921/921 2667/2667/2667
f 1957/1957/1957 507/507/507 449/449/449
f 1313/1313/1313 2264/2264/2264 3040/3040/3040
f 1496/1496/1496 1493/1493/1493 1492/1492/1492
f 2681/2681/2681 2705/2705/2705 2682/2682/2682
f 2887/2887/2887 2933/2933/2933 2932/2932/2932
f 1687/1687/1687 1659/1659/1659 1694/1694/1694
f 145/145/145 1498/1498/1498 81/81/81
f 1317/1317/1317 1319/1319/1319 2694/2694/2694
f 37/37/37 418/418/418 71/71/71
f 1935/1935/1935 3185/3185/3185 2977/2977/2977
f 104/104/104 301/301/301 103/103/103
f 2101/2101/2101 2083/2083/2083 2084/2084/2084
f 543/543/543 360/360/360 207/207/207
f 1934/1934/1934 3186/3186/3186 3185/3185/3185
f 234/234/234 212/212/212 237/237/237
f 3845/3845/3845 1822/1822/1822 1824/1824/1824
f 1976/1976/1976 1874/1874/1874 1974/1974/1974
f 223/223/223 2219/2219/2219 220/220/220
f 3655/3655/3655 3605/3605/3605 3612/3612/3612
f 468/468/468 773/773/773 2165/2165/2165
f 1935/1935/1935 1728/1728/1728 1932/1932/1932
f 3240/3240/3240 3226/3226/3226 3235/3235/3235
f 3261/3261/3261 3250/3250/3250 3260/3260/3260
f 3215/3215/3215 3244/3244/3244 3264/3264/3264
f 3265/3265/3265 3215/3215/3215 3264/3264/3264
f 3267/3267/3267 3198/3198/3198 3196/3196/3196
f 3205/3205/3205 3269/3269/3269 3255/3255/3255
f 3214/3214/3214 3265/3265/3265 3270/3270/3270
f 3271/3271/3271 3214/3214/3214 3192/3192/3192
f 3251/3251/3251 3239/3239/3239 3236/3236/3236
f 3222/3222/3222 3266/3266/3266 3272/3272/3272
f 3232/3232/3232 3234/3234/3234 3233/3233/3233
f 3216/3216/3216 3243/3243/3243 3244/3244/3244
f 3196/3196/3196 3268/3268/3268 3267/3267/3267
f 3244/3244/3244 3254/3254/3254 3255/3255/3255
f 3238/3238/3238 3247/3247/3247 3246/3246/3246
f 3264/3264/3264 3255/3255/3255 3269/3269/3269
f 3253/3253/3253 3216/3216/3216 3217/3217/3217
f 3211/3211/3211 3221/3221/3221 3265/3265/3265
f 3257/3257/3257 3218/3218/3218 3256/3256/3256
f 3258/3258/3258 3272/3272/3272 3259/3259/3259
f 3274/3274/3274 3280/3280/3280 3273/3273/3273
f 3228/3228/3228 3262/3262/3262 3263/3263/3263
f 3275/3275/3275 3281/3281/3281 3280/3280/3280
f 3226/3226/3226 3273/3273/3273 3280/3280/3280
f 3236/3236/3236 3260/3260/3260 3251/3251/3251
f 3281/3281/3281 3236/3236/3236 3237/3237/3237
f 3287/3287/3287 3192/3192/3192 3189/3189/3189
f 3235/3235/3235 3280/3280/3280 3234/3234/3234
f 3234/3234/3234 3281/3281/3281 3237/3237/3237
f 3288/3288/3288 3259/3259/3259 3272/3272/3272
f 3260/3260/3260 3276/3276/3276 3251/3251/3251
f 3289/3289/3289 3278/3278/3278 3284/3284/3284
f 3210/3210/3210 3224/3224/3224 3283/3283/3283
f 3199/3199/3199 3201/3201/3201 3200/3200/3200
f 3228/3228/3228 3230/3230/3230 3229/3229/3229
f 3290/3290/3290 3285/3285/3285 3286/3286/3286
f 3282/3282/3282 3271/3271/3271 3287/3287/3287
f 3260/3260/3260 3262/3262/3262 3261/3261/3261
f 3243/3243/3243 3268/3268/3268 3254/3254/3254
f 3267/3267/3267 3241/3241/3241 3232/3232/3232
f 3194/3194/3194 3208/3208/3208 3193/3193/3193
f 3191/3191/3191 3269/3269/3269 3206/3206/3206
f 3270/3270/3270 3192/3192/3192 3214/3214/3214
f 3275/3275/3275 3230/3230/3230 3231/3231/3231
f 3264/3264/3264 3270/3270/3270 3265/3265/3265
f 3252/3252/3252 3276/3276/3276 3291/3291/3291
f 3248/3248/3248 3291/3291/3291 3223/3223/3223
f 3213/3213/3213 3279/3279/3279 3277/3277/3277
f 3272/3272/3272 3289/3289/3289 3288/3288/3288
f 3277/3277/3277 3212/3212/3212 3213/3213/3213
f 3228/3228/3228 3281/3281/3281 3231/3231/3231
f 3220/3220/3220 3253/3253/3253 3219/3219/3219
f 3219/3219/3219 3217/3217/3217 3257/3257/3257
f 3256/3256/3256 3222/3222/3222 3258/3258/3258
f 3247/3247/3247 3252/3252/3252 3248/3248/3248
f 3245/3245/3245 3232/3232/3232 3233/3233/3233
f 3266/3266/3266 3212/3212/3212 3289/3289/3289
f 3208/3208/3208 3255/3255/3255 3254/3254/3254
f 3288/3288/3288 3284/3284/3284 3285/3285/3285
f 3204/3204/3204 3208/3208/3208 3207/3207/3207
f 560/560/560 3187/3187/3187 559/559/559
f 3209/3209/3209 3201/3201/3201 3202/3202/3202
f 3189/3189/3189 3191/3191/3191 3190/3190/3190
f 448/448/448 807/807/807 447/447/447
f 647/647/647 122/122/122 270/270/270
f 1833/1833/1833 1780/1780/1780 1832/1832/1832
f 510/510/510 508/508/508 507/507/507
f 3210/3210/3210 1887/1887/1887 3201/3201/3201
f 1887/1887/1887 3200/3200/3200 3201/3201/3201
f 15/15/15 3197/3197/3197 3200/3200/3200
f 16/16/16 3195/3195/3195 3197/3197/3197
f 3195/3195/3195 3187/3187/3187 3194/3194/3194
f 3194/3194/3194 1899/1899/1899 3207/3207/3207
f 3207/3207/3207 375/375/375 3204/3204/3204
f 387/387/387 126/126/126 127/127/127
f 3189/3189/3189 1760/1760/1760 3287/3287/3287
f 3577/3577/3577 757/757/757 758/758/758
f 763/763/763 2172/2172/2172 2175/2175/2175
f 3583/3583/3583 3580/3580/3580 3581/3581/3581
f 3581/3581/3581 3579/3579/3579 3578/3578/3578
f 3594/3594/3594 3596/3596/3596 3595/3595/3595
f 3400/3400/3400 3602/3602/3602 3401/3401/3401
f 3626/3626/3626 3625/3625/3625 3627/3627/3627
f 3631/3631/3631 3599/3599/3599 3601/3601/3601
f 3636/3636/3636 3595/3595/3595 3596/3596/3596
f 3647/3647/3647 3588/3588/3588 3645/3645/3645
f 3650/3650/3650 3584/3584/3584 3647/3647/3647
f 3653/3653/3653 3580/3580/3580 3651/3651/3651
f 3653/3653/3653 3654/3654/3654 3579/3579/3579
f 1801/1801/1801 3656/3656/3656 3655/3655/3655
f 3651/3651/3651 3582/3582/3582 3650/3650/3650
f 3644/3644/3644 3595/3595/3595 3637/3637/3637
f 1767/1767/1767 3659/3659/3659 3660/3660/3660
f 1597/1597/1597 3661/3661/3661 1600/1600/1600
f 1708/1708/1708 3665/3665/3665 3664/3664/3664
f 3671/3671/3671 3667/3667/3667 3666/3666/3666
f 3666/3666/3666 3673/3673/3673 3672/3672/3672
f 1588/1588/1588 3664/3664/3664 1587/1587/1587
f 2080/2080/2080 3666/3666/3666 2082/2082/2082
f 2082/2082/2082 3672/3672/3672 2084/2084/2084
f 3674/3674/3674 3635/3635/3635 3631/3631/3631
f 3677/3677/3677 3636/3636/3636 3635/3635/3635
f 3682/3682/3682 3645/3645/3645 3681/3681/3681
f 3692/3692/3692 3650/3650/3650 3686/3686/3686
f 3681/3681/3681 3644/3644/3644 3680/3680/3680
f 786/786/786 3692/3692/3692 785/785/785
f 3694/3694/3694 3651/3651/3651 3692/3692/3692
f 785/785/785 3686/3686/3686 497/497/497
f 497/497/497 3682/3682/3682 650/650/650
f 650/650/650 3681/3681/3681 564/564/564
f 3696/3696/3696 3681/3681/3681 3680/3680/3680
f 3405/3405/3405 3605/3605/3605 3402/3402/3402
f 3702/3702/3702 3678/3678/3678 3677/3677/3677
f 3699/3699/3699 3679/3679/3679 3678/3678/3678
f 3645/3645/3645 3638/3638/3638 3644/3644/3644
f 1799/1799/1799 3659/3659/3659 1768/1768/1768
f 3708/3708/3708 3458/3458/3458 3460/3460/3460
f 3462/3462/3462 3708/3708/3708 3460/3460/3460
f 3714/3714/3714 564/564/564 3696/3696/3696
f 3615/3615/3615 3602/3602/3602 3600/3600/3600
f 3710/3710/3710 3696/3696/3696 3698/3698/3698
f 3635/3635/3635 3596/3596/3596 3599/3599/3599
f 3629/3629/3629 3627/3627/3627 3630/3630/3630
f 3597/3597/3597 3599/3599/3599 3596/3596/3596
f 3630/3630/3630 3715/3715/3715 3629/3629/3629
f 3627/3627/3627 3597/3597/3597 3594/3594/3594
f 3717/3717/3717 3723/3723/3723 3718/3718/3718
f 3715/3715/3715 3660/3660/3660 3629/3629/3629
f 3716/3716/3716 3725/3725/3725 3715/3715/3715
f 3668/3668/3668 3661/3661/3661 3725/3725/3725
f 3668/3668/3668 3717/3717/3717 3667/3667/3667
f 3667/3667/3667 3718/3718/3718 3673/3673/3673
f 3727/3727/3727 3673/3673/3673 3718/3718/3718
f 3728/3728/3728 3672/3672/3672 3673/3673/3673
f 3726/3726/3726 3718/3718/3718 3723/3723/3723
f 1576/1576/1576 2084/2084/2084 3672/3672/3672
f 3727/3727/3727 3731/3731/3731 3729/3729/3729
f 3203/3203/3203 1387/1387/1387 3190/3190/3190
f 3190/3190/3190 1791/1791/1791 3189/3189/3189
f 3283/3283/3283 1949/1949/1949 3210/3210/3210
f 317/317/317 259/259/259 391/391/391
f 2000/2000/2000 3653/3653/3653 3694/3694/3694
f 3601/3601/3601 3600/3600/3600 3602/3602/3602
f 3589/3589/3589 3584/3584/3584 3585/3585/3585
f 3577/3577/3577 756/756/756 2170/2170/2170
f 3585/3585/3585 3582/3582/3582 3583/3583/3583
f 3678/3678/3678 3637/3637/3637 3636/3636/3636
f 3204/3204/3204 376/376/376 3203/3203/3203
f 1801/1801/1801 3657/3657/3657 1799/1799/1799
f 3729/3729/3729 3728/3728/3728 3727/3727/3727
f 1575/1575/1575 3738/3738/3738 1088/1088/1088
f 3735/3735/3735 1576/1576/1576 3728/3728/3728
f 1776/1776/1776 1796/1796/1796 1775/1775/1775
f 1293/1293/1293 1290/1290/1290 1284/1284/1284
f 1326/1326/1326 1327/1327/1327 12/12/12
f 1294/1294/1294 1234/1234/1234 1290/1290/1290
f 878/878/878 1330/1330/1330 1337/1337/1337
f 497/497/497 374/374/374 498/498/498
f 122/122/122 413/413/413 121/121/121
f 3699/3699/3699 3704/3704/3704 3708/3708/3708
f 3606/3606/3606 3401/3401/3401 3602/3602/3602
f 3708/3708/3708 3698/3698/3698 3699/3699/3699
f 3464/3464/3464 3710/3710/3710 3462/3462/3462
f 3704/3704/3704 3443/3443/3443 3458/3458/3458
f 439/439/439 399/399/399 438/438/438
f 1512/1512/1512 1526/1526/1526 1511/1511/1511
f 1668/1668/1668 1738/1738/1738 1671/1671/1671
f 839/839/839 1362/1362/1362 838/838/838
f 1362/1362/1362 826/826/826 1012/1012/1012
f 3843/3843/3843 1896/1896/1896 3815/3815/3815
f 2053/2053/2053 2118/2118/2118 2117/2117/2117
f 3888/3888/3888 2120/2120/2120 2119/2119/2119
f 696/696/696 3816/3816/3816 3831/3831/3831
f 1826/1826/1826 639/639/639 640/640/640
f 3740/3740/3740 3729/3729/3729 3731/3731/3731
f 956/956/956 886/886/886 960/960/960
f 1980/1980/1980 1922/1922/1922 807/807/807
f 33/33/33 105/105/105 164/164/164
f 1343/1343/1343 3856/3856/3856 3857/3857/3857
f 3907/3907/3907 2128/2128/2128 3902/3902/3902
f 1766/1766/1766 1582/1582/1582 1594/1594/1594
f 14/14/14 2163/2163/2163 738/738/738
f 595/595/595 99/99/99 594/594/594
f 3233/3233/3233 3246/3246/3246 3245/3245/3245
f 1346/1346/1346 1044/1044/1044 1352/1352/1352
f 748/748/748 1425/1425/1425 747/747/747
f 3193/3193/3193 3254/3254/3254 3268/3268/3268
f 3190/3190/3190 3206/3206/3206 3203/3203/3203
f 3612/3612/3612 3606/3606/3606 3615/3615/3615
f 3624/3624/3624 3615/3615/3615 3625/3625/3625
f 3631/3631/3631 3443/3443/3443 3674/3674/3674
f 3679/3679/3679 3644/3644/3644 3637/3637/3637
f 3686/3686/3686 3647/3647/3647 3682/3682/3682
f 3702/3702/3702 3674/3674/3674 3704/3704/3704
f 3625/3625/3625 3600/3600/3600 3597/3597/3597
f 3601/3601/3601 3415/3415/3415 3631/3631/3631
f 3739/3739/3739 3735/3735/3735 3729/3729/3729
f 3630/3630/3630 3594/3594/3594 3741/3741/3741
f 3741/3741/3741 3716/3716/3716 3630/3630/3630
f 1284/1284/1284 1288/1288/1288 1285/1285/1285
f 3698/3698/3698 3680/3680/3680 3679/3679/3679
f 1778/1778/1778 1780/1780/1780 1779/1779/1779
f 1792/1792/1792 1584/1584/1584 1789/1789/1789
f 695/695/695 571/571/571 694/694/694
f 3638/3638/3638 3594/3594/3594 3595/3595/3595
f 3741/3741/3741 3588/3588/3588 3589/3589/3589
f 3247/3247/3247 3209/3209/3209 3202/3202/3202
f 3292/3292/3292 3294/3294/3294 3295/3295/3295
f 3296/3296/3296 3298/3298/3298 3299/3299/3299
f 3299/3299/3299 3300/3300/3300 3301/3301/3301
f 3302/3302/3302 3304/3304/3304 3305/3305/3305
f 3306/3306/3306 3308/3308/3308 3309/3309/3309
f 3307/3307/3307 3311/3311/3311 3308/3308/3308
f 3303/3303/3303 3301/3301/3301 3300/3300/3300
f 3312/3312/3312 3304/3304/3304 3313/3313/3313
f 3314/3314/3314 3316/3316/3316 3317/3317/3317
f 3318/3318/3318 3320/3320/3320 3321/3321/3321
f 3324/3324/3324 3321/3321/3321 3325/3325/3325
f 3326/3326/3326 3328/3328/3328 3323/3323/3323
f 3329/3329/3329 3331/3331/3331 3332/3332/3332
f 3333/3333/3333 3335/3335/3335 3336/3336/3336
f 3337/3337/3337 3339/3339/3339 3340/3340/3340
f 3333/3333/3333 3341/3341/3341 3342/3342/3342
f 3342/3342/3342 3343/3343/3343 3344/3344/3344
f 3319/3319/3319 3344/3344/3344 3343/3343/3343
f 3338/3338/3338 3334/3334/3334 3339/3339/3339
f 3346/3346/3346 3302/3302/3302 3347/3347/3347
f 3305/3305/3305 3347/3347/3347 3302/3302/3302
f 3312/3312/3312 3223/3223/3223 3349/3349/3349
f 3350/3350/3350 3340/3340/3340 3351/3351/3351
f 3312/3312/3312 3348/3348/3348 3305/3305/3305
f 3352/3352/3352 3341/3341/3341 3326/3326/3326
f 3311/3311/3311 3354/3354/3354 3308/3308/3308
f 3341/3341/3341 3327/3327/3327 3326/3326/3326
f 3359/3359/3359 3361/3361/3361 3362/3362/3362
f 3360/3360/3360 3250/3250/3250 3249/3249/3249
f 3318/3318/3318 3345/3345/3345 3319/3319/3319
f 3364/3364/3364 3318/3318/3318 3324/3324/3324
f 3314/3314/3314 3324/3324/3324 3365/3365/3365
f 3366/3366/3366 3301/3301/3301 3346/3346/3346
f 3299/3299/3299 3367/3367/3367 3296/3296/3296
f 3308/3308/3308 3368/3368/3368 3309/3309/3309
f 3369/3369/3369 3295/3295/3295 3294/3294/3294
f 3317/3317/3317 3364/3364/3364 3314/3314/3314
f 3370/3370/3370 3317/3317/3317 3316/3316/3316
f 3325/3325/3325 3365/3365/3365 3324/3324/3324
f 3352/3352/3352 3319/3319/3319 3343/3343/3343
f 3296/3296/3296 3353/3353/3353 3311/3311/3311
f 3297/3297/3297 3311/3311/3311 3310/3310/3310
f 3363/3363/3363 3354/3354/3354 3345/3345/3345
f 3345/3345/3345 3353/3353/3353 3344/3344/3344
f 3344/3344/3344 3367/3367/3367 3342/3342/3342
f 3366/3366/3366 3342/3342/3342 3367/3367/3367
f 3347/3347/3347 3334/3334/3334 3346/3346/3346
f 3339/3339/3339 3348/3348/3348 3340/3340/3340
f 3348/3348/3348 3351/3351/3351 3340/3340/3340
f 3363/3363/3363 3369/3369/3369 3368/3368/3368
f 3294/3294/3294 3368/3368/3368 3369/3369/3369
f 3293/3293/3293 3309/3309/3309 3294/3294/3294
f 3331/3331/3331 3374/3374/3374 3332/3332/3332
f 3346/3346/3346 3333/3333/3333 3366/3366/3366
f 3323/3323/3323 3352/3352/3352 3326/3326/3326
f 3356/3356/3356 3321/3321/3321 3320/3320/3320
f 3355/3355/3355 3325/3325/3325 3321/3321/3321
f 3357/3357/3357 3371/3371/3371 3325/3325/3325
f 3322/3322/3322 3320/3320/3320 3352/3352/3352
f 3361/3361/3361 3329/3329/3329 3362/3362/3362
f 3373/3373/3373 3375/3375/3375 3374/3374/3374
f 3374/3374/3374 3376/3376/3376 3332/3332/3332
f 3329/3329/3329 3376/3376/3376 3362/3362/3362
f 3327/3327/3327 3372/3372/3372 3328/3328/3328
f 3336/3336/3336 3375/3375/3375 3327/3327/3327
f 3335/3335/3335 3376/3376/3376 3375/3375/3375
f 3376/3376/3376 3337/3337/3337 3362/3362/3362
f 3337/3337/3337 3359/3359/3359 3362/3362/3362
f 3359/3359/3359 3276/3276/3276 3250/3250/3250
f 3377/3377/3377 3295/3295/3295 3370/3370/3370
f 3277/3277/3277 3315/3315/3315 3278/3278/3278
f 3371/3371/3371 3379/3379/3379 3365/3365/3365
f 3378/3378/3378 3358/3358/3358 3380/3380/3380
f 3365/3365/3365 3315/3315/3315 3314/3314/3314
f 3316/3316/3316 3279/3279/3279 3370/3370/3370
f 3282/3282/3282 3370/3370/3370 3279/3279/3279
f 3313/3313/3313 3224/3224/3224 3312/3312/3312
f 3378/3378/3378 3284/3284/3284 3379/3379/3379
f 3380/3380/3380 3285/3285/3285 3378/3378/3378
f 3379/3379/3379 3278/3278/3278 3315/3315/3315
f 3276/3276/3276 3351/3351/3351 3291/3291/3291
f 3291/3291/3291 3349/3349/3349 3223/3223/3223
f 3313/3313/3313 2965/2965/2965 3013/3013/3013
f 2965/2965/2965 3303/3303/3303 222/222/222
f 222/222/222 3300/3300/3300 223/223/223
f 223/223/223 3298/3298/3298 3186/3186/3186
f 3298/3298/3298 3185/3185/3185 3186/3186/3186
f 3297/3297/3297 2977/2977/2977 3185/3185/3185
f 3310/3310/3310 1213/1213/1213 2977/2977/2977
f 3307/3307/3307 1214/1214/1214 1213/1213/1213
f 2532/2532/2532 3306/3306/3306 3293/3293/3293
f 2894/2894/2894 3293/3293/3293 3292/3292/3292
f 2871/2871/2871 3292/3292/3292 3377/3377/3377
f 3253/3253/3253 3240/3240/3240 3242/3242/3242
f 3283/3283/3283 3013/3013/3013 2152/2152/2152
f 1997/1997/1997 1889/1889/1889 1892/1892/1892
f 1237/1237/1237 744/744/744 855/855/855
f 1535/1535/1535 120/120/120 121/121/121
f 1531/1531/1531 201/201/201 214/214/214
f 1119/1119/1119 1032/1032/1032 984/984/984
f 946/946/946 824/824/824 947/947/947
f 163/163/163 5/5/5 162/162/162
f 3589/3589/3589 3723/3723/3723 3741/3741/3741
f 1155/1155/1155 1162/1162/1162 1164/1164/1164
f 427/427/427 327/327/327 424/424/424
f 553/553/553 796/796/796 498/498/498
f 3381/3381/3381 2231/2231/2231 2237/2237/2237
f 3381/3381/3381 2230/2230/2230 2232/2232/2232
f 2237/2237/2237 3180/3180/3180 3381/3381/3381
f 3383/3383/3383 3385/3385/3385 3382/3382/3382
f 3384/3384/3384 3387/3387/3387 3385/3385/3385
f 3386/3386/3386 3389/3389/3389 3387/3387/3387
f 3388/3388/3388 3391/3391/3391 3389/3389/3389
f 3392/3392/3392 3394/3394/3394 3395/3395/3395
f 3395/3395/3395 3396/3396/3396 3397/3397/3397
f 3398/3398/3398 3397/3397/3397 3396/3396/3396
f 3400/3400/3400 3399/3399/3399 3398/3398/3398
f 3403/3403/3403 3405/3405/3405 3402/3402/3402
f 3406/3406/3406 3404/3404/3404 3403/3403/3403
f 3408/3408/3408 3407/3407/3407 3406/3406/3406
f 3410/3410/3410 3409/3409/3409 3408/3408/3408
f 3412/3412/3412 3411/3411/3411 3410/3410/3410
f 3415/3415/3415 3398/3398/3398 3414/3414/3414
f 3414/3414/3414 3396/3396/3396 3416/3416/3416
f 3416/3416/3416 3394/3394/3394 3417/3417/3417
f 3417/3417/3417 3393/3393/3393 3418/3418/3418
f 3393/3393/3393 3420/3420/3420 3418/3418/3418
f 3419/3419/3419 3421/3421/3421 3420/3420/3420
f 3390/3390/3390 3422/3422/3422 3421/3421/3421
f 3388/3388/3388 3423/3423/3423 3422/3422/3422
f 3386/3386/3386 3424/3424/3424 3423/3423/3423
f 3384/3384/3384 3425/3425/3425 3424/3424/3424
f 3425/3425/3425 3426/3426/3426 3184/3184/3184
f 2904/2904/2904 3428/3428/3428 2947/2947/2947
f 3429/3429/3429 2904/2904/2904 2902/2902/2902
f 3430/3430/3430 2902/2902/2902 2876/2876/2876
f 2875/2875/2875 3430/3430/3430 2876/2876/2876
f 3432/3432/3432 2733/2733/2733 2736/2736/2736
f 2825/2825/2825 3435/3435/3435 2824/2824/2824
f 3437/3437/3437 3439/3439/3439 3436/3436/3436
f 3441/3441/3441 3436/3436/3436 3440/3440/3440
f 2724/2724/2724 3434/3434/3434 2825/2825/2825
f 3436/3436/3436 3115/3115/3115 3117/3117/3117
f 3440/3440/3440 3117/3117/3117 3119/3119/3119
f 3443/3443/3443 3414/3414/3414 3442/3442/3442
f 3442/3442/3442 3416/3416/3416 3444/3444/3444
f 3444/3444/3444 3417/3417/3417 3445/3445/3445
f 3445/3445/3445 3418/3418/3418 3446/3446/3446
f 3446/3446/3446 3420/3420/3420 3447/3447/3447
f 3420/3420/3420 3448/3448/3448 3447/3447/3447
f 3421/3421/3421 3449/3449/3449 3448/3448/3448
f 3422/3422/3422 3450/3450/3450 3449/3449/3449
f 3423/3423/3423 3451/3451/3451 3450/3450/3450
f 3424/3424/3424 3452/3452/3452 3451/3451/3451
f 3425/3425/3425 3056/3056/3056 3452/3452/3452
f 3451/3451/3451 2253/2253/2253 2252/2252/2252
f 3450/3450/3450 2252/2252/2252 1727/1727/1727
f 3449/3449/3449 1727/1727/1727 2150/2150/2150
f 3448/3448/3448 2150/2150/2150 1941/1941/1941
f 3453/3453/3453 3448/3448/3448 1941/1941/1941
f 3454/3454/3454 3447/3447/3447 3453/3453/3453
f 3455/3455/3455 3446/3446/3446 3454/3454/3454
f 3456/3456/3456 3445/3445/3445 3455/3455/3455
f 3442/3442/3442 3456/3456/3456 3457/3457/3457
f 3443/3443/3443 3457/3457/3457 3458/3458/3458
f 3459/3459/3459 3458/3458/3458 3457/3457/3457
f 3457/3457/3457 3455/3455/3455 3459/3459/3459
f 3459/3459/3459 3454/3454/3454 3461/3461/3461
f 3462/3462/3462 3459/3459/3459 3461/3461/3461
f 3461/3461/3461 3453/3453/3453 3463/3463/3463
f 3464/3464/3464 3461/3461/3461 3463/3463/3463
f 3463/3463/3463 1941/1941/1941 1360/1360/1360
f 3404/3404/3404 3401/3401/3401 3405/3405/3405
f 3407/3407/3407 3399/3399/3399 3404/3404/3404
f 3409/3409/3409 3397/3397/3397 3407/3407/3407
f 3411/3411/3411 3395/3395/3395 3409/3409/3409
f 3465/3465/3465 3413/3413/3413 3412/3412/3412
f 3467/3467/3467 3469/3469/3469 3466/3466/3466
f 3465/3465/3465 3431/3431/3431 3433/3433/3433
f 3470/3470/3470 3466/3466/3466 3465/3465/3465
f 3438/3438/3438 3432/3432/3432 3435/3435/3435
f 3467/3467/3467 3438/3438/3438 3437/3437/3437
f 3468/3468/3468 3437/3437/3437 3441/3441/3441
f 3471/3471/3471 3468/3468/3468 3472/3472/3472
f 3472/3472/3472 3441/3441/3441 3473/3473/3473
f 3473/3473/3473 3440/3440/3440 2712/2712/2712
f 2712/2712/2712 3119/3119/3119 3128/3128/3128
f 3475/3475/3475 3472/3472/3472 3474/3474/3474
f 3474/3474/3474 3473/3473/3473 3476/3476/3476
f 3476/3476/3476 2712/2712/2712 2711/2711/2711
f 3477/3477/3477 2711/2711/2711 2400/2400/2400
f 3478/3478/3478 3476/3476/3476 3477/3477/3477
f 3479/3479/3479 3474/3474/3474 3478/3478/3478
f 3392/3392/3392 3413/3413/3413 3480/3480/3480
f 3466/3466/3466 3480/3480/3480 3413/3413/3413
f 3419/3419/3419 3392/3392/3392 3480/3480/3480
f 3390/3390/3390 3480/3480/3480 3391/3391/3391
f 3469/3469/3469 3391/3391/3391 3480/3480/3480
f 3389/3389/3389 3471/3471/3471 3475/3475/3475
f 3387/3387/3387 3475/3475/3475 3479/3479/3479
f 3385/3385/3385 3479/3479/3479 3481/3481/3481
f 3482/3482/3482 2400/2400/2400 2402/2402/2402
f 3483/3483/3483 3477/3477/3477 3482/3482/3482
f 3481/3481/3481 3478/3478/3478 3483/3483/3483
f 3484/3484/3484 2402/2402/2402 2707/2707/2707
f 3058/3058/3058 2707/2707/2707 2708/2708/2708
f 3061/3061/3061 3484/3484/3484 3058/3058/3058
f 3485/3485/3485 3482/3482/3482 3484/3484/3484
f 3382/3382/3382 3481/3481/3481 3486/3486/3486
f 3486/3486/3486 3483/3483/3483 3485/3485/3485
f 3426/3426/3426 3382/3382/3382 3487/3487/3487
f 3487/3487/3487 3486/3486/3486 1962/1962/1962
f 3486/3486/3486 3061/3061/3061 1962/1962/1962
f 1961/1961/1961 3487/3487/3487 1962/1962/1962
f 3057/3057/3057 3426/3426/3426 3487/3487/3487
f 3428/3428/3428 3402/3402/3402 3488/3488/3488
f 3427/3427/3427 3403/3403/3403 3428/3428/3428
f 3429/3429/3429 3406/3406/3406 3427/3427/3427
f 3430/3430/3430 3408/3408/3408 3429/3429/3429
f 3431/3431/3431 3410/3410/3410 3430/3430/3430
f 3470/3470/3470 3433/3433/3433 3432/3432/3432
f 3434/3434/3434 3438/3438/3438 3435/3435/3435
f 2723/2723/2723 3439/3439/3439 3434/3434/3434
f 2875/2875/2875 3433/3433/3433 3431/3431/3431
f 2736/2736/2736 3435/3435/3435 3432/3432/3432
f 2947/2947/2947 3488/3488/3488 3500/3500/3500
f 3464/3464/3464 1360/1360/1360 3497/3497/3497
f 1900/1900/1900 1924/1924/1924 1901/1901/1901
f 1736/1736/1736 1718/1718/1718 1750/1750/1750
f 1955/1955/1955 1943/1943/1943 1956/1956/1956
f 1671/1671/1671 1735/1735/1735 1751/1751/1751
f 1696/1696/1696 1698/1698/1698 1692/1692/1692
f 1800/1800/1800 1864/1864/1864 1801/1801/1801
f 2063/2063/2063 2056/2056/2056 2060/2060/2060
f 1737/1737/1737 1717/1717/1717 1736/1736/1736
f 1751/1751/1751 1697/1697/1697 1695/1695/1695
f 943/943/943 3899/3899/3899 684/684/684
f 3656/3656/3656 3402/3402/3402 3605/3605/3605
f 1577/1577/1577 1764/1764/1764 1703/1703/1703
f 3917/3917/3917 1599/1599/1599 3923/3923/3923
f 1945/1945/1945 82/82/82 1944/1944/1944
f 68/68/68 7/7/7 248/248/248
f 147/147/147 1543/1543/1543 148/148/148
f 1109/1109/1109 1133/1133/1133 1102/1102/1102
f 1503/1503/1503 1907/1907/1907 1908/1908/1908
f 1499/1499/1499 1909/1909/1909 1498/1498/1498
f 452/452/452 735/735/735 215/215/215
f 1824/1824/1824 3835/3835/3835 3845/3845/3845
f 1825/1825/1825 2068/2068/2068 1824/1824/1824
f 1463/1463/1463 1022/1022/1022 1194/1194/1194
f 841/841/841 1009/1009/1009 1011/1011/1011
f 1568/1568/1568 1955/1955/1955 1534/1534/1534
f 1926/1926/1926 1927/1927/1927 1923/1923/1923
f 1910/1910/1910 1502/1502/1502 1939/1939/1939
f 1939/1939/1939 422/422/422 442/442/442
f 309/309/309 1940/1940/1940 308/308/308
f 1804/1804/1804 1866/1866/1866 1803/1803/1803
f 269/269/269 1954/1954/1954 56/56/56
f 2065/2065/2065 2060/2060/2060 2056/2056/2056
f 3812/3812/3812 1758/1758/1758 3835/3835/3835
f 280/280/280 552/552/552 1940/1940/1940
f 1875/1875/1875 1869/1869/1869 1874/1874/1874
f 1739/1739/1739 1734/1734/1734 1737/1737/1737
f 1778/1778/1778 1790/1790/1790 1788/1788/1788
f 310/310/310 1915/1915/1915 279/279/279
f 1909/1909/1909 1906/1906/1906 1954/1954/1954
f 1789/1789/1789 1778/1778/1778 1788/1788/1788
f 978/978/978 980/980/980 979/979/979
f 1584/1584/1584 1731/1731/1731 1583/1583/1583
f 425/425/425 311/311/311 312/312/312
f 148/148/148 115/115/115 116/116/116
f 2044/2044/2044 3894/3894/3894 2046/2046/2046
f 277/277/277 1939/1939/1939 551/551/551
f 1943/1943/1943 1945/1945/1945 1944/1944/1944
f 1461/1461/1461 1463/1463/1463 1464/1464/1464
f 2253/2253/2253 3056/3056/3056 3055/3055/3055
f 2981/2981/2981 3489/3489/3489 958/958/958
f 2209/2209/2209 3489/3489/3489 3055/3055/3055
f 2254/2254/2254 3055/3055/3055 3489/3489/3489
f 2998/2998/2998 958/958/958 3489/3489/3489
f 2826/2826/2826 2721/2721/2721 2724/2724/2724
f 3490/3490/3490 2721/2721/2721 2817/2817/2817
f 2816/2816/2816 3490/3490/3490 2817/2817/2817
f 2334/2334/2334 2296/2296/2296 2335/2335/2335
f 2298/2298/2298 2334/2334/2334 2336/2336/2336
f 2301/2301/2301 2336/2336/2336 2338/2338/2338
f 2311/2311/2311 2338/2338/2338 2354/2354/2354
f 2312/2312/2312 2354/2354/2354 2355/2355/2355
f 2359/2359/2359 2361/2361/2361 2360/2360/2360
f 2335/2335/2335 2359/2359/2359 2360/2360/2360
f 2414/2414/2414 2365/2365/2365 2364/2364/2364
f 2413/2413/2413 2361/2361/2361 2365/2365/2365
f 2355/2355/2355 2540/2540/2540 2541/2541/2541
f 2541/2541/2541 2539/2539/2539 2542/2542/2542
f 2722/2722/2722 2739/2739/2739 2738/2738/2738
f 3114/3114/3114 2738/2738/2738 3113/3113/3113
f 3110/3110/3110 3121/3121/3121 3120/3120/3120
f 3108/3108/3108 3120/3120/3120 3113/3113/3113
f 3122/3122/3122 3127/3127/3127 3126/3126/3126
f 3112/3112/3112 3126/3126/3126 3121/3121/3121
f 3127/3127/3127 1753/1753/1753 3135/3135/3135
f 3139/3139/3139 2529/2529/2529 2542/2542/2542
f 3744/3744/3744 3133/3133/3133 3139/3139/3139
f 3490/3490/3490 2740/2740/2740 2739/2739/2739
f 3491/3491/3491 2789/2789/2789 3490/3490/3490
f 228/228/228 91/91/91 88/88/88
f 245/245/245 243/243/243 242/242/242
f 248/248/248 247/247/247 191/191/191
f 2/2/2 296/296/296 295/295/295
f 145/145/145 300/300/300 267/267/267
f 327/327/327 210/210/210 328/328/328
f 329/329/329 331/331/331 330/330/330
f 250/250/250 228/228/228 236/236/236
f 239/239/239 240/240/240 230/230/230
f 373/373/373 375/375/375 374/374/374
f 178/178/178 176/176/176 175/175/175
f 1218/1218/1218 1228/1228/1228 1321/1321/1321
f 3862/3862/3862 1295/1295/1295 3854/3854/3854
f 808/808/808 824/824/824 823/823/823
f 3858/3858/3858 1013/1013/1013 1014/1014/1014
f 3813/3813/3813 1411/1411/1411 1413/1413/1413
f 2154/2154/2154 2159/2159/2159 2160/2160/2160
f 3845/3845/3845 1758/1758/1758 1757/1757/1757
f 306/306/306 1922/1922/1922 452/452/452
f 2157/2157/2157 1976/1976/1976 1977/1977/1977
f 708/708/708 2031/2031/2031 1474/1474/1474
f 1450/1450/1450 1227/1227/1227 1428/1428/1428
f 1672/1672/1672 1605/1605/1605 1624/1624/1624
f 1813/1813/1813 1821/1821/1821 1816/1816/1816
f 1717/1717/1717 1715/1715/1715 1718/1718/1718
f 176/176/176 402/402/402 347/347/347
f 1710/1710/1710 3916/3916/3916 3915/3915/3915
f 1712/1712/1712 1577/1577/1577 1711/1711/1711
f 1705/1705/1705 1711/1711/1711 1704/1704/1704
f 971/971/971 979/979/979 970/970/970
f 822/822/822 1094/1094/1094 1102/1102/1102
f 2909/2909/2909 2793/2793/2793 2792/2792/2792
f 2810/2810/2810 2795/2795/2795 2793/2793/2793
f 2799/2799/2799 2249/2249/2249 2800/2800/2800
f 3662/3662/3662 2910/2910/2910 2799/2799/2799
f 2769/2769/2769 2801/2801/2801 2795/2795/2795
f 3177/3177/3177 3178/3178/3178 3179/3179/3179
f 3178/3178/3178 3180/3180/3180 3179/3179/3179
f 3181/3181/3181 1393/1393/1393 2800/2800/2800
f 3181/3181/3181 1632/1632/1632 3182/3182/3182
f 3182/3182/3182 2244/2244/2244 3183/3183/3183
f 3183/3183/3183 2243/2243/2243 3180/3180/3180
f 3492/3492/3492 2790/2790/2790 3491/3491/3491
f 2808/2808/2808 3491/3491/3491 2816/2816/2816
f 2239/2239/2239 3572/3572/3572 2240/2240/2240
f 1149/1149/1149 3571/3571/3571 3570/3570/3570
f 1150/1150/1150 3567/3567/3567 3571/3571/3571
f 2202/2202/2202 3566/3566/3566 2015/2015/2015
f 2921/2921/2921 3565/3565/3565 2923/2923/2923
f 3568/3568/3568 2133/2133/2133 2928/2928/2928
f 1777/1777/1777 1759/1759/1759 1792/1792/1792
f 1201/1201/1201 1183/1183/1183 1184/1184/1184
f 3561/3561/3561 2195/2195/2195 2194/2194/2194
f 3553/3553/3553 2770/2770/2770 2768/2768/2768
f 3927/3927/3927 1687/1687/1687 1692/1692/1692
f 1516/1516/1516 154/154/154 503/503/503
f 3549/3549/3549 2974/2974/2974 2803/2803/2803
f 3550/3550/3550 2779/2779/2779 2778/2778/2778
f 2771/2771/2771 3575/3575/3575 3546/3546/3546
f 3070/3070/3070 3546/3546/3546 3558/3558/3558
f 3547/3547/3547 2775/2775/2775 2867/2867/2867
f 1376/1376/1376 1370/1370/1370 1372/1372/1372
f 2767/2767/2767 3556/3556/3556 2206/2206/2206
f 2195/2195/2195 3543/3543/3543 2767/2767/2767
f 2775/2775/2775 3542/3542/3542 2776/2776/2776
f 3377/3377/3377 3545/3545/3545 2871/2871/2871
f 3804/3804/3804 3539/3539/3539 2806/2806/2806
f 2776/2776/2776 3538/3538/3538 2805/2805/2805
f 2240/2240/2240 3535/3535/3535 2920/2920/2920
f 2920/2920/2920 3669/3669/3669 3619/3619/3619
f 3548/3548/3548 2786/2786/2786 2779/2779/2779
f 1805/1805/1805 1851/1851/1851 1804/1804/1804
f 3534/3534/3534 2787/2787/2787 2786/2786/2786
f 2951/2951/2951 3540/3540/3540 3531/3531/3531
f 2772/2772/2772 3531/3531/3531 3575/3575/3575
f 2973/2973/2973 3530/3530/3530 3536/3536/3536
f 2224/2224/2224 3537/3537/3537 3530/3530/3530
f 1957/1957/1957 320/320/320 510/510/510
f 306/306/306 304/304/304 303/303/303
f 2770/2770/2770 3528/3528/3528 2913/2913/2913
f 2913/2913/2913 3574/3574/3574 2239/2239/2239
f 2923/2923/2923 3527/3527/3527 2922/2922/2922
f 308/308/308 431/431/431 47/47/47
f 207/207/207 132/132/132 543/543/543
f 1879/1879/1879 1881/1881/1881 1880/1880/1880
f 3733/3733/3733 3525/3525/3525 2089/2089/2089
f 2475/2475/2475 3558/3558/3558 3524/3524/3524
f 2476/2476/2476 3524/3524/3524 3523/3523/3523
f 2223/2223/2223 3523/3523/3523 3537/3537/3537
f 3522/3522/3522 2803/2803/2803 2802/2802/2802
f 2037/2037/2037 11/11/11 1950/1950/1950
f 1959/1959/1959 450/450/450 505/505/505
f 2003/2003/2003 3520/3520/3520 2129/2129/2129
f 9/9/9 334/334/334 540/540/540
f 2009/2009/2009 3518/3518/3518 3567/3567/3567
f 2008/2008/2008 3536/3536/3536 3518/3518/3518
f 3877/3877/3877 673/673/673 3879/3879/3879
f 3515/3515/3515 2778/2778/2778 2784/2784/2784
f 2935/2935/2935 3513/3513/3513 2936/2936/2936
f 111/111/111 3570/3570/3570 3511/3511/3511
f 3510/3510/3510 2935/2935/2935 2938/2938/2938
f 683/683/683 3885/3885/3885 943/943/943
f 3508/3508/3508 2810/2810/2810 2909/2909/2909
f 736/736/736 732/732/732 729/729/729
f 1795/1795/1795 1803/1803/1803 1796/1796/1796
f 3505/3505/3505 2938/2938/2938 2939/2939/2939
f 3507/3507/3507 2939/2939/2939 2940/2940/2940
f 2950/2950/2950 3504/3504/3504 2949/2949/2949
f 2940/2940/2940 3504/3504/3504 3507/3507/3507
f 3801/3801/3801 3512/3512/3512 2950/2950/2950
f 2868/2868/2868 3502/3502/3502 2869/2869/2869
f 2869/2869/2869 3522/3522/3522 2802/2802/2802
f 1024/1024/1024 1023/1023/1023 1020/1020/1020
f 3500/3500/3500 2948/2948/2948 2947/2947/2947
f 551/551/551 442/442/442 443/443/443
f 2972/2972/2972 3568/3568/3568 2928/2928/2928
f 2032/2032/2032 3499/3499/3499 2972/2972/2972
f 216/216/216 1924/1924/1924 1923/1923/1923
f 203/203/203 201/201/201 200/200/200
f 1828/1828/1828 1847/1847/1847 1837/1837/1837
f 1958/1958/1958 449/449/449 450/450/450
f 272/272/272 178/178/178 175/175/175
f 2871/2871/2871 3495/3495/3495 1361/1361/1361
f 3619/3619/3619 3564/3564/3564 2921/2921/2921
f 2801/2801/2801 3643/3643/3643 3662/3662/3662
f 2005/2005/2005 3654/3654/3654 2176/2176/2176
f 960/960/960 899/899/899 962/962/962
f 3657/3657/3657 3612/3612/3612 3624/3624/3624
f 3780/3780/3780 3646/3646/3646 3151/3151/3151
f 3151/3151/3151 3593/3593/3593 2555/2555/2555
f 2193/2193/2193 3623/3623/3623 2194/2194/2194
f 3607/3607/3607 3145/3145/3145 3144/3144/3144
f 3603/3603/3603 2761/2761/2761 3145/3145/3145
f 3592/3592/3592 3144/3144/3144 3104/3104/3104
f 2926/2926/2926 3634/3634/3634 3103/3103/3103
f 3634/3634/3634 3104/3104/3104 3103/3103/3103
f 3755/3755/3755 3746/3746/3746 3753/3753/3753
f 566/566/566 3758/3758/3758 2005/2005/2005
f 3488/3488/3488 1864/1864/1864 3500/3500/3500
f 1602/1602/1602 2079/2079/2079 2078/2078/2078
f 2868/2868/2868 3611/3611/3611 2922/2922/2922
f 2922/2922/2922 3610/3610/3610 2923/2923/2923
f 2923/2923/2923 3618/3618/3618 2921/2921/2921
f 3670/3670/3670 2918/2918/2918 3614/3614/3614
f 3619/3619/3619 3614/3614/3614 2920/2920/2920
f 2921/2921/2921 3670/3670/3670 3619/3619/3619
f 2920/2920/2920 3586/3586/3586 2240/2240/2240
f 3613/3613/3613 2915/2915/2915 2918/2918/2918
f 2917/2917/2917 3622/3622/3622 3641/3641/3641
f 2916/2916/2916 3641/3641/3641 3642/3642/3642
f 2239/2239/2239 3652/3652/3652 2913/2913/2913
f 2911/2911/2911 3652/3652/3652 2757/2757/2757
f 3643/3643/3643 2911/2911/2911 2910/2910/2910
f 2797/2797/2797 3662/3662/3662 3591/3591/3591
f 2797/2797/2797 3598/3598/3598 2750/2750/2750
f 3622/3622/3622 2763/2763/2763 2765/2765/2765
f 3608/3608/3608 2764/2764/2764 2745/2745/2745
f 2194/2194/2194 3648/3648/3648 2221/2221/2221
f 2221/2221/2221 3649/3649/3649 2222/2222/2222
f 2756/2756/2756 3609/3609/3609 2755/2755/2755
f 2750/2750/2750 3609/3609/3609 2747/2747/2747
f 3669/3669/3669 1817/1817/1817 3827/3827/3827
f 3763/3763/3763 1691/1691/1691 1699/1699/1699
f 2515/2515/2515 3590/3590/3590 2548/2548/2548
f 2548/2548/2548 3593/3593/3593 2550/2550/2550
f 2513/2513/2513 3632/3632/3632 3616/3616/3616
f 2513/2513/2513 3621/3621/3621 2515/2515/2515
f 2509/2509/2509 3620/3620/3620 2289/2289/2289
f 2510/2510/2510 3633/3633/3633 2509/2509/2509
f 2289/2289/2289 3639/3639/3639 2283/2283/2283
f 2283/2283/2283 3617/3617/3617 2286/2286/2286
f 2240/2240/2240 3587/3587/3587 2239/2239/2239
f 3659/3659/3659 3624/3624/3624 3626/3626/3626
f 716/716/716 3887/3887/3887 3888/3888/3888
f 727/727/727 3761/3761/3761 1923/1923/1923
f 2165/2165/2165 2170/2170/2170 2164/2164/2164
f 3660/3660/3660 3626/3626/3626 3629/3629/3629
f 3743/3743/3743 3578/3578/3578 3757/3757/3757
f 2175/2175/2175 769/769/769 770/770/770
f 2100/2100/2100 2095/2095/2095 2099/2099/2099
f 3758/3758/3758 3757/3757/3757 3578/3578/3578
f 640/640/640 3568/3568/3568 1826/1826/1826
f 1653/1653/1653 3553/3553/3553 1651/1651/1651
f 1895/1895/1895 3530/3530/3530 746/746/746
f 746/746/746 3537/3537/3537 741/741/741
f 1653/1653/1653 3528/3528/3528 3576/3576/3576
f 3762/3762/3762 1604/1604/1604 1672/1672/1672
f 2093/2093/2093 2073/2073/2073 2078/2078/2078
f 959/959/959 995/995/995 884/884/884
f 962/962/962 919/919/919 986/986/986
f 1400/1400/1400 1398/1398/1398 1399/1399/1399
f 1000/1000/1000 1127/1127/1127 1004/1004/1004
f 956/956/956 884/884/884 885/885/885
f 1662/1662/1662 3550/3550/3550 1661/1661/1661
f 2034/2034/2034 3546/3546/3546 1654/1654/1654
f 3926/3926/3926 3539/3539/3539 3802/3802/3802
f 3535/3535/3535 766/766/766 1817/1817/1817
f 3572/3572/3572 765/765/765 766/766/766
f 334/334/334 3571/3571/3571 335/335/335
f 1868/1868/1868 3540/3540/3540 1656/1656/1656
f 1684/1684/1684 1652/1652/1652 1678/1678/1678
f 1682/1682/1682 775/775/775 1807/1807/1807
f 1585/1585/1585 3762/3762/3762 1700/1700/1700
f 3763/3763/3763 1672/1672/1672 1673/1673/1673
f 2173/2173/2173 490/490/490 491/491/491
f 1658/1658/1658 3547/3547/3547 1752/1752/1752
f 3556/3556/3556 1650/1650/1650 724/724/724
f 1571/1571/1571 2010/2010/2010 1572/1572/1572
f 1587/1587/1587 3671/3671/3671 2080/2080/2080
f 2099/2099/2099 2077/2077/2077 2094/2094/2094
f 787/787/787 1999/1999/1999 786/786/786
f 2000/2000/2000 786/786/786 1999/1999/1999
f 3155/3155/3155 3697/3697/3697 3683/3683/3683
f 3713/3713/3713 3683/3683/3683 3789/3789/3789
f 2180/2180/2180 3685/3685/3685 3684/3684/3684
f 3496/3496/3496 3684/3684/3684 3705/3705/3705
f 1684/1684/1684 3840/3840/3840 1651/1651/1651
f 1760/1760/1760 3495/3495/3495 3545/3545/3545
f 2607/2607/2607 3693/3693/3693 2590/2590/2590
f 2581/2581/2581 3689/3689/3689 2607/2607/2607
f 2371/2371/2371 3700/3700/3700 3695/3695/3695
f 2371/2371/2371 3693/3693/3693 2372/2372/2372
f 2587/2587/2587 3675/3675/3675 2586/2586/2586
f 2586/2586/2586 3697/3697/3697 339/339/339
f 2497/2497/2497 3687/3687/3687 2503/2503/2503
f 2502/2502/2502 3687/3687/3687 3700/3700/3700
f 2494/2494/2494 3690/3690/3690 2495/2495/2495
f 3690/3690/3690 2472/2472/2472 2495/2495/2495
f 3688/3688/3688 2468/2468/2468 2472/2472/2472
f 3701/3701/3701 2469/2469/2469 2468/2468/2468
f 726/726/726 3892/3892/3892 630/630/630
f 581/581/581 3518/3518/3518 580/580/580
f 10/10/10 3570/3570/3570 334/334/334
f 1837/1837/1837 3510/3510/3510 1849/1849/1849
f 741/741/741 3523/3523/3523 1300/1300/1300
f 1299/1299/1299 3558/3558/3558 2034/2034/2034
f 1851/1851/1851 3504/3504/3504 1866/1866/1866
f 3527/3527/3527 1820/1820/1820 1819/1819/1819
f 580/580/580 3536/3536/3536 1895/1895/1895
f 1758/1758/1758 3522/3522/3522 3502/3502/3502
f 1693/1693/1693 3508/3508/3508 1806/1806/1806
f 3504/3504/3504 1867/1867/1867 1866/1866/1866
f 1894/1894/1894 3568/3568/3568 3499/3499/3499
f 2126/2126/2126 3813/3813/3813 3841/3841/3841
f 3906/3906/3906 3841/3841/3841 3912/3912/3912
f 2113/2113/2113 3867/3867/3867 2110/2110/2110
f 2179/2179/2179 3789/3789/3789 3685/3685/3685
f 624/624/624 3904/3904/3904 623/623/623
f 2192/2192/2192 3788/3788/3788 3780/3780/3780
f 2177/2177/2177 3787/3787/3787 3733/3733/3733
f 1364/1364/1364 3833/3833/3833 1338/1338/1338
f 3858/3858/3858 1470/1470/1470 1453/1453/1453
f 3135/3135/3135 3775/3775/3775 3744/3744/3744
f 2069/2069/2069 3835/3835/3835 2068/2068/2068
f 1351/1351/1351 3853/3853/3853 1352/1352/1352
f 2108/2108/2108 3901/3901/3901 499/499/499
f 2089/2089/2089 3736/3736/3736 3733/3733/3733
f 3828/3828/3828 1358/1358/1358 866/866/866
f 2001/2001/2001 3783/3783/3783 2187/2187/2187
f 2187/2187/2187 3719/3719/3719 2091/2091/2091
f 2130/2130/2130 3752/3752/3752 2004/2004/2004
f 2004/2004/2004 3749/3749/3749 2001/2001/2001
f 2014/2014/2014 3779/3779/3779 2201/2201/2201
f 2201/2201/2201 3756/3756/3756 2130/2130/2130
f 3167/3167/3167 3759/3759/3759 2969/2969/2969
f 3168/3168/3168 3720/3720/3720 3167/3167/3167
f 3159/3159/3159 3764/3764/3764 3160/3160/3160
f 3160/3160/3160 3765/3765/3765 3081/3081/3081
f 3730/3730/3730 3158/3158/3158 337/337/337
f 3158/3158/3158 3709/3709/3709 3159/3159/3159
f 2200/2200/2200 3730/3730/3730 3722/3722/3722
f 3685/3685/3685 3742/3742/3742 2204/2204/2204
f 3722/3722/3722 2197/2197/2197 2200/2200/2200
f 3790/3790/3790 2092/2092/2092 3721/3721/3721
f 3774/3774/3774 3721/3721/3721 2197/2197/2197
f 3154/3154/3154 3790/3790/3790 3774/3774/3774
f 3155/3155/3155 3706/3706/3706 3154/3154/3154
f 2091/2091/2091 3721/3721/3721 2092/2092/2092
f 2196/2196/2196 3750/3750/3750 3776/3776/3776
f 2193/2193/2193 3776/3776/3776 3781/3781/3781
f 3604/3604/3604 3781/3781/3781 3788/3788/3788
f 2086/2086/2086 3780/3780/3780 3778/3778/3778
f 2087/2087/2087 3778/3778/3778 3777/3777/3777
f 2204/2204/2204 3751/3751/3751 2205/2205/2205
f 2205/2205/2205 3750/3750/3750 3148/3148/3148
f 3909/3909/3909 574/574/574 692/692/692
f 2124/2124/2124 3777/3777/3777 3760/3760/3760
f 2208/2208/2208 3760/3760/3760 3782/3782/3782
f 3711/3711/3711 3140/3140/3140 3137/3137/3137
f 3785/3785/3785 3138/3138/3138 3140/3140/3140
f 3745/3745/3745 3139/3139/3139 3138/3138/3138
f 3771/3771/3771 3136/3136/3136 2322/2322/2322
f 3712/3712/3712 3137/3137/3137 3136/3136/3136
f 3775/3775/3775 3131/3131/3131 3133/3133/3133
f 3767/3767/3767 3132/3132/3132 3131/3131/3131
f 1813/1813/1813 3838/3838/3838 1814/1814/1814
f 1293/1293/1293 3856/3856/3856 1344/1344/1344
f 2184/2184/2184 3748/3748/3748 3732/3732/3732
f 2181/2181/2181 3732/3732/3732 3734/3734/3734
f 3765/3765/3765 3079/3079/3079 3081/3081/3081
f 3768/3768/3768 3080/3080/3080 3079/3079/3079
f 709/709/709 3875/3875/3875 2031/2031/2031
f 2774/2774/2774 3737/3737/3737 3769/3769/3769
f 3786/3786/3786 2134/2134/2134 3559/3559/3559
f 3809/3809/3809 766/766/766 765/765/765
f 2968/2968/2968 3766/3766/3766 2959/2959/2959
f 2969/2969/2969 3784/3784/3784 2968/2968/2968
f 2958/2958/2958 3737/3737/3737 2961/2961/2961
f 2132/2132/2132 3766/3766/3766 2960/2960/2960
f 2321/2321/2321 3771/3771/3771 3748/3748/3748
f 3860/3860/3860 1449/1449/1449 28/28/28
f 3905/3905/3905 582/582/582 710/710/710
f 3886/3886/3886 577/577/577 574/574/574
f 3847/3847/3847 1818/1818/1818 3827/3827/3827
f 705/705/705 3887/3887/3887 2121/2121/2121
f 3816/3816/3816 3907/3907/3907 698/698/698
f 2111/2111/2111 3911/3911/3911 2113/2113/2113
f 3810/3810/3810 1366/1366/1366 1411/1411/1411
f 1812/1812/1812 3822/3822/3822 1815/1815/1815
f 675/675/675 3852/3852/3852 674/674/674
f 3496/3496/3496 3851/3851/3851 675/675/675
f 2110/2110/2110 3868/3868/3868 2109/2109/2109
f 2104/2104/2104 3901/3901/3901 2106/2106/2106
f 2109/2109/2109 3899/3899/3899 944/944/944
f 3842/3842/3842 703/703/703 739/739/739
f 1680/1680/1680 3846/3846/3846 1684/1684/1684
f 1639/1639/1639 3819/3819/3819 3818/3818/3818
f 623/623/623 3906/3906/3906 697/697/697
f 2139/2139/2139 3866/3866/3866 3865/3865/3865
f 1808/1808/1808 3844/3844/3844 3837/3837/3837
f 3820/3820/3820 1819/1819/1819 1820/1820/1820
f 3872/3872/3872 3900/3900/3900 706/706/706
f 1646/1646/1646 3830/3830/3830 1648/1648/1648
f 3889/3889/3889 633/633/633 577/577/577
f 2139/2139/2139 3875/3875/3875 18/18/18
f 2156/2156/2156 3871/3871/3871 3874/3874/3874
f 674/674/674 3913/3913/3913 3869/3869/3869
f 2117/2117/2117 3812/3812/3812 2069/2069/2069
f 1815/1815/1815 3847/3847/3847 3823/3823/3823
f 3855/3855/3855 1444/1444/1444 1470/1470/1470
f 697/697/697 3912/3912/3912 3816/3816/3816
f 866/866/866 3836/3836/3836 3828/3828/3828
f 3864/3864/3864 2136/2136/2136 2135/2135/2135
f 3585/3585/3585 3726/3726/3726 3589/3589/3589
f 3583/3583/3583 3731/3731/3731 3585/3585/3585
f 3753/3753/3753 3738/3738/3738 3739/3739/3739
f 3740/3740/3740 3581/3581/3581 3743/3743/3743
f 1088/1088/1088 3746/3746/3746 1093/1093/1093
f 3739/3739/3739 3743/3743/3743 3753/3753/3753
f 2791/2791/2791 3493/3493/3493 2792/2792/2792
f 3492/3492/3492 2807/2807/2807 3493/3493/3493
f 2792/2792/2792 3494/3494/3494 2909/2909/2909
f 3493/3493/3493 2806/2806/2806 3494/3494/3494
f 3508/3508/3508 3494/3494/3494 3516/3516/3516
f 3516/3516/3516 2806/2806/2806 3539/3539/3539
f 2948/2948/2948 3791/3791/3791 3801/3801/3801
f 2105/2105/2105 3896/3896/3896 2104/2104/2104
f 3538/3538/3538 3804/3804/3804 2805/2805/2805
f 680/680/680 3876/3876/3876 683/683/683
f 1891/1891/1891 3910/3910/3910 3891/3891/3891
f 2905/2905/2905 3801/3801/3801 2950/2950/2950
f 2900/2900/2900 3799/3799/3799 2905/2905/2905
f 2901/2901/2901 3807/3807/3807 2877/2877/2877
f 2734/2734/2734 3806/3806/3806 3794/3794/3794
f 2877/2877/2877 3806/3806/3806 2878/2878/2878
f 2820/2820/2820 3794/3794/3794 2872/2872/2872
f 2818/2818/2818 3792/3792/3792 2827/2827/2827
f 2823/2823/2823 3792/3792/3792 2826/2826/2826
f 2822/2822/2822 3798/3798/3798 2821/2821/2821
f 2819/2819/2819 3800/3800/3800 3798/3798/3798
f 2817/2817/2817 3795/3795/3795 2816/2816/2816
f 2809/2809/2809 3795/3795/3795 2815/2815/2815
f 2808/2808/2808 3803/3803/3803 2807/2807/2807
f 2805/2805/2805 3803/3803/3803 2804/2804/2804
f 1702/1702/1702 3923/3923/3923 1599/1599/1599
f 3922/3922/3922 1797/1797/1797 1802/1802/1802
f 3915/3915/3915 1706/1706/1706 1709/1709/1709
f 3918/3918/3918 1692/1692/1692 1698/1698/1698
f 1657/1657/1657 3880/3880/3880 1879/1879/1879
f 1890/1890/1890 3895/3895/3895 3910/3910/3910
f 3772/3772/3772 1674/1674/1674 1675/1675/1675
f 1689/1689/1689 3772/3772/3772 3773/3773/3773
f 3926/3926/3926 3538/3538/3538 1688/1688/1688
f 3516/3516/3516 1689/1689/1689 3773/3773/3773
f 3917/3917/3917 1703/1703/1703 1764/1764/1764
f 1598/1598/1598 3928/3928/3928 1770/1770/1770
f 3880/3880/3880 1876/1876/1876 1879/1879/1879
f 1691/1691/1691 3925/3925/3925 3927/3927/3927
f 3925/3925/3925 1688/1688/1688 1687/1687/1687
f 1117/1117/1117 1118/1118/1118 3930/3930/3930
f 1066/1066/1066 1322/1322/1322 3930/3930/3930
f 1243/1243/1243 847/847/847 3930/3930/3930
f 3825/3825/3825 848/848/848 3930/3930/3930
f 1128/1128/1128 1117/1117/1117 3930/3930/3930
f 1129/1129/1129 1130/1130/1130 3930/3930/3930
f 841/841/841 1011/1011/1011 3930/3930/3930
f 1230/1230/1230 3863/3863/3863 3930/3930/3930
f 1242/1242/1242 1243/1243/1243 3930/3930/3930
f 1322/1322/1322 1229/1229/1229 3930/3930/3930
f 1064/1064/1064 1065/1065/1065 3930/3930/3930
f 1003/1003/1003 1128/1128/1128 3930/3930/3930
f 1229/1229/1229 1230/1230/1230 3930/3930/3930
f 3863/3863/3863 1285/1285/1285 3930/3930/3930
f 1285/1285/1285 1288/1288/1288 3930/3930/3930
f 848/848/848 839/839/839 3930/3930/3930
f 847/847/847 3825/3825/3825 3930/3930/3930
f 1118/1118/1118 1129/1129/1129 3930/3930/3930
f 1065/1065/1065 1066/1066/1066 3930/3930/3930
f 1087/1087/1087 1086/1086/1086 3930/3930/3930
f 1008/1008/1008 1002/1002/1002 3930/3930/3930
f 1011/1011/1011 1008/1008/1008 3930/3930/3930
f 1002/1002/1002 1003/1003/1003 3930/3930/3930
f 1076/1076/1076 1069/1069/1069 3930/3930/3930
f 838/838/838 841/841/841 3930/3930/3930
f 839/839/839 838/838/838 3930/3930/3930
f 1288/1288/1288 1242/1242/1242 3930/3930/3930
f 1130/1130/1130 1087/1087/1087 3930/3930/3930
f 1086/1086/1086 1076/1076/1076 3930/3930/3930
f 1069/1069/1069 1064/1064/1064 3930/3930/3930
f 2410/2410/2410 2414/2414/2414 3931/3931/3931
f 2411/2411/2411 2410/2410/2410 3931/3931/3931
f 3617/3617/3617 2285/2285/2285 3931/3931/3931
f 2394/2394/2394 2393/2393/2393 3931/3931/3931
f 2393/2393/2393 2396/2396/2396 3931/3931/3931
f 2281/2281/2281 2286/2286/2286 3931/3931/3931
f 2282/2282/2282 2280/2280/2280 3931/3931/3931
f 2398/2398/2398 2399/2399/2399 3931/3931/3931
f 2465/2465/2465 2464/2464/2464 3931/3931/3931
f 2396/2396/2396 2397/2397/2397 3931/3931/3931
f 2470/2470/2470 2469/2469/2469 3931/3931/3931
f 2399/2399/2399 2416/2416/2416 3931/3931/3931
f 2480/2480/2480 2395/2395/2395 3931/3931/3931
f 2459/2459/2459 2480/2480/2480 3931/3931/3931
f 2369/2369/2369 2282/2282/2282 3931/3931/3931
f 2460/2460/2460 2459/2459/2459 3931/3931/3931
f 2415/2415/2415 2411/2411/2411 3931/3931/3931
f 2416/2416/2416 2415/2415/2415 3931/3931/3931
f 2364/2364/2364 2363/2363/2363 3931/3931/3931
f 2286/2286/2286 3617/3617/3617 3931/3931/3931
f 2464/2464/2464 2470/2470/2470 3931/3931/3931
f 2469/2469/2469 3703/3703/3703 3931/3931/3931
f 2285/2285/2285 2465/2465/2465 3931/3931/3931
f 2414/2414/2414 2364/2364/2364 3931/3931/3931
f 2395/2395/2395 2394/2394/2394 3931/3931/3931
f 2363/2363/2363 2367/2367/2367 3931/3931/3931
f 2397/2397/2397 2398/2398/2398 3931/3931/3931
f 2280/2280/2280 2281/2281/2281 3931/3931/3931
f 3703/3703/3703 2460/2460/2460 3931/3931/3931
f 2367/2367/2367 2369/2369/2369 3931/3931/3931
f 3934/3934/3934 3937/3937/3937 3938/3938/3938
f 3934/3934/3934 3939/3939/3939 3935/3935/3935
f 3932/3932/3932 3937/3937/3937 3933/3933/3933
f 3938/3938/3938 3943/3943/3943 3939/3939/3939
f 3937/3937/3937 3940/3940/3940 3941/3941/3941
f 3937/3937/3937 3942/3942/3942 3938/3938/3938
f 3942/3942/3942 3947/3947/3947 3943/3943/3943
f 3941/3941/3941 3944/3944/3944 3945/3945/3945
f 3942/3942/3942 3945/3945/3945 3946/3946/3946
f 3947/3947/3947 3950/3950/3950 3951/3951/3951
f 3944/3944/3944 3949/3949/3949 3945/3945/3945
f 3945/3945/3945 3950/3950/3950 3946/3946/3946
f 3950/3950/3950 3955/3955/3955 3951/3951/3951
f 3949/3949/3949 3952/3952/3952 3953/3953/3953
f 3950/3950/3950 3953/3953/3953 3954/3954/3954
f 3955/3955/3955 3958/3958/3958 3959/3959/3959
f 3953/3953/3953 3956/3956/3956 3957/3957/3957
f 3953/3953/3953 3958/3958/3958 3954/3954/3954
f 3959/3959/3959 3962/3962/3962 3963/3963/3963
f 3957/3957/3957 3960/3960/3960 3961/3961/3961
f 3958/3958/3958 3961/3961/3961 3962/3962/3962
f 3962/3962/3962 3967/3967/3967 3963/3963/3963
f 3960/3960/3960 3965/3965/3965 3961/3961/3961
f 3961/3961/3961 3966/3966/3966 3962/3962/3962
f 3966/3966/3966 3971/3971/3971 3967/3967/3967
f 3965/3965/3965 3968/3968/3968 3969/3969/3969
f 3966/3966/3966 3969/3969/3969 3970/3970/3970
f 3970/3970/3970 3975/3975/3975 3971/3971/3971
f 3968/3968/3968 3973/3973/3973 3969/3969/3969
f 3969/3969/3969 3974/3974/3974 3970/3970/3970
f 3974/3974/3974 3979/3979/3979 3975/3975/3975
f 3973/3973/3973 3976/3976/3976 3977/3977/3977
f 3974/3974/3974 3977/3977/3977 3978/3978/3978
f 3979/3979/3979 3982/3982/3982 3983/3983/3983
f 3976/3976/3976 3981/3981/3981 3977/3977/3977
f 3977/3977/3977 3982/3982/3982 3978/3978/3978
f 3982/3982/3982 3987/3987/3987 3983/3983/3983
f 3981/3981/3981 3984/3984/3984 3985/3985/3985
f 3982/3982/3982 3985/3985/3985 3986/3986/3986
f 3987/3987/3987 3990/3990/3990 3991/3991/3991
f 3984/3984/3984 3989/3989/3989 3985/3985/3985
f 3985/3985/3985 3990/3990/3990 3986/3986/3986
f 3991/3991/3991 3994/3994/3994 3995/3995/3995
f 3989/3989/3989 3992/3992/3992 3993/3993/3993
f 3990/3990/3990 3993/3993/3993 3994/3994/3994
f 3995/3995/3995 3998/3998/3998 3999/3999/3999
f 3992/3992/3992 3997/3997/3997 3993/3993/3993
f 3993/3993/3993 3998/3998/3998 3994/3994/3994
f 3998/3998/3998 4003/4003/4003 3999/3999/3999
f 3997/3997/3997 4000/4000/4000 4001/4001/4001
f 3998/3998/3998 4001/4001/4001 4002/4002/4002
f 4002/4002/4002 4007/4007/4007 4003/4003/4003
f 4000/4000/4000 4005/4005/4005 4001/4001/4001
f 4001/4001/4001 4006/4006/4006 4002/4002/4002
f 4006/4006/4006 4011/4011/4011 4007/4007/4007
f 4005/4005/4005 4008/4008/4008 4009/4009/4009
f 4006/4006/4006 4009/4009/4009 4010/4010/4010
f 4011/4011/4011 4014/4014/4014 4015/4015/4015
f 4008/4008/4008 4013/4013/4013 4009/4009/4009
f 4009/4009/4009 4014/4014/4014 4010/4010/4010
f 4014/4014/4014 4019/4019/4019 4015/4015/4015
f 4013/4013/4013 4016/4016/4016 4017/4017/4017
f 4014/4014/4014 4017/4017/4017 4018/4018/4018
f 4019/4019/4019 4022/4022/4022 4023/4023/4023
f 4016/4016/4016 4021/4021/4021 4017/4017/4017
f 4017/4017/4017 4022/4022/4022 4018/4018/4018
f 4023/4023/4023 4026/4026/4026 4027/4027/4027
f 4021/4021/4021 4024/4024/4024 4025/4025/4025
f 4022/4022/4022 4025/4025/4025 4026/4026/4026
f 4027/4027/4027 4030/4030/4030 4031/4031/4031
f 4024/4024/4024 4029/4029/4029 4025/4025/4025
f 4025/4025/4025 4030/4030/4030 4026/4026/4026
f 4031/4031/4031 4034/4034/4034 4035/4035/4035
f 4029/4029/4029 4032/4032/4032 4033/4033/4033
f 4030/4030/4030 4033/4033/4033 4034/4034/4034
f 4034/4034/4034 4039/4039/4039 4035/4035/4035
f 4032/4032/4032 4037/4037/4037 4033/4033/4033
f 4033/4033/4033 4038/4038/4038 4034/4034/4034
f 4038/4038/4038 4043/4043/4043 4039/4039/4039
f 4037/4037/4037 4040/4040/4040 4041/4041/4041
f 4038/4038/4038 4041/4041/4041 4042/4042/4042
f 4043/4043/4043 4046/4046/4046 4047/4047/4047
f 4040/4040/4040 4045/4045/4045 4041/4041/4041
f 4041/4041/4041 4046/4046/4046 4042/4042/4042
f 4046/4046/4046 4051/4051/4051 4047/4047/4047
f 4045/4045/4045 4048/4048/4048 4049/4049/4049
f 4046/4046/4046 4049/4049/4049 4050/4050/4050
f 4051/4051/4051 4055/4055/4055 4056/4056/4056
f 4048/4048/4048 4054/4054/4054 4049/4049/4049
f 4049/4049/4049 4055/4055/4055 4050/4050/4050
f 4056/4056/4056 4059/4059/4059 4060/4060/4060
f 4053/4053/4053 4058/4058/4058 4054/4054/4054
f 4055/4055/4055 4058/4058/4058 4059/4059/4059
f 3932/3932/3932 4052/4052/4052 3936/3936/3936
f 3936/3936/3936 4052/4052/4052 3940/3940/3940
f 3940/3940/3940 4052/4052/4052 3944/3944/3944
f 3944/3944/3944 4052/4052/4052 3948/3948/3948
f 3948/3948/3948 4052/4052/4052 3952/3952/3952
f 3952/3952/3952 4052/4052/4052 3956/3956/3956
f 3956/3956/3956 4052/4052/4052 3960/3960/3960
f 3960/3960/3960 4052/4052/4052 3964/3964/3964
f 3964/3964/3964 4052/4052/4052 3968/3968/3968
f 3968/3968/3968 4052/4052/4052 3972/3972/3972
f 3972/3972/3972 4052/4052/4052 3976/3976/3976
f 3976/3976/3976 4052/4052/4052 3980/3980/3980
f 3980/3980/3980 4052/4052/4052 3984/3984/3984
f 3984/3984/3984 4052/4052/4052 3988/3988/3988
f 3988/3988/3988 4052/4052/4052 3992/3992/3992
f 3992/3992/3992 4052/4052/4052 3996/3996/3996
f 3996/3996/3996 4052/4052/4052 4000/4000/4000
f 4000/4000/4000 4052/4052/4052 4004/4004/4004
f 4004/4004/4004 4052/4052/4052 4008/4008/4008
f 4008/4008/4008 4052/4052/4052 4012/4012/4012
f 4012/4012/4012 4052/4052/4052 4016/4016/4016
f 4016/4016/4016 4052/4052/4052 4020/4020/4020
f 4020/4020/4020 4052/4052/4052 4024/4024/4024
f 4024/4024/4024 4052/4052/4052 4028/4028/4028
f 4028/4028/4028 4052/4052/4052 4032/4032/4032
f 4032/4032/4032 4052/4052/4052 4036/4036/4036
f 4036/4036/4036 4052/4052/4052 4040/4040/4040
f 4040/4040/4040 4052/4052/4052 4044/4044/4044
f 4044/4044/4044 4052/4052/4052 4048/4048/4048
f 4048/4048/4048 4052/4052/4052 4053/4053/4053
f 4053/4053/4053 4052/4052/4052 4057/4057/4057
f 4060/4060/4060 3934/3934/3934 3935/3935/3935
f 4058/4058/4058 3932/3932/3932 3933/3933/3933
f 4058/4058/4058 3934/3934/3934 4059/4059/4059
f 4057/4057/4057 4052/4052/4052 3932/3932/3932
f 4069/4069/4069 4081/4081/4081 4082/4082/4082
f 4066/4066/4066 4080/4080/4080 4067/4067/4067
f 4065/4065/4065 4077/4077/4077 4078/4078/4078
f 4063/4063/4063 4075/4075/4075 4076/4076/4076
f 4071/4071/4071 4085/4085/4085 4072/4072/4072
f 4069/4069/4069 4083/4083/4083 4070/4070/4070
f 4067/4067/4067 4081/4081/4081 4068/4068/4068
f 4066/4066/4066 4078/4078/4078 4079/4079/4079
f 4063/4063/4063 4077/4077/4077 4064/4064/4064
f 4061/4061/4061 4075/4075/4075 4062/4062/4062
f 4072/4072/4072 4086/4086/4086 4073/4073/4073
f 4071/4071/4071 4083/4083/4083 4084/4084/4084
f 4076/4076/4076 4090/4090/4090 4077/4077/4077
f 4074/4074/4074 4088/4088/4088 4075/4075/4075
f 4086/4086/4086 4098/4098/4098 4099/4099/4099
f 4083/4083/4083 4097/4097/4097 4084/4084/4084
f 4082/4082/4082 4094/4094/4094 4095/4095/4095
f 4079/4079/4079 4093/4093/4093 4080/4080/4080
f 4078/4078/4078 4090/4090/4090 4091/4091/4091
f 4076/4076/4076 4088/4088/4088 4089/4089/4089
f 4085/4085/4085 4097/4097/4097 4098/4098/4098
f 4082/4082/4082 4096/4096/4096 4083/4083/4083
f 4080/4080/4080 4094/4094/4094 4081/4081/4081
f 4079/4079/4079 4091/4091/4091 4092/4092/4092
f 4089/4089/4089 4103/4103/4103 4090/4090/4090
f 4088/4088/4088 4100/4100/4100 4101/4101/4101
f 4098/4098/4098 4112/4112/4112 4099/4099/4099
f 4096/4096/4096 4110/4110/4110 4097/4097/4097
f 4095/4095/4095 4107/4107/4107 4108/4108/4108
f 4092/4092/4092 4106/4106/4106 4093/4093/4093
f 4090/4090/4090 4104/4104/4104 4091/4091/4091
f 4089/4089/4089 4101/4101/4101 4102/4102/4102
f 4097/4097/4097 4111/4111/4111 4098/4098/4098
f 4095/4095/4095 4109/4109/4109 4096/4096/4096
f 4094/4094/4094 4106/4106/4106 4107/4107/4107
f 4092/4092/4092 4104/4104/4104 4105/4105/4105
f 4103/4103/4103 4115/4115/4115 4116/4116/4116
f 4100/4100/4100 4114/4114/4114 4101/4101/4101
f 4112/4112/4112 4124/4124/4124 4125/4125/4125
f 4110/4110/4110 4122/4122/4122 4123/4123/4123
f 4107/4107/4107 4121/4121/4121 4108/4108/4108
f 4105/4105/4105 4119/4119/4119 4106/4106/4106
f 4103/4103/4103 4117/4117/4117 4104/4104/4104
f 4101/4101/4101 4115/4115/4115 4102/4102/4102
f 4110/4110/4110 4124/4124/4124 4111/4111/4111
f 4109/4109/4109 4121/4121/4121 4122/4122/4122
f 4107/4107/4107 4119/4119/4119 4120/4120/4120
f 4105/4105/4105 4117/4117/4117 4118/4118/4118
f 4115/4115/4115 4129/4129/4129 4116/4116/4116
f 4114/4114/4114 4126/4126/4126 4127/4127/4127
f 4124/4124/4124 4138/4138/4138 4125/4125/4125
f 4123/4123/4123 4135/4135/4135 4136/4136/4136
f 4120/4120/4120 4134/4134/4134 4121/4121/4121
f 4119/4119/4119 4131/4131/4131 4132/4132/4132
f 4117/4117/4117 4129/4129/4129 4130/4130/4130
f 4114/4114/4114 4128/4128/4128 4115/4115/4115
f 4124/4124/4124 4136/4136/4136 4137/4137/4137
f 4122/4122/4122 4134/4134/4134 4135/4135/4135
f 4119/4119/4119 4133/4133/4133 4120/4120/4120
f 4117/4117/4117 4131/4131/4131 4118/4118/4118
f 4129/4129/4129 4141/4141/4141 4142/4142/4142
f 4126/4126/4126 4140/4140/4140 4127/4127/4127
f 4138/4138/4138 4150/4150/4150 4151/4151/4151
f 4136/4136/4136 4148/4148/4148 4149/4149/4149
f 4133/4133/4133 4147/4147/4147 4134/4134/4134
f 4131/4131/4131 4145/4145/4145 4132/4132/4132
f 4130/4130/4130 4142/4142/4142 4143/4143/4143
f 4127/4127/4127 4141/4141/4141 4128/4128/4128
f 4137/4137/4137 4149/4149/4149 4150/4150/4150
f 4135/4135/4135 4147/4147/4147 4148/4148/4148
f 4132/4132/4132 4146/4146/4146 4133/4133/4133
f 4131/4131/4131 4143/4143/4143 4144/4144/4144
f 4142/4142/4142 4154/4154/4154 4155/4155/4155
f 4140/4140/4140 4152/4152/4152 4153/4153/4153
f 4150/4150/4150 4164/4164/4164 4151/4151/4151
f 4149/4149/4149 4161/4161/4161 4162/4162/4162
f 4146/4146/4146 4160/4160/4160 4147/4147/4147
f 4144/4144/4144 4158/4158/4158 4145/4145/4145
f 4142/4142/4142 4156/4156/4156 4143/4143/4143
f 4140/4140/4140 4154/4154/4154 4141/4141/4141
f 4149/4149/4149 4163/4163/4163 4150/4150/4150
f 4148/4148/4148 4160/4160/4160 4161/4161/4161
f 4146/4146/4146 4158/4158/4158 4159/4159/4159
f 4144/4144/4144 4156/4156/4156 4157/4157/4157
f 4155/4155/4155 4167/4167/4167 4168/4168/4168
f 4153/4153/4153 4165/4165/4165 4166/4166/4166
f 4163/4163/4163 4177/4177/4177 4164/4164/4164
f 4161/4161/4161 4175/4175/4175 4162/4162/4162
f 4159/4159/4159 4173/4173/4173 4160/4160/4160
f 4158/4158/4158 4170/4170/4170 4171/4171/4171
f 4155/4155/4155 4169/4169/4169 4156/4156/4156
f 4153/4153/4153 4167/4167/4167 4154/4154/4154
f 4163/4163/4163 4175/4175/4175 4176/4176/4176
f 4161/4161/4161 4173/4173/4173 4174/4174/4174
f 4159/4159/4159 4171/4171/4171 4172/4172/4172
f 4156/4156/4156 4170/4170/4170 4157/4157/4157
f 4167/4167/4167 4181/4181/4181 4168/4168/4168
f 4165/4165/4165 4179/4179/4179 4166/4166/4166
f 4176/4176/4176 4190/4190/4190 4177/4177/4177
f 4175/4175/4175 4187/4187/4187 4188/4188/4188
f 4173/4173/4173 4185/4185/4185 4186/4186/4186
f 4170/4170/4170 4184/4184/4184 4171/4171/4171
f 4169/4169/4169 4181/4181/4181 4182/4182/4182
f 4167/4167/4167 4179/4179/4179 4180/4180/4180
f 4175/4175/4175 4189/4189/4189 4176/4176/4176
f 4173/4173/4173 4187/4187/4187 4174/4174/4174
f 4171/4171/4171 4185/4185/4185 4172/4172/4172
f 4170/4170/4170 4182/4182/4182 4183/4183/4183
f 4180/4180/4180 4194/4194/4194 4181/4181/4181
f 4178/4178/4178 4192/4192/4192 4179/4179/4179
f 4190/4190/4190 4202/4202/4202 4203/4203/4203
f 4187/4187/4187 4201/4201/4201 4188/4188/4188
f 4186/4186/4186 4198/4198/4198 4199/4199/4199
f 4183/4183/4183 4197/4197/4197 4184/4184/4184
f 4182/4182/4182 4194/4194/4194 4195/4195/4195
f 4180/4180/4180 4192/4192/4192 4193/4193/4193
f 4189/4189/4189 4201/4201/4201 4202/4202/4202
f 4186/4186/4186 4200/4200/4200 4187/4187/4187
f 4184/4184/4184 4198/4198/4198 4185/4185/4185
f 4183/4183/4183 4195/4195/4195 4196/4196/4196
f 4193/4193/4193 4207/4207/4207 4194/4194/4194
f 4192/4192/4192 4204/4204/4204 4205/4205/4205
f 4202/4202/4202 4216/4216/4216 4203/4203/4203
f 4200/4200/4200 4214/4214/4214 4201/4201/4201
f 4199/4199/4199 4211/4211/4211 4212/4212/4212
f 4196/4196/4196 4210/4210/4210 4197/4197/4197
f 4194/4194/4194 4208/4208/4208 4195/4195/4195
f 4193/4193/4193 4205/4205/4205 4206/4206/4206
f 4201/4201/4201 4215/4215/4215 4202/4202/4202
f 4199/4199/4199 4213/4213/4213 4200/4200/4200
f 4198/4198/4198 4210/4210/4210 4211/4211/4211
f 4196/4196/4196 4208/4208/4208 4209/4209/4209
f 4207/4207/4207 4219/4219/4219 4220/4220/4220
f 4204/4204/4204 4218/4218/4218 4205/4205/4205
f 4216/4216/4216 4228/4228/4228 4229/4229/4229
f 4213/4213/4213 4227/4227/4227 4214/4214/4214
f 4211/4211/4211 4225/4225/4225 4212/4212/4212
f 4209/4209/4209 4223/4223/4223 4210/4210/4210
f 4207/4207/4207 4221/4221/4221 4208/4208/4208
f 4205/4205/4205 4219/4219/4219 4206/4206/4206
f 4214/4214/4214 4228/4228/4228 4215/4215/4215
f 4213/4213/4213 4225/4225/4225 4226/4226/4226
f 4211/4211/4211 4223/4223/4223 4224/4224/4224
f 4209/4209/4209 4221/4221/4221 4222/4222/4222
f 4219/4219/4219 4233/4233/4233 4220/4220/4220
f 4218/4218/4218 4230/4230/4230 4231/4231/4231
f 4228/4228/4228 4242/4242/4242 4229/4229/4229
f 4226/4226/4226 4240/4240/4240 4227/4227/4227
f 4225/4225/4225 4237/4237/4237 4238/4238/4238
f 4223/4223/4223 4235/4235/4235 4236/4236/4236
f 4221/4221/4221 4233/4233/4233 4234/4234/4234
f 4218/4218/4218 4232/4232/4232 4219/4219/4219
f 4228/4228/4228 4240/4240/4240 4241/4241/4241
f 4226/4226/4226 4238/4238/4238 4239/4239/4239
f 4223/4223/4223 4237/4237/4237 4224/4224/4224
f 4221/4221/4221 4235/4235/4235 4222/4222/4222
f 4233/4233/4233 4245/4245/4245 4246/4246/4246
f 4230/4230/4230 4244/4244/4244 4231/4231/4231
f 4242/4242/4242 4254/4254/4254 4255/4255/4255
f 4240/4240/4240 4252/4252/4252 4253/4253/4253
f 4237/4237/4237 4251/4251/4251 4238/4238/4238
f 4235/4235/4235 4249/4249/4249 4236/4236/4236
f 4234/4234/4234 4246/4246/4246 4247/4247/4247
f 4231/4231/4231 4245/4245/4245 4232/4232/4232
f 4241/4241/4241 4253/4253/4253 4254/4254/4254
f 4239/4239/4239 4251/4251/4251 4252/4252/4252
f 4236/4236/4236 4250/4250/4250 4237/4237/4237
f 4235/4235/4235 4247/4247/4247 4248/4248/4248
f 4246/4246/4246 4258/4258/4258 4259/4259/4259
f 4244/4244/4244 4256/4256/4256 4257/4257/4257
f 4254/4254/4254 4268/4268/4268 4255/4255/4255
f 4253/4253/4253 4265/4265/4265 4266/4266/4266
f 4250/4250/4250 4264/4264/4264 4251/4251/4251
f 4248/4248/4248 4262/4262/4262 4249/4249/4249
f 4246/4246/4246 4260/4260/4260 4247/4247/4247
f 4244/4244/4244 4258/4258/4258 4245/4245/4245
f 4253/4253/4253 4267/4267/4267 4254/4254/4254
f 4252/4252/4252 4264/4264/4264 4265/4265/4265
f 4250/4250/4250 4262/4262/4262 4263/4263/4263
f 4248/4248/4248 4260/4260/4260 4261/4261/4261
f 4259/4259/4259 4271/4271/4271 4272/4272/4272
f 4257/4257/4257 4269/4269/4269 4270/4270/4270
f 4267/4267/4267 4281/4281/4281 4268/4268/4268
f 4265/4265/4265 4279/4279/4279 4266/4266/4266
f 4263/4263/4263 4277/4277/4277 4264/4264/4264
f 4262/4262/4262 4274/4274/4274 4275/4275/4275
f 4259/4259/4259 4273/4273/4273 4260/4260/4260
f 4257/4257/4257 4271/4271/4271 4258/4258/4258
f 4266/4266/4266 4280/4280/4280 4267/4267/4267
f 4265/4265/4265 4277/4277/4277 4278/4278/4278
f 4263/4263/4263 4275/4275/4275 4276/4276/4276
f 4260/4260/4260 4274/4274/4274 4261/4261/4261
f 4271/4271/4271 4285/4285/4285 4272/4272/4272
f 4269/4269/4269 4283/4283/4283 4270/4270/4270
f 4281/4281/4281 4293/4293/4293 4294/4294/4294
f 4279/4279/4279 4291/4291/4291 4292/4292/4292
f 4277/4277/4277 4289/4289/4289 4290/4290/4290
f 4274/4274/4274 4288/4288/4288 4275/4275/4275
f 4273/4273/4273 4285/4285/4285 4286/4286/4286
f 4271/4271/4271 4283/4283/4283 4284/4284/4284
f 4280/4280/4280 4292/4292/4292 4293/4293/4293
f 4277/4277/4277 4291/4291/4291 4278/4278/4278
f 4275/4275/4275 4289/4289/4289 4276/4276/4276
f 4274/4274/4274 4286/4286/4286 4287/4287/4287
f 4284/4284/4284 4298/4298/4298 4285/4285/4285
f 4282/4282/4282 4296/4296/4296 4283/4283/4283
f 4294/4294/4294 4306/4306/4306 4307/4307/4307
f 4291/4291/4291 4305/4305/4305 4292/4292/4292
f 4290/4290/4290 4302/4302/4302 4303/4303/4303
f 4287/4287/4287 4301/4301/4301 4288/4288/4288
f 4286/4286/4286 4298/4298/4298 4299/4299/4299
f 4284/4284/4284 4296/4296/4296 4297/4297/4297
f 4293/4293/4293 4305/4305/4305 4306/4306/4306
f 4290/4290/4290 4304/4304/4304 4291/4291/4291
f 4288/4288/4288 4302/4302/4302 4289/4289/4289
f 4287/4287/4287 4299/4299/4299 4300/4300/4300
f 4297/4297/4297 4311/4311/4311 4298/4298/4298
f 4296/4296/4296 4308/4308/4308 4309/4309/4309
f 4306/4306/4306 4320/4320/4320 4307/4307/4307
f 4304/4304/4304 4318/4318/4318 4305/4305/4305
f 4303/4303/4303 4315/4315/4315 4316/4316/4316
f 4300/4300/4300 4314/4314/4314 4301/4301/4301
f 4298/4298/4298 4312/4312/4312 4299/4299/4299
f 4297/4297/4297 4309/4309/4309 4310/4310/4310
f 4305/4305/4305 4319/4319/4319 4306/4306/4306
f 4304/4304/4304 4316/4316/4316 4317/4317/4317
f 4302/4302/4302 4314/4314/4314 4315/4315/4315
f 4300/4300/4300 4312/4312/4312 4313/4313/4313
f 4310/4310/4310 4324/4324/4324 4311/4311/4311
f 4308/4308/4308 4322/4322/4322 4309/4309/4309
f 4320/4320/4320 4332/4332/4332 4333/4333/4333
f 4318/4318/4318 4330/4330/4330 4331/4331/4331
f 4316/4316/4316 4328/4328/4328 4329/4329/4329
f 4313/4313/4313 4327/4327/4327 4314/4314/4314
f 4311/4311/4311 4325/4325/4325 4312/4312/4312
f 4310/4310/4310 4322/4322/4322 4323/4323/4323
f 4318/4318/4318 4332/4332/4332 4319/4319/4319
f 4316/4316/4316 4330/4330/4330 4317/4317/4317
f 4315/4315/4315 4327/4327/4327 4328/4328/4328
f 4312/4312/4312 4326/4326/4326 4313/4313/4313
f 4323/4323/4323 4337/4337/4337 4324/4324/4324
f 4322/4322/4322 4334/4334/4334 4335/4335/4335
f 4332/4332/4332 4346/4346/4346 4333/4333/4333
f 4330/4330/4330 4344/4344/4344 4331/4331/4331
f 4329/4329/4329 4341/4341/4341 4342/4342/4342
f 4327/4327/4327 4339/4339/4339 4340/4340/4340
f 4325/4325/4325 4337/4337/4337 4338/4338/4338
f 4322/4322/4322 4336/4336/4336 4323/4323/4323
f 4332/4332/4332 4344/4344/4344 4345/4345/4345
f 4330/4330/4330 4342/4342/4342 4343/4343/4343
f 4327/4327/4327 4341/4341/4341 4328/4328/4328
f 4325/4325/4325 4339/4339/4339 4326/4326/4326
f 4337/4337/4337 4350/4350/4350 4351/4351/4351
f 4334/4334/4334 4349/4349/4349 4335/4335/4335
f 4346/4346/4346 4359/4359/4359 4360/4360/4360
f 4344/4344/4344 4357/4357/4357 4358/4358/4358
f 4341/4341/4341 4356/4356/4356 4342/4342/4342
f 4340/4340/4340 4353/4353/4353 4354/4354/4354
f 4338/4338/4338 4351/4351/4351 4352/4352/4352
f 4335/4335/4335 4350/4350/4350 4336/4336/4336
f 4345/4345/4345 4358/4358/4358 4359/4359/4359
f 4343/4343/4343 4356/4356/4356 4357/4357/4357
f 4340/4340/4340 4355/4355/4355 4341/4341/4341
f 4338/4338/4338 4353/4353/4353 4339/4339/4339
f 4351/4351/4351 4363/4363/4363 4364/4364/4364
f 4349/4349/4349 4361/4361/4361 4362/4362/4362
f 4359/4359/4359 4373/4373/4373 4360/4360/4360
f 4358/4358/4358 4370/4370/4370 4371/4371/4371
f 4355/4355/4355 4369/4369/4369 4356/4356/4356
f 4354/4354/4354 4366/4366/4366 4367/4367/4367
f 4351/4351/4351 4365/4365/4365 4352/4352/4352
f 4349/4349/4349 4363/4363/4363 4350/4350/4350
f 4358/4358/4358 4372/4372/4372 4359/4359/4359
f 4357/4357/4357 4369/4369/4369 4370/4370/4370
f 4355/4355/4355 4367/4367/4367 4368/4368/4368
f 4352/4352/4352 4366/4366/4366 4353/4353/4353
f 4364/4364/4364 4376/4376/4376 4377/4377/4377
f 4362/4362/4362 4374/4374/4374 4375/4375/4375
f 4373/4373/4373 4385/4385/4385 4386/4386/4386
f 4370/4370/4370 4384/4384/4384 4371/4371/4371
f 4368/4368/4368 4382/4382/4382 4369/4369/4369
f 4367/4367/4367 4379/4379/4379 4380/4380/4380
f 4364/4364/4364 4378/4378/4378 4365/4365/4365
f 4362/4362/4362 4376/4376/4376 4363/4363/4363
f 4372/4372/4372 4384/4384/4384 4385/4385/4385
f 4370/4370/4370 4382/4382/4382 4383/4383/4383
f 4368/4368/4368 4380/4380/4380 4381/4381/4381
f 4365/4365/4365 4379/4379/4379 4366/4366/4366
f 4376/4376/4376 4390/4390/4390 4377/4377/4377
f 4374/4374/4374 4388/4388/4388 4375/4375/4375
f 4385/4385/4385 4399/4399/4399 4386/4386/4386
f 4384/4384/4384 4396/4396/4396 4397/4397/4397
f 4382/4382/4382 4394/4394/4394 4395/4395/4395
f 4379/4379/4379 4393/4393/4393 4380/4380/4380
f 4378/4378/4378 4390/4390/4390 4391/4391/4391
f 4376/4376/4376 4388/4388/4388 4389/4389/4389
f 4384/4384/4384 4398/4398/4398 4385/4385/4385
f 4382/4382/4382 4396/4396/4396 4383/4383/4383
f 4380/4380/4380 4394/4394/4394 4381/4381/4381
f 4379/4379/4379 4391/4391/4391 4392/4392/4392
f 4389/4389/4389 4403/4403/4403 4390/4390/4390
f 4387/4387/4387 4401/4401/4401 4388/4388/4388
f 4399/4399/4399 4411/4411/4411 4412/4412/4412
f 4396/4396/4396 4410/4410/4410 4397/4397/4397
f 4395/4395/4395 4407/4407/4407 4408/4408/4408
f 4393/4393/4393 4405/4405/4405 4406/4406/4406
f 4391/4391/4391 4403/4403/4403 4404/4404/4404
f 4389/4389/4389 4401/4401/4401 4402/4402/4402
f 4398/4398/4398 4410/4410/4410 4411/4411/4411
f 4395/4395/4395 4409/4409/4409 4396/4396/4396
f 4393/4393/4393 4407/4407/4407 4394/4394/4394
f 4391/4391/4391 4405/4405/4405 4392/4392/4392
f 4402/4402/4402 4416/4416/4416 4403/4403/4403
f 4401/4401/4401 4413/4413/4413 4414/4414/4414
f 4411/4411/4411 4425/4425/4425 4412/4412/4412
f 4409/4409/4409 4423/4423/4423 4410/4410/4410
f 4408/4408/4408 4420/4420/4420 4421/4421/4421
f 4406/4406/4406 4418/4418/4418 4419/4419/4419
f 4403/4403/4403 4417/4417/4417 4404/4404/4404
f 4402/4402/4402 4414/4414/4414 4415/4415/4415
f 4410/4410/4410 4424/4424/4424 4411/4411/4411
f 4408/4408/4408 4422/4422/4422 4409/4409/4409
f 4407/4407/4407 4419/4419/4419 4420/4420/4420
f 4404/4404/4404 4418/4418/4418 4405/4405/4405
f 4416/4416/4416 4428/4428/4428 4429/4429/4429
f 4413/4413/4413 4427/4427/4427 4414/4414/4414
f 4425/4425/4425 4437/4437/4437 4438/4438/4438
f 4423/4423/4423 4435/4435/4435 4436/4436/4436
f 4421/4421/4421 4433/4433/4433 4434/4434/4434
f 4418/4418/4418 4432/4432/4432 4419/4419/4419
f 4416/4416/4416 4430/4430/4430 4417/4417/4417
f 4415/4415/4415 4427/4427/4427 4428/4428/4428
f 4423/4423/4423 4437/4437/4437 4424/4424/4424
f 4421/4421/4421 4435/4435/4435 4422/4422/4422
f 4420/4420/4420 4432/4432/4432 4433/4433/4433
f 4418/4418/4418 4430/4430/4430 4431/4431/4431
f 4428/4428/4428 4442/4442/4442 4429/4429/4429
f 4426/4426/4426 4440/4440/4440 4427/4427/4427
f 4437/4437/4437 4451/4451/4451 4438/4438/4438
f 4435/4435/4435 4449/4449/4449 4436/4436/4436
f 4434/4434/4434 4446/4446/4446 4447/4447/4447
f 4432/4432/4432 4444/4444/4444 4445/4445/4445
f 4430/4430/4430 4442/4442/4442 4443/4443/4443
f 4427/4427/4427 4441/4441/4441 4428/4428/4428
f 4437/4437/4437 4449/4449/4449 4450/4450/4450
f 4435/4435/4435 4447/4447/4447 4448/4448/4448
f 4432/4432/4432 4446/4446/4446 4433/4433/4433
f 4430/4430/4430 4444/4444/4444 4431/4431/4431
f 4442/4442/4442 4454/4454/4454 4455/4455/4455
f 4439/4439/4439 4453/4453/4453 4440/4440/4440
f 4451/4451/4451 4463/4463/4463 4464/4464/4464
f 4449/4449/4449 4461/4461/4461 4462/4462/4462
f 4446/4446/4446 4460/4460/4460 4447/4447/4447
f 4444/4444/4444 4458/4458/4458 4445/4445/4445
f 4443/4443/4443 4455/4455/4455 4456/4456/4456
f 4440/4440/4440 4454/4454/4454 4441/4441/4441
f 4450/4450/4450 4462/4462/4462 4463/4463/4463
f 4447/4447/4447 4461/4461/4461 4448/4448/4448
f 4445/4445/4445 4459/4459/4459 4446/4446/4446
f 4444/4444/4444 4456/4456/4456 4457/4457/4457
f 4455/4455/4455 4467/4467/4467 4468/4468/4468
f 4453/4453/4453 4465/4465/4465 4466/4466/4466
f 4463/4463/4463 4477/4477/4477 4464/4464/4464
f 4462/4462/4462 4474/4474/4474 4475/4475/4475
f 4459/4459/4459 4473/4473/4473 4460/4460/4460
f 4457/4457/4457 4471/4471/4471 4458/4458/4458
f 4455/4455/4455 4469/4469/4469 4456/4456/4456
f 4453/4453/4453 4467/4467/4467 4454/4454/4454
f 4462/4462/4462 4476/4476/4476 4463/4463/4463
f 4461/4461/4461 4473/4473/4473 4474/4474/4474
f 4459/4459/4459 4471/4471/4471 4472/4472/4472
f 4457/4457/4457 4469/4469/4469 4470/4470/4470
f 4347/4347/4347 4073/4073/4073 4086/4086/4086
f 4347/4347/4347 4086/4086/4086 4099/4099/4099
f 4347/4347/4347 4099/4099/4099 4112/4112/4112
f 4347/4347/4347 4112/4112/4112 4125/4125/4125
f 4347/4347/4347 4125/4125/4125 4138/4138/4138
f 4347/4347/4347 4138/4138/4138 4151/4151/4151
f 4347/4347/4347 4151/4151/4151 4164/4164/4164
f 4347/4347/4347 4164/4164/4164 4177/4177/4177
f 4347/4347/4347 4177/4177/4177 4190/4190/4190
f 4347/4347/4347 4190/4190/4190 4203/4203/4203
f 4347/4347/4347 4203/4203/4203 4216/4216/4216
f 4347/4347/4347 4216/4216/4216 4229/4229/4229
f 4347/4347/4347 4229/4229/4229 4242/4242/4242
f 4347/4347/4347 4242/4242/4242 4255/4255/4255
f 4347/4347/4347 4255/4255/4255 4268/4268/4268
f 4347/4347/4347 4268/4268/4268 4281/4281/4281
f 4347/4347/4347 4281/4281/4281 4294/4294/4294
f 4347/4347/4347 4294/4294/4294 4307/4307/4307
f 4347/4347/4347 4307/4307/4307 4320/4320/4320
f 4347/4347/4347 4320/4320/4320 4333/4333/4333
f 4347/4347/4347 4333/4333/4333 4346/4346/4346
f 4347/4347/4347 4346/4346/4346 4360/4360/4360
f 4347/4347/4347 4360/4360/4360 4373/4373/4373
f 4347/4347/4347 4373/4373/4373 4386/4386/4386
f 4347/4347/4347 4386/4386/4386 4399/4399/4399
f 4347/4347/4347 4399/4399/4399 4412/4412/4412
f 4347/4347/4347 4412/4412/4412 4425/4425/4425
f 4347/4347/4347 4425/4425/4425 4438/4438/4438
f 4347/4347/4347 4438/4438/4438 4451/4451/4451
f 4347/4347/4347 4451/4451/4451 4464/4464/4464
f 4347/4347/4347 4464/4464/4464 4477/4477/4477
f 4468/4468/4468 4063/4063/4063 4064/4064/4064
f 4466/4466/4466 4061/4061/4061 4062/4062/4062
f 4477/4477/4477 4072/4072/4072 4073/4073/4073
f 4474/4474/4474 4071/4071/4071 4475/4475/4475
f 4472/4472/4472 4069/4069/4069 4473/4473/4473
f 4471/4471/4471 4066/4066/4066 4067/4067/4067
f 4468/4468/4468 4065/4065/4065 4469/4469/4469
f 4466/4466/4466 4063/4063/4063 4467/4467/4467
f 4347/4347/4347 4477/4477/4477 4073/4073/4073
f 4476/4476/4476 4071/4071/4071 4072/4072/4072
f 4474/4474/4474 4069/4069/4069 4070/4070/4070
f 4472/4472/4472 4067/4067/4067 4068/4068/4068
f 4469/4469/4469 4066/4066/4066 4470/4470/4470
f 3935/3935/3935 4465/4465/4465 4060/4060/4060
f 4465/4465/4465 4056/4056/4056 4060/4060/4060
f 4452/4452/4452 4051/4051/4051 4056/4056/4056
f 4439/4439/4439 4047/4047/4047 4051/4051/4051
f 4047/4047/4047 4413/4413/4413 4043/4043/4043
f 4043/4043/4043 4400/4400/4400 4039/4039/4039
f 4039/4039/4039 4387/4387/4387 4035/4035/4035
f 4387/4387/4387 4031/4031/4031 4035/4035/4035
f 4031/4031/4031 4361/4361/4361 4027/4027/4027
f 4361/4361/4361 4023/4023/4023 4027/4027/4027
f 4348/4348/4348 4019/4019/4019 4023/4023/4023
f 4334/4334/4334 4015/4015/4015 4019/4019/4019
f 4015/4015/4015 4308/4308/4308 4011/4011/4011
f 4011/4011/4011 4295/4295/4295 4007/4007/4007
f 4007/4007/4007 4282/4282/4282 4003/4003/4003
f 4282/4282/4282 3999/3999/3999 4003/4003/4003
f 3999/3999/3999 4256/4256/4256 3995/3995/3995
f 4256/4256/4256 3991/3991/3991 3995/3995/3995
f 4243/4243/4243 3987/3987/3987 3991/3991/3991
f 4230/4230/4230 3983/3983/3983 3987/3987/3987
f 3983/3983/3983 4204/4204/4204 3979/3979/3979
f 3979/3979/3979 4191/4191/4191 3975/3975/3975
f 3975/3975/3975 4178/4178/4178 3971/3971/3971
f 4178/4178/4178 3967/3967/3967 3971/3971/3971
f 3967/3967/3967 4152/4152/4152 3963/3963/3963
f 4152/4152/4152 3959/3959/3959 3963/3963/3963
f 4139/4139/4139 3955/3955/3955 3959/3959/3959
f 4126/4126/4126 3951/3951/3951 3955/3955/3955
f 3951/3951/3951 4100/4100/4100 3947/3947/3947
f 3947/3947/3947 4087/4087/4087 3943/3943/3943
f 3943/3943/3943 4074/4074/4074 3939/3939/3939
f 4074/4074/4074 3935/3935/3935 3939/3939/3939
f 4480/4480/4480 4483/4483/4483 4484/4484/4484
f 4480/4480/4480 4485/4485/4485 4481/4481/4481
f 4479/4479/4479 4482/4482/4482 4483/4483/4483
f 4484/4484/4484 4489/4489/4489 4485/4485/4485
f 4482/4482/4482 4487/4487/4487 4483/4483/4483
f 4483/4483/4483 4488/4488/4488 4484/4484/4484
f 4488/4488/4488 4493/4493/4493 4489/4489/4489
f 4487/4487/4487 4490/4490/4490 4491/4491/4491
f 4488/4488/4488 4491/4491/4491 4492/4492/4492
f 4493/4493/4493 4496/4496/4496 4497/4497/4497
f 4490/4490/4490 4495/4495/4495 4491/4491/4491
f 4491/4491/4491 4496/4496/4496 4492/4492/4492
f 4496/4496/4496 4501/4501/4501 4497/4497/4497
f 4495/4495/4495 4498/4498/4498 4499/4499/4499
f 4496/4496/4496 4499/4499/4499 4500/4500/4500
f 4501/4501/4501 4504/4504/4504 4505/4505/4505
f 4498/4498/4498 4503/4503/4503 4499/4499/4499
f 4499/4499/4499 4504/4504/4504 4500/4500/4500
f 4505/4505/4505 4508/4508/4508 4509/4509/4509
f 4503/4503/4503 4506/4506/4506 4507/4507/4507
f 4504/4504/4504 4507/4507/4507 4508/4508/4508
f 4509/4509/4509 4512/4512/4512 4513/4513/4513
f 4506/4506/4506 4511/4511/4511 4507/4507/4507
f 4507/4507/4507 4512/4512/4512 4508/4508/4508
f 4513/4513/4513 4516/4516/4516 4517/4517/4517
f 4511/4511/4511 4514/4514/4514 4515/4515/4515
f 4512/4512/4512 4515/4515/4515 4516/4516/4516
f 4516/4516/4516 4521/4521/4521 4517/4517/4517
f 4514/4514/4514 4519/4519/4519 4515/4515/4515
f 4515/4515/4515 4520/4520/4520 4516/4516/4516
f 4520/4520/4520 4525/4525/4525 4521/4521/4521
f 4518/4518/4518 4523/4523/4523 4519/4519/4519
f 4520/4520/4520 4523/4523/4523 4524/4524/4524
f 4525/4525/4525 4528/4528/4528 4529/4529/4529
f 4522/4522/4522 4527/4527/4527 4523/4523/4523
f 4523/4523/4523 4528/4528/4528 4524/4524/4524
f 4528/4528/4528 4533/4533/4533 4529/4529/4529
f 4527/4527/4527 4530/4530/4530 4531/4531/4531
f 4528/4528/4528 4531/4531/4531 4532/4532/4532
f 4533/4533/4533 4536/4536/4536 4537/4537/4537
f 4530/4530/4530 4535/4535/4535 4531/4531/4531
f 4531/4531/4531 4536/4536/4536 4532/4532/4532
f 4537/4537/4537 4540/4540/4540 4541/4541/4541
f 4534/4534/4534 4539/4539/4539 4535/4535/4535
f 4536/4536/4536 4539/4539/4539 4540/4540/4540
f 4541/4541/4541 4544/4544/4544 4545/4545/4545
f 4539/4539/4539 4542/4542/4542 4543/4543/4543
f 4539/4539/4539 4544/4544/4544 4540/4540/4540
f 4544/4544/4544 4549/4549/4549 4545/4545/4545
f 4542/4542/4542 4547/4547/4547 4543/4543/4543
f 4544/4544/4544 4547/4547/4547 4548/4548/4548
f 4548/4548/4548 4553/4553/4553 4549/4549/4549
f 4547/4547/4547 4550/4550/4550 4551/4551/4551
f 4547/4547/4547 4552/4552/4552 4548/4548/4548
f 4552/4552/4552 4557/4557/4557 4553/4553/4553
f 4551/4551/4551 4554/4554/4554 4555/4555/4555
f 4552/4552/4552 4555/4555/4555 4556/4556/4556
f 4557/4557/4557 4560/4560/4560 4561/4561/4561
f 4554/4554/4554 4559/4559/4559 4555/4555/4555
f 4555/4555/4555 4560/4560/4560 4556/4556/4556
f 4560/4560/4560 4565/4565/4565 4561/4561/4561
f 4559/4559/4559 4562/4562/4562 4563/4563/4563
f 4560/4560/4560 4563/4563/4563 4564/4564/4564
f 4565/4565/4565 4568/4568/4568 4569/4569/4569
f 4562/4562/4562 4567/4567/4567 4563/4563/4563
f 4563/4563/4563 4568/4568/4568 4564/4564/4564
f 4569/4569/4569 4572/4572/4572 4573/4573/4573
f 4567/4567/4567 4570/4570/4570 4571/4571/4571
f 4568/4568/4568 4571/4571/4571 4572/4572/4572
f 4572/4572/4572 4577/4577/4577 4573/4573/4573
f 4570/4570/4570 4575/4575/4575 4571/4571/4571
f 4571/4571/4571 4576/4576/4576 4572/4572/4572
f 4576/4576/4576 4581/4581/4581 4577/4577/4577
f 4575/4575/4575 4578/4578/4578 4579/4579/4579
f 4576/4576/4576 4579/4579/4579 4580/4580/4580
f 4580/4580/4580 4585/4585/4585 4581/4581/4581
f 4578/4578/4578 4583/4583/4583 4579/4579/4579
f 4579/4579/4579 4584/4584/4584 4580/4580/4580
f 4584/4584/4584 4589/4589/4589 4585/4585/4585
f 4583/4583/4583 4586/4586/4586 4587/4587/4587
f 4584/4584/4584 4587/4587/4587 4588/4588/4588
f 4589/4589/4589 4592/4592/4592 4593/4593/4593
f 4586/4586/4586 4591/4591/4591 4587/4587/4587
f 4587/4587/4587 4592/4592/4592 4588/4588/4588
f 4592/4592/4592 4597/4597/4597 4593/4593/4593
f 4591/4591/4591 4594/4594/4594 4595/4595/4595
f 4592/4592/4592 4595/4595/4595 4596/4596/4596
f 4597/4597/4597 4601/4601/4601 4602/4602/4602
f 4594/4594/4594 4600/4600/4600 4595/4595/4595
f 4595/4595/4595 4601/4601/4601 4596/4596/4596
f 4602/4602/4602 4605/4605/4605 4606/4606/4606
f 4600/4600/4600 4603/4603/4603 4604/4604/4604
f 4601/4601/4601 4604/4604/4604 4605/4605/4605
f 4478/4478/4478 4598/4598/4598 4482/4482/4482
f 4482/4482/4482 4598/4598/4598 4486/4486/4486
f 4486/4486/4486 4598/4598/4598 4490/4490/4490
f 4490/4490/4490 4598/4598/4598 4494/4494/4494
f 4494/4494/4494 4598/4598/4598 4498/4498/4498
f 4498/4498/4498 4598/4598/4598 4502/4502/4502
f 4502/4502/4502 4598/4598/4598 4506/4506/4506
f 4506/4506/4506 4598/4598/4598 4510/4510/4510
f 4510/4510/4510 4598/4598/4598 4514/4514/4514
f 4514/4514/4514 4598/4598/4598 4518/4518/4518
f 4518/4518/4518 4598/4598/4598 4522/4522/4522
f 4522/4522/4522 4598/4598/4598 4526/4526/4526
f 4526/4526/4526 4598/4598/4598 4530/4530/4530
f 4530/4530/4530 4598/4598/4598 4534/4534/4534
f 4534/4534/4534 4598/4598/4598 4538/4538/4538
f 4538/4538/4538 4598/4598/4598 4542/4542/4542
f 4542/4542/4542 4598/4598/4598 4546/4546/4546
f 4546/4546/4546 4598/4598/4598 4550/4550/4550
f 4550/4550/4550 4598/4598/4598 4554/4554/4554
f 4554/4554/4554 4598/4598/4598 4558/4558/4558
f 4558/4558/4558 4598/4598/4598 4562/4562/4562
f 4562/4562/4562 4598/4598/4598 4566/4566/4566
f 4566/4566/4566 4598/4598/4598 4570/4570/4570
f 4570/4570/4570 4598/4598/4598 4574/4574/4574
f 4574/4574/4574 4598/4598/4598 4578/4578/4578
f 4578/4578/4578 4598/4598/4598 4582/4582/4582
f 4582/4582/4582 4598/4598/4598 4586/4586/4586
f 4586/4586/4586 4598/4598/4598 4590/4590/4590
f 4590/4590/4590 4598/4598/4598 4594/4594/4594
f 4594/4594/4594 4598/4598/4598 4599/4599/4599
f 4599/4599/4599 4598/4598/4598 4603/4603/4603
f 4606/4606/4606 4480/4480/4480 4481/4481/4481
f 4603/4603/4603 4479/4479/4479 4604/4604/4604
f 4604/4604/4604 4480/4480/4480 4605/4605/4605
f 4603/4603/4603 4598/4598/4598 4478/4478/4478
f 4615/4615/4615 4627/4627/4627 4628/4628/4628
f 4612/4612/4612 4626/4626/4626 4613/4613/4613
f 4611/4611/4611 4623/4623/4623 4624/4624/4624
f 4609/4609/4609 4621/4621/4621 4622/4622/4622
f 4618/4618/4618 4630/4630/4630 4631/4631/4631
f 4615/4615/4615 4629/4629/4629 4616/4616/4616
f 4613/4613/4613 4627/4627/4627 4614/4614/4614
f 4612/4612/4612 4624/4624/4624 4625/4625/4625
f 4609/4609/4609 4623/4623/4623 4610/4610/4610
f 4607/4607/4607 4621/4621/4621 4608/4608/4608
f 4619/4619/4619 4631/4631/4631 4632/4632/4632
f 4617/4617/4617 4629/4629/4629 4630/4630/4630
f 4622/4622/4622 4636/4636/4636 4623/4623/4623
f 4620/4620/4620 4634/4634/4634 4621/4621/4621
f 4632/4632/4632 4644/4644/4644 4645/4645/4645
f 4629/4629/4629 4643/4643/4643 4630/4630/4630
f 4628/4628/4628 4640/4640/4640 4641/4641/4641
f 4626/4626/4626 4638/4638/4638 4639/4639/4639
f 4624/4624/4624 4636/4636/4636 4637/4637/4637
f 4622/4622/4622 4634/4634/4634 4635/4635/4635
f 4631/4631/4631 4643/4643/4643 4644/4644/4644
f 4628/4628/4628 4642/4642/4642 4629/4629/4629
f 4626/4626/4626 4640/4640/4640 4627/4627/4627
f 4624/4624/4624 4638/4638/4638 4625/4625/4625
f 4635/4635/4635 4649/4649/4649 4636/4636/4636
f 4634/4634/4634 4646/4646/4646 4647/4647/4647
f 4644/4644/4644 4658/4658/4658 4645/4645/4645
f 4642/4642/4642 4656/4656/4656 4643/4643/4643
f 4641/4641/4641 4653/4653/4653 4654/4654/4654
f 4639/4639/4639 4651/4651/4651 4652/4652/4652
f 4636/4636/4636 4650/4650/4650 4637/4637/4637
f 4635/4635/4635 4647/4647/4647 4648/4648/4648
f 4643/4643/4643 4657/4657/4657 4644/4644/4644
f 4642/4642/4642 4654/4654/4654 4655/4655/4655
f 4640/4640/4640 4652/4652/4652 4653/4653/4653
f 4637/4637/4637 4651/4651/4651 4638/4638/4638
f 4648/4648/4648 4662/4662/4662 4649/4649/4649
f 4646/4646/4646 4660/4660/4660 4647/4647/4647
f 4658/4658/4658 4670/4670/4670 4671/4671/4671
f 4656/4656/4656 4668/4668/4668 4669/4669/4669
f 4653/4653/4653 4667/4667/4667 4654/4654/4654
f 4651/4651/4651 4665/4665/4665 4652/4652/4652
f 4649/4649/4649 4663/4663/4663 4650/4650/4650
f 4648/4648/4648 4660/4660/4660 4661/4661/4661
f 4656/4656/4656 4670/4670/4670 4657/4657/4657
f 4654/4654/4654 4668/4668/4668 4655/4655/4655
f 4653/4653/4653 4665/4665/4665 4666/4666/4666
f 4651/4651/4651 4663/4663/4663 4664/4664/4664
f 4661/4661/4661 4675/4675/4675 4662/4662/4662
f 4660/4660/4660 4672/4672/4672 4673/4673/4673
f 4670/4670/4670 4684/4684/4684 4671/4671/4671
f 4668/4668/4668 4682/4682/4682 4669/4669/4669
f 4667/4667/4667 4679/4679/4679 4680/4680/4680
f 4665/4665/4665 4677/4677/4677 4678/4678/4678
f 4663/4663/4663 4675/4675/4675 4676/4676/4676
f 4661/4661/4661 4673/4673/4673 4674/4674/4674
f 4670/4670/4670 4682/4682/4682 4683/4683/4683
f 4667/4667/4667 4681/4681/4681 4668/4668/4668
f 4665/4665/4665 4679/4679/4679 4666/4666/4666
f 4663/4663/4663 4677/4677/4677 4664/4664/4664
f 4675/4675/4675 4687/4687/4687 4688/4688/4688
f 4672/4672/4672 4686/4686/4686 4673/4673/4673
f 4684/4684/4684 4696/4696/4696 4697/4697/4697
f 4682/4682/4682 4694/4694/4694 4695/4695/4695
f 4679/4679/4679 4693/4693/4693 4680/4680/4680
f 4678/4678/4678 4690/4690/4690 4691/4691/4691
f 4676/4676/4676 4688/4688/4688 4689/4689/4689
f 4673/4673/4673 4687/4687/4687 4674/4674/4674
f 4683/4683/4683 4695/4695/4695 4696/4696/4696
f 4681/4681/4681 4693/4693/4693 4694/4694/4694
f 4678/4678/4678 4692/4692/4692 4679/4679/4679
f 4676/4676/4676 4690/4690/4690 4677/4677/4677
f 4688/4688/4688 4700/4700/4700 4701/4701/4701
f 4686/4686/4686 4698/4698/4698 4699/4699/4699
f 4696/4696/4696 4710/4710/4710 4697/4697/4697
f 4695/4695/4695 4707/4707/4707 4708/4708/4708
f 4692/4692/4692 4706/4706/4706 4693/4693/4693
f 4691/4691/4691 4703/4703/4703 4704/4704/4704
f 4688/4688/4688 4702/4702/4702 4689/4689/4689
f 4686/4686/4686 4700/4700/4700 4687/4687/4687
f 4695/4695/4695 4709/4709/4709 4696/4696/4696
f 4694/4694/4694 4706/4706/4706 4707/4707/4707
f 4692/4692/4692 4704/4704/4704 4705/4705/4705
f 4689/4689/4689 4703/4703/4703 4690/4690/4690
f 4701/4701/4701 4713/4713/4713 4714/4714/4714
f 4699/4699/4699 4711/4711/4711 4712/4712/4712
f 4710/4710/4710 4722/4722/4722 4723/4723/4723
f 4707/4707/4707 4721/4721/4721 4708/4708/4708
f 4705/4705/4705 4719/4719/4719 4706/4706/4706
f 4704/4704/4704 4716/4716/4716 4717/4717/4717
f 4701/4701/4701 4715/4715/4715 4702/4702/4702
f 4699/4699/4699 4713/4713/4713 4700/4700/4700
f 4709/4709/4709 4721/4721/4721 4722/4722/4722
f 4707/4707/4707 4719/4719/4719 4720/4720/4720
f 4705/4705/4705 4717/4717/4717 4718/4718/4718
f 4702/4702/4702 4716/4716/4716 4703/4703/4703
f 4713/4713/4713 4727/4727/4727 4714/4714/4714
f 4711/4711/4711 4725/4725/4725 4712/4712/4712
f 4723/4723/4723 4735/4735/4735 4736/4736/4736
f 4721/4721/4721 4733/4733/4733 4734/4734/4734
f 4719/4719/4719 4731/4731/4731 4732/4732/4732
f 4716/4716/4716 4730/4730/4730 4717/4717/4717
f 4715/4715/4715 4727/4727/4727 4728/4728/4728
f 4713/4713/4713 4725/4725/4725 4726/4726/4726
f 4721/4721/4721 4735/4735/4735 4722/4722/4722
f 4719/4719/4719 4733/4733/4733 4720/4720/4720
f 4717/4717/4717 4731/4731/4731 4718/4718/4718
f 4716/4716/4716 4728/4728/4728 4729/4729/4729
f 4726/4726/4726 4740/4740/4740 4727/4727/4727
f 4724/4724/4724 4738/4738/4738 4725/4725/4725
f 4736/4736/4736 4748/4748/4748 4749/4749/4749
f 4733/4733/4733 4747/4747/4747 4734/4734/4734
f 4732/4732/4732 4744/4744/4744 4745/4745/4745
f 4730/4730/4730 4742/4742/4742 4743/4743/4743
f 4728/4728/4728 4740/4740/4740 4741/4741/4741
f 4726/4726/4726 4738/4738/4738 4739/4739/4739
f 4735/4735/4735 4747/4747/4747 4748/4748/4748
f 4732/4732/4732 4746/4746/4746 4733/4733/4733
f 4730/4730/4730 4744/4744/4744 4731/4731/4731
f 4728/4728/4728 4742/4742/4742 4729/4729/4729
f 4739/4739/4739 4753/4753/4753 4740/4740/4740
f 4738/4738/4738 4750/4750/4750 4751/4751/4751
f 4748/4748/4748 4762/4762/4762 4749/4749/4749
f 4746/4746/4746 4760/4760/4760 4747/4747/4747
f 4745/4745/4745 4757/4757/4757 4758/4758/4758
f 4743/4743/4743 4755/4755/4755 4756/4756/4756
f 4740/4740/4740 4754/4754/4754 4741/4741/4741
f 4739/4739/4739 4751/4751/4751 4752/4752/4752
f 4747/4747/4747 4761/4761/4761 4748/4748/4748
f 4745/4745/4745 4759/4759/4759 4746/4746/4746
f 4744/4744/4744 4756/4756/4756 4757/4757/4757
f 4741/4741/4741 4755/4755/4755 4742/4742/4742
f 4753/4753/4753 4765/4765/4765 4766/4766/4766
f 4750/4750/4750 4764/4764/4764 4751/4751/4751
f 4762/4762/4762 4774/4774/4774 4775/4775/4775
f 4759/4759/4759 4773/4773/4773 4760/4760/4760
f 4758/4758/4758 4770/4770/4770 4771/4771/4771
f 4755/4755/4755 4769/4769/4769 4756/4756/4756
f 4753/4753/4753 4767/4767/4767 4754/4754/4754
f 4752/4752/4752 4764/4764/4764 4765/4765/4765
f 4760/4760/4760 4774/4774/4774 4761/4761/4761
f 4758/4758/4758 4772/4772/4772 4759/4759/4759
f 4757/4757/4757 4769/4769/4769 4770/4770/4770
f 4755/4755/4755 4767/4767/4767 4768/4768/4768
f 4765/4765/4765 4779/4779/4779 4766/4766/4766
f 4764/4764/4764 4776/4776/4776 4777/4777/4777
f 4774/4774/4774 4788/4788/4788 4775/4775/4775
f 4772/4772/4772 4786/4786/4786 4773/4773/4773
f 4771/4771/4771 4783/4783/4783 4784/4784/4784
f 4769/4769/4769 4781/4781/4781 4782/4782/4782
f 4767/4767/4767 4779/4779/4779 4780/4780/4780
f 4765/4765/4765 4777/4777/4777 4778/4778/4778
f 4774/4774/4774 4786/4786/4786 4787/4787/4787
f 4771/4771/4771 4785/4785/4785 4772/4772/4772
f 4769/4769/4769 4783/4783/4783 4770/4770/4770
f 4767/4767/4767 4781/4781/4781 4768/4768/4768
f 4779/4779/4779 4791/4791/4791 4792/4792/4792
f 4776/4776/4776 4790/4790/4790 4777/4777/4777
f 4788/4788/4788 4800/4800/4800 4801/4801/4801
f 4786/4786/4786 4798/4798/4798 4799/4799/4799
f 4783/4783/4783 4797/4797/4797 4784/4784/4784
f 4782/4782/4782 4794/4794/4794 4795/4795/4795
f 4780/4780/4780 4792/4792/4792 4793/4793/4793
f 4777/4777/4777 4791/4791/4791 4778/4778/4778
f 4787/4787/4787 4799/4799/4799 4800/4800/4800
f 4785/4785/4785 4797/4797/4797 4798/4798/4798
f 4782/4782/4782 4796/4796/4796 4783/4783/4783
f 4780/4780/4780 4794/4794/4794 4781/4781/4781
f 4792/4792/4792 4804/4804/4804 4805/4805/4805
f 4790/4790/4790 4802/4802/4802 4803/4803/4803
f 4800/4800/4800 4814/4814/4814 4801/4801/4801
f 4799/4799/4799 4811/4811/4811 4812/4812/4812
f 4796/4796/4796 4810/4810/4810 4797/4797/4797
f 4795/4795/4795 4807/4807/4807 4808/4808/4808
f 4792/4792/4792 4806/4806/4806 4793/4793/4793
f 4790/4790/4790 4804/4804/4804 4791/4791/4791
f 4799/4799/4799 4813/4813/4813 4800/4800/4800
f 4798/4798/4798 4810/4810/4810 4811/4811/4811
f 4796/4796/4796 4808/4808/4808 4809/4809/4809
f 4793/4793/4793 4807/4807/4807 4794/4794/4794
f 4805/4805/4805 4817/4817/4817 4818/4818/4818
f 4803/4803/4803 4815/4815/4815 4816/4816/4816
f 4814/4814/4814 4826/4826/4826 4827/4827/4827
f 4811/4811/4811 4825/4825/4825 4812/4812/4812
f 4809/4809/4809 4823/4823/4823 4810/4810/4810
f 4808/4808/4808 4820/4820/4820 4821/4821/4821
f 4805/4805/4805 4819/4819/4819 4806/4806/4806
f 4803/4803/4803 4817/4817/4817 4804/4804/4804
f 4813/4813/4813 4825/4825/4825 4826/4826/4826
f 4811/4811/4811 4823/4823/4823 4824/4824/4824
f 4809/4809/4809 4821/4821/4821 4822/4822/4822
f 4806/4806/4806 4820/4820/4820 4807/4807/4807
f 4817/4817/4817 4831/4831/4831 4818/4818/4818
f 4815/4815/4815 4829/4829/4829 4816/4816/4816
f 4826/4826/4826 4840/4840/4840 4827/4827/4827
f 4825/4825/4825 4837/4837/4837 4838/4838/4838
f 4823/4823/4823 4835/4835/4835 4836/4836/4836
f 4820/4820/4820 4834/4834/4834 4821/4821/4821
f 4819/4819/4819 4831/4831/4831 4832/4832/4832
f 4817/4817/4817 4829/4829/4829 4830/4830/4830
f 4825/4825/4825 4839/4839/4839 4826/4826/4826
f 4823/4823/4823 4837/4837/4837 4824/4824/4824
f 4821/4821/4821 4835/4835/4835 4822/4822/4822
f 4820/4820/4820 4832/4832/4832 4833/4833/4833
f 4830/4830/4830 4844/4844/4844 4831/4831/4831
f 4828/4828/4828 4842/4842/4842 4829/4829/4829
f 4840/4840/4840 4852/4852/4852 4853/4853/4853
f 4837/4837/4837 4851/4851/4851 4838/4838/4838
f 4836/4836/4836 4848/4848/4848 4849/4849/4849
f 4834/4834/4834 4846/4846/4846 4847/4847/4847
f 4832/4832/4832 4844/4844/4844 4845/4845/4845
f 4830/4830/4830 4842/4842/4842 4843/4843/4843
f 4839/4839/4839 4851/4851/4851 4852/4852/4852
f 4836/4836/4836 4850/4850/4850 4837/4837/4837
f 4834/4834/4834 4848/4848/4848 4835/4835/4835
f 4832/4832/4832 4846/4846/4846 4833/4833/4833
f 4843/4843/4843 4857/4857/4857 4844/4844/4844
f 4842/4842/4842 4854/4854/4854 4855/4855/4855
f 4852/4852/4852 4866/4866/4866 4853/4853/4853
f 4850/4850/4850 4864/4864/4864 4851/4851/4851
f 4849/4849/4849 4861/4861/4861 4862/4862/4862
f 4847/4847/4847 4859/4859/4859 4860/4860/4860
f 4844/4844/4844 4858/4858/4858 4845/4845/4845
f 4843/4843/4843 4855/4855/4855 4856/4856/4856
f 4851/4851/4851 4865/4865/4865 4852/4852/4852
f 4849/4849/4849 4863/4863/4863 4850/4850/4850
f 4848/4848/4848 4860/4860/4860 4861/4861/4861
f 4845/4845/4845 4859/4859/4859 4846/4846/4846
f 4857/4857/4857 4869/4869/4869 4870/4870/4870
f 4855/4855/4855 4867/4867/4867 4868/4868/4868
f 4866/4866/4866 4878/4878/4878 4879/4879/4879
f 4864/4864/4864 4876/4876/4876 4877/4877/4877
f 4862/4862/4862 4874/4874/4874 4875/4875/4875
f 4859/4859/4859 4873/4873/4873 4860/4860/4860
f 4857/4857/4857 4871/4871/4871 4858/4858/4858
f 4856/4856/4856 4868/4868/4868 4869/4869/4869
f 4864/4864/4864 4878/4878/4878 4865/4865/4865
f 4862/4862/4862 4876/4876/4876 4863/4863/4863
f 4861/4861/4861 4873/4873/4873 4874/4874/4874
f 4859/4859/4859 4871/4871/4871 4872/4872/4872
f 4869/4869/4869 4883/4883/4883 4870/4870/4870
f 4868/4868/4868 4880/4880/4880 4881/4881/4881
f 4878/4878/4878 4892/4892/4892 4879/4879/4879
f 4877/4877/4877 4889/4889/4889 4890/4890/4890
f 4874/4874/4874 4888/4888/4888 4875/4875/4875
f 4873/4873/4873 4885/4885/4885 4886/4886/4886
f 4871/4871/4871 4883/4883/4883 4884/4884/4884
f 4868/4868/4868 4882/4882/4882 4869/4869/4869
f 4878/4878/4878 4890/4890/4890 4891/4891/4891
f 4876/4876/4876 4888/4888/4888 4889/4889/4889
f 4873/4873/4873 4887/4887/4887 4874/4874/4874
f 4871/4871/4871 4885/4885/4885 4872/4872/4872
f 4883/4883/4883 4896/4896/4896 4897/4897/4897
f 4880/4880/4880 4895/4895/4895 4881/4881/4881
f 4892/4892/4892 4905/4905/4905 4906/4906/4906
f 4890/4890/4890 4903/4903/4903 4904/4904/4904
f 4887/4887/4887 4902/4902/4902 4888/4888/4888
f 4885/4885/4885 4900/4900/4900 4886/4886/4886
f 4884/4884/4884 4897/4897/4897 4898/4898/4898
f 4881/4881/4881 4896/4896/4896 4882/4882/4882
f 4891/4891/4891 4904/4904/4904 4905/4905/4905
f 4889/4889/4889 4902/4902/4902 4903/4903/4903
f 4886/4886/4886 4901/4901/4901 4887/4887/4887
f 4885/4885/4885 4898/4898/4898 4899/4899/4899
f 4897/4897/4897 4909/4909/4909 4910/4910/4910
f 4895/4895/4895 4907/4907/4907 4908/4908/4908
f 4905/4905/4905 4919/4919/4919 4906/4906/4906
f 4904/4904/4904 4916/4916/4916 4917/4917/4917
f 4901/4901/4901 4915/4915/4915 4902/4902/4902
f 4899/4899/4899 4913/4913/4913 4900/4900/4900
f 4897/4897/4897 4911/4911/4911 4898/4898/4898
f 4895/4895/4895 4909/4909/4909 4896/4896/4896
f 4904/4904/4904 4918/4918/4918 4905/4905/4905
f 4903/4903/4903 4915/4915/4915 4916/4916/4916
f 4901/4901/4901 4913/4913/4913 4914/4914/4914
f 4899/4899/4899 4911/4911/4911 4912/4912/4912
f 4910/4910/4910 4922/4922/4922 4923/4923/4923
f 4908/4908/4908 4920/4920/4920 4921/4921/4921
f 4919/4919/4919 4931/4931/4931 4932/4932/4932
f 4916/4916/4916 4930/4930/4930 4917/4917/4917
f 4914/4914/4914 4928/4928/4928 4915/4915/4915
f 4913/4913/4913 4925/4925/4925 4926/4926/4926
f 4910/4910/4910 4924/4924/4924 4911/4911/4911
f 4908/4908/4908 4922/4922/4922 4909/4909/4909
f 4918/4918/4918 4930/4930/4930 4931/4931/4931
f 4916/4916/4916 4928/4928/4928 4929/4929/4929
f 4914/4914/4914 4926/4926/4926 4927/4927/4927
f 4911/4911/4911 4925/4925/4925 4912/4912/4912
f 4922/4922/4922 4936/4936/4936 4923/4923/4923
f 4920/4920/4920 4934/4934/4934 4921/4921/4921
f 4931/4931/4931 4945/4945/4945 4932/4932/4932
f 4930/4930/4930 4942/4942/4942 4943/4943/4943
f 4928/4928/4928 4940/4940/4940 4941/4941/4941
f 4925/4925/4925 4939/4939/4939 4926/4926/4926
f 4924/4924/4924 4936/4936/4936 4937/4937/4937
f 4922/4922/4922 4934/4934/4934 4935/4935/4935
f 4930/4930/4930 4944/4944/4944 4931/4931/4931
f 4928/4928/4928 4942/4942/4942 4929/4929/4929
f 4926/4926/4926 4940/4940/4940 4927/4927/4927
f 4925/4925/4925 4937/4937/4937 4938/4938/4938
f 4935/4935/4935 4949/4949/4949 4936/4936/4936
f 4933/4933/4933 4947/4947/4947 4934/4934/4934
f 4945/4945/4945 4957/4957/4957 4958/4958/4958
f 4942/4942/4942 4956/4956/4956 4943/4943/4943
f 4941/4941/4941 4953/4953/4953 4954/4954/4954
f 4938/4938/4938 4952/4952/4952 4939/4939/4939
f 4937/4937/4937 4949/4949/4949 4950/4950/4950
f 4935/4935/4935 4947/4947/4947 4948/4948/4948
f 4944/4944/4944 4956/4956/4956 4957/4957/4957
f 4941/4941/4941 4955/4955/4955 4942/4942/4942
f 4939/4939/4939 4953/4953/4953 4940/4940/4940
f 4938/4938/4938 4950/4950/4950 4951/4951/4951
f 4948/4948/4948 4962/4962/4962 4949/4949/4949
f 4947/4947/4947 4959/4959/4959 4960/4960/4960
f 4957/4957/4957 4971/4971/4971 4958/4958/4958
f 4955/4955/4955 4969/4969/4969 4956/4956/4956
f 4954/4954/4954 4966/4966/4966 4967/4967/4967
f 4951/4951/4951 4965/4965/4965 4952/4952/4952
f 4949/4949/4949 4963/4963/4963 4950/4950/4950
f 4948/4948/4948 4960/4960/4960 4961/4961/4961
f 4956/4956/4956 4970/4970/4970 4957/4957/4957
f 4954/4954/4954 4968/4968/4968 4955/4955/4955
f 4953/4953/4953 4965/4965/4965 4966/4966/4966
f 4951/4951/4951 4963/4963/4963 4964/4964/4964
f 4962/4962/4962 4974/4974/4974 4975/4975/4975
f 4959/4959/4959 4973/4973/4973 4960/4960/4960
f 4971/4971/4971 4983/4983/4983 4984/4984/4984
f 4968/4968/4968 4982/4982/4982 4969/4969/4969
f 4966/4966/4966 4980/4980/4980 4967/4967/4967
f 4964/4964/4964 4978/4978/4978 4965/4965/4965
f 4962/4962/4962 4976/4976/4976 4963/4963/4963
f 4960/4960/4960 4974/4974/4974 4961/4961/4961
f 4969/4969/4969 4983/4983/4983 4970/4970/4970
f 4967/4967/4967 4981/4981/4981 4968/4968/4968
f 4966/4966/4966 4978/4978/4978 4979/4979/4979
f 4964/4964/4964 4976/4976/4976 4977/4977/4977
f 4975/4975/4975 4987/4987/4987 4988/4988/4988
f 4973/4973/4973 4985/4985/4985 4986/4986/4986
f 4983/4983/4983 4997/4997/4997 4984/4984/4984
f 4981/4981/4981 4995/4995/4995 4982/4982/4982
f 4979/4979/4979 4993/4993/4993 4980/4980/4980
f 4978/4978/4978 4990/4990/4990 4991/4991/4991
f 4976/4976/4976 4988/4988/4988 4989/4989/4989
f 4973/4973/4973 4987/4987/4987 4974/4974/4974
f 4983/4983/4983 4995/4995/4995 4996/4996/4996
f 4981/4981/4981 4993/4993/4993 4994/4994/4994
f 4978/4978/4978 4992/4992/4992 4979/4979/4979
f 4976/4976/4976 4990/4990/4990 4977/4977/4977
f 4988/4988/4988 5000/5000/5000 5001/5001/5001
f 4985/4985/4985 4999/4999/4999 4986/4986/4986
f 4997/4997/4997 5009/5009/5009 5010/5010/5010
f 4995/4995/4995 5007/5007/5007 5008/5008/5008
f 4992/4992/4992 5006/5006/5006 4993/4993/4993
f 4991/4991/4991 5003/5003/5003 5004/5004/5004
f 4989/4989/4989 5001/5001/5001 5002/5002/5002
f 4986/4986/4986 5000/5000/5000 4987/4987/4987
f 4996/4996/4996 5008/5008/5008 5009/5009/5009
f 4994/4994/4994 5006/5006/5006 5007/5007/5007
f 4991/4991/4991 5005/5005/5005 4992/4992/4992
f 4989/4989/4989 5003/5003/5003 4990/4990/4990
f 5001/5001/5001 5013/5013/5013 5014/5014/5014
f 4999/4999/4999 5011/5011/5011 5012/5012/5012
f 5009/5009/5009 5023/5023/5023 5010/5010/5010
f 5008/5008/5008 5020/5020/5020 5021/5021/5021
f 5005/5005/5005 5019/5019/5019 5006/5006/5006
f 5004/5004/5004 5016/5016/5016 5017/5017/5017
f 5001/5001/5001 5015/5015/5015 5002/5002/5002
f 4999/4999/4999 5013/5013/5013 5000/5000/5000
f 5008/5008/5008 5022/5022/5022 5009/5009/5009
f 5007/5007/5007 5019/5019/5019 5020/5020/5020
f 5005/5005/5005 5017/5017/5017 5018/5018/5018
f 5002/5002/5002 5016/5016/5016 5003/5003/5003
f 4893/4893/4893 4619/4619/4619 4632/4632/4632
f 4893/4893/4893 4632/4632/4632 4645/4645/4645
f 4893/4893/4893 4645/4645/4645 4658/4658/4658
f 4893/4893/4893 4658/4658/4658 4671/4671/4671
f 4893/4893/4893 4671/4671/4671 4684/4684/4684
f 4893/4893/4893 4684/4684/4684 4697/4697/4697
f 4893/4893/4893 4697/4697/4697 4710/4710/4710
f 4893/4893/4893 4710/4710/4710 4723/4723/4723
f 4893/4893/4893 4723/4723/4723 4736/4736/4736
f 4893/4893/4893 4736/4736/4736 4749/4749/4749
f 4893/4893/4893 4749/4749/4749 4762/4762/4762
f 4893/4893/4893 4762/4762/4762 4775/4775/4775
f 4893/4893/4893 4775/4775/4775 4788/4788/4788
f 4893/4893/4893 4788/4788/4788 4801/4801/4801
f 4893/4893/4893 4801/4801/4801 4814/4814/4814
f 4893/4893/4893 4814/4814/4814 4827/4827/4827
f 4893/4893/4893 4827/4827/4827 4840/4840/4840
f 4893/4893/4893 4840/4840/4840 4853/4853/4853
f 4893/4893/4893 4853/4853/4853 4866/4866/4866
f 4893/4893/4893 4866/4866/4866 4879/4879/4879
f 4893/4893/4893 4879/4879/4879 4892/4892/4892
f 4893/4893/4893 4892/4892/4892 4906/4906/4906
f 4893/4893/4893 4906/4906/4906 4919/4919/4919
f 4893/4893/4893 4919/4919/4919 4932/4932/4932
f 4893/4893/4893 4932/4932/4932 4945/4945/4945
f 4893/4893/4893 4945/4945/4945 4958/4958/4958
f 4893/4893/4893 4958/4958/4958 4971/4971/4971
f 4893/4893/4893 4971/4971/4971 4984/4984/4984
f 4893/4893/4893 4984/4984/4984 4997/4997/4997
f 4893/4893/4893 4997/4997/4997 5010/5010/5010
f 4893/4893/4893 5010/5010/5010 5023/5023/5023
f 5014/5014/5014 4609/4609/4609 4610/4610/4610
f 5012/5012/5012 4607/4607/4607 4608/4608/4608
f 5022/5022/5022 4619/4619/4619 5023/5023/5023
f 5020/5020/5020 4617/4617/4617 5021/5021/5021
f 5018/5018/5018 4615/4615/4615 5019/5019/5019
f 5017/5017/5017 4612/4612/4612 4613/4613/4613
f 5014/5014/5014 4611/4611/4611 5015/5015/5015
f 5012/5012/5012 4609/4609/4609 5013/5013/5013
f 4893/4893/4893 5023/5023/5023 4619/4619/4619
f 5021/5021/5021 4618/4618/4618 5022/5022/5022
f 5020/5020/5020 4615/4615/4615 4616/4616/4616
f 5018/5018/5018 4613/4613/4613 4614/4614/4614
f 5015/5015/5015 4612/4612/4612 5016/5016/5016
f 4481/4481/4481 5011/5011/5011 4606/4606/4606
f 5011/5011/5011 4602/4602/4602 4606/4606/4606
f 4998/4998/4998 4597/4597/4597 4602/4602/4602
f 4985/4985/4985 4593/4593/4593 4597/4597/4597
f 4593/4593/4593 4959/4959/4959 4589/4589/4589
f 4589/4589/4589 4946/4946/4946 4585/4585/4585
f 4585/4585/4585 4933/4933/4933 4581/4581/4581
f 4933/4933/4933 4577/4577/4577 4581/4581/4581
f 4577/4577/4577 4907/4907/4907 4573/4573/4573
f 4907/4907/4907 4569/4569/4569 4573/4573/4573
f 4894/4894/4894 4565/4565/4565 4569/4569/4569
f 4880/4880/4880 4561/4561/4561 4565/4565/4565
f 4561/4561/4561 4854/4854/4854 4557/4557/4557
f 4557/4557/4557 4841/4841/4841 4553/4553/4553
f 4553/4553/4553 4828/4828/4828 4549/4549/4549
f 4828/4828/4828 4545/4545/4545 4549/4549/4549
f 4545/4545/4545 4802/4802/4802 4541/4541/4541
f 4802/4802/4802 4537/4537/4537 4541/4541/4541
f 4789/4789/4789 4533/4533/4533 4537/4537/4537
f 4776/4776/4776 4529/4529/4529 4533/4533/4533
f 4529/4529/4529 4750/4750/4750 4525/4525/4525
f 4525/4525/4525 4737/4737/4737 4521/4521/4521
f 4521/4521/4521 4724/4724/4724 4517/4517/4517
f 4724/4724/4724 4513/4513/4513 4517/4517/4517
f 4513/4513/4513 4698/4698/4698 4509/4509/4509
f 4698/4698/4698 4505/4505/4505 4509/4509/4509
f 4685/4685/4685 4501/4501/4501 4505/4505/4505
f 4672/4672/4672 4497/4497/4497 4501/4501/4501
f 4497/4497/4497 4646/4646/4646 4493/4493/4493
f 4493/4493/4493 4633/4633/4633 4489/4489/4489
f 4489/4489/4489 4620/4620/4620 4485/4485/4485
f 4620/4620/4620 4481/4481/4481 4485/4485/4485
f 4/4/4 3/3/3 2/2/2
f 8/8/8 7/7/7 6/6/6
f 13/13/13 16/16/16 15/15/15
f 17/17/17 28/28/28 19/19/19
f 32/32/32 31/31/31 30/30/30
f 36/36/36 35/35/35 34/34/34
f 37/37/37 40/40/40 39/39/39
f 21/21/21 22/22/22 23/23/23
f 25/25/25 26/26/26 27/27/27
f 41/41/41 44/44/44 43/43/43
f 48/48/48 47/47/47 46/46/46
f 52/52/52 51/51/51 50/50/50
f 53/53/53 56/56/56 55/55/55
f 60/60/60 59/59/59 58/58/58
f 29/29/29 30/30/30 62/62/62
f 66/66/66 65/65/65 64/64/64
f 67/67/67 5/5/5 6/6/6
f 72/72/72 71/71/71 70/70/70
f 76/76/76 75/75/75 74/74/74
f 77/77/77 80/80/80 79/79/79
f 81/81/81 84/84/84 83/83/83
f 59/59/59 87/87/87 86/86/86
f 88/88/88 91/91/91 90/90/90
f 96/96/96 95/95/95 94/94/94
f 100/100/100 99/99/99 98/98/98
f 101/101/101 104/104/104 103/103/103
f 106/106/106 105/105/105 34/34/34
f 108/108/108 116/116/116 115/115/115
f 117/117/117 119/119/119 36/36/36
f 124/124/124 127/127/127 126/126/126
f 131/131/131 130/130/130 129/129/129
f 132/132/132 102/102/102 134/134/134
f 142/142/142 141/141/141 140/140/140
f 148/148/148 106/106/106 60/60/60
f 144/144/144 143/143/143 127/127/127
f 149/149/149 152/152/152 151/151/151
f 156/156/156 155/155/155 154/154/154
f 159/159/159 150/150/150 158/158/158
f 116/116/116 108/108/108 164/164/164
f 171/171/171 170/170/170 169/169/169
f 174/174/174 126/126/126 173/173/173
f 179/179/179 182/182/182 181/181/181
f 186/186/186 189/189/189 188/188/188
f 194/194/194 197/197/197 196/196/196
f 199/199/199 142/142/142 139/139/139
f 206/206/206 209/209/209 208/208/208
f 213/213/213 212/212/212 211/211/211
f 202/202/202 215/215/215 214/214/214
f 96/96/96 93/93/93 216/216/216
f 92/92/92 238/238/238 43/43/43
f 97/97/97 184/184/184 246/246/246
f 250/250/250 249/249/249 229/229/229
f 252/252/252 254/254/254 58/58/58
f 258/258/258 257/257/257 256/256/256
f 260/260/260 91/91/91 229/229/229
f 110/110/110 111/111/111 112/112/112
f 114/114/114 264/264/264 263/263/263
f 265/265/265 268/268/268 267/267/267
f 56/56/56 53/53/53 270/270/270
f 274/274/274 273/273/273 249/249/249
f 185/185/185 183/183/183 63/63/63
f 280/280/280 279/279/279 278/278/278
f 285/285/285 284/284/284 283/283/283
f 288/288/288 219/219/219 211/211/211
f 141/141/141 142/142/142 92/92/92
f 289/289/289 290/290/290 175/175/175
f 148/148/148 116/116/116 105/105/105
f 312/312/312 311/311/311 170/170/170
f 238/238/238 262/262/262 42/42/42
f 318/318/318 163/163/163 160/160/160
f 310/310/310 309/309/309 308/308/308
f 241/241/241 239/239/239 325/325/325
f 160/160/160 230/230/230 240/240/240
f 47/47/47 48/48/48 307/307/307
f 108/108/108 109/109/109 315/315/315
f 345/345/345 85/85/85 86/86/86
f 348/348/348 351/351/351 350/350/350
f 356/356/356 359/359/359 358/358/358
f 355/355/355 354/354/354 353/353/353
f 363/363/363 31/31/31 32/32/32
f 364/364/364 252/252/252 253/253/253
f 366/366/366 125/125/125 368/368/368
f 183/183/183 372/372/372 371/371/371
f 163/163/163 162/162/162 161/161/161
f 209/209/209 226/226/226 101/101/101
f 378/378/378 377/377/377 165/165/165
f 379/379/379 295/295/295 381/381/381
f 383/383/383 382/382/382 3/3/3
f 284/284/284 285/285/285 386/386/386
f 387/387/387 127/127/127 389/389/389
f 391/391/391 259/259/259 229/229/229
f 73/73/73 281/281/281 397/397/397
f 405/405/405 408/408/408 407/407/407
f 203/203/203 218/218/218 411/411/411
f 414/414/414 121/121/121 413/413/413
f 1/1/1 356/356/356 357/357/357
f 277/277/277 276/276/276 131/131/131
f 254/254/254 344/344/344 57/57/57
f 358/358/358 384/384/384 415/415/415
f 417/417/417 416/416/416 386/386/386
f 401/401/401 400/400/400 192/192/192
f 419/419/419 389/389/389 127/127/127
f 421/421/421 181/181/181 182/182/182
f 103/103/103 301/301/301 302/302/302
f 428/428/428 367/367/367 368/368/368
f 380/380/380 390/390/390 359/359/359
f 62/62/62 204/204/204 266/266/266
f 140/140/140 141/141/141 431/431/431
f 357/357/357 358/358/358 351/351/351
f 356/356/356 1/1/1 379/379/379
f 415/415/415 392/392/392 403/403/403
f 437/437/437 428/428/428 436/436/436
f 438/438/438 441/441/441 440/440/440
f 188/188/188 451/451/451 450/450/450
f 265/265/265 455/455/455 181/181/181
f 224/224/224 185/185/185 64/64/64
f 237/237/237 212/212/212 213/213/213
f 275/275/275 131/131/131 128/128/128
f 281/281/281 282/282/282 460/460/460
f 50/50/50 462/462/462 79/79/79
f 73/73/73 74/74/74 282/282/282
f 468/468/468 467/467/467 466/466/466
f 390/390/390 355/355/355 352/352/352
f 482/482/482 485/485/485 484/484/484
f 489/489/489 488/488/488 487/487/487
f 493/493/493 496/496/496 495/495/495
f 472/472/472 471/471/471 470/470/470
f 502/502/502 501/501/501 500/500/500
f 220/220/220 221/221/221 222/222/222
f 512/512/512 419/419/419 143/143/143
f 518/518/518 517/517/517 511/511/511
f 513/513/513 239/239/239 230/230/230
f 205/205/205 30/30/30 31/31/31
f 189/189/189 370/370/370 451/451/451
f 163/163/163 318/318/318 532/532/532
f 533/533/533 224/224/224 225/225/225
f 446/446/446 448/448/448 447/447/447
f 335/335/335 541/541/541 540/540/540
f 544/544/544 512/512/512 546/546/546
f 329/329/329 519/519/519 291/291/291
f 199/199/199 534/534/534 262/262/262
f 385/385/385 386/386/386 416/416/416
f 532/532/532 190/190/190 191/191/191
f 363/363/363 117/117/117 118/118/118
f 578/578/578 581/581/581 580/580/580
f 573/573/573 572/572/572 571/571/571
f 561/561/561 563/563/563 562/562/562
f 241/241/241 260/260/260 259/259/259
f 590/590/590 593/593/593 592/592/592
f 545/545/545 546/546/546 595/595/595
f 503/503/503 154/154/154 155/155/155
f 606/606/606 625/625/625 624/624/624
f 478/478/478 481/481/481 480/480/480
f 646/646/646 649/649/649 648/648/648
f 590/590/590 591/591/591 689/689/689
f 564/564/564 565/565/565 651/651/651
f 728/728/728 246/246/246 184/184/184
f 714/714/714 724/724/724 716/716/716
f 692/692/692 574/574/574 575/575/575
f 541/541/541 335/335/335 581/581/581
f 346/346/346 68/68/68 248/248/248
f 161/161/161 231/231/231 230/230/230
f 128/128/128 129/129/129 94/94/94
f 698/698/698 705/705/705 704/704/704
f 574/574/574 577/577/577 576/576/576
f 290/290/290 289/289/289 401/401/401
f 630/630/630 631/631/631 725/725/725
f 733/733/733 736/736/736 735/735/735
f 755/755/755 466/466/466 496/496/496
f 759/759/759 480/480/480 481/481/481
f 757/757/757 763/763/763 762/762/762
f 764/764/764 496/496/496 466/466/466
f 768/768/768 767/767/767 3808/3808/3808
f 759/759/759 760/760/760 488/488/488
f 492/492/492 474/474/474 475/475/475
f 474/474/474 770/770/770 769/769/769
f 773/773/773 468/468/468 465/465/465
f 771/771/771 774/774/774 486/486/486
f 484/484/484 485/485/485 775/775/775
f 774/774/774 776/776/776 489/489/489
f 495/495/495 496/496/496 764/764/764
f 495/495/495 757/757/757 761/761/761
f 137/137/137 397/397/397 784/784/784
f 325/325/325 239/239/239 797/797/797
f 165/165/165 519/519/519 51/51/51
f 369/369/369 32/32/32 29/29/29
f 730/730/730 731/731/731 568/568/568
f 90/90/90 302/302/302 301/301/301
f 243/243/243 118/118/118 516/516/516
f 800/800/800 734/734/734 806/806/806
f 817/817/817 815/815/815 808/808/808
f 816/816/816 808/808/808 823/823/823
f 306/306/306 303/303/303 447/447/447
f 815/815/815 810/810/810 809/809/809
f 829/829/829 830/830/830 828/828/828
f 726/726/726 725/725/725 501/501/501
f 274/274/274 427/427/427 424/424/424
f 879/879/879 882/882/882 881/881/881
f 884/884/884 883/883/883 879/879/879
f 219/219/219 218/218/218 217/217/217
f 906/906/906 905/905/905 904/904/904
f 455/455/455 204/204/204 205/205/205
f 898/898/898 882/882/882 830/830/830
f 903/903/903 900/900/900 880/880/880
f 377/377/377 291/291/291 519/519/519
f 923/923/923 949/949/949 948/948/948
f 946/946/946 947/947/947 951/951/951
f 3519/3519/3519 740/740/740 739/739/739
f 900/900/900 899/899/899 886/886/886
f 225/225/225 64/64/64 65/65/65
f 182/182/182 445/445/445 442/442/442
f 809/809/809 952/952/952 947/947/947
f 954/954/954 960/960/960 962/962/962
f 927/927/927 950/950/950 965/965/965
f 885/885/885 879/879/879 880/880/880
f 925/925/925 927/927/927 966/966/966
f 343/343/343 342/342/342 341/341/341
f 965/965/965 964/964/964 971/971/971
f 968/968/968 971/971/971 970/970/970
f 972/972/972 968/968/968 969/969/969
f 963/963/963 961/961/961 981/981/981
f 336/336/336 337/337/337 338/338/338
f 992/992/992 993/993/993 827/827/827
f 810/810/810 815/815/815 996/996/996
f 1007/1007/1007 1001/1001/1001 1002/1002/1002
f 1012/1012/1012 826/826/826 827/827/827
f 1011/1011/1011 1009/1009/1009 1007/1007/1007
f 294/294/294 293/293/293 292/292/292
f 907/907/907 908/908/908 920/920/920
f 1017/1017/1017 579/579/579 1019/1019/1019
f 1020/1020/1020 1023/1023/1023 1022/1022/1022
f 1035/1035/1035 1024/1024/1024 1020/1020/1020
f 1061/1061/1061 1060/1060/1060 1047/1047/1047
f 1063/1063/1063 1061/1061/1061 1046/1046/1046
f 1044/1044/1044 1020/1020/1020 1021/1021/1021
f 1102/1102/1102 1094/1094/1094 1097/1097/1097
f 1116/1116/1116 1126/1126/1126 1118/1118/1118
f 1016/1016/1016 1015/1015/1015 1014/1014/1014
f 881/881/881 897/897/897 904/904/904
f 816/816/816 1116/1116/1116 1127/1127/1127
f 1094/1094/1094 948/948/948 949/949/949
f 514/514/514 342/342/342 167/167/167
f 146/146/146 145/145/145 81/81/81
f 1133/1133/1133 1135/1135/1135 1130/1130/1130
f 1102/1102/1102 1133/1133/1133 1126/1126/1126
f 822/822/822 1126/1126/1126 1116/1116/1116
f 1145/1145/1145 1143/1143/1143 1148/1148/1148
f 1076/1076/1076 1144/1144/1144 1151/1151/1151
f 1148/1148/1148 1143/1143/1143 1086/1086/1086
f 1109/1109/1109 1097/1097/1097 1114/1114/1114
f 1154/1154/1154 1153/1153/1153 1156/1156/1156
f 1153/1153/1153 925/925/925 967/967/967
f 3464/3464/3464 3497/3497/3497 463/463/463
f 1144/1144/1144 1147/1147/1147 1152/1152/1152
f 1156/1156/1156 967/967/967 1163/1163/1163
f 1164/1164/1164 1162/1162/1162 1169/1169/1169
f 1145/1145/1145 1171/1171/1171 1176/1176/1176
f 1114/1114/1114 1115/1115/1115 1154/1154/1154
f 1183/1183/1183 1155/1155/1155 1164/1164/1164
f 1184/1184/1184 1183/1183/1183 1177/1177/1177
f 1069/1069/1069 1151/1151/1151 1062/1062/1062
f 1023/1023/1023 1191/1191/1191 1194/1194/1194
f 1162/1162/1162 1163/1163/1163 1170/1170/1170
f 1195/1195/1195 1184/1184/1184 1185/1185/1185
f 1183/1183/1183 1196/1196/1196 1176/1176/1176
f 1201/1201/1201 1063/1063/1063 1152/1152/1152
f 1061/1061/1061 1063/1063/1063 1201/1201/1201
f 3825/3825/3825 847/847/847 843/843/843
f 1203/1203/1203 1202/1202/1202 1195/1195/1195
f 1202/1202/1202 1201/1201/1201 1184/1184/1184
f 1218/1218/1218 1060/1060/1060 1203/1203/1203
f 1060/1060/1060 1061/1061/1061 1202/1202/1202
f 1225/1225/1225 1218/1218/1218 1217/1217/1217
f 671/671/671 695/695/695 694/694/694
f 1219/1219/1219 1217/1217/1217 1024/1024/1024
f 1217/1217/1217 1203/1203/1203 1034/1034/1034
f 1226/1226/1226 1014/1014/1014 1015/1015/1015
f 1243/1243/1243 1242/1242/1242 1234/1234/1234
f 1231/1231/1231 1230/1230/1230 1229/1229/1229
f 847/847/847 1243/1243/1243 1233/1233/1233
f 843/843/843 1233/1233/1233 1244/1244/1244
f 1233/1233/1233 1234/1234/1234 1245/1245/1245
f 1923/1923/1923 3761/3761/3761 233/233/233
f 2100/2100/2100 2108/2108/2108 499/499/499
f 3914/3914/3914 3864/3864/3864 2135/2135/2135
f 61/61/61 62/62/62 323/323/323
f 210/210/210 211/211/211 217/217/217
f 1299/1299/1299 1310/1310/1310 1309/1309/1309
f 3863/3863/3863 1230/1230/1230 1231/1231/1231
f 1066/1066/1066 1047/1047/1047 1321/1321/1321
f 1322/1322/1322 1321/1321/1321 1228/1228/1228
f 1060/1060/1060 1218/1218/1218 1321/1321/1321
f 1325/1325/1325 1324/1324/1324 1323/1323/1323
f 1244/1244/1244 1245/1245/1245 1332/1332/1332
f 1290/1290/1290 1234/1234/1234 1242/1242/1242
f 1337/1337/1337 1330/1330/1330 1339/1339/1339
f 1330/1330/1330 1332/1332/1332 1340/1340/1340
f 1341/1341/1341 1332/1332/1332 1245/1245/1245
f 1342/1342/1342 1340/1340/1340 1332/1332/1332
f 1343/1343/1343 1342/1342/1342 1341/1341/1341
f 1344/1344/1344 1341/1341/1341 1294/1294/1294
f 3857/3857/3857 3856/3856/3856 1345/1345/1345
f 1347/1347/1347 1348/1348/1348 1342/1342/1342
f 3856/3856/3856 3854/3854/3854 1295/1295/1295
f 1349/1349/1349 1350/1350/1350 1348/1348/1348
f 3861/3861/3861 1349/1349/1349 1347/1347/1347
f 3853/3853/3853 1347/1347/1347 1343/1343/1343
f 906/906/906 898/898/898 829/829/829
f 905/905/905 906/906/906 1353/1353/1353
f 865/865/865 1356/1356/1356 1355/1355/1355
f 1355/1355/1355 1353/1353/1353 829/829/829
f 1357/1357/1357 1355/1355/1355 825/825/825
f 1356/1356/1356 1354/1354/1354 1353/1353/1353
f 3834/3834/3834 1337/1337/1337 1338/1338/1338
f 866/866/866 1358/1358/1358 1356/1356/1356
f 1358/1358/1358 1359/1359/1359 1354/1354/1354
f 3828/3828/3828 878/878/878 1337/1337/1337
f 838/838/838 1362/1362/1362 1012/1012/1012
f 1363/1363/1363 1364/1364/1364 1338/1338/1338
f 1368/1368/1368 1363/1363/1363 1339/1339/1339
f 1348/1348/1348 1368/1368/1368 1340/1340/1340
f 1371/1371/1371 1369/1369/1369 3824/3824/3824
f 524/524/524 525/525/525 526/526/526
f 528/528/528 529/529/529 530/530/530
f 1372/1372/1372 1370/1370/1370 1369/1369/1369
f 535/535/535 536/536/536 537/537/537
f 1367/1367/1367 1368/1368/1368 1348/1348/1348
f 1370/1370/1370 1354/1354/1354 1359/1359/1359
f 1369/1369/1369 1359/1359/1359 3833/3833/3833
f 1373/1373/1373 910/910/910 903/903/903
f 555/555/555 556/556/556 557/557/557
f 1374/1374/1374 909/909/909 910/910/910
f 1373/1373/1373 904/904/904 905/905/905
f 1374/1374/1374 1373/1373/1373 1375/1375/1375
f 1375/1375/1375 905/905/905 1354/1354/1354
f 1378/1378/1378 920/920/920 908/908/908
f 376/376/376 373/373/373 651/651/651
f 1388/1388/1388 928/928/928 973/973/973
f 586/586/586 587/587/587 588/588/588
f 1390/1390/1390 1389/1389/1389 1388/1388/1388
f 1391/1391/1391 1388/1388/1388 969/969/969
f 597/597/597 598/598/598 599/599/599
f 600/600/600 601/601/601 602/602/602
f 1392/1392/1392 1391/1391/1391 970/970/970
f 608/608/608 609/609/609 610/610/610
f 612/612/612 524/524/524 523/523/523
f 614/614/614 615/615/615 616/616/616
f 617/617/617 618/618/618 25/25/25
f 620/620/620 621/621/621 622/622/622
f 1397/1397/1397 1390/1390/1390 1391/1391/1391
f 1398/1398/1398 1397/1397/1397 1392/1392/1392
f 1400/1400/1400 987/987/987 920/920/920
f 1402/1402/1402 1403/1403/1403 1165/1165/1165
f 636/636/636 637/637/637 638/638/638
f 930/930/930 1404/1404/1404 1402/1402/1402
f 641/641/641 642/642/642 643/643/643
f 929/929/929 1402/1402/1402 1169/1169/1169
f 1404/1404/1404 1405/1405/1405 1403/1403/1403
f 1411/1411/1411 1366/1366/1366 1365/1365/1365
f 1412/1412/1412 1406/1406/1406 1415/1415/1415
f 652/652/652 653/653/653 654/654/654
f 609/609/609 656/656/656 657/657/657
f 659/659/659 660/660/660 661/661/661
f 558/558/558 663/663/663 586/586/586
f 665/665/665 666/666/666 667/667/667
f 1413/1413/1413 1411/1411/1411 1406/1406/1406
f 1418/1418/1418 1416/1416/1416 3810/3810/3810
f 1417/1417/1417 1372/1372/1372 1371/1371/1371
f 1416/1416/1416 1371/1371/1371 3829/3829/3829
f 1419/1419/1419 1417/1417/1417 1416/1416/1416
f 1386/1386/1386 909/909/909 1374/1374/1374
f 677/677/677 678/678/678 679/679/679
f 1385/1385/1385 1386/1386/1386 1420/1420/1420
f 1420/1420/1420 1374/1374/1374 1376/1376/1376
f 685/685/685 686/686/686 687/687/687
f 1421/1421/1421 1420/1420/1420 1422/1422/1422
f 528/528/528 690/690/690 691/691/691
f 1422/1422/1422 1376/1376/1376 1372/1372/1372
f 1018/1018/1018 1019/1019/1019 747/747/747
f 699/699/699 700/700/700 701/701/701
f 1424/1424/1424 578/578/578 579/579/579
f 3663/3663/3663 1597/1597/1597 1767/1767/1767
f 700/700/700 699/699/699 711/711/711
f 1093/1093/1093 3746/3746/3746 3754/3754/3754
f 717/717/717 718/718/718 530/530/530
f 721/721/721 722/722/722 723/723/723
f 704/704/704 1650/1650/1650 3543/3543/3543
f 19/19/19 1429/1429/1429 1426/1426/1426
f 1429/1429/1429 1428/1428/1428 1427/1427/1427
f 1658/1658/1658 1659/1659/1659 3542/3542/3542
f 1439/1439/1439 1437/1437/1437 1434/1434/1434
f 1437/1437/1437 1436/1436/1436 1435/1435/1435
f 1426/1426/1426 1427/1427/1427 1433/1433/1433
f 1442/1442/1442 1431/1431/1431 1432/1432/1432
f 742/742/742 743/743/743 744/744/744
f 1432/1432/1432 1433/1433/1433 1441/1441/1441
f 751/751/751 752/752/752 753/753/753
f 1438/1438/1438 1434/1434/1434 1403/1403/1403
f 1446/1446/1446 1445/1445/1445 1444/1444/1444
f 1447/1447/1447 1448/1448/1448 1446/1446/1446
f 3860/3860/3860 1447/1447/1447 1443/1443/1443
f 1415/1415/1415 1367/1367/1367 1445/1445/1445
f 1414/1414/1414 1415/1415/1415 1446/1446/1446
f 2173/2173/2173 1683/1683/1683 469/469/469
f 777/777/777 778/778/778 779/779/779
f 780/780/780 781/781/781 782/782/782
f 1676/1676/1676 1693/1693/1693 1806/1806/1806
f 3859/3859/3859 1451/1451/1451 1349/1349/1349
f 789/789/789 790/790/790 791/791/791
f 745/745/745 792/792/792 793/793/793
f 652/652/652 794/794/794 795/795/795
f 1455/1455/1455 1458/1458/1458 1457/1457/1457
f 1454/1454/1454 1367/1367/1367 1350/1350/1350
f 610/610/610 691/691/691 802/802/802
f 3831/3831/3831 3816/3816/3816 698/698/698
f 1352/1352/1352 1044/1044/1044 1045/1045/1045
f 1015/1015/1015 1016/1016/1016 1459/1459/1459
f 811/811/811 812/812/812 813/813/813
f 2118/2118/2118 3815/3815/3815 3817/3817/3817
f 819/819/819 820/820/820 821/821/821
f 1466/1466/1466 1463/1463/1463 1194/1194/1194
f 1467/1467/1467 1468/1468/1468 1465/1465/1465
f 1182/1182/1182 1165/1165/1165 1468/1468/1468
f 832/832/832 812/812/812 833/833/833
f 835/835/835 836/836/836 837/837/837
f 1467/1467/1467 1466/1466/1466 1190/1190/1190
f 1469/1469/1469 1470/1470/1470 1444/1444/1444
f 840/840/840 700/700/700 712/712/712
f 1453/1453/1453 1470/1470/1470 1469/1469/1469
f 599/599/599 844/844/844 845/845/845
f 1226/1226/1226 1450/1450/1450 3849/3849/3849
f 851/851/851 852/852/852 853/853/853
f 855/855/855 744/744/744 856/856/856
f 858/858/858 859/859/859 860/860/860
f 861/861/861 862/862/862 863/863/863
f 1014/1014/1014 1226/1226/1226 3855/3855/3855
f 867/867/867 676/676/676 868/868/868
f 870/870/870 871/871/871 872/872/872
f 874/874/874 875/875/875 876/876/876
f 1310/1310/1310 1323/1323/1323 1471/1471/1471
f 1476/1476/1476 1433/1433/1433 1427/1427/1427
f 1461/1461/1461 1476/1476/1476 1475/1475/1475
f 887/887/887 888/888/888 889/889/889
f 788/788/788 791/791/791 892/892/892
f 894/894/894 895/895/895 896/896/896
f 1460/1460/1460 1475/1475/1475 1227/1227/1227
f 901/901/901 902/902/902 524/524/524
f 1465/1465/1465 1478/1478/1478 1477/1477/1477
f 1865/1865/1865 3503/3503/3503 3500/3500/3500
f 911/911/911 912/912/912 913/913/913
f 916/916/916 917/917/917 918/918/918
f 1850/1850/1850 3505/3505/3505 3507/3507/3507
f 921/921/921 922/922/922 895/895/895
f 1479/1479/1479 1435/1435/1435 1436/1436/1436
f 926/926/926 664/664/664 667/667/667
f 1481/1481/1481 562/562/562 563/563/563
f 269/269/269 1483/1483/1483 84/84/84
f 931/931/931 932/932/932 933/933/933
f 934/934/934 935/935/935 614/614/614
f 936/936/936 685/685/685 688/688/688
f 938/938/938 659/659/659 662/662/662
f 1484/1484/1484 270/270/270 122/122/122
f 941/941/941 942/942/942 835/835/835
f 320/320/320 321/321/321 509/509/509
f 1849/1849/1849 3510/3510/3510 3505/3505/3505
f 84/84/84 1483/1483/1483 1484/1484/1484
f 1487/1487/1487 1490/1490/1490 1488/1488/1488
f 1757/1757/1757 1758/1758/1758 3502/3502/3502
f 365/365/365 1492/1492/1492 1491/1491/1491
f 461/461/461 79/79/79 80/80/80
f 117/117/117 363/363/363 362/362/362
f 1494/1494/1494 540/540/540 541/541/541
f 926/926/926 601/601/601 957/957/957
f 1477/1477/1477 1441/1441/1441 1433/1433/1433
f 1709/1709/1709 1588/1588/1588 1585/1585/1585
f 119/119/119 117/117/117 1496/1496/1496
f 271/271/271 1497/1497/1497 504/504/504
f 511/511/511 517/517/517 189/189/189
f 345/345/345 1496/1496/1496 1492/1492/1492
f 57/57/57 344/344/344 299/299/299
f 1501/1501/1501 1499/1499/1499 268/268/268
f 267/267/267 268/268/268 1499/1499/1499
f 974/974/974 975/975/975 976/976/976
f 1678/1678/1678 1652/1652/1652 1693/1693/1693
f 3846/3846/3846 1682/1682/1682 1807/1807/1807
f 557/557/557 982/982/982 663/663/663
f 983/983/983 941/941/941 984/984/984
f 1443/1443/1443 1444/1444/1444 3849/3849/3849
f 421/421/421 1500/1500/1500 268/268/268
f 989/989/989 990/990/990 991/991/991
f 1490/1490/1490 1487/1487/1487 418/418/418
f 279/279/279 280/280/280 309/309/309
f 997/997/997 868/868/868 676/676/676
f 998/998/998 26/26/26 999/999/999
f 1504/1504/1504 418/418/418 38/38/38
f 1506/1506/1506 1508/1508/1508 1507/1507/1507
f 360/360/360 361/361/361 1508/1508/1508
f 1506/1506/1506 1486/1486/1486 207/207/207
f 939/939/939 1005/1005/1005 1006/1006/1006
f 270/270/270 1484/1484/1484 1483/1483/1483
f 66/66/66 63/63/63 546/546/546
f 1010/1010/1010 742/742/742 793/793/793
f 367/367/367 428/428/428 437/437/437
f 244/244/244 31/31/31 363/363/363
f 1670/1670/1670 3532/3532/3532 3534/3534/3534
f 209/209/209 206/206/206 1510/1510/1510
f 388/388/388 389/389/389 426/426/426
f 427/427/427 274/274/274 250/250/250
f 161/161/161 520/520/520 521/521/521
f 100/100/100 246/246/246 45/45/45
f 1025/1025/1025 1026/1026/1026 608/608/608
f 1029/1029/1029 1030/1030/1030 1031/1031/1031
f 939/939/939 662/662/662 1033/1033/1033
f 41/41/41 42/42/42 594/594/594
f 1036/1036/1036 780/780/780 783/783/783
f 702/702/702 701/701/701 1038/1038/1038
f 1040/1040/1040 1041/1041/1041 1042/1042/1042
f 362/362/362 32/32/32 369/369/369
f 187/187/187 1520/1520/1520 477/477/477
f 70/70/70 1487/1487/1487 539/539/539
f 1049/1049/1049 600/600/600 603/603/603
f 613/613/613 867/867/867 869/869/869
f 860/860/860 1050/1050/1050 1051/1051/1051
f 1005/1005/1005 1052/1052/1052 1053/1053/1053
f 753/753/753 1055/1055/1055 1056/1056/1056
f 1057/1057/1057 1058/1058/1058 1059/1059/1059
f 293/293/293 288/288/288 1522/1522/1522
f 288/288/288 212/212/212 1521/1521/1521
f 292/292/292 1522/1522/1522 1523/1523/1523
f 331/331/331 1507/1507/1507 1508/1508/1508
f 306/306/306 452/452/452 453/453/453
f 100/100/100 44/44/44 41/41/41
f 462/462/462 1524/1524/1524 78/78/78
f 330/330/330 331/331/331 1524/1524/1524
f 635/635/635 1067/1067/1067 1068/1068/1068
f 1485/1485/1485 1527/1527/1527 1526/1526/1526
f 206/206/206 1485/1485/1485 1528/1528/1528
f 1070/1070/1070 1071/1071/1071 1072/1072/1072
f 942/942/942 941/941/941 1073/1073/1073
f 916/916/916 933/933/933 1075/1075/1075
f 440/440/440 1529/1529/1529 1530/1530/1530
f 157/157/157 158/158/158 1514/1514/1514
f 1529/1529/1529 162/162/162 5/5/5
f 371/371/371 595/595/595 546/546/546
f 790/790/790 586/586/586 663/663/663
f 1077/1077/1077 858/858/858 857/857/857
f 1403/1403/1403 1434/1434/1434 1435/1435/1435
f 1080/1080/1080 1081/1081/1081 1082/1082/1082
f 531/531/531 520/520/520 1529/1529/1529
f 21/21/21 1083/1083/1083 1084/1084/1084
f 272/272/272 1532/1532/1532 1531/1531/1531
f 690/690/690 712/712/712 802/802/802
f 335/335/335 3571/3571/3571 3567/3567/3567
f 1090/1090/1090 1030/1030/1030 1029/1029/1029
f 1092/1092/1092 795/795/795 794/794/794
f 1533/1533/1533 396/396/396 137/137/137
f 661/661/661 660/660/660 1095/1095/1095
f 69/69/69 444/444/444 445/445/445
f 1099/1099/1099 1100/1100/1100 1101/1101/1101
f 38/38/38 39/39/39 1536/1536/1536
f 1104/1104/1104 1105/1105/1105 1106/1106/1106
f 852/852/852 1107/1107/1107 1108/1108/1108
f 1377/1377/1377 908/908/908 909/909/909
f 291/291/291 377/377/377 411/411/411
f 316/316/316 1536/1536/1536 516/516/516
f 539/539/539 1488/1488/1488 1533/1533/1533
f 1505/1505/1505 1536/1536/1536 316/316/316
f 1110/1110/1110 1111/1111/1111 1112/1112/1112
f 1539/1539/1539 1537/1537/1537 460/460/460
f 522/522/522 441/441/441 1537/1537/1537
f 834/834/834 837/837/837 1120/1120/1120
f 1122/1122/1122 1123/1123/1123 1124/1124/1124
f 612/612/612 1125/1125/1125 1041/1041/1041
f 935/935/935 793/793/793 615/615/615
f 276/276/276 278/278/278 130/130/130
f 1686/1686/1686 3549/3549/3549 3522/3522/3522
f 193/193/193 190/190/190 1541/1541/1541
f 231/231/231 521/521/521 1540/1540/1540
f 556/556/556 1037/1037/1037 982/982/982
f 365/365/365 253/253/253 85/85/85
f 190/190/190 532/532/532 318/318/318
f 1810/1810/1810 765/765/765 3574/3574/3574
f 3924/3924/3924 1867/1867/1867 3512/3512/3512
f 1132/1132/1132 983/983/983 985/985/985
f 208/208/208 101/101/101 102/102/102
f 1134/1134/1134 1033/1033/1033 662/662/662
f 1491/1491/1491 518/518/518 80/80/80
f 429/429/429 133/133/133 1542/1542/1542
f 1137/1137/1137 1138/1138/1138 915/915/915
f 172/172/172 436/436/436 428/428/428
f 1139/1139/1139 1140/1140/1140 1141/1141/1141
f 549/549/549 96/96/96 54/54/54
f 1517/1517/1517 1519/1519/1519 1518/1518/1518
f 834/834/834 1119/1119/1119 984/984/984
f 1543/1543/1543 513/513/513 286/286/286
f 1544/1544/1544 797/797/797 239/239/239
f 133/133/133 134/134/134 1544/1544/1544
f 506/506/506 361/361/361 257/257/257
f 420/420/420 327/327/327 328/328/328
f 1158/1158/1158 1159/1159/1159 1160/1160/1160
f 587/587/587 1104/1104/1104 1103/1103/1103
f 607/607/607 1161/1161/1161 1027/1027/1027
f 304/304/304 1546/1546/1546 1545/1545/1545
f 364/364/364 1491/1491/1491 77/77/77
f 69/69/69 70/70/70 198/198/198
f 700/700/700 840/840/840 1112/1112/1112
f 3877/3877/3877 626/626/626 3525/3525/3525
f 1166/1166/1166 719/719/719 657/657/657
f 1167/1167/1167 1168/1168/1168 858/858/858
f 1300/1300/1300 3523/3523/3523 3524/3524/3524
f 1172/1172/1172 1173/1173/1173 1174/1174/1174
f 218/218/218 203/203/203 200/200/200
f 1179/1179/1179 1180/1180/1180 1181/1181/1181
f 372/372/372 183/183/183 97/97/97
f 89/89/89 104/104/104 227/227/227
f 1186/1186/1186 1187/1187/1187 1188/1188/1188
f 172/172/172 173/173/173 1517/1517/1517
f 1482/1482/1482 84/84/84 81/81/81
f 1090/1090/1090 1192/1192/1192 1193/1193/1193
f 394/394/394 395/395/395 353/353/353
f 526/526/526 525/525/525 1198/1198/1198
f 1199/1199/1199 1200/1200/1200 1026/1026/1026
f 606/606/606 623/623/623 697/697/697
f 1204/1204/1204 1205/1205/1205 1206/1206/1206
f 1207/1207/1207 1208/1208/1208 523/523/523
f 1209/1209/1209 1210/1210/1210 867/867/867
f 914/914/914 913/913/913 685/685/685
f 1478/1478/1478 1436/1436/1436 1441/1441/1441
f 1029/1029/1029 1028/1028/1028 1161/1161/1161
f 1211/1211/1211 1212/1212/1212 1213/1213/1213
f 3858/3858/3858 1453/1453/1453 1451/1451/1451
f 844/844/844 1215/1215/1215 1216/1216/1216
f 423/423/423 193/193/193 273/273/273
f 1220/1220/1220 1221/1221/1221 1222/1222/1222
f 22/22/22 1223/1223/1223 1224/1224/1224
f 882/882/882 898/898/898 897/897/897
f 1519/1519/1519 1517/1517/1517 173/173/173
f 1189/1189/1189 1188/1188/1188 1232/1232/1232
f 349/349/349 350/350/350 550/550/550
f 1071/1071/1071 1235/1235/1235 1236/1236/1236
f 1237/1237/1237 1238/1238/1238 1239/1239/1239
f 1221/1221/1221 1186/1186/1186 1189/1189/1189
f 1510/1510/1510 1528/1528/1528 1512/1512/1512
f 939/939/939 1032/1032/1032 1241/1241/1241
f 1556/1556/1556 1530/1530/1530 5/5/5
f 1553/1553/1553 1554/1554/1554 394/394/394
f 404/404/404 1556/1556/1556 67/67/67
f 1247/1247/1247 1248/1248/1248 1249/1249/1249
f 142/142/142 199/199/199 238/238/238
f 1251/1251/1251 1067/1067/1067 635/635/635
f 850/850/850 1252/1252/1252 1253/1253/1253
f 1254/1254/1254 1167/1167/1167 1077/1077/1077
f 57/57/57 132/132/132 133/133/133
f 443/443/443 430/430/430 552/552/552
f 1187/1187/1187 1172/1172/1172 1175/1175/1175
f 1256/1256/1256 1070/1070/1070 831/831/831
f 432/432/432 405/405/405 382/382/382
f 741/741/741 748/748/748 747/747/747
f 434/434/434 350/350/350 351/351/351
f 349/349/349 432/432/432 383/383/383
f 251/251/251 124/124/124 1481/1481/1481
f 395/395/395 384/384/384 352/352/352
f 1518/1518/1518 1519/1519/1519 1550/1550/1550
f 1558/1558/1558 410/410/410 378/378/378
f 109/109/109 263/263/263 314/314/314
f 285/285/285 1514/1514/1514 1513/1513/1513
f 395/395/395 394/394/394 393/393/393
f 202/202/202 203/203/203 410/410/410
f 417/417/417 408/408/408 405/405/405
f 1246/1246/1246 1257/1257/1257 1258/1258/1258
f 3/3/3 1559/1559/1559 297/297/297
f 1259/1259/1259 1260/1260/1260 1261/1261/1261
f 403/403/403 404/404/404 347/347/347
f 955/955/955 954/954/954 953/953/953
f 462/462/462 50/50/50 51/51/51
f 1096/1096/1096 1095/1095/1095 687/687/687
f 429/429/429 147/147/147 60/60/60
f 896/896/896 1264/1264/1264 1265/1265/1265
f 1267/1267/1267 721/721/721 1268/1268/1268
f 423/423/423 424/424/424 327/327/327
f 37/37/37 179/179/179 180/180/180
f 20/20/20 23/23/23 1187/1187/1187
f 1256/1256/1256 1168/1168/1168 1071/1071/1071
f 1188/1188/1188 1175/1175/1175 1269/1269/1269
f 1236/1236/1236 1270/1270/1270 1271/1271/1271
f 1272/1272/1272 536/536/536 535/535/535
f 565/565/565 564/564/564 463/463/463
f 1273/1273/1273 792/792/792 745/745/745
f 876/876/876 1254/1254/1254 1255/1255/1255
f 316/316/316 33/33/33 164/164/164
f 437/437/437 1516/1516/1516 503/503/503
f 194/194/194 1494/1494/1494 1495/1495/1495
f 1275/1275/1275 1276/1276/1276 864/864/864
f 624/624/624 625/625/625 631/631/631
f 1277/1277/1277 1274/1274/1274 1137/1137/1137
f 569/569/569 568/568/568 567/567/567
f 1481/1481/1481 124/124/124 125/125/125
f 324/324/324 325/325/325 547/547/547
f 1279/1279/1279 1108/1108/1108 1107/1107/1107
f 1525/1525/1525 332/332/332 329/329/329
f 1281/1281/1281 1278/1278/1278 1137/1137/1137
f 171/171/171 168/168/168 1553/1553/1553
f 1488/1488/1488 73/73/73 396/396/396
f 1557/1557/1557 1561/1561/1561 1562/1562/1562
f 1282/1282/1282 856/856/856 1206/1206/1206
f 1053/1053/1053 1277/1277/1277 1278/1278/1278
f 778/778/778 777/777/777 607/607/607
f 713/713/713 583/583/583 3566/3566/3566
f 251/251/251 225/225/225 144/144/144
f 4/4/4 357/357/357 348/348/348
f 709/709/709 708/708/708 707/707/707
f 728/728/728 48/48/48 45/45/45
f 261/261/261 135/135/135 1563/1563/1563
f 789/789/789 1286/1286/1286 1287/1287/1287
f 74/74/74 314/314/314 263/263/263
f 403/403/403 284/284/284 385/385/385
f 1178/1178/1178 1181/1181/1181 1240/1240/1240
f 1223/1223/1223 1259/1259/1259 1289/1289/1289
f 1220/1220/1220 20/20/20 1186/1186/1186
f 296/296/296 1518/1518/1518 354/354/354
f 784/784/784 459/459/459 1538/1538/1538
f 1181/1181/1181 1180/1180/1180 1291/1291/1291
f 1269/1269/1269 1292/1292/1292 1257/1257/1257
f 1566/1566/1566 1538/1538/1538 438/438/438
f 136/136/136 784/784/784 1566/1566/1566
f 1563/1563/1563 1564/1564/1564 169/169/169
f 107/107/107 114/114/114 109/109/109
f 1297/1297/1297 1282/1282/1282 1298/1298/1298
f 1464/1464/1464 1477/1477/1477 1476/1476/1476
f 1520/1520/1520 187/187/187 507/507/507
f 1301/1301/1301 1302/1302/1302 1303/1303/1303
f 1306/1306/1306 1307/1307/1307 1308/1308/1308
f 175/175/175 456/456/456 1532/1532/1532
f 1532/1532/1532 456/456/456 200/200/200
f 1311/1311/1311 1266/1266/1266 1312/1312/1312
f 872/872/872 1314/1314/1314 1315/1315/1315
f 3836/3836/3836 843/843/843 878/878/878
f 1305/1305/1305 1308/1308/1308 864/864/864
f 1040/1040/1040 1275/1275/1275 863/863/863
f 1564/1564/1564 1566/1566/1566 399/399/399
f 592/592/592 1576/1576/1576 1575/1575/1575
f 591/591/591 1575/1575/1575 1088/1088/1088
f 1581/1581/1581 1584/1584/1584 1583/1583/1583
f 1196/1196/1196 1152/1152/1152 1147/1147/1147
f 710/710/710 582/582/582 583/583/583
f 285/285/285 407/407/407 408/408/408
f 953/953/953 954/954/954 961/961/961
f 1594/1594/1594 1592/1592/1592 1589/1589/1589
f 1585/1585/1585 1588/1588/1588 1587/1587/1587
f 1592/1592/1592 1591/1591/1591 1590/1590/1590
f 3885/3885/3885 945/945/945 944/944/944
f 1600/1600/1600 1599/1599/1599 1598/1598/1598
f 1604/1604/1604 1603/1603/1603 1602/1602/1602
f 1399/1399/1399 1392/1392/1392 979/979/979
f 1589/1589/1589 1590/1590/1590 1596/1596/1596
f 1610/1610/1610 1609/1609/1609 1608/1608/1608
f 298/298/298 257/257/257 361/361/361
f 551/551/551 552/552/552 276/276/276
f 1627/1627/1627 1626/1626/1626 3814/3814/3814
f 859/859/859 811/811/811 818/818/818
f 1078/1078/1078 857/857/857 1328/1328/1328
f 1555/1555/1555 439/439/439 1530/1530/1530
f 572/572/572 573/573/573 680/680/680
f 772/772/772 465/465/465 776/776/776
f 977/977/977 1281/1281/1281 918/918/918
f 404/404/404 403/403/403 392/392/392
f 1054/1054/1054 1331/1331/1331 750/750/750
f 1644/1644/1644 1645/1645/1645 1643/1643/1643
f 932/932/932 1265/1265/1265 1082/1082/1082
f 1067/1067/1067 1333/1333/1333 1334/1334/1334
f 1540/1540/1540 1539/1539/1539 264/264/264
f 597/597/597 1335/1335/1335 643/643/643
f 471/471/471 761/761/761 762/762/762
f 1642/1642/1642 696/696/696 3831/3831/3831
f 1644/1644/1644 1642/1642/1642 3842/3842/3842
f 923/923/923 946/946/946 950/950/950
f 96/96/96 549/549/549 548/548/548
f 520/520/520 531/531/531 522/522/522
f 445/445/445 444/444/444 443/443/443
f 849/849/849 839/839/839 848/848/848
f 480/480/480 759/759/759 755/755/755
f 1646/1646/1646 760/760/760 481/481/481
f 311/311/311 426/426/426 1567/1567/1567
f 464/464/464 463/463/463 3497/3497/3497
f 3497/3497/3497 1360/1360/1360 1361/1361/1361
f 234/234/234 237/237/237 236/236/236
f 190/190/190 193/193/193 192/192/192
f 153/153/153 154/154/154 152/152/152
f 231/231/231 287/287/287 286/286/286
f 1552/1552/1552 1553/1553/1553 1551/1551/1551
f 760/760/760 1646/1646/1646 1648/1648/1648
f 3832/3832/3832 1647/1647/1647 1649/1649/1649
f 828/828/828 827/827/827 826/826/826
f 52/52/52 167/167/167 166/166/166
f 1663/1663/1663 1662/1662/1662 1661/1661/1661
f 287/287/287 107/107/107 115/115/115
f 668/668/668 671/671/671 670/670/670
f 634/634/634 645/645/645 640/640/640
f 553/553/553 560/560/560 559/559/559
f 118/118/118 36/36/36 33/33/33
f 492/492/492 484/484/484 491/491/491
f 3552/3552/3552 1652/1652/1652 1651/1651/1651
f 582/582/582 589/589/589 584/584/584
f 384/384/384 395/395/395 392/392/392
f 1381/1381/1381 1382/1382/1382 1383/1383/1383
f 1562/1562/1562 1561/1561/1561 435/435/435
f 952/952/952 953/953/953 951/951/951
f 3529/3529/3529 3566/3566/3566 583/583/583
f 1660/1660/1660 1661/1661/1661 1667/1667/1667
f 1394/1394/1394 1395/1395/1395 1396/1396/1396
f 1660/1660/1660 1665/1665/1665 1664/1664/1664
f 1671/1671/1671 1670/1670/1670 1669/1669/1669
f 1624/1624/1624 1625/1625/1625 1673/1673/1673
f 1407/1407/1407 1408/1408/1408 1409/1409/1409
f 1677/1677/1677 1676/1676/1676 1675/1675/1675
f 1613/1613/1613 1679/1679/1679 1677/1677/1677
f 1679/1679/1679 1678/1678/1678 1676/1676/1676
f 1626/1626/1626 1681/1681/1681 3811/3811/3811
f 534/534/534 199/199/199 198/198/198
f 803/803/803 733/733/733 734/734/734
f 400/400/400 248/248/248 191/191/191
f 65/65/65 66/66/66 143/143/143
f 3526/3526/3526 1657/1657/1657 1656/1656/1656
f 402/402/402 159/159/159 157/157/157
f 629/629/629 628/628/628 627/627/627
f 461/461/461 477/477/477 49/49/49
f 758/758/758 757/757/757 495/495/495
f 796/796/796 787/787/787 786/786/786
f 406/406/406 407/407/407 1513/1513/1513
f 342/342/342 343/343/343 166/166/166
f 1694/1694/1694 1659/1659/1659 1658/1658/1658
f 1692/1692/1692 1687/1687/1687 1694/1694/1694
f 3557/3557/3557 1693/1693/1693 1652/1652/1652
f 3921/3921/3921 1704/1704/1704 1703/1703/1703
f 326/326/326 547/547/547 302/302/302
f 3916/3916/3916 3921/3921/3921 1702/1702/1702
f 3919/3919/3919 3918/3918/3918 1698/1698/1698
f 1699/1699/1699 1691/1691/1691 3927/3927/3927
f 1557/1557/1557 406/406/406 1560/1560/1560
f 1127/1127/1127 1116/1116/1116 1117/1117/1117
f 400/400/400 401/401/401 289/289/289
f 1706/1706/1706 1702/1702/1702 1707/1707/1707
f 1707/1707/1707 1702/1702/1702 1599/1599/1599
f 1709/1709/1709 1706/1706/1706 1708/1708/1708
f 1714/1714/1714 1712/1712/1712 1711/1711/1711
f 3919/3919/3919 3915/3915/3915 1709/1709/1709
f 1704/1704/1704 1711/1711/1711 1577/1577/1577
f 1716/1716/1716 1714/1714/1714 1713/1713/1713
f 1559/1559/1559 1562/1562/1562 1549/1549/1549
f 1722/1722/1722 1721/1721/1721 1720/1720/1720
f 1335/1335/1335 597/597/597 596/596/596
f 410/410/410 411/411/411 377/377/377
f 973/973/973 1170/1170/1170 1163/1163/1163
f 168/168/168 169/169/169 399/399/399
f 1571/1571/1571 682/682/682 1089/1089/1089
f 1572/1572/1572 681/681/681 682/682/682
f 749/749/749 646/646/646 647/647/647
f 1730/1730/1730 1724/1724/1724 1723/1723/1723
f 1594/1594/1594 1582/1582/1582 1729/1729/1729
f 1729/1729/1729 1723/1723/1723 1591/1591/1591
f 1384/1384/1384 1378/1378/1378 1377/1377/1377
f 1732/1732/1732 1731/1731/1731 1712/1712/1712
f 1724/1724/1724 1730/1730/1730 1731/1731/1731
f 1722/1722/1722 1724/1724/1724 1732/1732/1732
f 1721/1721/1721 1722/1722/1722 1733/1733/1733
f 1734/1734/1734 1733/1733/1733 1716/1716/1716
f 1735/1735/1735 1737/1737/1737 1736/1736/1736
f 1733/1733/1733 1732/1732/1732 1714/1714/1714
f 1663/1663/1663 1664/1664/1664 1741/1741/1741
f 1742/1742/1742 1665/1665/1665 1740/1740/1740
f 1738/1738/1738 1739/1739/1739 1737/1737/1737
f 1665/1665/1665 1660/1660/1660 1666/1666/1666
f 1665/1665/1665 1742/1742/1742 1744/1744/1744
f 1725/1725/1725 1726/1726/1726 1746/1746/1746
f 1591/1591/1591 1725/1725/1725 1745/1745/1745
f 1590/1590/1590 1745/1745/1745 1747/1747/1747
f 1745/1745/1745 1746/1746/1746 1748/1748/1748
f 1659/1659/1659 1688/1688/1688 3538/3538/3538
f 3287/3287/3287 1760/1760/1760 3545/3545/3545
f 1185/1185/1185 1177/1177/1177 1182/1182/1182
f 1664/1664/1664 1744/1744/1744 1749/1749/1749
f 1741/1741/1741 1749/1749/1749 1739/1739/1739
f 1746/1746/1746 1742/1742/1742 1743/1743/1743
f 1726/1726/1726 1744/1744/1744 1742/1742/1742
f 1115/1115/1115 924/924/924 1153/1153/1153
f 1654/1654/1654 3546/3546/3546 3575/3575/3575
f 1896/1896/1896 3562/3562/3562 3549/3549/3549
f 1720/1720/1720 1749/1749/1749 1744/1744/1744
f 1721/1721/1721 1739/1739/1739 1749/1749/1749
f 1750/1750/1750 1718/1718/1718 1701/1701/1701
f 1697/1697/1697 1736/1736/1736 1750/1750/1750
f 1151/1151/1151 1152/1152/1152 1063/1063/1063
f 1751/1751/1751 1752/1752/1752 1670/1670/1670
f 1695/1695/1695 1658/1658/1658 1752/1752/1752
f 961/961/961 962/962/962 986/986/986
f 1770/1770/1770 1769/1769/1769 1768/1768/1768
f 1766/1766/1766 1594/1594/1594 1593/1593/1593
f 1731/1731/1731 1759/1759/1759 1579/1579/1579
f 1579/1579/1579 1777/1777/1777 1774/1774/1774
f 3928/3928/3928 1772/1772/1772 1771/1771/1771
f 1764/1764/1764 1772/1772/1772 3928/3928/3928
f 1777/1777/1777 1776/1776/1776 1775/1775/1775
f 3762/3762/3762 3763/3763/3763 1699/1699/1699
f 1004/1004/1004 1127/1127/1127 1128/1128/1128
f 1774/1774/1774 1775/1775/1775 1771/1771/1771
f 987/987/987 1400/1400/1400 1399/1399/1399
f 1578/1578/1578 1774/1774/1774 1772/1772/1772
f 1783/1783/1783 1782/1782/1782 1781/1781/1781
f 1597/1597/1597 1598/1598/1598 1770/1770/1770
f 639/639/639 1878/1878/1878 3895/3895/3895
f 3928/3928/3928 3929/3929/3929 1769/1769/1769
f 1793/1793/1793 1792/1792/1792 1789/1789/1789
f 3929/3929/3929 3920/3920/3920 1798/1798/1798
f 3508/3508/3508 3516/3516/3516 3773/3773/3773
f 1802/1802/1802 1867/1867/1867 3924/3924/3924
f 1788/1788/1788 1790/1790/1790 1794/1794/1794
f 1793/1793/1793 1794/1794/1794 1795/1795/1795
f 3773/3773/3773 3772/3772/3772 1675/1675/1675
f 1584/1584/1584 1581/1581/1581 1783/1783/1783
f 1771/1771/1771 1797/1797/1797 3920/3920/3920
f 1801/1801/1801 1799/1799/1799 1798/1798/1798
f 1768/1768/1768 1769/1769/1769 1798/1798/1798
f 1775/1775/1775 1796/1796/1796 1797/1797/1797
f 508/508/508 514/514/514 515/515/515
f 1796/1796/1796 1803/1803/1803 1802/1802/1802
f 1800/1800/1800 1798/1798/1798 3920/3920/3920
f 1794/1794/1794 1805/1805/1805 1804/1804/1804
f 3532/3532/3532 1670/1670/1670 1752/1752/1752
f 485/485/485 1808/1808/1808 1807/1807/1807
f 3809/3809/3809 3844/3844/3844 1640/1640/1640
f 3837/3837/3837 3844/3844/3844 1810/1810/1810
f 485/485/485 482/482/482 1640/1640/1640
f 1690/1690/1690 1691/1691/1691 3770/3770/3770
f 487/487/487 488/488/488 1648/1648/1648
f 3839/3839/3839 1813/1813/1813 1816/1816/1816
f 3838/3838/3838 1811/1811/1811 1648/1648/1648
f 3839/3839/3839 1812/1812/1812 1811/1811/1811
f 1812/1812/1812 1809/1809/1809 487/487/487
f 1641/1641/1641 1809/1809/1809 767/767/767
f 465/465/465 466/466/466 755/755/755
f 767/767/767 1815/1815/1815 3823/3823/3823
f 3822/3822/3822 1816/1816/1816 3826/3826/3826
f 1809/1809/1809 1812/1812/1812 1815/1815/1815
f 3837/3837/3837 1653/1653/1653 1651/1651/1651
f 675/675/675 672/672/672 3541/3541/3541
f 1814/1814/1814 1649/1649/1649 1822/1822/1822
f 1821/1821/1821 1822/1822/1822 3821/3821/3821
f 1824/1824/1824 1822/1822/1822 1649/1649/1649
f 1827/1827/1827 1849/1849/1849 1850/1850/1850
f 1668/1668/1668 1669/1669/1669 1662/1662/1662
f 1779/1779/1779 1780/1780/1780 1848/1848/1848
f 1790/1790/1790 1827/1827/1827 1805/1805/1805
f 1833/1833/1833 1836/1836/1836 1853/1853/1853
f 3521/3521/3521 3506/3506/3506 693/693/693
f 1614/1614/1614 1615/1615/1615 1616/1616/1616
f 1852/1852/1852 1853/1853/1853 3498/3498/3498
f 1620/1620/1620 1621/1621/1621 1622/1622/1622
f 1855/1855/1855 1765/1765/1765 1574/1574/1574
f 1847/1847/1847 1852/1852/1852 3501/3501/3501
f 1766/1766/1766 1765/1765/1765 1855/1855/1855
f 1629/1629/1629 1630/1630/1630 1631/1631/1631
f 1633/1633/1633 1622/1622/1622 1634/1634/1634
f 1635/1635/1635 1636/1636/1636 1637/1637/1637
f 1848/1848/1848 1833/1833/1833 1852/1852/1852
f 1855/1855/1855 1861/1861/1861 1863/1863/1863
f 1803/1803/1803 1866/1866/1866 1867/1867/1867
f 1862/1862/1862 1863/1863/1863 1831/1831/1831
f 1782/1782/1782 1855/1855/1855 1862/1862/1862
f 3922/3922/3922 3924/3924/3924 1865/1865/1865
f 1873/1873/1873 1872/1872/1872 1870/1870/1870
f 1874/1874/1874 1869/1869/1869 799/799/799
f 2045/2045/2045 3878/3878/3878 3897/3897/3897
f 1219/1219/1219 1345/1345/1345 1295/1295/1295
f 1615/1615/1615 1614/1614/1614 1396/1396/1396
f 3884/3884/3884 3895/3895/3895 1877/1877/1877
f 645/645/645 3898/3898/3898 3786/3786/3786
f 1345/1345/1345 1219/1219/1219 1035/1035/1035
f 634/634/634 639/639/639 3884/3884/3884
f 15/15/15 1887/1887/1887 1327/1327/1327
f 3910/3910/3910 3895/3895/3895 1878/1878/1878
f 1894/1894/1894 604/604/604 605/605/605
f 3506/3506/3506 3551/3551/3551 627/627/627
f 3560/3560/3560 640/640/640 645/645/645
f 340/340/340 341/341/341 454/454/454
f 1897/1897/1897 194/194/194 195/195/195
f 1889/1889/1889 1882/1882/1882 1877/1877/1877
f 1901/1901/1901 94/94/94 129/129/129
f 196/196/196 749/749/749 754/754/754
f 1705/1705/1705 1704/1704/1704 3921/3921/3921
f 340/340/340 378/378/378 166/166/166
f 1570/1570/1570 1480/1480/1480 563/563/563
f 1904/1904/1904 1494/1494/1494 194/194/194
f 1781/1781/1781 1862/1862/1862 1832/1832/1832
f 1905/1905/1905 549/549/549 55/55/55
f 1000/1000/1000 994/994/994 995/995/995
f 986/986/986 919/919/919 920/920/920
f 1191/1191/1191 1185/1185/1185 1190/1190/1190
f 2094/2094/2094 2077/2077/2077 2075/2075/2075
f 1920/1920/1920 1921/1921/1921 1919/1919/1919
f 453/453/453 454/454/454 1912/1912/1912
f 1915/1915/1915 1919/1919/1919 1918/1918/1918
f 3882/3882/3882 2112/2112/2112 2106/2106/2106
f 1655/1655/1655 3575/3575/3575 3531/3531/3531
f 1916/1916/1916 1918/1918/1918 1926/1926/1926
f 704/704/704 3554/3554/3554 3561/3561/3561
f 278/278/278 1916/1916/1916 1925/1925/1925
f 3565/3565/3565 3564/3564/3564 1818/1818/1818
f 1097/1097/1097 949/949/949 1115/1115/1115
f 1927/1927/1927 1928/1928/1928 727/727/727
f 3578/3578/3578 3579/3579/3579 3654/3654/3654
f 1920/1920/1920 310/310/310 307/307/307
f 1929/1929/1929 307/307/307 48/48/48
f 503/503/503 504/504/504 1497/1497/1497
f 1902/1902/1902 1903/1903/1903 787/787/787
f 1816/1816/1816 1821/1821/1821 3820/3820/3820
f 1925/1925/1925 1926/1926/1926 1923/1923/1923
f 1535/1535/1535 1569/1569/1569 1568/1568/1568
f 254/254/254 252/252/252 258/258/258
f 1509/1509/1509 1497/1497/1497 366/366/366
f 119/119/119 86/86/86 35/35/35
f 219/219/219 288/288/288 293/293/293
f 141/141/141 46/46/46 47/47/47
f 542/542/542 205/205/205 244/244/244
f 1940/1940/1940 552/552/552 430/430/430
f 1779/1779/1779 1828/1828/1828 1827/1827/1827
f 1701/1701/1701 1710/1710/1710 3915/3915/3915
f 1661/1661/1661 3550/3550/3550 3515/3515/3515
f 270/270/270 53/53/53 754/754/754
f 197/197/197 1947/1947/1947 749/749/749
f 1727/1727/1727 1728/1728/1728 1212/1212/1212
f 53/53/53 54/54/54 232/232/232
f 1465/1465/1465 1468/1468/1468 1479/1479/1479
f 1284/1284/1284 3862/3862/3862 3854/3854/3854
f 1951/1951/1951 446/446/446 412/412/412
f 168/168/168 398/398/398 1554/1554/1554
f 1486/1486/1486 1485/1485/1485 206/206/206
f 506/506/506 77/77/77 78/78/78
f 994/994/994 1001/1001/1001 1007/1007/1007
f 951/951/951 953/953/953 963/963/963
f 1013/1013/1013 3859/3859/3859 3861/3861/3861
f 3826/3826/3826 3820/3820/3820 1820/1820/1820
f 1498/1498/1498 1909/1909/1909 1954/1954/1954
f 299/299/299 298/298/298 543/543/543
f 1754/1754/1754 1755/1755/1755 1756/1756/1756
f 1681/1681/1681 469/469/469 1683/1683/1683
f 1696/1696/1696 1694/1694/1694 1695/1695/1695
f 13/13/13 14/14/14 738/738/738
f 473/473/473 476/476/476 475/475/475
f 482/482/482 1641/1641/1641 768/768/768
f 204/204/204 62/62/62 30/30/30
f 1761/1761/1761 1762/1762/1762 820/820/820
f 611/611/611 1763/1763/1763 1125/1125/1125
f 1501/1501/1501 1503/1503/1503 1908/1908/1908
f 1074/1074/1074 1073/1073/1073 711/711/711
f 1960/1960/1960 1944/1944/1944 82/82/82
f 120/120/120 1956/1956/1956 1960/1960/1960
f 35/35/35 86/86/86 87/87/87
f 1773/1773/1773 1199/1199/1199 1025/1025/1025
f 1965/1965/1965 1545/1545/1545 1569/1569/1569
f 494/494/494 761/761/761 471/471/471
f 1966/1966/1966 1967/1967/1967 1969/1969/1969
f 446/446/446 1951/1951/1951 1971/1971/1971
f 174/174/174 368/368/368 125/125/125
f 1580/1580/1580 1579/1579/1579 1578/1578/1578
f 1785/1785/1785 1786/1786/1786 1787/1787/1787
f 1972/1972/1972 1546/1546/1546 304/304/304
f 1254/1254/1254 876/876/876 875/875/875
f 1973/1973/1973 341/341/341 342/342/342
f 321/321/321 1912/1912/1912 1973/1973/1973
f 1910/1910/1910 277/277/277 275/275/275
f 509/509/509 1973/1973/1973 514/514/514
f 1486/1486/1486 1507/1507/1507 1527/1527/1527
f 1974/1974/1974 1874/1874/1874 804/804/804
f 1977/1977/1977 1976/1976/1976 1974/1974/1974
f 1980/1980/1980 448/448/448 1966/1966/1966
f 379/379/379 1/1/1 2/2/2
f 1718/1718/1718 1715/1715/1715 1710/1710/1710
f 884/884/884 995/995/995 992/992/992
f 1680/1680/1680 1684/1684/1684 1678/1678/1678
f 902/902/902 990/990/990 525/525/525
f 344/344/344 255/255/255 256/256/256
f 135/135/135 138/138/138 137/137/137
f 448/448/448 446/446/446 1967/1967/1967
f 589/589/589 605/605/605 604/604/604
f 910/910/910 909/909/909 908/908/908
f 1981/1981/1981 1966/1966/1966 1968/1968/1968
f 1982/1982/1982 1981/1981/1981 1987/1987/1987
f 1988/1988/1988 1979/1979/1979 1987/1987/1987
f 1990/1990/1990 1988/1988/1988 1989/1989/1989
f 1991/1991/1991 1989/1989/1989 1993/1993/1993
f 322/322/322 321/321/321 320/320/320
f 992/992/992 828/828/828 830/830/830
f 1144/1144/1144 1076/1076/1076 1086/1086/1086
f 1995/1995/1995 1977/1977/1977 1978/1978/1978
f 1133/1133/1133 1129/1129/1129 1118/1118/1118
f 1997/1997/1997 1995/1995/1995 1994/1994/1994
f 870/870/870 1823/1823/1823 1335/1335/1335
f 805/805/805 806/806/806 1982/1982/1982
f 727/727/727 184/184/184 2000/2000/2000
f 1996/1996/1996 1994/1994/1994 1988/1988/1988
f 1994/1994/1994 1978/1978/1978 1979/1979/1979
f 1829/1829/1829 616/616/616 792/792/792
f 1830/1830/1830 1073/1073/1073 941/941/941
f 798/798/798 803/803/803 800/800/800
f 729/729/729 732/732/732 731/731/731
f 2011/2011/2011 2012/2012/2012 2023/2023/2023
f 1834/1834/1834 1835/1835/1835 846/846/846
f 402/402/402 283/283/283 284/284/284
f 2022/2022/2022 2023/2023/2023 2024/2024/2024
f 1838/1838/1838 718/718/718 989/989/989
f 810/810/810 955/955/955 952/952/952
f 1823/1823/1823 1839/1839/1839 1840/1840/1840
f 1430/1430/1430 1426/1426/1426 1432/1432/1432
f 1215/1215/1215 844/844/844 1841/1841/1841
f 1316/1316/1316 1208/1208/1208 873/873/873
f 2112/2112/2112 1401/1401/1401 1384/1384/1384
f 1842/1842/1842 1843/1843/1843 1844/1844/1844
f 1159/1159/1159 846/846/846 845/845/845
f 837/837/837 27/27/27 1846/1846/1846
f 1971/1971/1971 1951/1951/1951 2030/2030/2030
f 517/517/517 369/369/369 370/370/370
f 1471/1471/1471 2026/2026/2026 2027/2027/2027
f 3551/3551/3551 3525/3525/3525 626/626/626
f 2174/2174/2174 2175/2175/2175 770/770/770
f 935/935/935 934/934/934 1854/1854/1854
f 1613/1613/1613 1619/1619/1619 1611/1611/1611
f 1231/1231/1231 1228/1228/1228 1225/1225/1225
f 1856/1856/1856 1857/1857/1857 891/891/891
f 1300/1300/1300 1309/1309/1309 748/748/748
f 1150/1150/1150 1149/1149/1149 1858/1858/1858
f 1643/1643/1643 606/606/606 696/696/696
f 1215/1215/1215 1265/1265/1265 1264/1264/1264
f 1320/1320/1320 1860/1860/1860 902/902/902
f 1956/1956/1956 1943/1943/1943 1944/1944/1944
f 2031/2031/2031 668/668/668 669/669/669
f 2034/2034/2034 1325/1325/1325 1310/1310/1310
f 1879/1879/1879 1880/1880/1880 1656/1656/1656
f 40/40/40 245/245/245 242/242/242
f 1992/1992/1992 1993/1993/1993 2039/2039/2039
f 888/888/888 958/958/958 957/957/957
f 1882/1882/1882 1889/1889/1889 1996/1996/1996
f 1078/1078/1078 1138/1138/1138 1255/1255/1255
f 1871/1871/1871 912/912/912 1192/1192/1192
f 294/294/294 411/411/411 218/218/218
f 1323/1323/1323 2041/2041/2041 2026/2026/2026
f 123/123/123 1960/1960/1960 83/83/83
f 1324/1324/1324 2036/2036/2036 2041/2041/2041
f 384/384/384 358/358/358 359/359/359
f 1324/1324/1324 1325/1325/1325 2038/2038/2038
f 1883/1883/1883 1884/1884/1884 1885/1885/1885
f 287/287/287 1540/1540/1540 114/114/114
f 1096/1096/1096 1886/1886/1886 1134/1134/1134
f 915/915/915 1329/1329/1329 931/931/931
f 806/806/806 1980/1980/1980 1981/1981/1981
f 3533/3533/3533 3529/3529/3529 584/584/584
f 1425/1425/1425 2030/2030/2030 2042/2042/2042
f 1018/1018/1018 2042/2042/2042 1948/1948/1948
f 3562/3562/3562 1896/1896/1896 740/740/740
f 1948/1948/1948 2042/2042/2042 649/649/649
f 1881/1881/1881 1882/1882/1882 1990/1990/1990
f 1900/1900/1900 129/129/129 130/130/130
f 992/992/992 995/995/995 994/994/994
f 923/923/923 927/927/927 925/925/925
f 3878/3878/3878 2045/2045/2045 2047/2047/2047
f 1643/1643/1643 2048/2048/2048 625/625/625
f 2050/2050/2050 2052/2052/2052 2051/2051/2051
f 2045/2045/2045 1405/1405/1405 1404/1404/1404
f 3876/3876/3876 2047/2047/2047 945/945/945
f 1139/1139/1139 1080/1080/1080 1079/1079/1079
f 1037/1037/1037 1856/1856/1856 892/892/892
f 2055/2055/2055 2053/2053/2053 2057/2057/2057
f 1198/1198/1198 989/989/989 718/718/718
f 1619/1619/1619 2058/2058/2058 1612/1612/1612
f 2058/2058/2058 1605/1605/1605 1606/1606/1606
f 2059/2059/2059 2060/2060/2060 1607/1607/1607
f 2058/2058/2058 1619/1619/1619 1624/1624/1624
f 71/71/71 72/72/72 179/179/179
f 405/405/405 406/406/406 1557/1557/1557
f 322/322/322 1548/1548/1548 1972/1972/1972
f 2061/2061/2061 2052/2052/2052 2063/2063/2063
f 2066/2066/2066 2065/2065/2065 2067/2067/2067
f 2052/2052/2052 2061/2061/2061 2064/2064/2064
f 1609/1609/1609 1610/1610/1610 2066/2066/2066
f 1515/1515/1515 151/151/151 152/152/152
f 1009/1009/1009 827/827/827 993/993/993
f 1644/1644/1644 3843/3843/3843 3815/3815/3815
f 279/279/279 1915/1915/1915 1916/1916/1916
f 1285/1285/1285 3863/3863/3863 3862/3862/3862
f 1647/1647/1647 2066/2066/2066 1825/1825/1825
f 2056/2056/2056 2057/2057/2057 2067/2067/2067
f 319/319/319 320/320/320 1953/1953/1953
f 667/667/667 666/666/666 1913/1913/1913
f 2070/2070/2070 631/631/631 625/625/625
f 2052/2052/2052 2050/2050/2050 2055/2055/2055
f 2038/2038/2038 1654/1654/1654 1655/1655/1655
f 1606/1606/1606 1601/1601/1601 2073/2073/2073
f 1235/1235/1235 1917/1917/1917 1270/1270/1270
f 2072/2072/2072 2073/2073/2073 2075/2075/2075
f 2059/2059/2059 1606/1606/1606 2072/2072/2072
f 2074/2074/2074 2075/2075/2075 2077/2077/2077
f 1601/1601/1601 1602/1602/1602 2078/2078/2078
f 2049/2049/2049 2048/2048/2048 1643/1643/1643
f 1000/1000/1000 1004/1004/1004 1001/1001/1001
f 1089/1089/1089 943/943/943 684/684/684
f 1931/1931/1931 1286/1286/1286 1306/1306/1306
f 1462/1462/1462 1459/1459/1459 1021/1021/1021
f 1932/1932/1932 1933/1933/1933 1934/1934/1934
f 875/875/875 874/874/874 1846/1846/1846
f 1936/1936/1936 1051/1051/1051 1937/1937/1937
f 44/44/44 45/45/45 46/46/46
f 1534/1534/1534 1955/1955/1955 1956/1956/1956
f 1541/1541/1541 318/318/318 317/317/317
f 2081/2081/2081 2082/2082/2082 2084/2084/2084
f 146/146/146 1945/1945/1945 1959/1959/1959
f 1360/1360/1360 1941/1941/1941 1942/1942/1942
f 985/985/985 984/984/984 1032/1032/1032
f 1995/1995/1995 1997/1997/1997 1892/1892/1892
f 2079/2079/2079 2080/2080/2080 2082/2082/2082
f 2095/2095/2095 2096/2096/2096 2076/2076/2076
f 2081/2081/2081 2093/2093/2093 2078/2078/2078
f 2055/2055/2055 2050/2050/2050 2054/2054/2054
f 501/501/501 2096/2096/2096 2095/2095/2095
f 2097/2097/2097 2100/2100/2100 2099/2099/2099
f 2098/2098/2098 2099/2099/2099 2094/2094/2094
f 2140/2140/2140 2141/2141/2141 3893/3893/3893
f 2141/2141/2141 2046/2046/2046 3894/3894/3894
f 2051/2051/2051 2070/2070/2070 2048/2048/2048
f 592/592/592 2102/2102/2102 2101/2101/2101
f 2071/2071/2071 2064/2064/2064 2076/2076/2076
f 2102/2102/2102 2097/2097/2097 2098/2098/2098
f 593/593/593 2103/2103/2103 2102/2102/2102
f 1019/1019/1019 1895/1895/1895 746/746/746
f 1950/1950/1950 11/11/11 12/12/12
f 725/725/725 2071/2071/2071 2096/2096/2096
f 1385/1385/1385 2105/2105/2105 2104/2104/2104
f 1379/1379/1379 2104/2104/2104 2106/2106/2106
f 2107/2107/2107 2108/2108/2108 2100/2100/2100
f 3908/3908/3908 726/726/726 502/502/502
f 3896/3896/3896 502/502/502 499/499/499
f 940/940/940 1389/1389/1389 2109/2109/2109
f 928/928/928 929/929/929 1170/1170/1170
f 3868/3868/3868 590/590/590 684/684/684
f 1962/1962/1962 1963/1963/1963 1964/1964/1964
f 3878/3878/3878 680/680/680 573/573/573
f 2039/2039/2039 1993/1993/1993 1968/1968/1968
f 1389/1389/1389 1390/1390/1390 2110/2110/2110
f 1398/1398/1398 2111/2111/2111 2113/2113/2113
f 3757/3757/3757 3755/3755/3755 3753/3753/3753
f 3911/3911/3911 3883/3883/3883 2107/2107/2107
f 949/949/949 923/923/923 924/924/924
f 260/260/260 241/241/241 324/324/324
f 1390/1390/1390 1397/1397/1397 2113/2113/2113
f 2070/2070/2070 2051/2051/2051 2064/2064/2064
f 3867/3867/3867 3911/3911/3911 2103/2103/2103
f 2105/2105/2105 1385/1385/1385 1421/1421/1421
f 2114/2114/2114 1421/1421/1421 1423/1423/1423
f 3892/3892/3892 2114/2114/2114 2115/2115/2115
f 3908/3908/3908 2105/2105/2105 2114/2114/2114
f 554/554/554 2116/2116/2116 1902/1902/1902
f 972/972/972 1163/1163/1163 967/967/967
f 1765/1765/1765 1593/1593/1593 1573/1573/1573
f 1984/1984/1984 1985/1985/1985 1986/1986/1986
f 2053/2053/2053 2117/2117/2117 2069/2069/2069
f 3573/3573/3573 3556/3556/3556 724/724/724
f 1625/1625/1625 1677/1677/1677 1674/1674/1674
f 3881/3881/3881 3888/3888/3888 2119/2119/2119
f 3903/3903/3903 2115/2115/2115 2123/2123/2123
f 56/56/56 1954/1954/1954 1906/1906/1906
f 626/626/626 3877/3877/3877 3879/3879/3879
f 2001/2001/2001 2002/2002/2002 2003/2003/2003
f 3912/3912/3912 3841/3841/3841 2127/2127/2127
f 2006/2006/2006 2007/2007/2007 2008/2008/2008
f 2127/2127/2127 1413/1413/1413 1412/1412/1412
f 2014/2014/2014 2015/2015/2015 2016/2016/2016
f 2018/2018/2018 2019/2019/2019 2020/2020/2020
f 1495/1495/1495 1424/1424/1424 1947/1947/1947
f 1379/1379/1379 1377/1377/1377 1386/1386/1386
f 3814/3814/3814 3811/3811/3811 1680/1680/1680
f 2029/2029/2029 1885/1885/1885 1884/1884/1884
f 3902/3902/3902 2128/2128/2128 2120/2120/2120
f 629/629/629 3879/3879/3879 3914/3914/3914
f 682/682/682 683/683/683 943/943/943
f 724/724/724 1650/1650/1650 2121/2121/2121
f 1757/1757/1757 1819/1819/1819 3821/3821/3821
f 765/765/765 1810/1810/1810 3844/3844/3844
f 3851/3851/3851 714/714/714 715/715/715
f 706/706/706 707/707/707 3870/3870/3870
f 981/981/981 986/986/986 987/987/987
f 1457/1457/1457 1868/1868/1868 1656/1656/1656
f 2017/2017/2017 2016/2016/2016 2032/2032/2032
f 1458/1458/1458 1655/1655/1655 1868/1868/1868
f 1776/1776/1776 1777/1777/1777 1792/1792/1792
f 1959/1959/1959 1945/1945/1945 1946/1946/1946
f 3663/3663/3663 3715/3715/3715 3725/3725/3725
f 3913/3913/3913 3881/3881/3881 2122/2122/2122
f 1093/1093/1093 1089/1089/1089 689/689/689
f 966/966/966 965/965/965 968/968/968
f 3852/3852/3852 715/715/715 3881/3881/3881
f 2172/2172/2172 3577/3577/3577 2170/2170/2170
f 670/670/670 2138/2138/2138 2137/2137/2137
f 3761/3761/3761 787/787/787 1903/1903/1903
f 1429/1429/1429 19/19/19 28/28/28
f 964/964/964 963/963/963 978/978/978
f 3841/3841/3841 3813/3813/3813 1413/1413/1413
f 1473/1473/1473 1474/1474/1474 669/669/669
f 3834/3834/3834 3833/3833/3833 1359/1359/1359
f 2138/2138/2138 798/798/798 1870/1870/1870
f 1872/1872/1872 1473/1473/1473 2137/2137/2137
f 715/715/715 716/716/716 3888/3888/3888
f 1881/1881/1881 1991/1991/1991 1992/1992/1992
f 3843/3843/3843 3842/3842/3842 739/739/739
f 1837/1837/1837 1847/1847/1847 3513/3513/3513
f 253/253/253 58/58/58 59/59/59
f 1808/1808/1808 3837/3837/3837 3840/3840/3840
f 1647/1647/1647 3832/3832/3832 3818/3818/3818
f 3865/3865/3865 3866/3866/3866 671/671/671
f 2112/2112/2112 3882/3882/3882 3883/3883/3883
f 1405/1405/1405 2045/2045/2045 2044/2044/2044
f 3829/3829/3829 3824/3824/3824 1364/1364/1364
f 273/273/273 1541/1541/1541 391/391/391
f 576/576/576 632/632/632 3520/3520/3520
f 3875/3875/3875 3865/3865/3865 668/668/668
f 1430/1430/1430 1431/1431/1431 2140/2140/2140
f 2136/2136/2136 3850/3850/3850 3860/3860/3860
f 1430/1430/1430 2139/2139/2139 18/18/18
f 3893/3893/3893 3894/3894/3894 570/570/570
f 1442/1442/1442 1439/1439/1439 2046/2046/2046
f 1431/1431/1431 1442/1442/1442 2141/2141/2141
f 3869/3869/3869 3913/3913/3913 3850/3850/3850
f 3808/3808/3808 3823/3823/3823 1817/1817/1817
f 3866/3866/3866 3893/3893/3893 695/695/695
f 2142/2142/2142 2025/2025/2025 798/798/798
f 571/571/571 2143/2143/2143 2142/2142/2142
f 3819/3819/3819 3814/3814/3814 1618/1618/1618
f 2143/2143/2143 2022/2022/2022 2025/2025/2025
f 694/694/694 2142/2142/2142 2138/2138/2138
f 681/681/681 1572/1572/1572 2144/2144/2144
f 2144/2144/2144 2011/2011/2011 2022/2022/2022
f 328/328/328 210/210/210 457/457/457
f 1572/1572/1572 2010/2010/2010 2011/2011/2011
f 630/630/630 3892/3892/3892 3903/3903/3903
f 2085/2085/2085 2086/2086/2086 2087/2087/2087
f 2090/2090/2090 2091/2091/2091 2092/2092/2092
f 572/572/572 2144/2144/2144 2143/2143/2143
f 1875/1875/1875 1976/1976/1976 2153/2153/2153
f 1873/1873/1873 1875/1875/1875 2149/2149/2149
f 2103/2103/2103 2107/2107/2107 2097/2097/2097
f 2157/2157/2157 2043/2043/2043 2155/2155/2155
f 2128/2128/2128 1412/1412/1412 1414/1414/1414
f 3874/3874/3874 3871/3871/3871 589/589/589
f 3872/3872/3872 3870/3870/3870 628/628/628
f 2149/2149/2149 2153/2153/2153 2158/2158/2158
f 2159/2159/2159 2158/2158/2158 3905/3905/3905
f 698/698/698 3907/3907/3907 3902/3902/3902
f 3823/3823/3823 3847/3847/3847 3827/3827/3827
f 2158/2158/2158 2156/2156/2156 3874/3874/3874
f 1438/1438/1438 2044/2044/2044 2046/2046/2046
f 2035/2035/2035 2154/2154/2154 2160/2160/2160
f 2161/2161/2161 2160/2160/2160 3889/3889/3889
f 3871/3871/3871 3891/3891/3891 605/605/605
f 3873/3873/3873 17/17/17 18/18/18
f 370/370/370 29/29/29 61/61/61
f 649/649/649 1951/1951/1951 413/413/413
f 2153/2153/2153 2157/2157/2157 2156/2156/2156
f 1428/1428/1428 1429/1429/1429 1449/1449/1449
f 1490/1490/1490 76/76/76 73/73/73
f 3890/3890/3890 3905/3905/3905 710/710/710
f 2155/2155/2155 1891/1891/1891 3891/3891/3891
f 1456/1456/1456 1457/1457/1457 1880/1880/1880
f 2125/2125/2125 2088/2088/2088 2087/2087/2087
f 2160/2160/2160 2159/2159/2159 3890/3890/3890
f 300/300/300 1959/1959/1959 505/505/505
f 1064/1064/1064 1062/1062/1062 1046/1046/1046
f 2043/2043/2043 1892/1892/1892 1891/1891/1891
f 2129/2129/2129 2130/2130/2130 2004/2004/2004
f 2131/2131/2131 2132/2132/2132 2133/2133/2133
f 3848/3848/3848 3849/3849/3849 1450/1450/1450
f 1998/1998/1998 1975/1975/1975 804/804/804
f 3879/3879/3879 673/673/673 3864/3864/3864
f 474/474/474 492/492/492 490/490/490
f 1164/1164/1164 1165/1165/1165 1182/1182/1182
f 707/707/707 2162/2162/2162 3909/3909/3909
f 708/708/708 1472/1472/1472 2162/2162/2162
f 2162/2162/2162 2161/2161/2161 3886/3886/3886
f 548/548/548 549/549/549 1905/1905/1905
f 1145/1145/1145 1136/1136/1136 1114/1114/1114
f 705/705/705 2121/2121/2121 1650/1650/1650
f 2043/2043/2043 2157/2157/2157 1977/1977/1977
f 737/737/737 738/738/738 554/554/554
f 1034/1034/1034 1195/1195/1195 1191/1191/1191
f 458/458/458 1905/1905/1905 1907/1907/1907
f 195/195/195 196/196/196 232/232/232
f 2040/2040/2040 2039/2039/2039 1969/1969/1969
f 2145/2145/2145 2146/2146/2146 2147/2147/2147
f 2054/2054/2054 2050/2050/2050 2049/2049/2049
f 3832/3832/3832 1646/1646/1646 1639/1639/1639
f 9/9/9 12/12/12 11/11/11
f 252/252/252 364/364/364 506/506/506
f 472/472/472 478/478/478 479/479/479
f 1865/1865/1865 3924/3924/3924 3791/3791/3791
f 900/900/900 903/903/903 910/910/910
f 1941/1941/1941 2150/2150/2150 2151/2151/2151
f 1921/1921/1921 1928/1928/1928 1927/1927/1927
f 2163/2163/2163 1897/1897/1897 1898/1898/1898
f 271/271/271 156/156/156 153/153/153
f 1904/1904/1904 1326/1326/1326 12/12/12
f 282/282/282 263/263/263 264/264/264
f 1872/1872/1872 1873/1873/1873 2154/2154/2154
f 1326/1326/1326 1904/1904/1904 1897/1897/1897
f 628/628/628 692/692/692 693/693/693
f 1724/1724/1724 1722/1722/1722 1719/1719/1719
f 1549/1549/1549 1562/1562/1562 436/436/436
f 1582/1582/1582 1583/1583/1583 1730/1730/1730
f 1921/1921/1921 1920/1920/1920 1929/1929/1929
f 3563/3563/3563 3511/3511/3511 10/10/10
f 2152/2152/2152 2037/2037/2037 1950/1950/1950
f 475/475/475 772/772/772 774/774/774
f 769/769/769 2172/2172/2172 2171/2171/2171
f 2171/2171/2171 2165/2165/2165 476/476/476
f 476/476/476 773/773/773 772/772/772
f 1791/1791/1791 565/565/565 464/464/464
f 2166/2166/2166 2167/2167/2167 2168/2168/2168
f 595/595/595 371/371/371 372/372/372
f 483/483/483 1809/1809/1809 1641/1641/1641
f 762/762/762 2174/2174/2174 2173/2173/2173
f 771/771/771 483/483/483 484/484/484
f 486/486/486 487/487/487 1809/1809/1809
f 297/297/297 1549/1549/1549 1517/1517/1517
f 763/763/763 2175/2175/2175 2174/2174/2174
f 776/776/776 755/755/755 759/759/759
f 184/184/184 185/185/185 2176/2176/2176
f 412/412/412 447/447/447 303/303/303
f 2005/2005/2005 2176/2176/2176 185/185/185
f 3811/3811/3811 1681/1681/1681 1682/1682/1682
f 2164/2164/2164 2170/2170/2170 756/756/756
f 1472/1472/1472 2035/2035/2035 2161/2161/2161
f 950/950/950 951/951/951 964/964/964
f 2177/2177/2177 2178/2178/2178 2179/2179/2179
f 227/227/227 226/226/226 1510/1510/1510
f 2182/2182/2182 2183/2183/2183 2184/2184/2184
f 2186/2186/2186 2019/2019/2019 2018/2018/2018
f 1985/1985/1985 2182/2182/2182 2181/2181/2181
f 214/214/214 736/736/736 729/729/729
f 865/865/865 849/849/849 842/842/842
f 849/849/849 865/865/865 1357/1357/1357
f 559/559/559 3187/3187/3187 3188/3188/3188
f 16/16/16 13/13/13 737/737/737
f 560/560/560 553/553/553 498/498/498
f 3193/3193/3193 3196/3196/3196 3195/3195/3195
f 3200/3200/3200 3197/3197/3197 3198/3198/3198
f 3211/3211/3211 3214/3214/3214 3213/3213/3213
f 3215/3215/3215 3218/3218/3218 3217/3217/3217
f 2187/2187/2187 2188/2188/2188 2002/2002/2002
f 2169/2169/2169 2168/2168/2168 2189/2189/2189
f 2192/2192/2192 2086/2086/2086 2085/2085/2085
f 2193/2193/2193 2194/2194/2194 2195/2195/2195
f 2198/2198/2198 2199/2199/2199 2200/2200/2200
f 1998/1998/1998 1982/1982/1982 1979/1979/1979
f 3664/3664/3664 3665/3665/3665 3668/3668/3668
f 2116/2116/2116 1898/1898/1898 1903/1903/1903
f 1859/1859/1859 2006/2006/2006 2009/2009/2009
f 3904/3904/3904 2123/2123/2123 2126/2126/2126
f 1135/1135/1135 1148/1148/1148 1087/1087/1087
f 2201/2201/2201 2202/2202/2202 2015/2015/2015
f 1149/1149/1149 111/111/111 110/110/110
f 3221/3221/3221 3222/3222/3222 3218/3218/3218
f 2203/2203/2203 2204/2204/2204 2205/2205/2205
f 579/579/579 580/580/580 1895/1895/1895
f 1755/1755/1755 2207/2207/2207 2208/2208/2208
f 3891/3891/3891 3910/3910/3910 1893/1893/1893
f 1211/1211/1211 2151/2151/2151 2150/2150/2150
f 868/868/868 997/997/997 2210/2210/2210
f 944/944/944 945/945/945 930/930/930
f 2130/2130/2130 2129/2129/2129 2202/2202/2202
f 233/233/233 1903/1903/1903 1898/1898/1898
f 665/665/665 751/751/751 750/750/750
f 1167/1167/1167 1254/1254/1254 999/999/999
f 2211/2211/2211 2212/2212/2212 2213/2213/2213
f 2215/2215/2215 2216/2216/2216 2217/2217/2217
f 3867/3867/3867 593/593/593 590/590/590
f 2220/2220/2220 221/221/221 220/220/220
f 823/823/823 824/824/824 948/948/948
f 3225/3225/3225 3220/3220/3220 3227/3227/3227
f 266/266/266 204/204/204 455/455/455
f 3882/3882/3882 2108/2108/2108 2107/2107/2107
f 2221/2221/2221 2222/2222/2222 3519/3519/3519
f 2223/2223/2223 2224/2224/2224 2225/2225/2225
f 2207/2207/2207 2125/2125/2125 2124/2124/2124
f 673/673/673 674/674/674 3869/3869/3869
f 817/817/817 1000/1000/1000 996/996/996
f 2227/2227/2227 2228/2228/2228 2146/2146/2146
f 1947/1947/1947 1948/1948/1948 646/646/646
f 3900/3900/3900 2135/2135/2135 17/17/17
f 2229/2229/2229 1635/1635/1635 1638/1638/1638
f 1679/1679/1679 1613/1613/1613 1618/1618/1618
f 1637/1637/1637 2231/2231/2231 2232/2232/2232
f 2233/2233/2233 2234/2234/2234 1617/1617/1617
f 2231/2231/2231 2235/2235/2235 2236/2236/2236
f 1381/1381/1381 1638/1638/1638 2238/2238/2238
f 3586/3586/3586 2241/2241/2241 2242/2242/2242
f 1630/1630/1630 2234/2234/2234 2233/2233/2233
f 1681/1681/1681 1626/1626/1626 472/472/472
f 1408/1408/1408 1407/1407/1407 2243/2243/2243
f 3236/3236/3236 3239/3239/3239 3238/3238/3238
f 3232/3232/3232 3241/3241/3241 3240/3240/3240
f 1637/1637/1637 2230/2230/2230 2238/2238/2238
f 3237/3237/3237 3238/3238/3238 3233/3233/3233
f 1409/1409/1409 1408/1408/1408 1634/1634/1634
f 1380/1380/1380 1383/1383/1383 2247/2247/2247
f 1628/1628/1628 2248/2248/2248 2245/2245/2245
f 2249/2249/2249 1623/1623/1623 1622/1622/1622
f 1632/1632/1632 1634/1634/1634 1408/1408/1408
f 2248/2248/2248 1628/1628/1628 1631/1631/1631
f 2235/2235/2235 2231/2231/2231 1637/1637/1637
f 3245/3245/3245 3246/3246/3246 3199/3199/3199
f 631/631/631 2070/2070/2070 2071/2071/2071
f 515/515/515 167/167/167 52/52/52
f 782/782/782 781/781/781 2251/2251/2251
f 2253/2253/2253 2254/2254/2254 2255/2255/2255
f 397/397/397 281/281/281 459/459/459
f 1456/1456/1456 2039/2039/2039 2040/2040/2040
f 2040/2040/2040 2041/2041/2041 2036/2036/2036
f 1401/1401/1401 2112/2112/2112 2111/2111/2111
f 2041/2041/2041 2040/2040/2040 1970/1970/1970
f 1535/1535/1535 121/121/121 414/414/414
f 1586/1586/1586 1587/1587/1587 2080/2080/2080
f 2256/2256/2256 983/983/983 1132/1132/1132
f 1700/1700/1700 1699/1699/1699 3918/3918/3918
f 3815/3815/3815 1896/1896/1896 1686/1686/1686
f 1263/1263/1263 2256/2256/2256 1886/1886/1886
f 598/598/598 1841/1841/1841 844/844/844
f 2257/2257/2257 2258/2258/2258 2259/2259/2259
f 2258/2258/2258 2261/2261/2261 2262/2262/2262
f 2259/2259/2259 2262/2262/2262 2263/2263/2263
f 2260/2260/2260 2259/2259/2259 2216/2216/2216
f 1967/1967/1967 1971/1971/1971 1970/1970/1970
f 2212/2212/2212 1964/1964/1964 1963/1963/1963
f 922/922/922 921/921/921 2218/2218/2218
f 1312/1312/1312 1098/1098/1098 1101/1101/1101
f 1307/1307/1307 1306/1306/1306 1286/1286/1286
f 1548/1548/1548 1569/1569/1569 1546/1546/1546
f 2266/2266/2266 2267/2267/2267 2268/2268/2268
f 2265/2265/2265 2268/2268/2268 2270/2270/2270
f 2272/2272/2272 2265/2265/2265 2269/2269/2269
f 2273/2273/2273 2266/2266/2266 2265/2265/2265
f 2275/2275/2275 2276/2276/2276 2277/2277/2277
f 2278/2278/2278 2274/2274/2274 2277/2277/2277
f 2284/2284/2284 2285/2285/2285 3617/3617/3617
f 2287/2287/2287 2283/2283/2283 2286/2286/2286
f 2288/2288/2288 2289/2289/2289 2283/2283/2283
f 2290/2290/2290 2284/2284/2284 3639/3639/3639
f 2291/2291/2291 2292/2292/2292 2293/2293/2293
f 2295/2295/2295 2291/2291/2291 2294/2294/2294
f 2296/2296/2296 2297/2297/2297 2291/2291/2291
f 2297/2297/2297 2298/2298/2298 2292/2292/2292
f 2294/2294/2294 2293/2293/2293 2299/2299/2299
f 2279/2279/2279 2294/2294/2294 2300/2300/2300
f 2298/2298/2298 2301/2301/2301 2302/2302/2302
f 2292/2292/2292 2302/2302/2302 2303/2303/2303
f 2293/2293/2293 2303/2303/2303 2304/2304/2304
f 2304/2304/2304 2305/2305/2305 2306/2306/2306
f 2308/2308/2308 2309/2309/2309 2310/2310/2310
f 2302/2302/2302 2307/2307/2307 2310/2310/2310
f 2301/2301/2301 2311/2311/2311 2307/2307/2307
f 2312/2312/2312 2308/2308/2308 2307/2307/2307
f 2313/2313/2313 2314/2314/2314 2315/2315/2315
f 2318/2318/2318 2319/2319/2319 2320/2320/2320
f 3748/3748/3748 3771/3771/3771 2322/2322/2322
f 2324/2324/2324 2325/2325/2325 2273/2273/2273
f 2313/2313/2313 2324/2324/2324 2326/2326/2326
f 2328/2328/2328 2324/2324/2324 2313/2313/2313
f 2329/2329/2329 2325/2325/2325 2324/2324/2324
f 2331/2331/2331 2332/2332/2332 2333/2333/2333
f 2330/2330/2330 2333/2333/2333 2267/2267/2267
f 2325/2325/2325 2330/2330/2330 2266/2266/2266
f 2329/2329/2329 2331/2331/2331 2330/2330/2330
f 2333/2333/2333 2334/2334/2334 2335/2335/2335
f 2336/2336/2336 2334/2334/2334 2333/2333/2333
f 2338/2338/2338 2336/2336/2336 2332/2332/2332
f 2331/2331/2331 2339/2339/2339 2337/2337/2337
f 2329/2329/2329 2340/2340/2340 2339/2339/2339
f 2328/2328/2328 2341/2341/2341 2340/2340/2340
f 2316/2316/2316 2342/2342/2342 2341/2341/2341
f 2342/2342/2342 2316/2316/2316 2315/2315/2315
f 2344/2344/2344 2345/2345/2345 2346/2346/2346
f 2341/2341/2341 2344/2344/2344 2347/2347/2347
f 2342/2342/2342 2348/2348/2348 2344/2344/2344
f 2348/2348/2348 2349/2349/2349 2345/2345/2345
f 2350/2350/2350 2351/2351/2351 2352/2352/2352
f 2339/2339/2339 2350/2350/2350 2353/2353/2353
f 2340/2340/2340 2347/2347/2347 2350/2350/2350
f 2347/2347/2347 2346/2346/2346 2351/2351/2351
f 2337/2337/2337 2353/2353/2353 2354/2354/2354
f 2353/2353/2353 2352/2352/2352 2355/2355/2355
f 2356/2356/2356 2277/2277/2277 2276/2276/2276
f 2356/2356/2356 2357/2357/2357 2358/2358/2358
f 2356/2356/2356 2359/2359/2359 2296/2296/2296
f 2279/2279/2279 2277/2277/2277 2356/2356/2356
f 2360/2360/2360 2361/2361/2361 2270/2270/2270
f 2267/2267/2267 2335/2335/2335 2360/2360/2360
f 2362/2362/2362 2363/2363/2363 2364/2364/2364
f 2362/2362/2362 2365/2365/2365 2361/2361/2361
f 2366/2366/2366 2362/2362/2362 2358/2358/2358
f 2366/2366/2366 2367/2367/2367 2363/2363/2363
f 2357/2357/2357 2276/2276/2276 2368/2368/2368
f 2366/2366/2366 2368/2368/2368 2369/2369/2369
f 2276/2276/2276 2275/2275/2275 2370/2370/2370
f 2368/2368/2368 2370/2370/2370 2282/2282/2282
f 2372/2372/2372 2373/2373/2373 2374/2374/2374
f 2375/2375/2375 2376/2376/2376 2377/2377/2377
f 2378/2378/2378 2379/2379/2379 2380/2380/2380
f 2382/2382/2382 2378/2378/2378 2381/2381/2381
f 2384/2384/2384 2385/2385/2385 2378/2378/2378
f 2385/2385/2385 2386/2386/2386 2379/2379/2379
f 2388/2388/2388 2389/2389/2389 2390/2390/2390
f 2387/2387/2387 2390/2390/2390 2392/2392/2392
f 2393/2393/2393 2394/2394/2394 2387/2387/2387
f 2394/2394/2394 2395/2395/2395 2388/2388/2388
f 2186/2186/2186 2401/2401/2401 2402/2402/2402
f 2403/2403/2403 2404/2404/2404 2327/2327/2327
f 2272/2272/2272 2403/2403/2403 2326/2326/2326
f 2271/2271/2271 2405/2405/2405 2403/2403/2403
f 2405/2405/2405 2406/2406/2406 2404/2404/2404
f 2404/2404/2404 2407/2407/2407 2408/2408/2408
f 2409/2409/2409 2410/2410/2410 2411/2411/2411
f 2409/2409/2409 2412/2412/2412 2271/2271/2271
f 2413/2413/2413 2409/2409/2409 2269/2269/2269
f 2413/2413/2413 2414/2414/2414 2410/2410/2410
f 2417/2417/2417 2415/2415/2415 2416/2416/2416
f 2417/2417/2417 2418/2418/2418 2406/2406/2406
f 2412/2412/2412 2417/2417/2417 2405/2405/2405
f 2411/2411/2411 2415/2415/2415 2417/2417/2417
f 2406/2406/2406 2419/2419/2419 2407/2407/2407
f 3569/3569/3569 3520/3520/3520 632/632/632
f 2420/2420/2420 2398/2398/2398 2397/2397/2397
f 2420/2420/2420 2421/2421/2421 2423/2423/2423
f 2424/2424/2424 2420/2420/2420 2422/2422/2422
f 2424/2424/2424 2399/2399/2399 2398/2398/2398
f 2425/2425/2425 2391/2391/2391 2392/2392/2392
f 2421/2421/2421 2425/2425/2425 2426/2426/2426
f 2397/2397/2397 2396/2396/2396 2425/2425/2425
f 2396/2396/2396 2393/2393/2393 2391/2391/2391
f 2427/2427/2427 2314/2314/2314 2408/2408/2408
f 2430/2430/2430 2427/2427/2427 2428/2428/2428
f 2343/2343/2343 2315/2315/2315 2427/2427/2427
f 2432/2432/2432 2343/2343/2343 2430/2430/2430
f 2431/2431/2431 2430/2430/2430 2429/2429/2429
f 2435/2435/2435 2431/2431/2431 2433/2433/2433
f 2436/2436/2436 2432/2432/2432 2431/2431/2431
f 2428/2428/2428 2408/2408/2408 2407/2407/2407
f 2422/2422/2422 2437/2437/2437 2407/2407/2407
f 2438/2438/2438 2437/2437/2437 2422/2422/2422
f 2429/2429/2429 2428/2428/2428 2437/2437/2437
f 2440/2440/2440 2434/2434/2434 2433/2433/2433
f 2441/2441/2441 2439/2439/2439 2433/2433/2433
f 2442/2442/2442 2443/2443/2443 2439/2439/2439
f 2443/2443/2443 2444/2444/2444 2440/2440/2440
f 2445/2445/2445 2446/2446/2446 2444/2444/2444
f 2447/2447/2447 2445/2445/2445 2443/2443/2443
f 2383/2383/2383 2381/2381/2381 2445/2445/2445
f 2381/2381/2381 2380/2380/2380 2446/2446/2446
f 2448/2448/2448 2438/2438/2438 2423/2423/2423
f 2449/2449/2449 2448/2448/2448 2426/2426/2426
f 2441/2441/2441 2448/2448/2448 2449/2449/2449
f 2441/2441/2441 2429/2429/2429 2438/2438/2438
f 2449/2449/2449 2392/2392/2392 2390/2390/2390
f 2450/2450/2450 2390/2390/2390 2389/2389/2389
f 2447/2447/2447 2450/2450/2450 2451/2451/2451
f 2442/2442/2442 2449/2449/2449 2450/2450/2450
f 2451/2451/2451 2389/2389/2389 2453/2453/2453
f 2452/2452/2452 2453/2453/2453 2455/2455/2455
f 2382/2382/2382 2452/2452/2452 2454/2454/2454
f 2383/2383/2383 2451/2451/2451 2452/2452/2452
f 2456/2456/2456 2457/2457/2457 2373/2373/2373
f 2459/2459/2459 2460/2460/2460 2461/2461/2461
f 2463/2463/2463 2464/2464/2464 2465/2465/2465
f 2462/2462/2462 2465/2465/2465 2285/2285/2285
f 2466/2466/2466 2462/2462/2462 2284/2284/2284
f 2467/2467/2467 2463/2463/2463 2462/2462/2462
f 2461/2461/2461 2460/2460/2460 3703/3703/3703
f 2468/2468/2468 2469/2469/2469 2470/2470/2470
f 2472/2472/2472 2468/2468/2468 2471/2471/2471
f 2474/2474/2474 2461/2461/2461 3701/3701/3701
f 2475/2475/2475 2476/2476/2476 2477/2477/2477
f 2458/2458/2458 2455/2455/2455 2453/2453/2453
f 2479/2479/2479 2453/2453/2453 2389/2389/2389
f 2395/2395/2395 2480/2480/2480 2479/2479/2479
f 2480/2480/2480 2459/2459/2459 2458/2458/2458
f 2481/2481/2481 2482/2482/2482 2483/2483/2483
f 2484/2484/2484 113/113/113 2485/2485/2485
f 2471/2471/2471 2470/2470/2470 2464/2464/2464
f 2473/2473/2473 2471/2471/2471 2463/2463/2463
f 2487/2487/2487 2467/2467/2467 2466/2466/2466
f 2486/2486/2486 2466/2466/2466 2290/2290/2290
f 2490/2490/2490 2486/2486/2486 2488/2488/2488
f 2491/2491/2491 2487/2487/2487 2486/2486/2486
f 2492/2492/2492 2473/2473/2473 2467/2467/2467
f 2493/2493/2493 2492/2492/2492 2487/2487/2487
f 2494/2494/2494 2495/2495/2495 2492/2492/2492
f 2495/2495/2495 2472/2472/2472 2473/2473/2473
f 3690/3690/3690 2496/2496/2496 2474/2474/2474
f 3691/3691/3691 2497/2497/2497 2496/2496/2496
f 2498/2498/2498 2494/2494/2494 2493/2493/2493
f 2500/2500/2500 2498/2498/2498 2499/2499/2499
f 3700/3700/3700 3687/3687/3687 2498/2498/2498
f 3687/3687/3687 3691/3691/3691 2494/2494/2494
f 2306/2306/2306 2504/2504/2504 2278/2278/2278
f 2305/2305/2305 2505/2505/2505 2504/2504/2504
f 2504/2504/2504 2505/2505/2505 2507/2507/2507
f 2506/2506/2506 2507/2507/2507 2288/2288/2288
f 2274/2274/2274 2506/2506/2506 2508/2508/2508
f 2278/2278/2278 2504/2504/2504 2506/2506/2506
f 3633/3633/3633 3632/3632/3632 2489/2489/2489
f 3620/3620/3620 3633/3633/3633 2488/2488/2488
f 2507/2507/2507 2509/2509/2509 2289/2289/2289
f 2505/2505/2505 2510/2510/2510 2509/2509/2509
f 2508/2508/2508 2288/2288/2288 2287/2287/2287
f 2511/2511/2511 2287/2287/2287 2281/2281/2281
f 2370/2370/2370 2511/2511/2511 2280/2280/2280
f 2275/2275/2275 2508/2508/2508 2511/2511/2511
f 2512/2512/2512 2490/2490/2490 2489/2489/2489
f 2514/2514/2514 2512/2512/2512 2513/2513/2513
f 2517/2517/2517 2512/2512/2512 2514/2514/2514
f 2517/2517/2517 2491/2491/2491 2490/2490/2490
f 2499/2499/2499 2493/2493/2493 2491/2491/2491
f 2499/2499/2499 2517/2517/2517 2516/2516/2516
f 2510/2510/2510 2505/2505/2505 2519/2519/2519
f 2518/2518/2518 2519/2519/2519 2521/2521/2521
f 3616/3616/3616 2518/2518/2518 2520/2520/2520
f 3632/3632/3632 2510/2510/2510 2518/2518/2518
f 2522/2522/2522 2304/2304/2304 2303/2303/2303
f 2523/2523/2523 2522/2522/2522 2310/2310/2310
f 2305/2305/2305 2304/2304/2304 2522/2522/2522
f 2524/2524/2524 2522/2522/2522 2523/2523/2523
f 2519/2519/2519 2524/2524/2524 2525/2525/2525
f 2505/2505/2505 2305/2305/2305 2524/2524/2524
f 2308/2308/2308 2312/2312/2312 2527/2527/2527
f 2526/2526/2526 2527/2527/2527 2529/2529/2529
f 2531/2531/2531 2526/2526/2526 2528/2528/2528
f 2309/2309/2309 2308/2308/2308 2526/2526/2526
f 1214/1214/1214 2532/2532/2532 2151/2151/2151
f 2419/2419/2419 2406/2406/2406 2418/2418/2418
f 2533/2533/2533 2345/2345/2345 2349/2349/2349
f 2534/2534/2534 2533/2533/2533 2317/2317/2317
f 2535/2535/2535 2536/2536/2536 2533/2533/2533
f 2536/2536/2536 2346/2346/2346 2345/2345/2345
f 2537/2537/2537 2351/2351/2351 2346/2346/2346
f 2538/2538/2538 2537/2537/2537 2536/2536/2536
f 2539/2539/2539 2540/2540/2540 2537/2537/2537
f 2540/2540/2540 2352/2352/2352 2351/2351/2351
f 2312/2312/2312 2355/2355/2355 2541/2541/2541
f 2527/2527/2527 2541/2541/2541 2542/2542/2542
f 2543/2543/2543 2435/2435/2435 2434/2434/2434
f 2545/2545/2545 2543/2543/2543 2544/2544/2544
f 2319/2319/2319 2318/2318/2318 2543/2543/2543
f 2318/2318/2318 2436/2436/2436 2435/2435/2435
f 2514/2514/2514 2515/2515/2515 2548/2548/2548
f 2547/2547/2547 2548/2548/2548 2550/2550/2550
f 2552/2552/2552 2547/2547/2547 2549/2549/2549
f 2552/2552/2552 2516/2516/2516 2514/2514/2514
f 2520/2520/2520 2521/2521/2521 2554/2554/2554
f 2553/2553/2553 2554/2554/2554 2556/2556/2556
f 3590/3590/3590 2553/2553/2553 2555/2555/2555
f 3621/3621/3621 2520/2520/2520 2553/2553/2553
f 2523/2523/2523 2309/2309/2309 2531/2531/2531
f 2557/2557/2557 2531/2531/2531 2530/2530/2530
f 2525/2525/2525 2523/2523/2523 2557/2557/2557
f 2559/2559/2559 2557/2557/2557 2558/2558/2558
f 2554/2554/2554 2559/2559/2559 2560/2560/2560
f 2521/2521/2521 2525/2525/2525 2559/2559/2559
f 2561/2561/2561 2375/2375/2375 2007/2007/2007
f 2376/2376/2376 2562/2562/2562 2225/2225/2225
f 2564/2564/2564 2565/2565/2565 2566/2566/2566
f 2563/2563/2563 2566/2566/2566 338/338/338
f 2569/2569/2569 2563/2563/2563 2567/2567/2567
f 2570/2570/2570 2564/2564/2564 2563/2563/2563
f 2572/2572/2572 2573/2573/2573 2574/2574/2574
f 2571/2571/2571 2574/2574/2574 2576/2576/2576
f 2544/2544/2544 2571/2571/2571 2575/2575/2575
f 2544/2544/2544 2434/2434/2434 2572/2572/2572
f 2578/2578/2578 2570/2570/2570 2569/2569/2569
f 2579/2579/2579 2577/2577/2577 2569/2569/2569
f 2574/2574/2574 2577/2577/2577 2579/2579/2579
f 2573/2573/2573 2578/2578/2578 2577/2577/2577
f 2581/2581/2581 2582/2582/2582 2583/2583/2583
f 2584/2584/2584 2580/2580/2580 2583/2583/2583
f 3697/3697/3697 3675/3675/3675 2580/2580/2580
f 3676/3676/3676 2581/2581/2581 2580/2580/2580
f 2582/2582/2582 2516/2516/2516 2552/2552/2552
f 2583/2583/2583 2552/2552/2552 2551/2551/2551
f 2500/2500/2500 2501/2501/2501 2589/2589/2589
f 2590/2590/2590 2588/2588/2588 2589/2589/2589
f 3693/3693/3693 3695/3695/3695 2588/2588/2588
f 3695/3695/3695 3700/3700/3700 2500/2500/2500
f 2501/2501/2501 2516/2516/2516 2591/2591/2591
f 2592/2592/2592 2593/2593/2593 2594/2594/2594
f 2386/2386/2386 2385/2385/2385 2503/2503/2503
f 2596/2596/2596 2379/2379/2379 2386/2386/2386
f 2596/2596/2596 2374/2374/2374 2373/2373/2373
f 2599/2599/2599 2596/2596/2596 2597/2597/2597
f 2599/2599/2599 2380/2380/2380 2379/2379/2379
f 2600/2600/2600 2446/2446/2446 2380/2380/2380
f 2600/2600/2600 2599/2599/2599 2598/2598/2598
f 2603/2603/2603 2600/2600/2600 2601/2601/2601
f 2603/2603/2603 2444/2444/2444 2446/2446/2446
f 2604/2604/2604 2603/2603/2603 2602/2602/2602
f 2440/2440/2440 2604/2604/2604 2605/2605/2605
f 2444/2444/2444 2603/2603/2603 2604/2604/2604
f 2606/2606/2606 2582/2582/2582 2581/2581/2581
f 2606/2606/2606 2607/2607/2607 2590/2590/2590
f 2591/2591/2591 2516/2516/2516 2582/2582/2582
f 3676/3676/3676 2587/2587/2587 2456/2456/2456
f 3689/3689/3689 2456/2456/2456 2372/2372/2372
f 2478/2478/2478 2477/2477/2477 2608/2608/2608
f 2609/2609/2609 2610/2610/2610 2611/2611/2611
f 2564/2564/2564 2570/2570/2570 2613/2613/2613
f 2612/2612/2612 2613/2613/2613 2598/2598/2598
f 2457/2457/2457 2612/2612/2612 2597/2597/2597
f 2565/2565/2565 2564/2564/2564 2612/2612/2612
f 2614/2614/2614 2613/2613/2613 2570/2570/2570
f 2615/2615/2615 2614/2614/2614 2578/2578/2578
f 2602/2602/2602 2601/2601/2601 2614/2614/2614
f 2601/2601/2601 2598/2598/2598 2613/2613/2613
f 2572/2572/2572 2434/2434/2434 2605/2605/2605
f 2616/2616/2616 2605/2605/2605 2602/2602/2602
f 2573/2573/2573 2572/2572/2572 2616/2616/2616
f 1459/1459/1459 1016/1016/1016 1045/1045/1045
f 1265/1265/1265 1215/1215/1215 1079/1079/1079
f 1612/1612/1612 1608/1608/1608 1609/1609/1609
f 2067/2067/2067 2057/2057/2057 2069/2069/2069
f 1135/1135/1135 1109/1109/1109 1136/1136/1136
f 1938/1938/1938 1937/1937/1937 2618/2618/2618
f 95/95/95 548/548/548 458/458/458
f 2058/2058/2058 1607/1607/1607 1608/1608/1608
f 1454/1454/1454 1469/1469/1469 1445/1445/1445
f 655/655/655 2620/2620/2620 1048/1048/1048
f 722/722/722 1049/1049/1049 2621/2621/2621
f 1131/1131/1131 985/985/985 1033/1033/1033
f 562/562/562 1481/1481/1481 366/366/366
f 1723/1723/1723 1719/1719/1719 1725/1725/1725
f 1786/1786/1786 1123/1123/1123 1122/1122/1122
f 267/267/267 300/300/300 323/323/323
f 1325/1325/1325 2034/2034/2034 1654/1654/1654
f 1468/1468/1468 1165/1165/1165 1435/1435/1435
f 658/658/658 657/657/657 529/529/529
f 8/8/8 532/532/532 247/247/247
f 382/382/382 1557/1557/1557 1559/1559/1559
f 788/788/788 619/619/619 1307/1307/1307
f 940/940/940 930/930/930 929/929/929
f 911/911/911 2622/2622/2622 2623/2623/2623
f 2621/2621/2621 2620/2620/2620 655/655/655
f 2624/2624/2624 1857/1857/1857 2625/2625/2625
f 998/998/998 1846/1846/1846 27/27/27
f 635/635/635 638/638/638 2626/2626/2626
f 2627/2627/2627 641/641/641 644/644/644
f 2628/2628/2628 2627/2627/2627 1840/1840/1840
f 1200/1200/1200 1199/1199/1199 2627/2627/2627
f 1199/1199/1199 1773/1773/1773 641/641/641
f 1520/1520/1520 515/515/515 49/49/49
f 1452/1452/1452 1350/1350/1350 1349/1349/1349
f 2630/2630/2630 2631/2631/2631 1859/1859/1859
f 644/644/644 643/643/643 1335/1335/1335
f 1197/1197/1197 1198/1198/1198 717/717/717
f 2632/2632/2632 717/717/717 719/719/719
f 2628/2628/2628 2632/2632/2632 1166/1166/1166
f 2629/2629/2629 1197/1197/1197 2632/2632/2632
f 1762/1762/1762 2633/2633/2633 1050/1050/1050
f 1823/1823/1823 870/870/870 873/873/873
f 2634/2634/2634 2635/2635/2635 794/794/794
f 1042/1042/1042 794/794/794 2635/2635/2635
f 93/93/93 94/94/94 1901/1901/1901
f 2036/2036/2036 2038/2038/2038 1458/1458/1458
f 1527/1527/1527 332/332/332 1525/1525/1525
f 877/877/877 876/876/876 1274/1274/1274
f 134/134/134 409/409/409 797/797/797
f 1328/1328/1328 893/893/893 931/931/931
f 607/607/607 777/777/777 1091/1091/1091
f 1043/1043/1043 2635/2635/2635 2637/2637/2637
f 2636/2636/2636 2637/2637/2637 2639/2639/2639
f 1275/1275/1275 2636/2636/2636 2638/2638/2638
f 1275/1275/1275 1040/1040/1040 1043/1043/1043
f 1272/1272/1272 2624/2624/2624 2626/2626/2626
f 2640/2640/2640 2626/2626/2626 638/638/638
f 1110/1110/1110 2641/2641/2641 2640/2640/2640
f 536/536/536 1272/1272/1272 2640/2640/2640
f 1472/1472/1472 708/708/708 1474/1474/1474
f 2042/2042/2042 2030/2030/2030 1951/1951/1951
f 1058/1058/1058 1106/1106/1106 1105/1105/1105
f 2642/2642/2642 2623/2623/2623 2643/2643/2643
f 1192/1192/1192 2642/2642/2642 2644/2644/2644
f 912/912/912 2623/2623/2623 2642/2642/2642
f 3898/3898/3898 1657/1657/1657 3526/3526/3526
f 1049/1049/1049 1048/1048/1048 2620/2620/2620
f 616/616/616 1829/1829/1829 1885/1885/1885
f 1331/1331/1331 1913/1913/1913 666/666/666
f 990/990/990 989/989/989 1198/1198/1198
f 1911/1911/1911 1912/1912/1912 321/321/321
f 1298/1298/1298 1282/1282/1282 1205/1205/1205
f 76/76/76 1490/1490/1490 1504/1504/1504
f 1502/1502/1502 1500/1500/1500 421/421/421
f 610/610/610 609/609/609 658/658/658
f 1146/1146/1146 937/937/937 659/659/659
f 2646/2646/2646 911/911/911 914/914/914
f 1280/1280/1280 1239/1239/1239 1238/1238/1238
f 1453/1453/1453 1454/1454/1454 1452/1452/1452
f 835/835/835 942/942/942 1843/1843/1843
f 1271/1271/1271 1270/1270/1270 1173/1173/1173
f 1893/1893/1893 1878/1878/1878 1826/1826/1826
f 1050/1050/1050 2633/2633/2633 1937/1937/1937
f 2651/2651/2651 2652/2652/2652 814/814/814
f 1006/1006/1006 1053/1053/1053 1281/1281/1281
f 2653/2653/2653 1084/1084/1084 2654/2654/2654
f 1001/1001/1001 1004/1004/1004 1003/1003/1003
f 585/585/585 997/997/997 679/679/679
f 2624/2624/2624 1272/1272/1272 621/621/621
f 555/555/555 678/678/678 2028/2028/2028
f 1207/1207/1207 526/526/526 1197/1197/1197
f 1626/1626/1626 1627/1627/1627 478/478/478
f 426/426/426 389/389/389 419/419/419
f 1030/1030/1030 1193/1193/1193 1773/1773/1773
f 3898/3898/3898 645/645/645 634/634/634
f 534/534/534 1533/1533/1533 138/138/138
f 1125/1125/1125 1092/1092/1092 1042/1042/1042
f 333/333/333 228/228/228 88/88/88
f 569/569/569 1570/1570/1570 561/561/561
f 1489/1489/1489 2656/2656/2656 871/871/871
f 1857/1857/1857 2624/2624/2624 620/620/620
f 1673/1673/1673 1674/1674/1674 3770/3770/3770
f 622/622/622 861/861/861 864/864/864
f 619/619/619 788/788/788 891/891/891
f 261/261/261 544/544/544 545/545/545
f 393/393/393 1555/1555/1555 1556/1556/1556
f 2658/2658/2658 2659/2659/2659 2647/2647/2647
f 1075/1075/1075 2658/2658/2658 2657/2657/2657
f 1081/1081/1081 1080/1080/1080 2658/2658/2658
f 1080/1080/1080 1139/1139/1139 2659/2659/2659
f 2644/2644/2644 2643/2643/2643 1141/1141/1141
f 2660/2660/2660 1141/1141/1141 1140/1140/1140
f 642/642/642 2660/2660/2660 1336/1336/1336
f 1193/1193/1193 2644/2644/2644 2660/2660/2660
f 679/679/679 678/678/678 555/555/555
f 1503/1503/1503 1501/1501/1501 1500/1500/1500
f 1318/1318/1318 1317/1317/1317 1101/1101/1101
f 2661/2661/2661 2659/2659/2659 1139/1139/1139
f 2661/2661/2661 1142/1142/1142 2663/2663/2663
f 2662/2662/2662 2647/2647/2647 2659/2659/2659
f 2662/2662/2662 2663/2663/2663 2622/2622/2622
f 2664/2664/2664 2622/2622/2622 911/911/911
f 2648/2648/2648 2664/2664/2664 2646/2646/2646
f 2648/2648/2648 2647/2647/2647 2662/2662/2662
f 2083/2083/2083 2094/2094/2094 2093/2093/2093
f 1442/1442/1442 1440/1440/1440 1437/1437/1437
f 519/519/519 329/329/329 330/330/330
f 1885/1885/1885 2029/2029/2029 1209/1209/1209
f 799/799/799 800/800/800 805/805/805
f 1946/1946/1946 1943/1943/1943 1952/1952/1952
f 1302/1302/1302 1301/1301/1301 1253/1253/1253
f 566/566/566 2005/2005/2005 224/224/224
f 1389/1389/1389 940/940/940 928/928/928
f 683/683/683 682/682/682 681/681/681
f 836/836/836 835/835/835 1842/1842/1842
f 2665/2665/2665 1842/1842/1842 1845/1845/1845
f 2666/2666/2666 2665/2665/2665 1303/1303/1303
f 24/24/24 836/836/836 2665/2665/2665
f 831/831/831 1072/1072/1072 2650/2650/2650
f 1845/1845/1845 1844/1844/1844 1304/1304/1304
f 2010/2010/2010 2013/2013/2013 2012/2012/2012
f 1051/1051/1051 1936/1936/1936 2667/2667/2667
f 1522/1522/1522 1521/1521/1521 1511/1511/1511
f 531/531/531 440/440/440 441/441/441
f 1250/1250/1250 635/635/635 2625/2625/2625
f 2669/2669/2669 2625/2625/2625 1857/1857/1857
f 783/783/783 2669/2669/2669 1856/1856/1856
f 782/782/782 1250/1250/1250 2669/2669/2669
f 720/720/720 2670/2670/2670 2671/2671/2671
f 1055/1055/1055 1931/1931/1931 1930/1930/1930
f 1333/1333/1333 1067/1067/1067 1251/1251/1251
f 619/619/619 622/622/622 1308/1308/1308
f 652/652/652 655/655/655 2619/2619/2619
f 521/521/521 522/522/522 1539/1539/1539
f 1838/1838/1838 988/988/988 537/537/537
f 2672/2672/2672 537/537/537 536/536/536
f 1113/1113/1113 2672/2672/2672 2641/2641/2641
f 1113/1113/1113 527/527/527 1838/1838/1838
f 1016/1016/1016 1013/1013/1013 1351/1351/1351
f 3897/3897/3897 573/573/573 570/570/570
f 226/226/226 227/227/227 104/104/104
f 3564/3564/3564 3669/3669/3669 3827/3827/3827
f 1036/1036/1036 1037/1037/1037 1884/1884/1884
f 2674/2674/2674 1301/1301/1301 1304/1304/1304
f 2673/2673/2673 1304/1304/1304 1844/1844/1844
f 1334/1334/1334 2673/2673/2673 2675/2675/2675
f 1333/1333/1333 2674/2674/2674 2673/2673/2673
f 2676/2676/2676 702/702/702 1039/1039/1039
f 1843/1843/1843 2676/2676/2676 2675/2675/2675
f 942/942/942 1074/1074/1074 2676/2676/2676
f 1074/1074/1074 699/699/699 702/702/702
f 752/752/752 1057/1057/1057 1055/1055/1055
f 1200/1200/1200 1166/1166/1166 656/656/656
f 1120/1120/1120 1846/1846/1846 874/874/874
f 2677/2677/2677 874/874/874 877/877/877
f 1241/1241/1241 2677/2677/2677 1052/1052/1052
f 1119/1119/1119 1120/1120/1120 2677/2677/2677
f 1560/1560/1560 1513/1513/1513 151/151/151
f 1208/1208/1208 1316/1316/1316 611/611/611
f 215/215/215 735/735/735 736/736/736
f 1460/1460/1460 1459/1459/1459 1462/1462/1462
f 1208/1208/1208 1207/1207/1207 1839/1839/1839
f 854/854/854 856/856/856 1282/1282/1282
f 72/72/72 445/445/445 182/182/182
f 544/544/544 1563/1563/1563 1565/1565/1565
f 217/217/217 200/200/200 456/456/456
f 2047/2047/2047 1404/1404/1404 930/930/930
f 1204/1204/1204 2618/2618/2618 1937/1937/1937
f 913/913/913 777/777/777 686/686/686
f 840/840/840 527/527/527 1113/1113/1113
f 1531/1531/1531 729/729/729 730/730/730
f 2678/2678/2678 778/778/778 1283/1283/1283
f 601/601/601 667/667/667 1914/1914/1914
f 1537/1537/1537 1538/1538/1538 459/459/459
f 1819/1819/1819 1757/1757/1757 3509/3509/3509
f 991/991/991 1860/1860/1860 862/862/862
f 2679/2679/2679 711/711/711 1073/1073/1073
f 2680/2680/2680 1830/1830/1830 983/983/983
f 779/779/779 2680/2680/2680 2256/2256/2256
f 778/778/778 2678/2678/2678 2680/2680/2680
f 2678/2678/2678 2679/2679/2679 1830/1830/1830
f 180/180/180 542/542/542 245/245/245
f 1886/1886/1886 1132/1132/1132 1131/1131/1131
f 1138/1138/1138 1137/1137/1137 1274/1274/1274
f 1841/1841/1841 598/598/598 1140/1140/1140
f 75/75/75 313/313/313 314/314/314
f 193/193/193 423/423/423 420/420/420
f 2681/2681/2681 2682/2682/2682 1099/1099/1099
f 170/170/170 1567/1567/1567 1565/1565/1565
f 349/349/349 416/416/416 417/417/417
f 1121/1121/1121 1124/1124/1124 2684/2684/2684
f 547/547/547 797/797/797 409/409/409
f 123/123/123 122/122/122 121/121/121
f 2643/2643/2643 2663/2663/2663 1142/1142/1142
f 1542/1542/1542 1544/1544/1544 513/513/513
f 899/899/899 900/900/900 907/907/907
f 1210/1210/1210 677/677/677 676/676/676
f 791/791/791 663/663/663 982/982/982
f 24/24/24 27/27/27 837/837/837
f 893/893/893 896/896/896 932/932/932
f 1860/1860/1860 1320/1320/1320 863/863/863
f 535/535/535 538/538/538 862/862/862
f 1569/1569/1569 1548/1548/1548 1547/1547/1547
f 181/181/181 455/455/455 542/542/542
f 660/660/660 659/659/659 937/937/937
f 2013/2013/2013 567/567/567 568/568/568
f 887/887/887 890/890/890 2631/2631/2631
f 1524/1524/1524 1508/1508/1508 361/361/361
f 520/520/520 161/161/161 162/162/162
f 2653/2653/2653 855/855/855 854/854/854
f 1238/1238/1238 1237/1237/1237 2655/2655/2655
f 718/718/718 1838/1838/1838 527/527/527
f 1492/1492/1492 1493/1493/1493 518/518/518
f 792/792/792 616/616/616 615/615/615
f 599/599/599 846/846/846 1835/1835/1835
f 290/290/290 457/457/457 456/456/456
f 312/312/312 171/171/171 1552/1552/1552
f 1248/1248/1248 2687/2687/2687 1179/1179/1179
f 153/153/153 149/149/149 177/177/177
f 1240/1240/1240 1181/1181/1181 1222/1222/1222
f 1257/1257/1257 1292/1292/1292 1235/1235/1235
f 1291/1291/1291 1084/1084/1084 1083/1083/1083
f 1052/1052/1052 877/877/877 1277/1277/1277
f 743/743/743 742/742/742 2618/2618/2618
f 444/444/444 140/140/140 430/430/430
f 23/23/23 1224/1224/1224 1172/1172/1172
f 2687/2687/2687 2654/2654/2654 1180/1180/1180
f 102/102/102 103/103/103 409/409/409
f 1283/1283/1283 607/607/607 610/610/610
f 373/373/373 497/497/497 650/650/650
f 1180/1180/1180 2654/2654/2654 1084/1084/1084
f 855/855/855 2653/2653/2653 2655/2655/2655
f 1173/1173/1173 1270/1270/1270 1917/1917/1917
f 2689/2689/2689 850/850/850 853/853/853
f 2688/2688/2688 853/853/853 1108/1108/1108
f 2686/2686/2686 2688/2688/2688 1279/1279/1279
f 2687/2687/2687 2689/2689/2689 2688/2688/2688
f 2691/2691/2691 1302/1302/1302 1252/1252/1252
f 2690/2690/2690 1252/1252/1252 850/850/850
f 1248/1248/1248 2690/2690/2690 2689/2689/2689
f 1248/1248/1248 1247/1247/1247 2691/2691/2691
f 2692/2692/2692 617/617/617 24/24/24
f 2691/2691/2691 2692/2692/2692 2666/2666/2666
f 1247/1247/1247 1258/1258/1258 2692/2692/2692
f 1258/1258/1258 1168/1168/1168 617/617/617
f 394/394/394 1554/1554/1554 1555/1555/1555
f 2693/2693/2693 1260/1260/1260 1259/1259/1259
f 1072/1072/1072 1236/1236/1236 1262/1262/1262
f 1257/1257/1257 1071/1071/1071 1168/1168/1168
f 398/398/398 439/439/439 1555/1555/1555
f 871/871/871 1784/1784/1784 1314/1314/1314
f 1178/1178/1178 1232/1232/1232 1249/1249/1249
f 1224/1224/1224 1289/1289/1289 1173/1173/1173
f 1010/1010/1010 2617/2617/2617 2618/2618/2618
f 1175/1175/1175 1174/1174/1174 1292/1292/1292
f 2654/2654/2654 2687/2687/2687 2686/2686/2686
f 2694/2694/2694 1157/1157/1157 1216/1216/1216
f 71/71/71 418/418/418 1487/1487/1487
f 701/701/701 1112/1112/1112 1111/1111/1111
f 1072/1072/1072 1261/1261/1261 2649/2649/2649
f 1085/1085/1085 2695/2695/2695 22/22/22
f 895/895/895 2694/2694/2694 1264/1264/1264
f 1601/1601/1601 1606/1606/1606 1605/1605/1605
f 1259/1259/1259 1262/1262/1262 1271/1271/1271
f 21/21/21 20/20/20 1220/1220/1220
f 988/988/988 991/991/991 538/538/538
f 598/598/598 597/597/597 1336/1336/1336
f 1050/1050/1050 860/860/860 818/818/818
f 1298/1298/1298 2645/2645/2645 1761/1761/1761
f 1168/1168/1168 1167/1167/1167 618/618/618
f 858/858/858 1168/1168/1168 1256/1256/1256
f 39/39/39 242/242/242 516/516/516
f 2652/2652/2652 1761/1761/1761 819/819/819
f 313/313/313 316/316/316 315/315/315
f 2026/2026/2026 1970/1970/1970 1971/1971/1971
f 2656/2656/2656 1489/1489/1489 596/596/596
f 814/814/814 819/819/819 818/818/818
f 2696/2696/2696 2651/2651/2651 813/813/813
f 1260/1260/1260 2696/2696/2696 2649/2649/2649
f 2693/2693/2693 2697/2697/2697 2696/2696/2696
f 2697/2697/2697 1296/1296/1296 2651/2651/2651
f 381/381/381 355/355/355 390/390/390
f 3818/3818/3818 3819/3819/3819 1611/1611/1611
f 1475/1475/1475 1427/1427/1427 1428/1428/1428
f 1292/1292/1292 1174/1174/1174 1917/1917/1917
f 1551/1551/1551 353/353/353 354/354/354
f 1526/1526/1526 1525/1525/1525 1523/1523/1523
f 1593/1593/1593 1589/1589/1589 1595/1595/1595
f 1232/1232/1232 1269/1269/1269 1246/1246/1246
f 2695/2695/2695 2693/2693/2693 1223/1223/1223
f 2698/2698/2698 1297/1297/1297 1296/1296/1296
f 2698/2698/2698 2697/2697/2697 2693/2693/2693
f 2685/2685/2685 2698/2698/2698 2695/2695/2695
f 2685/2685/2685 854/854/854 1297/1297/1297
f 562/562/562 1497/1497/1497 271/271/271
f 2652/2652/2652 2651/2651/2651 1296/1296/1296
f 1365/1365/1365 1366/1366/1366 1364/1364/1364
f 1958/1958/1958 1946/1946/1946 1953/1953/1953
f 585/585/585 588/588/588 2210/2210/2210
f 1561/1561/1561 1560/1560/1560 1515/1515/1515
f 975/975/975 2648/2648/2648 1146/1146/1146
f 347/347/347 67/67/67 68/68/68
f 1038/1038/1038 1111/1111/1111 636/636/636
f 2700/2700/2700 781/781/781 780/780/780
f 2699/2699/2699 780/780/780 1036/1036/1036
f 2701/2701/2701 2699/2699/2699 1883/1883/1883
f 851/851/851 2700/2700/2700 2699/2699/2699
f 2674/2674/2674 1333/1333/1333 2251/2251/2251
f 2702/2702/2702 2251/2251/2251 781/781/781
f 1253/1253/1253 2702/2702/2702 2700/2700/2700
f 1301/1301/1301 2674/2674/2674 2702/2702/2702
f 1519/1519/1519 387/387/387 388/388/388
f 1273/1273/1273 1239/1239/1239 1280/1280/1280
f 2703/2703/2703 1280/1280/1280 1107/1107/1107
f 2701/2701/2701 2703/2703/2703 852/852/852
f 1829/1829/1829 1273/1273/1273 2703/2703/2703
f 91/91/91 260/260/260 326/326/326
f 1784/1784/1784 871/871/871 2656/2656/2656
f 2683/2683/2683 2684/2684/2684 2705/2705/2705
f 604/604/604 1894/1894/1894 3499/3499/3499
f 1669/1669/1669 3534/3534/3534 3548/3548/3548
f 2062/2062/2062 2063/2063/2063 2060/2060/2060
f 621/621/621 535/535/535 861/861/861
f 2023/2023/2023 731/731/731 732/732/732
f 686/686/686 779/779/779 1263/1263/1263
f 857/857/857 1051/1051/1051 2668/2668/2668
f 883/883/883 830/830/830 882/882/882
f 637/637/637 636/636/636 1111/1111/1111
f 2668/2668/2668 894/894/894 893/893/893
f 2667/2667/2667 921/921/921 894/894/894
f 1039/1039/1039 1038/1038/1038 1068/1068/1068
f 313/313/313 75/75/75 1504/1504/1504
f 1911/1911/1911 1972/1972/1972 305/305/305
f 1936/1936/1936 2706/2706/2706 1964/1964/1964
f 2707/2707/2707 2402/2402/2402 2401/2401/2401
f 2708/2708/2708 2707/2707/2707 2183/2183/2183
f 738/738/738 2163/2163/2163 2116/2116/2116
f 2349/2349/2349 2348/2348/2348 2432/2432/2432
f 2711/2711/2711 2712/2712/2712 2020/2020/2020
f 2400/2400/2400 2711/2711/2711 2019/2019/2019
f 2714/2714/2714 2715/2715/2715 2716/2716/2716
f 2717/2717/2717 2718/2718/2718 2719/2719/2719
f 2721/2721/2721 2722/2722/2722 2723/2723/2723
f 2726/2726/2726 2727/2727/2727 2728/2728/2728
f 2725/2725/2725 2728/2728/2728 2730/2730/2730
f 2731/2731/2731 2725/2725/2725 2729/2729/2729
f 2732/2732/2732 2726/2726/2726 2725/2725/2725
f 2734/2734/2734 2735/2735/2735 2736/2736/2736
f 2738/2738/2738 2739/2739/2739 2740/2740/2740
f 2737/2737/2737 2740/2740/2740 2741/2741/2741
f 2744/2744/2744 2745/2745/2745 2746/2746/2746
f 2745/2745/2745 2744/2744/2744 2748/2748/2748
f 2749/2749/2749 2750/2750/2750 2747/2747/2747
f 2753/2753/2753 2749/2749/2749 2751/2751/2751
f 2250/2250/2250 1380/1380/1380 2246/2246/2246
f 2754/2754/2754 1396/1396/1396 1614/1614/1614
f 3598/3598/3598 2754/2754/2754 2755/2755/2755
f 3608/3608/3608 2745/2745/2745 2747/2747/2747
f 1617/1617/1617 2756/2756/2756 2755/2755/2755
f 2242/2242/2242 2758/2758/2758 1620/1620/1620
f 2191/2191/2191 2085/2085/2085 2760/2760/2760
f 2761/2761/2761 2759/2759/2759 2760/2760/2760
f 3648/3648/3648 2759/2759/2759 2761/2761/2761
f 3623/3623/3623 2191/2191/2191 2759/2759/2759
f 3209/3209/3209 3248/3248/3248 3223/3223/3223
f 1395/1395/1395 1394/1394/1394 2236/2236/2236
f 1395/1395/1395 2235/2235/2235 1636/1636/1636
f 1616/1616/1616 1635/1635/1635 2229/2229/2229
f 1617/1617/1617 2234/2234/2234 2763/2763/2763
f 2756/2756/2756 2763/2763/2763 3628/3628/3628
f 2765/2765/2765 2763/2763/2763 2234/2234/2234
f 2766/2766/2766 2764/2764/2764 3628/3628/3628
f 3202/3202/3202 3199/3199/3199 3246/3246/3246
f 1516/1516/1516 437/437/437 435/435/435
f 2768/2768/2768 2769/2769/2769 3552/3552/3552
f 1495/1495/1495 541/541/541 578/578/578
f 2135/2135/2135 2136/2136/2136 28/28/28
f 3526/3526/3526 3540/3540/3540 2773/2773/2773
f 1690/1690/1690 1689/1689/1689 3926/3926/3926
f 2778/2778/2778 2779/2779/2779 2780/2780/2780
f 2777/2777/2777 2780/2780/2780 2781/2781/2781
f 2784/2784/2784 2778/2778/2778 2777/2777/2777
f 3555/3555/3555 3521/3521/3521 575/575/575
f 1494/1494/1494 1904/1904/1904 9/9/9
f 3529/3529/3529 2016/2016/2016 2015/2015/2015
f 451/451/451 61/61/61 505/505/505
f 2786/2786/2786 2787/2787/2787 2788/2788/2788
f 2779/2779/2779 2786/2786/2786 2785/2785/2785
f 2789/2789/2789 2752/2752/2752 2741/2741/2741
f 2790/2790/2790 2753/2753/2753 2752/2752/2752
f 2792/2792/2792 2793/2793/2793 2794/2794/2794
f 2793/2793/2793 2795/2795/2795 2796/2796/2796
f 2796/2796/2796 2797/2797/2797 2750/2750/2750
f 2794/2794/2794 2796/2796/2796 2749/2749/2749
f 2798/2798/2798 1393/1393/1393 1396/1396/1396
f 3591/3591/3591 2798/2798/2798 2754/2754/2754
f 2798/2798/2798 2799/2799/2799 2800/2800/2800
f 3591/3591/3591 3662/3662/3662 2799/2799/2799
f 2797/2797/2797 2796/2796/2796 2795/2795/2795
f 2791/2791/2791 2794/2794/2794 2753/2753/2753
f 216/216/216 233/233/233 232/232/232
f 3804/3804/3804 2806/2806/2806 2807/2807/2807
f 3805/3805/3805 2809/2809/2809 2804/2804/2804
f 2769/2769/2769 2810/2810/2810 3557/3557/3557
f 183/183/183 185/185/185 184/184/184
f 2811/2811/2811 2812/2812/2812 2775/2775/2775
f 2804/2804/2804 2811/2811/2811 2776/2776/2776
f 2809/2809/2809 2813/2813/2813 2811/2811/2811
f 2812/2812/2812 2811/2811/2811 2813/2813/2813
f 3805/3805/3805 2808/2808/2808 2816/2816/2816
f 3796/3796/3796 2818/2818/2818 2815/2815/2815
f 3798/3798/3798 3800/3800/3800 2820/2820/2820
f 3793/3793/3793 2823/2823/2823 2819/2819/2819
f 2824/2824/2824 2736/2736/2736 2735/2735/2735
f 2823/2823/2823 2825/2825/2825 2824/2824/2824
f 2825/2825/2825 2823/2823/2823 2826/2826/2826
f 3793/3793/3793 2822/2822/2822 2827/2827/2827
f 3796/3796/3796 2817/2817/2817 2826/2826/2826
f 2713/2713/2713 2716/2716/2716 2829/2829/2829
f 2828/2828/2828 2829/2829/2829 2831/2831/2831
f 2822/2822/2822 2821/2821/2821 2828/2828/2828
f 2821/2821/2821 2820/2820/2820 2713/2713/2713
f 2832/2832/2832 2827/2827/2827 2822/2822/2822
f 2833/2833/2833 2832/2832/2832 2830/2830/2830
f 2834/2834/2834 2835/2835/2835 2832/2832/2832
f 2835/2835/2835 2818/2818/2818 2827/2827/2827
f 2837/2837/2837 2838/2838/2838 2839/2839/2839
f 2836/2836/2836 2839/2839/2839 2841/2841/2841
f 2842/2842/2842 2836/2836/2836 2840/2840/2840
f 2843/2843/2843 2837/2837/2837 2836/2836/2836
f 2840/2840/2840 2841/2841/2841 2845/2845/2845
f 2718/2718/2718 2844/2844/2844 2845/2845/2845
f 2730/2730/2730 2728/2728/2728 2844/2844/2844
f 2727/2727/2727 2840/2840/2840 2844/2844/2844
f 2846/2846/2846 2845/2845/2845 2841/2841/2841
f 2829/2829/2829 2846/2846/2846 2847/2847/2847
f 2847/2847/2847 2841/2841/2841 2839/2839/2839
f 2848/2848/2848 2839/2839/2839 2838/2838/2838
f 2833/2833/2833 2848/2848/2848 2849/2849/2849
f 2831/2831/2831 2847/2847/2847 2848/2848/2848
f 2850/2850/2850 2814/2814/2814 2851/2851/2851
f 2853/2853/2853 2850/2850/2850 2852/2852/2852
f 2783/2783/2783 2777/2777/2777 2782/2782/2782
f 2785/2785/2785 2788/2788/2788 2853/2853/2853
f 2780/2780/2780 2785/2785/2785 2856/2856/2856
f 2857/2857/2857 2858/2858/2858 2855/2855/2855
f 2859/2859/2859 2857/2857/2857 2782/2782/2782
f 2861/2861/2861 2843/2843/2843 2842/2842/2842
f 2860/2860/2860 2842/2842/2842 2727/2727/2727
f 2862/2862/2862 2860/2860/2860 2726/2726/2726
f 2863/2863/2863 2861/2861/2861 2860/2860/2860
f 2861/2861/2861 2863/2863/2863 2858/2858/2858
f 2843/2843/2843 2861/2861/2861 2857/2857/2857
f 2856/2856/2856 2853/2853/2853 2854/2854/2854
f 2781/2781/2781 2856/2856/2856 2864/2864/2864
f 2837/2837/2837 2843/2843/2843 2859/2859/2859
f 2838/2838/2838 2837/2837/2837 2864/2864/2864
f 2852/2852/2852 2851/2851/2851 2834/2834/2834
f 2854/2854/2854 2852/2852/2852 2849/2849/2849
f 2865/2865/2865 2815/2815/2815 2818/2818/2818
f 2851/2851/2851 2865/2865/2865 2835/2835/2835
f 2813/2813/2813 2809/2809/2809 2815/2815/2815
f 2814/2814/2814 2813/2813/2813 2865/2865/2865
f 2866/2866/2866 2812/2812/2812 2814/2814/2814
f 2788/2788/2788 2866/2866/2866 2850/2850/2850
f 2866/2866/2866 2788/2788/2788 2787/2787/2787
f 2812/2812/2812 2866/2866/2866 2867/2867/2867
f 1892/1892/1892 1889/1889/1889 1890/1890/1890
f 2720/2720/2720 2719/2719/2719 2846/2846/2846
f 298/298/298 299/299/299 256/256/256
f 2872/2872/2872 2714/2714/2714 2713/2713/2713
f 3794/3794/3794 3800/3800/3800 2735/2735/2735
f 2729/2729/2729 2730/2730/2730 2874/2874/2874
f 2846/2846/2846 2716/2716/2716 2715/2715/2715
f 2876/2876/2876 2877/2877/2877 2878/2878/2878
f 2733/2733/2733 2875/2875/2875 2878/2878/2878
f 3806/3806/3806 3807/3807/3807 2879/2879/2879
f 3806/3806/3806 2880/2880/2880 2872/2872/2872
f 2882/2882/2882 2883/2883/2883 2884/2884/2884
f 2881/2881/2881 2884/2884/2884 2715/2715/2715
f 2880/2880/2880 2881/2881/2881 2714/2714/2714
f 2879/2879/2879 2882/2882/2882 2881/2881/2881
f 2885/2885/2885 2886/2886/2886 2887/2887/2887
f 2888/2888/2888 2889/2889/2889 2890/2890/2890
f 2885/2885/2885 2890/2890/2890 2892/2892/2892
f 2893/2893/2893 2886/2886/2886 2885/2885/2885
f 1942/1942/1942 2151/2151/2151 2532/2532/2532
f 2895/2895/2895 2892/2892/2892 2720/2720/2720
f 2884/2884/2884 2895/2895/2895 2870/2870/2870
f 2883/2883/2883 2896/2896/2896 2895/2895/2895
f 2896/2896/2896 2891/2891/2891 2892/2892/2892
f 2889/2889/2889 2874/2874/2874 2717/2717/2717
f 2890/2890/2890 2717/2717/2717 2720/2720/2720
f 2897/2897/2897 2893/2893/2893 2891/2891/2891
f 2898/2898/2898 2897/2897/2897 2896/2896/2896
f 2899/2899/2899 2898/2898/2898 2883/2883/2883
f 2900/2900/2900 2899/2899/2899 2882/2882/2882
f 3797/3797/3797 2900/2900/2900 2879/2879/2879
f 2876/2876/2876 2902/2902/2902 2901/2901/2901
f 2901/2901/2901 2902/2902/2902 2904/2904/2904
f 1785/1785/1785 2656/2656/2656 1835/1835/1835
f 2905/2905/2905 2906/2906/2906 2899/2899/2899
f 2907/2907/2907 2908/2908/2908 2897/2897/2897
f 3797/3797/3797 2901/2901/2901 2903/2903/2903
f 632/632/632 576/576/576 577/577/577
f 3532/3532/3532 3547/3547/3547 2867/2867/2867
f 434/434/434 385/385/385 550/550/550
f 2768/2768/2768 2770/2770/2770 3640/3640/3640
f 2910/2910/2910 2911/2911/2911 1623/1623/1623
f 2241/2241/2241 2912/2912/2912 2758/2758/2758
f 3640/3640/3640 2770/2770/2770 2913/2913/2913
f 1623/1623/1623 2911/2911/2911 2757/2757/2757
f 3587/3587/3587 2242/2242/2242 2757/2757/2757
f 2229/2229/2229 1381/1381/1381 1380/1380/1380
f 2765/2765/2765 1630/1630/1630 1629/1629/1629
f 2915/2915/2915 2914/2914/2914 1629/1629/1629
f 3642/3642/3642 3641/3641/3641 2914/2914/2914
f 3641/3641/3641 3622/3622/3622 2765/2765/2765
f 2919/2919/2919 2916/2916/2916 3642/3642/3642
f 2918/2918/2918 2915/2915/2915 2912/2912/2912
f 3614/3614/3614 2918/2918/2918 2241/2241/2241
f 3618/3618/3618 2919/2919/2919 3613/3613/3613
f 3541/3541/3541 2177/2177/2177 2180/2180/2180
f 3521/3521/3521 2002/2002/2002 2188/2188/2188
f 3705/3705/3705 3573/3573/3573 714/714/714
f 2925/2925/2925 2766/2766/2766 2917/2917/2917
f 2924/2924/2924 2917/2917/2917 2916/2916/2916
f 3610/3610/3610 2924/2924/2924 2919/2919/2919
f 3611/3611/3611 2925/2925/2925 2924/2924/2924
f 2926/2926/2926 2927/2927/2927 2766/2766/2766
f 3658/3658/3658 2926/2926/2926 2925/2925/2925
f 1715/1715/1715 1713/1713/1713 1705/1705/1705
f 785/785/785 497/497/497 498/498/498
f 1387/1387/1387 651/651/651 565/565/565
f 374/374/374 375/375/375 1899/1899/1899
f 3573/3573/3573 2203/2203/2203 2206/2206/2206
f 2929/2929/2929 2930/2930/2930 2886/2886/2886
f 2932/2932/2932 2933/2933/2933 2934/2934/2934
f 1905/1905/1905 1906/1906/1906 1908/1908/1908
f 2930/2930/2930 2935/2935/2935 2936/2936/2936
f 2938/2938/2938 2935/2935/2935 2930/2930/2930
f 1493/1493/1493 369/369/369 517/517/517
f 1603/1603/1603 1585/1585/1585 1586/1586/1586
f 2939/2939/2939 2938/2938/2938 2929/2929/2929
f 2940/2940/2940 2939/2939/2939 2908/2908/2908
f 3665/3665/3665 1707/1707/1707 1600/1600/1600
f 2886/2886/2886 2930/2930/2930 2937/2937/2937
f 2906/2906/2906 2907/2907/2907 2898/2898/2898
f 2908/2908/2908 2929/2929/2929 2893/2893/2893
f 2942/2942/2942 2934/2934/2934 2933/2933/2933
f 2941/2941/2941 2933/2933/2933 2937/2937/2937
f 3501/3501/3501 2941/2941/2941 2936/2936/2936
f 3498/3498/3498 2942/2942/2942 2941/2941/2941
f 2943/2943/2943 2944/2944/2944 2710/2710/2710
f 2943/2943/2943 2873/2873/2873 2874/2874/2874
f 2945/2945/2945 2943/2943/2943 2889/2889/2889
f 2946/2946/2946 2944/2944/2944 2943/2943/2943
f 2932/2932/2932 2945/2945/2945 2888/2888/2888
f 2931/2931/2931 2946/2946/2946 2945/2945/2945
f 727/727/727 1928/1928/1928 1929/1929/1929
f 2903/2903/2903 2904/2904/2904 2947/2947/2947
f 545/545/545 594/594/594 42/42/42
f 1480/1480/1480 1570/1570/1570 533/533/533
f 2907/2907/2907 2906/2906/2906 2949/2949/2949
f 2906/2906/2906 2905/2905/2905 2950/2950/2950
f 1558/1558/1558 452/452/452 215/215/215
f 3799/3799/3799 2903/2903/2903 2948/2948/2948
f 2054/2054/2054 1645/1645/1645 1644/1644/1644
f 3705/3705/3705 3684/3684/3684 2203/2203/2203
f 1828/1828/1828 1837/1837/1837 1849/1849/1849
f 2953/2953/2953 2954/2954/2954 2955/2955/2955
f 2952/2952/2952 2955/2955/2955 2957/2957/2957
f 2956/2956/2956 2261/2261/2261 2258/2258/2258
f 2953/2953/2953 2952/2952/2952 2258/2258/2258
f 2454/2454/2454 2455/2455/2455 2474/2474/2474
f 3747/3747/3747 2958/2958/2958 2959/2959/2959
f 3747/3747/3747 2132/2132/2132 2131/2131/2131
f 2961/2961/2961 2962/2962/2962 2963/2963/2963
f 2958/2958/2958 2963/2963/2963 2964/2964/2964
f 222/222/222 221/221/221 2485/2485/2485
f 2477/2477/2477 2226/2226/2226 2966/2966/2966
f 2631/2631/2631 2561/2561/2561 2006/2006/2006
f 2384/2384/2384 2454/2454/2454 2496/2496/2496
f 2967/2967/2967 2968/2968/2968 2959/2959/2959
f 2968/2968/2968 2967/2967/2967 2970/2970/2970
f 3759/3759/3759 2033/2033/2033 2971/2971/2971
f 3784/3784/3784 2971/2971/2971 2960/2960/2960
f 2972/2972/2972 2971/2971/2971 2033/2033/2033
f 2007/2007/2007 2377/2377/2377 2973/2973/2973
f 3560/3560/3560 3559/3559/3559 2134/2134/2134
f 1836/1836/1836 1833/1833/1833 1832/1832/1832
f 3506/3506/3506 2188/2188/2188 2090/2090/2090
f 955/955/955 810/810/810 959/959/959
f 672/672/672 675/675/675 674/674/674
f 633/633/633 710/710/710 713/713/713
f 2024/2024/2024 732/732/732 733/733/733
f 2025/2025/2025 2024/2024/2024 803/803/803
f 425/425/425 1552/1552/1552 1550/1550/1550
f 2975/2975/2975 2976/2976/2976 888/888/888
f 1319/1319/1319 1158/1158/1158 1157/1157/1157
f 1212/1212/1212 1935/1935/1935 2977/2977/2977
f 889/889/889 957/957/957 2228/2228/2228
f 1978/1978/1978 1974/1974/1974 1975/1975/1975
f 1138/1138/1138 1078/1078/1078 1329/1329/1329
f 751/751/751 665/665/665 2979/2979/2979
f 1619/1619/1619 1613/1613/1613 1625/1625/1625
f 2252/2252/2252 2255/2255/2255 1728/1728/1728
f 1157/1157/1157 1160/1160/1160 845/845/845
f 2706/2706/2706 1936/1936/1936 1938/1938/1938
f 2980/2980/2980 2255/2255/2255 2254/2254/2254
f 2982/2982/2982 2975/2975/2975 887/887/887
f 802/802/802 712/712/712 711/711/711
f 678/678/678 677/677/677 2029/2029/2029
f 527/527/527 840/840/840 690/690/690
f 1839/1839/1839 1207/1207/1207 2629/2629/2629
f 2983/2983/2983 2984/2984/2984 602/602/602
f 2983/2983/2983 1914/1914/1914 1913/1913/1913
f 2985/2985/2985 2983/2983/2983 1331/1331/1331
f 2986/2986/2986 2984/2984/2984 2983/2983/2983
f 2987/2987/2987 2637/2637/2637 2635/2635/2635
f 2985/2985/2985 2988/2988/2988 2639/2639/2639
f 2990/2990/2990 1319/1319/1319 1318/1318/1318
f 2991/2991/2991 2992/2992/2992 2993/2993/2993
f 2995/2995/2995 2991/2991/2991 2994/2994/2994
f 1106/1106/1106 1058/1058/1058 2991/2991/2991
f 1058/1058/1058 1057/1057/1057 2992/2992/2992
f 1415/1415/1415 1406/1406/1406 1365/1365/1365
f 1317/1317/1317 922/922/922 2217/2217/2217
f 1932/1932/1932 1728/1728/1728 2255/2255/2255
f 926/926/926 2998/2998/2998 2999/2999/2999
f 3001/3001/3001 2993/2993/2993 2992/2992/2992
f 3000/3000/3000 2992/2992/2992 1057/1057/1057
f 2999/2999/2999 3000/3000/3000 2978/2978/2978
f 2998/2998/2998 3001/3001/3001 3000/3000/3000
f 3002/3002/3002 2998/2998/2998 2209/2209/2209
f 3002/3002/3002 3003/3003/3003 2996/2996/2996
f 2993/2993/2993 3001/3001/3001 3002/3002/3002
f 1103/1103/1103 1106/1106/1106 2995/2995/2995
f 3004/3004/3004 2995/2995/2995 2996/2996/2996
f 2209/2209/2209 2210/2210/2210 3004/3004/3004
f 588/588/588 1103/1103/1103 3004/3004/3004
f 295/295/295 296/296/296 433/433/433
f 2638/2638/2638 2639/2639/2639 2988/2988/2988
f 3005/3005/3005 2988/2988/2988 1056/1056/1056
f 1305/1305/1305 3005/3005/3005 1930/1930/1930
f 1276/1276/1276 2638/2638/2638 3005/3005/3005
f 1987/1987/1987 1968/1968/1968 1993/1993/1993
f 2633/2633/2633 1762/1762/1762 1761/1761/1761
f 1423/1423/1423 1422/1422/1422 1417/1417/1417
f 3561/3561/3561 3517/3517/3517 739/739/739
f 2671/2671/2671 2670/2670/2670 2704/2704/2704
f 1473/1473/1473 1872/1872/1872 2035/2035/2035
f 922/922/922 1317/1317/1317 2694/2694/2694
f 1401/1401/1401 1400/1400/1400 1378/1378/1378
f 556/556/556 2028/2028/2028 1884/1884/1884
f 842/842/842 848/848/848 3825/3825/3825
f 1854/1854/1854 2706/2706/2706 2617/2617/2617
f 933/933/933 1082/1082/1082 1081/1081/1081
f 1440/1440/1440 1441/1441/1441 1436/1436/1436
f 529/529/529 657/657/657 719/719/719
f 1031/1031/1031 1025/1025/1025 1027/1027/1027
f 777/777/777 913/913/913 912/912/912
f 2645/2645/2645 1205/1205/1205 1204/1204/1204
f 441/441/441 438/438/438 1538/1538/1538
f 790/790/790 1287/1287/1287 587/587/587
f 2065/2065/2065 2066/2066/2066 1610/1610/1610
f 1860/1860/1860 991/991/991 990/990/990
f 60/60/60 106/106/106 87/87/87
f 1424/1424/1424 1017/1017/1017 1948/1948/1948
f 332/332/332 1527/1527/1527 1507/1507/1507
f 261/261/261 262/262/262 138/138/138
f 187/187/187 188/188/188 449/449/449
f 1719/1719/1719 1720/1720/1720 1726/1726/1726
f 1931/1931/1931 1055/1055/1055 1059/1059/1059
f 3006/3006/3006 1059/1059/1059 1105/1105/1105
f 1287/1287/1287 3006/3006/3006 1104/1104/1104
f 1286/1286/1286 1931/1931/1931 3006/3006/3006
f 3007/3007/3007 3008/3008/3008 3009/3009/3009
f 3009/3009/3009 3008/3008/3008 653/653/653
f 618/618/618 999/999/999 26/26/26
f 2029/2029/2029 677/677/677 1210/1210/1210
f 957/957/957 601/601/601 600/600/600
f 1049/1049/1049 2146/2146/2146 2228/2228/2228
f 2631/2631/2631 890/890/890 3011/3011/3011
f 890/890/890 889/889/889 2227/2227/2227
f 3011/3011/3011 2227/2227/2227 2145/2145/2145
f 2561/2561/2561 3011/3011/3011 3012/3012/3012
f 1026/1026/1026 656/656/656 609/609/609
f 2706/2706/2706 1854/1854/1854 1961/1961/1961
f 3013/3013/3013 2965/2965/2965 2485/2485/2485
f 2148/2148/2148 2147/2147/2147 1267/1267/1267
f 3015/3015/3015 1267/1267/1267 1266/1266/1266
f 2997/2997/2997 2264/2264/2264 1101/1101/1101
f 642/642/642 641/641/641 1773/1773/1773
f 186/186/186 477/477/477 461/461/461
f 1041/1041/1041 1040/1040/1040 1320/1320/1320
f 1121/1121/1121 3016/3016/3016 3017/3017/3017
f 2984/2984/2984 2986/2986/2986 2987/2987/2987
f 3018/3018/3018 2987/2987/2987 2634/2634/2634
f 1048/1048/1048 603/603/603 3018/3018/3018
f 603/603/603 602/602/602 2984/2984/2984
f 2679/2679/2679 2678/2678/2678 801/801/801
f 2062/2062/2062 2072/2072/2072 2074/2074/2074
f 2061/2061/2061 2074/2074/2074 2076/2076/2076
f 414/414/414 303/303/303 1545/1545/1545
f 3016/3016/3016 1121/1121/1121 2683/2683/2683
f 3019/3019/3019 2683/2683/2683 2704/2704/2704
f 3020/3020/3020 3019/3019/3019 2670/2670/2670
f 3007/3007/3007 3016/3016/3016 3019/3019/3019
f 1871/1871/1871 1090/1090/1090 1091/1091/1091
f 3021/3021/3021 1787/1787/1787 1122/1122/1122
f 3022/3022/3022 3021/3021/3021 3017/3017/3017
f 1314/1314/1314 3021/3021/3021 3022/3022/3022
f 1784/1784/1784 1787/1787/1787 3021/3021/3021
f 1316/1316/1316 1315/1315/1315 1763/1763/1763
f 3023/3023/3023 3022/3022/3022 3010/3010/3010
f 3023/3023/3023 3009/3009/3009 795/795/795
f 1763/1763/1763 3023/3023/3023 1092/1092/1092
f 1315/1315/1315 3022/3022/3022 3023/3023/3023
f 3016/3016/3016 3007/3007/3007 3010/3010/3010
f 752/752/752 751/751/751 2978/2978/2978
f 2986/2986/2986 2639/2639/2639 2637/2637/2637
f 3024/3024/3024 654/654/654 653/653/653
f 3020/3020/3020 3024/3024/3024 3008/3008/3008
f 720/720/720 723/723/723 3024/3024/3024
f 723/723/723 2621/2621/2621 654/654/654
f 2681/2681/2681 1098/1098/1098 1268/1268/1268
f 2671/2671/2671 3025/3025/3025 1268/1268/1268
f 2705/2705/2705 2681/2681/2681 3025/3025/3025
f 1313/1313/1313 3026/3026/3026 3027/3027/3027
f 3026/3026/3026 3028/3028/3028 3029/3029/3029
f 3027/3027/3027 3029/3029/3029 3030/3030/3030
f 1311/1311/1311 3027/3027/3027 3031/3031/3031
f 2012/2012/2012 568/568/568 731/731/731
f 917/917/917 2657/2657/2657 974/974/974
f 743/743/743 1206/1206/1206 856/856/856
f 1888/1888/1888 2027/2027/2027 2030/2030/2030
f 2682/2682/2682 2705/2705/2705 2684/2684/2684
f 3032/3032/3032 2684/2684/2684 1124/1124/1124
f 1100/1100/1100 3032/3032/3032 2989/2989/2989
f 1099/1099/1099 2682/2682/2682 3032/3032/3032
f 1123/1123/1123 2990/2990/2990 2989/2989/2989
f 3033/3033/3033 1834/1834/1834 1159/1159/1159
f 2990/2990/2990 3033/3033/3033 1158/1158/1158
f 1123/1123/1123 1786/1786/1786 3033/3033/3033
f 1786/1786/1786 1785/1785/1785 1834/1834/1834
f 1054/1054/1054 1056/1056/1056 2988/2988/2988
f 2979/2979/2979 665/665/665 664/664/664
f 2623/2623/2623 2622/2622/2622 2663/2663/2663
f 1095/1095/1095 660/660/660 688/688/688
f 3034/3034/3034 3035/3035/3035 2261/2261/2261
f 3036/3036/3036 3034/3034/3034 2956/2956/2956
f 3037/3037/3037 3038/3038/3038 3034/3034/3034
f 3038/3038/3038 3039/3039/3039 3035/3035/3035
f 3040/3040/3040 3041/3041/3041 3026/3026/3026
f 2263/2263/2263 3042/3042/3042 3041/3041/3041
f 3042/3042/3042 3039/3039/3039 3043/3043/3043
f 3041/3041/3041 3043/3043/3043 3028/3028/3028
f 3044/3044/3044 3045/3045/3045 3043/3043/3043
f 3046/3046/3046 3047/3047/3047 3045/3045/3045
f 3047/3047/3047 3048/3048/3048 3049/3049/3049
f 3043/3043/3043 3045/3045/3045 3049/3049/3049
f 3038/3038/3038 3037/3037/3037 3051/3051/3051
f 3050/3050/3050 3051/3051/3051 3053/3053/3053
f 3052/3052/3052 3046/3046/3046 3044/3044/3044
f 3039/3039/3039 3038/3038/3038 3050/3050/3050
f 3054/3054/3054 3035/3035/3035 3039/3039/3039
f 3042/3042/3042 2263/2263/2263 2262/2262/2262
f 2261/2261/2261 3035/3035/3035 3054/3054/3054
f 2216/2216/2216 2263/2263/2263 2997/2997/2997
f 2212/2212/2212 2211/2211/2211 2667/2667/2667
f 3056/3056/3056 868/868/868 2209/2209/2209
f 934/934/934 3057/3057/3057 1961/1961/1961
f 2013/2013/2013 3755/3755/3755 3757/3757/3757
f 3058/3058/3058 3059/3059/3059 3060/3060/3060
f 3059/3059/3059 3062/3062/3062 3063/3063/3063
f 3060/3060/3060 3063/3063/3063 2213/2213/2213
f 3061/3061/3061 3060/3060/3060 1963/1963/1963
f 3063/3063/3063 3064/3064/3064 2214/2214/2214
f 3062/3062/3062 3065/3065/3065 3064/3064/3064
f 3065/3065/3065 2257/2257/2257 2260/2260/2260
f 3064/3064/3064 2260/2260/2260 2215/2215/2215
f 3066/3066/3066 3067/3067/3067 3031/3031/3031
f 2608/2608/2608 2966/2966/2966 3067/3067/3067
f 2966/2966/2966 2562/2562/2562 3068/3068/3068
f 3031/3031/3031 3067/3067/3067 3068/3068/3068
f 2455/2455/2455 2458/2458/2458 2461/2461/2461
f 2476/2476/2476 2223/2223/2223 2226/2226/2226
f 3551/3551/3551 2090/2090/2090 2089/2089/2089
f 3526/3526/3526 2774/2774/2774 3769/3769/3769
f 433/433/433 354/354/354 355/355/355
f 2115/2115/2115 1423/1423/1423 1419/1419/1419
f 3509/3509/3509 2868/2868/2868 2922/2922/2922
f 3769/3769/3769 3737/3737/3737 2131/2131/2131
f 3069/3069/3069 2611/2611/2611 2167/2167/2167
f 2971/2971/2971 2972/2972/2972 2928/2928/2928
f 2961/2961/2961 2774/2774/2774 2773/2773/2773
f 3070/3070/3070 2475/2475/2475 2478/2478/2478
f 2610/2610/2610 2609/2609/2609 3071/3071/3071
f 2502/2502/2502 2371/2371/2371 2374/2374/2374
f 3072/3072/3072 2592/2592/2592 2595/2595/2595
f 2964/2964/2964 3046/3046/3046 3052/3052/3052
f 3048/3048/3048 2593/2593/2593 3074/3074/3074
f 2593/2593/2593 2592/2592/2592 3075/3075/3075
f 3075/3075/3075 3030/3030/3030 3029/3029/3029
f 3074/3074/3074 3029/3029/3029 3028/3028/3028
f 3072/3072/3072 3076/3076/3076 3075/3075/3075
f 3076/3076/3076 3072/3072/3072 2482/2482/2482
f 2481/2481/2481 2608/2608/2608 3066/3066/3066
f 3076/3076/3076 3066/3066/3066 3030/3030/3030
f 2967/2967/2967 3052/3052/3052 3053/3053/3053
f 2482/2482/2482 3072/3072/3072 3073/3073/3073
f 479/479/479 480/480/480 493/493/493
f 706/706/706 3900/3900/3900 3873/3873/3873
f 3561/3561/3561 2194/2194/2194 2221/2221/2221
f 2013/2013/2013 2010/2010/2010 3754/3754/3754
f 3533/3533/3533 2032/2032/2032 2016/2016/2016
f 3562/3562/3562 3519/3519/3519 2222/2222/2222
f 1171/1171/1171 1154/1154/1154 1155/1155/1155
f 2586/2586/2586 2566/2566/2566 2565/2565/2565
f 2982/2982/2982 110/110/110 113/113/113
f 2562/2562/2562 2376/2376/2376 3077/3077/3077
f 2376/2376/2376 2375/2375/2375 3012/3012/3012
f 3012/3012/3012 2145/2145/2145 2148/2148/2148
f 3077/3077/3077 2148/2148/2148 3015/3015/3015
f 2963/2963/2963 3047/3047/3047 3046/3046/3046
f 3051/3051/3051 3078/3078/3078 2970/2970/2970
f 1683/1683/1683 2173/2173/2173 491/491/491
f 3850/3850/3850 2122/2122/2122 1447/1447/1447
f 1986/1986/1986 2181/2181/2181 3734/3734/3734
f 3079/3079/3079 3080/3080/3080 2546/2546/2546
f 3081/3081/3081 3079/3079/3079 2575/2575/2575
f 1983/1983/1983 1986/1986/1986 3768/3768/3768
f 3082/3082/3082 2323/2323/2323 2319/2319/2319
f 3080/3080/3080 3082/3082/3082 2545/2545/2545
f 3734/3734/3734 3732/3732/3732 3082/3082/3082
f 3732/3732/3732 3748/3748/3748 2323/2323/2323
f 1309/1309/1309 1471/1471/1471 1888/1888/1888
f 3073/3073/3073 2595/2595/2595 2772/2772/2772
f 2760/2760/2760 3083/3083/3083 3084/3084/3084
f 2760/2760/2760 2085/2085/2085 2088/2088/2088
f 3085/3085/3085 3084/3084/3084 3086/3086/3086
f 3089/3089/3089 3085/3085/3085 3090/3090/3090
f 3089/3089/3089 2762/2762/2762 3084/3084/3084
f 3092/3092/3092 3088/3088/3088 3090/3090/3090
f 3093/3093/3093 2748/2748/2748 2744/2744/2744
f 2751/2751/2751 2747/2747/2747 2748/2748/2748
f 3093/3093/3093 2741/2741/2741 2752/2752/2752
f 2742/2742/2742 2741/2741/2741 3093/3093/3093
f 3094/3094/3094 3093/3093/3093 2743/2743/2743
f 3096/3096/3096 3097/3097/3097 3098/3098/3098
f 3099/3099/3099 3096/3096/3096 3087/3087/3087
f 3097/3097/3097 3094/3094/3094 3095/3095/3095
f 3100/3100/3100 2743/2743/2743 2746/2746/2746
f 3101/3101/3101 2927/2927/2927 3102/3102/3102
f 2764/2764/2764 2766/2766/2766 2927/2927/2927
f 2745/2745/2745 2764/2764/2764 3101/3101/3101
f 3102/3102/3102 3092/3092/3092 3091/3091/3091
f 3100/3100/3100 3091/3091/3091 3095/3095/3095
f 2869/2869/2869 2802/2802/2802 3592/3592/3592
f 3102/3102/3102 3103/3103/3103 3104/3104/3104
f 3658/3658/3658 2868/2868/2868 2869/2869/2869
f 2927/2927/2927 2926/2926/2926 3103/3103/3103
f 3098/3098/3098 3095/3095/3095 3091/3091/3091
f 3087/3087/3087 3098/3098/3098 3090/3090/3090
f 2088/2088/2088 2125/2125/2125 3105/3105/3105
f 3083/3083/3083 3105/3105/3105 3086/3086/3086
f 2483/2483/2483 3073/3073/3073 2771/2771/2771
f 2401/2401/2401 2186/2186/2186 2185/2185/2185
f 3099/3099/3099 3086/3086/3086 3105/3105/3105
f 2125/2125/2125 2207/2207/2207 3106/3106/3106
f 3108/3108/3108 2737/2737/2737 2742/2742/2742
f 3107/3107/3107 2742/2742/2742 3094/3094/3094
f 3110/3110/3110 3108/3108/3108 3107/3107/3107
f 3109/3109/3109 3107/3107/3107 3097/3097/3097
f 3111/3111/3111 3109/3109/3109 3096/3096/3096
f 3112/3112/3112 3110/3110/3110 3109/3109/3109
f 3113/3113/3113 2738/2738/2738 2737/2737/2737
f 3115/3115/3115 2723/2723/2723 2722/2722/2722
f 3117/3117/3117 3115/3115/3115 3114/3114/3114
f 3119/3119/3119 3117/3117/3117 3116/3116/3116
f 3118/3118/3118 3116/3116/3116 3120/3120/3120
f 3116/3116/3116 3114/3114/3114 3113/3113/3113
f 3122/3122/3122 3112/3112/3112 3111/3111/3111
f 3122/3122/3122 3123/3123/3123 1755/1755/1755
f 3124/3124/3124 3125/3125/3125 3126/3126/3126
f 3125/3125/3125 3118/3118/3118 3121/3121/3121
f 3128/3128/3128 3119/3119/3119 3118/3118/3118
f 3129/3129/3129 3128/3128/3128 3125/3125/3125
f 2020/2020/2020 2712/2712/2712 3128/3128/3128
f 3853/3853/3853 3857/3857/3857 1346/1346/1346
f 1065/1065/1065 1046/1046/1046 1047/1047/1047
f 1814/1814/1814 3838/3838/3838 3830/3830/3830
f 2021/2021/2021 2020/2020/2020 3129/3129/3129
f 3111/3111/3111 3099/3099/3099 3106/3106/3106
f 3123/3123/3123 3106/3106/3106 2207/2207/2207
f 2377/2377/2377 2225/2225/2225 2224/2224/2224
f 3014/3014/3014 2485/2485/2485 113/113/113
f 1756/1756/1756 2208/2208/2208 3782/3782/3782
f 3131/3131/3131 3132/3132/3132 2530/2530/2530
f 3133/3133/3133 3131/3131/3131 2528/2528/2528
f 1753/1753/1753 1756/1756/1756 3767/3767/3767
f 3134/3134/3134 3124/3124/3124 3127/3127/3127
f 2327/2327/2327 2408/2408/2408 2314/2314/2314
f 2436/2436/2436 2318/2318/2318 2317/2317/2317
f 2018/2018/2018 2021/2021/2021 3711/3711/3711
f 2534/2534/2534 3136/3136/3136 3137/3137/3137
f 2320/2320/2320 2322/2322/2322 3136/3136/3136
f 2185/2185/2185 2018/2018/2018 3712/3712/3712
f 3138/3138/3138 3139/3139/3139 2542/2542/2542
f 3134/3134/3134 3135/3135/3135 3744/3744/3744
f 3785/3785/3785 3130/3130/3130 3134/3134/3134
f 3140/3140/3140 3138/3138/3138 2539/2539/2539
f 2535/2535/2535 3137/3137/3137 3140/3140/3140
f 3711/3711/3711 2021/2021/2021 3130/3130/3130
f 2558/2558/2558 2530/2530/2530 3132/3132/3132
f 3782/3782/3782 3760/3760/3760 3141/3141/3141
f 2560/2560/2560 2558/2558/2558 3141/3141/3141
f 3760/3760/3760 3777/3777/3777 3142/3142/3142
f 958/958/958 888/888/888 2976/2976/2976
f 1933/1933/1933 1932/1932/1932 2980/2980/2980
f 2399/2399/2399 2424/2424/2424 2418/2418/2418
f 2348/2348/2348 2342/2342/2342 2343/2343/2343
f 2322/2322/2322 2320/2320/2320 2319/2319/2319
f 2718/2718/2718 2717/2717/2717 2874/2874/2874
f 2709/2709/2709 2729/2729/2729 2873/2873/2873
f 2894/2894/2894 2871/2871/2871 1361/1361/1361
f 346/346/346 289/289/289 176/176/176
f 1876/1876/1876 1877/1877/1877 1882/1882/1882
f 2802/2802/2802 2803/2803/2803 3607/3607/3607
f 3104/3104/3104 3144/3144/3144 3088/3088/3088
f 2974/2974/2974 2222/2222/2222 3649/3649/3649
f 3089/3089/3089 3145/3145/3145 2761/2761/2761
f 3088/3088/3088 3144/3144/3144 3145/3145/3145
f 2803/2803/2803 2974/2974/2974 3603/3603/3603
f 3870/3870/3870 3909/3909/3909 692/692/692
f 2123/2123/2123 1419/1419/1419 1418/1418/1418
f 1365/1365/1365 1363/1363/1363 1368/1368/1368
f 1581/1581/1581 1766/1766/1766 1782/1782/1782
f 3569/3569/3569 2202/2202/2202 2129/2129/2129
f 3555/3555/3555 2003/2003/2003 2002/2002/2002
f 3146/3146/3146 2585/2585/2585 2551/2551/2551
f 3751/3751/3751 3146/3146/3146 3147/3147/3147
f 3742/3742/3742 3149/3149/3149 3146/3146/3146
f 3149/3149/3149 2584/2584/2584 2585/2585/2585
f 3196/3196/3196 3198/3198/3198 3197/3197/3197
f 3604/3604/3604 2192/2192/2192 2191/2191/2191
f 3142/3142/3142 3150/3150/3150 2556/2556/2556
f 3777/3777/3777 3778/3778/3778 3150/3150/3150
f 3646/3646/3646 3152/3152/3152 2550/2550/2550
f 3150/3150/3150 3151/3151/3151 2555/2555/2555
f 3778/3778/3778 3780/3780/3780 3151/3151/3151
f 3788/3788/3788 3781/3781/3781 3152/3152/3152
f 3153/3153/3153 3147/3147/3147 2551/2551/2551
f 3152/3152/3152 3153/3153/3153 2549/2549/2549
f 3781/3781/3781 3776/3776/3776 3153/3153/3153
f 3776/3776/3776 3750/3750/3750 3147/3147/3147
f 3148/3148/3148 2767/2767/2767 2206/2206/2206
f 2183/2183/2183 2401/2401/2401 2321/2321/2321
f 2132/2132/2132 2960/2960/2960 2928/2928/2928
f 3684/3684/3684 3685/3685/3685 2204/2204/2204
f 3719/3719/3719 2198/2198/2198 2197/2197/2197
f 2594/2594/2594 2962/2962/2962 2773/2773/2773
f 2595/2595/2595 2594/2594/2594 2951/2951/2951
f 1870/1870/1870 798/798/798 799/799/799
f 3713/3713/3713 2179/2179/2179 2178/2178/2178
f 3706/3706/3706 2178/2178/2178 3736/3736/3736
f 336/336/336 3154/3154/3154 3774/3774/3774
f 339/339/339 3155/3155/3155 3154/3154/3154
f 3789/3789/3789 3683/3683/3683 3149/3149/3149
f 3683/3683/3683 3697/3697/3697 2584/2584/2584
f 2963/2963/2963 2962/2962/2962 3048/3048/3048
f 3722/3722/3722 3730/3730/3730 337/337/337
f 339/339/339 338/338/338 2566/2566/2566
f 3156/3156/3156 3157/3157/3157 2168/2168/2168
f 2610/2610/2610 3156/3156/3156 2167/2167/2167
f 2954/2954/2954 2953/2953/2953 3156/3156/3156
f 3157/3157/3157 3156/3156/3156 2953/2953/2953
f 3707/3707/3707 2166/2166/2166 2169/2169/2169
f 2567/2567/2567 3158/3158/3158 3159/3159/3159
f 337/337/337 3158/3158/3158 2567/2567/2567
f 3730/3730/3730 3069/3069/3069 2166/2166/2166
f 3764/3764/3764 2190/2190/2190 1983/1983/1983
f 2579/2579/2579 3160/3160/3160 3081/3081/3081
f 2568/2568/2568 3159/3159/3159 3160/3160/3160
f 3709/3709/3709 2169/2169/2169 2190/2190/2190
f 3065/3065/3065 3062/3062/3062 3162/3162/3162
f 3161/3161/3161 3162/3162/3162 1984/1984/1984
f 3157/3157/3157 3161/3161/3161 2189/2189/2189
f 2257/2257/2257 3065/3065/3065 3161/3161/3161
f 734/734/734 735/735/735 1922/1922/1922
f 3059/3059/3059 3058/3058/3058 2708/2708/2708
f 3163/3163/3163 2708/2708/2708 2182/2182/2182
f 3162/3162/3162 3163/3163/3163 1985/1985/1985
f 3062/3062/3062 3059/3059/3059 3163/3163/3163
f 3203/3203/3203 3206/3206/3206 3205/3205/3205
f 2122/2122/2122 2119/2119/2119 1448/1448/1448
f 3817/3817/3817 1686/1686/1686 1685/1685/1685
f 139/139/139 140/140/140 444/444/444
f 1570/1570/1570 569/569/569 566/566/566
f 2957/2957/2957 3164/3164/3164 3165/3165/3165
f 2955/2955/2955 3166/3166/3166 3164/3164/3164
f 1912/1912/1912 454/454/454 341/341/341
f 3130/3130/3130 3129/3129/3129 3124/3124/3124
f 1548/1548/1548 322/322/322 319/319/319
f 1949/1949/1949 1950/1950/1950 1327/1327/1327
f 2969/2969/2969 2970/2970/2970 3078/3078/3078
f 3167/3167/3167 3078/3078/3078 3169/3169/3169
f 3724/3724/3724 2014/2014/2014 2017/2017/2017
f 3720/3720/3720 2017/2017/2017 2033/2033/2033
f 3168/3168/3168 3169/3169/3169 3165/3165/3165
f 3170/3170/3170 3165/3165/3165 3164/3164/3164
f 3779/3779/3779 3170/3170/3170 3171/3171/3171
f 3724/3724/3724 3168/3168/3168 3170/3170/3170
f 3171/3171/3171 3164/3164/3164 3166/3166/3166
f 3172/3172/3172 3166/3166/3166 3071/3071/3071
f 3752/3752/3752 3172/3172/3172 3173/3173/3173
f 3756/3756/3756 3171/3171/3171 3172/3172/3172
f 3169/3169/3169 3037/3037/3037 3036/3036/3036
f 2593/2593/2593 3048/3048/3048 2962/2962/2962
f 3173/3173/3173 3071/3071/3071 2609/2609/2609
f 3174/3174/3174 2609/2609/2609 2199/2199/2199
f 3783/3783/3783 3174/3174/3174 2198/2198/2198
f 3749/3749/3749 3173/3173/3173 3174/3174/3174
f 2190/2190/2190 2189/2189/2189 1984/1984/1984
f 2196/2196/2196 2195/2195/2195 2767/2767/2767
f 2119/2119/2119 2120/2120/2120 1414/1414/1414
f 1464/1464/1464 1463/1463/1463 1466/1466/1466
f 2199/2199/2199 2611/2611/2611 3069/3069/3069
f 2457/2457/2457 2456/2456/2456 2587/2587/2587
f 2226/2226/2226 2225/2225/2225 2562/2562/2562
f 481/481/481 478/478/478 1627/1627/1627
f 333/333/333 1512/1512/1512 235/235/235
f 3078/3078/3078 3051/3051/3051 3037/3037/3037
f 3040/3040/3040 2264/2264/2264 2997/2997/2997
f 2219/2219/2219 1934/1934/1934 1933/1933/1933
f 2385/2385/2385 2384/2384/2384 2497/2497/2497
f 221/221/221 2220/2220/2220 3175/3175/3175
f 2220/2220/2220 1933/1933/1933 3143/3143/3143
f 3175/3175/3175 3143/3143/3143 2976/2976/2976
f 2484/2484/2484 3175/3175/3175 2975/2975/2975
f 2954/2954/2954 3071/3071/3071 3166/3166/3166
f 2630/2630/2630 1858/1858/1858 110/110/110
f 1547/1547/1547 319/319/319 1952/1952/1952
f 2091/2091/2091 2090/2090/2090 2188/2188/2188
f 3733/3733/3733 3736/3736/3736 2178/2178/2178
f 1918/1918/1918 1919/1919/1919 1927/1927/1927
f 3563/3563/3563 112/112/112 111/111/111
f 955/955/955 956/956/956 960/960/960
f 2037/2037/2037 3014/3014/3014 112/112/112
f 3143/3143/3143 2980/2980/2980 2981/2981/2981
f 2218/2218/2218 2211/2211/2211 2214/2214/2214
f 672/672/672 3877/3877/3877 3787/3787/3787
f 2152/2152/2152 3013/3013/3013 3014/3014/3014
f 1147/1147/1147 1144/1144/1144 1143/1143/1143
f 2248/2248/2248 2246/2246/2246 1409/1409/1409
f 1615/1615/1615 1636/1636/1636 1635/1635/1635
f 1410/1410/1410 1409/1409/1409 2246/2246/2246
f 3241/3241/3241 3243/3243/3243 3242/3242/3242
f 1382/1382/1382 3176/3176/3176 3177/3177/3177
f 3177/3177/3177 1410/1410/1410 2247/2247/2247
f 2247/2247/2247 1383/1383/1383 3177/3177/3177
f 3176/3176/3176 2238/2238/2238 2230/2230/2230
f 1410/1410/1410 3177/3177/3177 3179/3179/3179
f 3179/3179/3179 3180/3180/3180 2243/2243/2243
f 1633/1633/1633 3181/3181/3181 2800/2800/2800
f 1621/1621/1621 1620/1620/1620 2758/2758/2758
f 1622/1622/1622 1621/1621/1621 2245/2245/2245
f 2236/2236/2236 1394/1394/1394 3181/3181/3181
f 2237/2237/2237 2236/2236/2236 3182/3182/3182
f 2250/2250/2250 1631/1631/1631 2233/2233/2233
f 2912/2912/2912 1629/1629/1629 1628/1628/1628
f 135/135/135 136/136/136 1564/1564/1564
f 1567/1567/1567 419/419/419 512/512/512
f 1085/1085/1085 1084/1084/1084 2653/2653/2653
f 3184/3184/3184 869/869/869 868/868/868
f 869/869/869 3184/3184/3184 3057/3057/3057
f 1266/1266/1266 1268/1268/1268 1098/1098/1098
f 1267/1267/1267 2147/2147/2147 722/722/722
f 937/937/937 1146/1146/1146 2646/2646/2646
f 2146/2146/2146 1049/1049/1049 722/722/722
f 2211/2211/2211 2218/2218/2218 921/921/921
f 1957/1957/1957 510/510/510 507/507/507
f 1313/1313/1313 1312/1312/1312 2264/2264/2264
f 1496/1496/1496 362/362/362 1493/1493/1493
f 2887/2887/2887 2937/2937/2937 2933/2933/2933
f 1687/1687/1687 1688/1688/1688 1659/1659/1659
f 145/145/145 1499/1499/1499 1498/1498/1498
f 37/37/37 38/38/38 418/418/418
f 1935/1935/1935 1934/1934/1934 3185/3185/3185
f 104/104/104 89/89/89 301/301/301
f 2101/2101/2101 2098/2098/2098 2083/2083/2083
f 543/543/543 298/298/298 360/360/360
f 1934/1934/1934 2219/2219/2219 3186/3186/3186
f 234/234/234 1521/1521/1521 212/212/212
f 3845/3845/3845 3821/3821/3821 1822/1822/1822
f 1976/1976/1976 1875/1875/1875 1874/1874/1874
f 223/223/223 3186/3186/3186 2219/2219/2219
f 3655/3655/3655 3656/3656/3656 3605/3605/3605
f 2165/2165/2165 2164/2164/2164 467/467/467
f 467/467/467 468/468/468 2165/2165/2165
f 773/773/773 476/476/476 2165/2165/2165
f 1935/1935/1935 1212/1212/1212 1728/1728/1728
f 3240/3240/3240 3225/3225/3225 3226/3226/3226
f 3261/3261/3261 3249/3249/3249 3250/3250/3250
f 3215/3215/3215 3216/3216/3216 3244/3244/3244
f 3265/3265/3265 3221/3221/3221 3215/3215/3215
f 3267/3267/3267 3245/3245/3245 3198/3198/3198
f 3205/3205/3205 3206/3206/3206 3269/3269/3269
f 3214/3214/3214 3211/3211/3211 3265/3265/3265
f 3271/3271/3271 3213/3213/3213 3214/3214/3214
f 3251/3251/3251 3252/3252/3252 3239/3239/3239
f 3222/3222/3222 3221/3221/3221 3266/3266/3266
f 3232/3232/3232 3235/3235/3235 3234/3234/3234
f 3216/3216/3216 3242/3242/3242 3243/3243/3243
f 3196/3196/3196 3193/3193/3193 3268/3268/3268
f 3244/3244/3244 3243/3243/3243 3254/3254/3254
f 3238/3238/3238 3239/3239/3239 3247/3247/3247
f 3264/3264/3264 3244/3244/3244 3255/3255/3255
f 3253/3253/3253 3242/3242/3242 3216/3216/3216
f 3211/3211/3211 3266/3266/3266 3221/3221/3221
f 3257/3257/3257 3217/3217/3217 3218/3218/3218
f 3258/3258/3258 3222/3222/3222 3272/3272/3272
f 3274/3274/3274 3275/3275/3275 3280/3280/3280
f 3228/3228/3228 3229/3229/3229 3262/3262/3262
f 3275/3275/3275 3231/3231/3231 3281/3281/3281
f 3226/3226/3226 3227/3227/3227 3273/3273/3273
f 3236/3236/3236 3263/3263/3263 3260/3260/3260
f 3281/3281/3281 3263/3263/3263 3236/3236/3236
f 3287/3287/3287 3271/3271/3271 3192/3192/3192
f 3235/3235/3235 3226/3226/3226 3280/3280/3280
f 3234/3234/3234 3280/3280/3280 3281/3281/3281
f 3288/3288/3288 3290/3290/3290 3259/3259/3259
f 3260/3260/3260 3250/3250/3250 3276/3276/3276
f 3289/3289/3289 3212/3212/3212 3278/3278/3278
f 3210/3210/3210 3209/3209/3209 3224/3224/3224
f 3199/3199/3199 3202/3202/3202 3201/3201/3201
f 3228/3228/3228 3231/3231/3231 3230/3230/3230
f 3290/3290/3290 3288/3288/3288 3285/3285/3285
f 3282/3282/3282 3279/3279/3279 3271/3271/3271
f 3260/3260/3260 3263/3263/3263 3262/3262/3262
f 3243/3243/3243 3241/3241/3241 3268/3268/3268
f 3267/3267/3267 3268/3268/3268 3241/3241/3241
f 3194/3194/3194 3207/3207/3207 3208/3208/3208
f 3191/3191/3191 3270/3270/3270 3269/3269/3269
f 3270/3270/3270 3191/3191/3191 3192/3192/3192
f 3275/3275/3275 3274/3274/3274 3230/3230/3230
f 3264/3264/3264 3269/3269/3269 3270/3270/3270
f 3252/3252/3252 3251/3251/3251 3276/3276/3276
f 3248/3248/3248 3252/3252/3252 3291/3291/3291
f 3213/3213/3213 3271/3271/3271 3279/3279/3279
f 3272/3272/3272 3266/3266/3266 3289/3289/3289
f 3277/3277/3277 3278/3278/3278 3212/3212/3212
f 3228/3228/3228 3263/3263/3263 3281/3281/3281
f 3220/3220/3220 3225/3225/3225 3253/3253/3253
f 3219/3219/3219 3253/3253/3253 3217/3217/3217
f 3256/3256/3256 3218/3218/3218 3222/3222/3222
f 3247/3247/3247 3239/3239/3239 3252/3252/3252
f 3245/3245/3245 3267/3267/3267 3232/3232/3232
f 3266/3266/3266 3211/3211/3211 3212/3212/3212
f 3208/3208/3208 3205/3205/3205 3255/3255/3255
f 3288/3288/3288 3289/3289/3289 3284/3284/3284
f 3204/3204/3204 3205/3205/3205 3208/3208/3208
f 560/560/560 1899/1899/1899 3187/3187/3187
f 3209/3209/3209 3210/3210/3210 3201/3201/3201
f 3189/3189/3189 3192/3192/3192 3191/3191/3191
f 448/448/448 1980/1980/1980 807/807/807
f 647/647/647 648/648/648 122/122/122
f 1833/1833/1833 1848/1848/1848 1780/1780/1780
f 510/510/510 509/509/509 508/508/508
f 3210/3210/3210 1949/1949/1949 1887/1887/1887
f 1887/1887/1887 15/15/15 3200/3200/3200
f 15/15/15 16/16/16 3197/3197/3197
f 16/16/16 3188/3188/3188 3195/3195/3195
f 3195/3195/3195 3188/3188/3188 3187/3187/3187
f 3194/3194/3194 3187/3187/3187 1899/1899/1899
f 3207/3207/3207 1899/1899/1899 375/375/375
f 387/387/387 173/173/173 126/126/126
f 3189/3189/3189 1791/1791/1791 1760/1760/1760
f 3577/3577/3577 763/763/763 757/757/757
f 763/763/763 3577/3577/3577 2172/2172/2172
f 3583/3583/3583 3582/3582/3582 3580/3580/3580
f 3581/3581/3581 3580/3580/3580 3579/3579/3579
f 3594/3594/3594 3597/3597/3597 3596/3596/3596
f 3400/3400/3400 3601/3601/3601 3602/3602/3602
f 3626/3626/3626 3624/3624/3624 3625/3625/3625
f 3631/3631/3631 3635/3635/3635 3599/3599/3599
f 3636/3636/3636 3637/3637/3637 3595/3595/3595
f 3647/3647/3647 3584/3584/3584 3588/3588/3588
f 3650/3650/3650 3582/3582/3582 3584/3584/3584
f 3653/3653/3653 3579/3579/3579 3580/3580/3580
f 3653/3653/3653 2176/2176/2176 3654/3654/3654
f 1801/1801/1801 1864/1864/1864 3656/3656/3656
f 3651/3651/3651 3580/3580/3580 3582/3582/3582
f 3644/3644/3644 3638/3638/3638 3595/3595/3595
f 1767/1767/1767 1768/1768/1768 3659/3659/3659
f 1597/1597/1597 3663/3663/3663 3661/3661/3661
f 1708/1708/1708 1707/1707/1707 3665/3665/3665
f 3671/3671/3671 3668/3668/3668 3667/3667/3667
f 3666/3666/3666 3667/3667/3667 3673/3673/3673
f 1588/1588/1588 1708/1708/1708 3664/3664/3664
f 2080/2080/2080 3671/3671/3671 3666/3666/3666
f 2082/2082/2082 3666/3666/3666 3672/3672/3672
f 3674/3674/3674 3677/3677/3677 3635/3635/3635
f 3677/3677/3677 3678/3678/3678 3636/3636/3636
f 3682/3682/3682 3647/3647/3647 3645/3645/3645
f 3692/3692/3692 3651/3651/3651 3650/3650/3650
f 3681/3681/3681 3645/3645/3645 3644/3644/3644
f 786/786/786 3694/3694/3694 3692/3692/3692
f 3694/3694/3694 3653/3653/3653 3651/3651/3651
f 785/785/785 3692/3692/3692 3686/3686/3686
f 497/497/497 3686/3686/3686 3682/3682/3682
f 650/650/650 3682/3682/3682 3681/3681/3681
f 3696/3696/3696 564/564/564 3681/3681/3681
f 3405/3405/3405 3606/3606/3606 3605/3605/3605
f 3702/3702/3702 3699/3699/3699 3678/3678/3678
f 3699/3699/3699 3698/3698/3698 3679/3679/3679
f 3645/3645/3645 3588/3588/3588 3638/3638/3638
f 1799/1799/1799 3657/3657/3657 3659/3659/3659
f 3708/3708/3708 3704/3704/3704 3458/3458/3458
f 3462/3462/3462 3710/3710/3710 3708/3708/3708
f 3714/3714/3714 463/463/463 564/564/564
f 3615/3615/3615 3606/3606/3606 3602/3602/3602
f 3710/3710/3710 3714/3714/3714 3696/3696/3696
f 3635/3635/3635 3636/3636/3636 3596/3596/3596
f 3629/3629/3629 3626/3626/3626 3627/3627/3627
f 3597/3597/3597 3600/3600/3600 3599/3599/3599
f 3630/3630/3630 3716/3716/3716 3715/3715/3715
f 3627/3627/3627 3625/3625/3625 3597/3597/3597
f 3717/3717/3717 3716/3716/3716 3723/3723/3723
f 3715/3715/3715 3663/3663/3663 3660/3660/3660
f 3716/3716/3716 3717/3717/3717 3725/3725/3725
f 3668/3668/3668 3665/3665/3665 3661/3661/3661
f 3668/3668/3668 3725/3725/3725 3717/3717/3717
f 3667/3667/3667 3717/3717/3717 3718/3718/3718
f 3727/3727/3727 3728/3728/3728 3673/3673/3673
f 3728/3728/3728 1576/1576/1576 3672/3672/3672
f 3726/3726/3726 3727/3727/3727 3718/3718/3718
f 1576/1576/1576 2101/2101/2101 2084/2084/2084
f 3727/3727/3727 3726/3726/3726 3731/3731/3731
f 3203/3203/3203 376/376/376 1387/1387/1387
f 3190/3190/3190 1387/1387/1387 1791/1791/1791
f 3283/3283/3283 2152/2152/2152 1949/1949/1949
f 317/317/317 240/240/240 259/259/259
f 2000/2000/2000 2176/2176/2176 3653/3653/3653
f 3601/3601/3601 3599/3599/3599 3600/3600/3600
f 3589/3589/3589 3588/3588/3588 3584/3584/3584
f 3577/3577/3577 758/758/758 756/756/756
f 3585/3585/3585 3584/3584/3584 3582/3582/3582
f 3678/3678/3678 3679/3679/3679 3637/3637/3637
f 3204/3204/3204 375/375/375 376/376/376
f 1801/1801/1801 3655/3655/3655 3657/3657/3657
f 3729/3729/3729 3735/3735/3735 3728/3728/3728
f 1575/1575/1575 3735/3735/3735 3738/3738/3738
f 3735/3735/3735 1575/1575/1575 1576/1576/1576
f 1776/1776/1776 1795/1795/1795 1796/1796/1796
f 1293/1293/1293 1294/1294/1294 1290/1290/1290
f 1326/1326/1326 14/14/14 1327/1327/1327
f 1294/1294/1294 1245/1245/1245 1234/1234/1234
f 878/878/878 1244/1244/1244 1330/1330/1330
f 497/497/497 373/373/373 374/374/374
f 122/122/122 648/648/648 413/413/413
f 3699/3699/3699 3702/3702/3702 3704/3704/3704
f 3606/3606/3606 3405/3405/3405 3401/3401/3401
f 3708/3708/3708 3710/3710/3710 3698/3698/3698
f 3464/3464/3464 3714/3714/3714 3710/3710/3710
f 3704/3704/3704 3674/3674/3674 3443/3443/3443
f 439/439/439 398/398/398 399/399/399
f 1512/1512/1512 1528/1528/1528 1526/1526/1526
f 1668/1668/1668 1741/1741/1741 1738/1738/1738
f 839/839/839 849/849/849 1362/1362/1362
f 1362/1362/1362 1357/1357/1357 826/826/826
f 3843/3843/3843 740/740/740 1896/1896/1896
f 2053/2053/2053 2054/2054/2054 2118/2118/2118
f 3888/3888/3888 3887/3887/3887 2120/2120/2120
f 696/696/696 697/697/697 3816/3816/3816
f 1826/1826/1826 1878/1878/1878 639/639/639
f 3740/3740/3740 3739/3739/3739 3729/3729/3729
f 956/956/956 885/885/885 886/886/886
f 1980/1980/1980 806/806/806 1922/1922/1922
f 33/33/33 34/34/34 105/105/105
f 1343/1343/1343 1344/1344/1344 3856/3856/3856
f 3907/3907/3907 2127/2127/2127 2128/2128/2128
f 1766/1766/1766 1581/1581/1581 1582/1582/1582
f 14/14/14 1326/1326/1326 2163/2163/2163
f 595/595/595 98/98/98 99/99/99
f 3233/3233/3233 3238/3238/3238 3246/3246/3246
f 1346/1346/1346 1035/1035/1035 1044/1044/1044
f 748/748/748 1888/1888/1888 1425/1425/1425
f 3193/3193/3193 3208/3208/3208 3254/3254/3254
f 3190/3190/3190 3191/3191/3191 3206/3206/3206
f 3612/3612/3612 3605/3605/3605 3606/3606/3606
f 3624/3624/3624 3612/3612/3612 3615/3615/3615
f 3631/3631/3631 3415/3415/3415 3443/3443/3443
f 3679/3679/3679 3680/3680/3680 3644/3644/3644
f 3686/3686/3686 3650/3650/3650 3647/3647/3647
f 3702/3702/3702 3677/3677/3677 3674/3674/3674
f 3625/3625/3625 3615/3615/3615 3600/3600/3600
f 3601/3601/3601 3400/3400/3400 3415/3415/3415
f 3739/3739/3739 3738/3738/3738 3735/3735/3735
f 3630/3630/3630 3627/3627/3627 3594/3594/3594
f 3741/3741/3741 3723/3723/3723 3716/3716/3716
f 1284/1284/1284 1290/1290/1290 1288/1288/1288
f 3698/3698/3698 3696/3696/3696 3680/3680/3680
f 1778/1778/1778 1781/1781/1781 1780/1780/1780
f 1792/1792/1792 1759/1759/1759 1584/1584/1584
f 695/695/695 570/570/570 571/571/571
f 3638/3638/3638 3741/3741/3741 3594/3594/3594
f 3741/3741/3741 3638/3638/3638 3588/3588/3588
f 3247/3247/3247 3248/3248/3248 3209/3209/3209
f 3292/3292/3292 3293/3293/3293 3294/3294/3294
f 3296/3296/3296 3297/3297/3297 3298/3298/3298
f 3299/3299/3299 3298/3298/3298 3300/3300/3300
f 3302/3302/3302 3303/3303/3303 3304/3304/3304
f 3306/3306/3306 3307/3307/3307 3308/3308/3308
f 3307/3307/3307 3310/3310/3310 3311/3311/3311
f 3303/3303/3303 3302/3302/3302 3301/3301/3301
f 3312/3312/3312 3305/3305/3305 3304/3304/3304
f 3314/3314/3314 3315/3315/3315 3316/3316/3316
f 3318/3318/3318 3319/3319/3319 3320/3320/3320
f 3324/3324/3324 3318/3318/3318 3321/3321/3321
f 3326/3326/3326 3327/3327/3327 3328/3328/3328
f 3329/3329/3329 3330/3330/3330 3331/3331/3331
f 3333/3333/3333 3334/3334/3334 3335/3335/3335
f 3337/3337/3337 3338/3338/3338 3339/3339/3339
f 3333/3333/3333 3336/3336/3336 3341/3341/3341
f 3342/3342/3342 3341/3341/3341 3343/3343/3343
f 3319/3319/3319 3345/3345/3345 3344/3344/3344
f 3338/3338/3338 3335/3335/3335 3334/3334/3334
f 3346/3346/3346 3301/3301/3301 3302/3302/3302
f 3305/3305/3305 3348/3348/3348 3347/3347/3347
f 3312/3312/3312 3224/3224/3224 3223/3223/3223
f 3350/3350/3350 3337/3337/3337 3340/3340/3340
f 3312/3312/3312 3349/3349/3349 3348/3348/3348
f 3352/3352/3352 3343/3343/3343 3341/3341/3341
f 3311/3311/3311 3353/3353/3353 3354/3354/3354
f 3341/3341/3341 3336/3336/3336 3327/3327/3327
f 3359/3359/3359 3360/3360/3360 3361/3361/3361
f 3360/3360/3360 3359/3359/3359 3250/3250/3250
f 3318/3318/3318 3363/3363/3363 3345/3345/3345
f 3364/3364/3364 3363/3363/3363 3318/3318/3318
f 3314/3314/3314 3364/3364/3364 3324/3324/3324
f 3366/3366/3366 3299/3299/3299 3301/3301/3301
f 3299/3299/3299 3366/3366/3366 3367/3367/3367
f 3308/3308/3308 3354/3354/3354 3368/3368/3368
f 3369/3369/3369 3317/3317/3317 3295/3295/3295
f 3317/3317/3317 3369/3369/3369 3364/3364/3364
f 3370/3370/3370 3295/3295/3295 3317/3317/3317
f 3325/3325/3325 3371/3371/3371 3365/3365/3365
f 3352/3352/3352 3320/3320/3320 3319/3319/3319
f 3296/3296/3296 3367/3367/3367 3353/3353/3353
f 3297/3297/3297 3296/3296/3296 3311/3311/3311
f 3363/3363/3363 3368/3368/3368 3354/3354/3354
f 3345/3345/3345 3354/3354/3354 3353/3353/3353
f 3344/3344/3344 3353/3353/3353 3367/3367/3367
f 3366/3366/3366 3333/3333/3333 3342/3342/3342
f 3347/3347/3347 3339/3339/3339 3334/3334/3334
f 3339/3339/3339 3347/3347/3347 3348/3348/3348
f 3348/3348/3348 3349/3349/3349 3351/3351/3351
f 3363/3363/3363 3364/3364/3364 3369/3369/3369
f 3294/3294/3294 3309/3309/3309 3368/3368/3368
f 3293/3293/3293 3306/3306/3306 3309/3309/3309
f 3331/3331/3331 3373/3373/3373 3374/3374/3374
f 3346/3346/3346 3334/3334/3334 3333/3333/3333
f 3323/3323/3323 3322/3322/3322 3352/3352/3352
f 3356/3356/3356 3355/3355/3355 3321/3321/3321
f 3355/3355/3355 3357/3357/3357 3325/3325/3325
f 3357/3357/3357 3358/3358/3358 3371/3371/3371
f 3322/3322/3322 3356/3356/3356 3320/3320/3320
f 3361/3361/3361 3330/3330/3330 3329/3329/3329
f 3373/3373/3373 3372/3372/3372 3375/3375/3375
f 3374/3374/3374 3375/3375/3375 3376/3376/3376
f 3329/3329/3329 3332/3332/3332 3376/3376/3376
f 3327/3327/3327 3375/3375/3375 3372/3372/3372
f 3336/3336/3336 3335/3335/3335 3375/3375/3375
f 3335/3335/3335 3338/3338/3338 3376/3376/3376
f 3376/3376/3376 3338/3338/3338 3337/3337/3337
f 3337/3337/3337 3350/3350/3350 3359/3359/3359
f 3359/3359/3359 3350/3350/3350 3276/3276/3276
f 3377/3377/3377 3292/3292/3292 3295/3295/3295
f 3277/3277/3277 3316/3316/3316 3315/3315/3315
f 3371/3371/3371 3378/3378/3378 3379/3379/3379
f 3378/3378/3378 3371/3371/3371 3358/3358/3358
f 3365/3365/3365 3379/3379/3379 3315/3315/3315
f 3316/3316/3316 3277/3277/3277 3279/3279/3279
f 3282/3282/3282 3377/3377/3377 3370/3370/3370
f 3313/3313/3313 3283/3283/3283 3224/3224/3224
f 3378/3378/3378 3285/3285/3285 3284/3284/3284
f 3380/3380/3380 3286/3286/3286 3285/3285/3285
f 3379/3379/3379 3284/3284/3284 3278/3278/3278
f 3276/3276/3276 3350/3350/3350 3351/3351/3351
f 3291/3291/3291 3351/3351/3351 3349/3349/3349
f 3313/3313/3313 3304/3304/3304 2965/2965/2965
f 2965/2965/2965 3304/3304/3304 3303/3303/3303
f 222/222/222 3303/3303/3303 3300/3300/3300
f 223/223/223 3300/3300/3300 3298/3298/3298
f 3298/3298/3298 3297/3297/3297 3185/3185/3185
f 3297/3297/3297 3310/3310/3310 2977/2977/2977
f 3310/3310/3310 3307/3307/3307 1213/1213/1213
f 3307/3307/3307 3306/3306/3306 1214/1214/1214
f 2532/2532/2532 1214/1214/1214 3306/3306/3306
f 2894/2894/2894 2532/2532/2532 3293/3293/3293
f 2871/2871/2871 2894/2894/2894 3292/3292/3292
f 3253/3253/3253 3225/3225/3225 3240/3240/3240
f 3283/3283/3283 3313/3313/3313 3013/3013/3013
f 1997/1997/1997 1996/1996/1996 1889/1889/1889
f 1237/1237/1237 745/745/745 744/744/744
f 1535/1535/1535 1534/1534/1534 120/120/120
f 1531/1531/1531 1532/1532/1532 201/201/201
f 1119/1119/1119 1241/1241/1241 1032/1032/1032
f 946/946/946 948/948/948 824/824/824
f 163/163/163 8/8/8 5/5/5
f 3589/3589/3589 3726/3726/3726 3723/3723/3723
f 1155/1155/1155 1156/1156/1156 1162/1162/1162
f 427/427/427 213/213/213 327/327/327
f 553/553/553 1902/1902/1902 796/796/796
f 3381/3381/3381 2232/2232/2232 2231/2231/2231
f 3381/3381/3381 3178/3178/3178 2230/2230/2230
f 2237/2237/2237 3183/3183/3183 3180/3180/3180
f 3383/3383/3383 3384/3384/3384 3385/3385/3385
f 3384/3384/3384 3386/3386/3386 3387/3387/3387
f 3386/3386/3386 3388/3388/3388 3389/3389/3389
f 3388/3388/3388 3390/3390/3390 3391/3391/3391
f 3392/3392/3392 3393/3393/3393 3394/3394/3394
f 3395/3395/3395 3394/3394/3394 3396/3396/3396
f 3398/3398/3398 3399/3399/3399 3397/3397/3397
f 3400/3400/3400 3401/3401/3401 3399/3399/3399
f 3403/3403/3403 3404/3404/3404 3405/3405/3405
f 3406/3406/3406 3407/3407/3407 3404/3404/3404
f 3408/3408/3408 3409/3409/3409 3407/3407/3407
f 3410/3410/3410 3411/3411/3411 3409/3409/3409
f 3412/3412/3412 3413/3413/3413 3411/3411/3411
f 3415/3415/3415 3400/3400/3400 3398/3398/3398
f 3414/3414/3414 3398/3398/3398 3396/3396/3396
f 3416/3416/3416 3396/3396/3396 3394/3394/3394
f 3417/3417/3417 3394/3394/3394 3393/3393/3393
f 3393/3393/3393 3419/3419/3419 3420/3420/3420
f 3419/3419/3419 3390/3390/3390 3421/3421/3421
f 3390/3390/3390 3388/3388/3388 3422/3422/3422
f 3388/3388/3388 3386/3386/3386 3423/3423/3423
f 3386/3386/3386 3384/3384/3384 3424/3424/3424
f 3384/3384/3384 3383/3383/3383 3425/3425/3425
f 3425/3425/3425 3383/3383/3383 3426/3426/3426
f 2904/2904/2904 3427/3427/3427 3428/3428/3428
f 3429/3429/3429 3427/3427/3427 2904/2904/2904
f 3430/3430/3430 3429/3429/3429 2902/2902/2902
f 2875/2875/2875 3431/3431/3431 3430/3430/3430
f 3432/3432/3432 3433/3433/3433 2733/2733/2733
f 2825/2825/2825 3434/3434/3434 3435/3435/3435
f 3437/3437/3437 3438/3438/3438 3439/3439/3439
f 3441/3441/3441 3437/3437/3437 3436/3436/3436
f 2724/2724/2724 2723/2723/2723 3434/3434/3434
f 3436/3436/3436 3439/3439/3439 3115/3115/3115
f 3440/3440/3440 3436/3436/3436 3117/3117/3117
f 3443/3443/3443 3415/3415/3415 3414/3414/3414
f 3442/3442/3442 3414/3414/3414 3416/3416/3416
f 3444/3444/3444 3416/3416/3416 3417/3417/3417
f 3445/3445/3445 3417/3417/3417 3418/3418/3418
f 3446/3446/3446 3418/3418/3418 3420/3420/3420
f 3420/3420/3420 3421/3421/3421 3448/3448/3448
f 3421/3421/3421 3422/3422/3422 3449/3449/3449
f 3422/3422/3422 3423/3423/3423 3450/3450/3450
f 3423/3423/3423 3424/3424/3424 3451/3451/3451
f 3424/3424/3424 3425/3425/3425 3452/3452/3452
f 3425/3425/3425 3184/3184/3184 3056/3056/3056
f 3451/3451/3451 3452/3452/3452 2253/2253/2253
f 3450/3450/3450 3451/3451/3451 2252/2252/2252
f 3449/3449/3449 3450/3450/3450 1727/1727/1727
f 3448/3448/3448 3449/3449/3449 2150/2150/2150
f 3453/3453/3453 3447/3447/3447 3448/3448/3448
f 3454/3454/3454 3446/3446/3446 3447/3447/3447
f 3455/3455/3455 3445/3445/3445 3446/3446/3446
f 3456/3456/3456 3444/3444/3444 3445/3445/3445
f 3442/3442/3442 3444/3444/3444 3456/3456/3456
f 3443/3443/3443 3442/3442/3442 3457/3457/3457
f 3459/3459/3459 3460/3460/3460 3458/3458/3458
f 3457/3457/3457 3456/3456/3456 3455/3455/3455
f 3459/3459/3459 3455/3455/3455 3454/3454/3454
f 3462/3462/3462 3460/3460/3460 3459/3459/3459
f 3461/3461/3461 3454/3454/3454 3453/3453/3453
f 3464/3464/3464 3462/3462/3462 3461/3461/3461
f 3463/3463/3463 3453/3453/3453 1941/1941/1941
f 3404/3404/3404 3399/3399/3399 3401/3401/3401
f 3407/3407/3407 3397/3397/3397 3399/3399/3399
f 3409/3409/3409 3395/3395/3395 3397/3397/3397
f 3411/3411/3411 3392/3392/3392 3395/3395/3395
f 3465/3465/3465 3466/3466/3466 3413/3413/3413
f 3467/3467/3467 3468/3468/3468 3469/3469/3469
f 3465/3465/3465 3412/3412/3412 3431/3431/3431
f 3470/3470/3470 3467/3467/3467 3466/3466/3466
f 3438/3438/3438 3470/3470/3470 3432/3432/3432
f 3467/3467/3467 3470/3470/3470 3438/3438/3438
f 3468/3468/3468 3467/3467/3467 3437/3437/3437
f 3471/3471/3471 3469/3469/3469 3468/3468/3468
f 3472/3472/3472 3468/3468/3468 3441/3441/3441
f 3473/3473/3473 3441/3441/3441 3440/3440/3440
f 2712/2712/2712 3440/3440/3440 3119/3119/3119
f 3475/3475/3475 3471/3471/3471 3472/3472/3472
f 3474/3474/3474 3472/3472/3472 3473/3473/3473
f 3476/3476/3476 3473/3473/3473 2712/2712/2712
f 3477/3477/3477 3476/3476/3476 2711/2711/2711
f 3478/3478/3478 3474/3474/3474 3476/3476/3476
f 3479/3479/3479 3475/3475/3475 3474/3474/3474
f 3392/3392/3392 3411/3411/3411 3413/3413/3413
f 3466/3466/3466 3469/3469/3469 3480/3480/3480
f 3419/3419/3419 3393/3393/3393 3392/3392/3392
f 3390/3390/3390 3419/3419/3419 3480/3480/3480
f 3469/3469/3469 3471/3471/3471 3391/3391/3391
f 3389/3389/3389 3391/3391/3391 3471/3471/3471
f 3387/3387/3387 3389/3389/3389 3475/3475/3475
f 3385/3385/3385 3387/3387/3387 3479/3479/3479
f 3482/3482/3482 3477/3477/3477 2400/2400/2400
f 3483/3483/3483 3478/3478/3478 3477/3477/3477
f 3481/3481/3481 3479/3479/3479 3478/3478/3478
f 3484/3484/3484 3482/3482/3482 2402/2402/2402
f 3058/3058/3058 3484/3484/3484 2707/2707/2707
f 3061/3061/3061 3485/3485/3485 3484/3484/3484
f 3485/3485/3485 3483/3483/3483 3482/3482/3482
f 3382/3382/3382 3385/3385/3385 3481/3481/3481
f 3486/3486/3486 3481/3481/3481 3483/3483/3483
f 3426/3426/3426 3383/3383/3383 3382/3382/3382
f 3487/3487/3487 3382/3382/3382 3486/3486/3486
f 3486/3486/3486 3485/3485/3485 3061/3061/3061
f 1961/1961/1961 3057/3057/3057 3487/3487/3487
f 3057/3057/3057 3184/3184/3184 3426/3426/3426
f 3428/3428/3428 3403/3403/3403 3402/3402/3402
f 3427/3427/3427 3406/3406/3406 3403/3403/3403
f 3429/3429/3429 3408/3408/3408 3406/3406/3406
f 3430/3430/3430 3410/3410/3410 3408/3408/3408
f 3431/3431/3431 3412/3412/3412 3410/3410/3410
f 3470/3470/3470 3465/3465/3465 3433/3433/3433
f 3434/3434/3434 3439/3439/3439 3438/3438/3438
f 2723/2723/2723 3115/3115/3115 3439/3439/3439
f 2875/2875/2875 2733/2733/2733 3433/3433/3433
f 2736/2736/2736 2824/2824/2824 3435/3435/3435
f 2947/2947/2947 3428/3428/3428 3488/3488/3488
f 3464/3464/3464 3463/3463/3463 1360/1360/1360
f 1900/1900/1900 1925/1925/1925 1924/1924/1924
f 1736/1736/1736 1717/1717/1717 1718/1718/1718
f 1955/1955/1955 1952/1952/1952 1943/1943/1943
f 1671/1671/1671 1738/1738/1738 1735/1735/1735
f 1696/1696/1696 1750/1750/1750 1698/1698/1698
f 1800/1800/1800 1865/1865/1865 1864/1864/1864
f 2063/2063/2063 2055/2055/2055 2056/2056/2056
f 1737/1737/1737 1734/1734/1734 1717/1717/1717
f 1751/1751/1751 1735/1735/1735 1697/1697/1697
f 943/943/943 3885/3885/3885 3899/3899/3899
f 3656/3656/3656 3488/3488/3488 3402/3402/3402
f 1577/1577/1577 1578/1578/1578 1764/1764/1764
f 3917/3917/3917 1598/1598/1598 1599/1599/1599
f 1945/1945/1945 146/146/146 82/82/82
f 68/68/68 6/6/6 7/7/7
f 147/147/147 1542/1542/1542 1543/1543/1543
f 1109/1109/1109 1135/1135/1135 1133/1133/1133
f 1503/1503/1503 1910/1910/1910 1907/1907/1907
f 1499/1499/1499 1501/1501/1501 1909/1909/1909
f 452/452/452 1922/1922/1922 735/735/735
f 1824/1824/1824 2068/2068/2068 3835/3835/3835
f 1825/1825/1825 2067/2067/2067 2068/2068/2068
f 1463/1463/1463 1462/1462/1462 1022/1022/1022
f 841/841/841 1012/1012/1012 1009/1009/1009
f 1568/1568/1568 1547/1547/1547 1955/1955/1955
f 1910/1910/1910 1503/1503/1503 1502/1502/1502
f 1939/1939/1939 1502/1502/1502 422/422/422
f 309/309/309 280/280/280 1940/1940/1940
f 1804/1804/1804 1851/1851/1851 1866/1866/1866
f 269/269/269 1482/1482/1482 1954/1954/1954
f 2065/2065/2065 1607/1607/1607 2060/2060/2060
f 3812/3812/3812 1685/1685/1685 1758/1758/1758
f 280/280/280 276/276/276 552/552/552
f 1875/1875/1875 1873/1873/1873 1869/1869/1869
f 1739/1739/1739 1721/1721/1721 1734/1734/1734
f 1778/1778/1778 1779/1779/1779 1790/1790/1790
f 310/310/310 1920/1920/1920 1915/1915/1915
f 1909/1909/1909 1908/1908/1908 1906/1906/1906
f 1789/1789/1789 1783/1783/1783 1778/1778/1778
f 978/978/978 981/981/981 980/980/980
f 1584/1584/1584 1759/1759/1759 1731/1731/1731
f 425/425/425 426/426/426 311/311/311
f 148/148/148 1543/1543/1543 115/115/115
f 2044/2044/2044 3897/3897/3897 3894/3894/3894
f 277/277/277 1910/1910/1910 1939/1939/1939
f 1943/1943/1943 1946/1946/1946 1945/1945/1945
f 1461/1461/1461 1462/1462/1462 1463/1463/1463
f 2253/2253/2253 3452/3452/3452 3056/3056/3056
f 2981/2981/2981 2254/2254/2254 3489/3489/3489
f 2209/2209/2209 2998/2998/2998 3489/3489/3489
f 2254/2254/2254 2253/2253/2253 3055/3055/3055
f 2998/2998/2998 926/926/926 958/958/958
f 2826/2826/2826 2817/2817/2817 2721/2721/2721
f 3490/3490/3490 2739/2739/2739 2721/2721/2721
f 2816/2816/2816 3491/3491/3491 3490/3490/3490
f 2334/2334/2334 2297/2297/2297 2296/2296/2296
f 2298/2298/2298 2297/2297/2297 2334/2334/2334
f 2301/2301/2301 2298/2298/2298 2336/2336/2336
f 2311/2311/2311 2301/2301/2301 2338/2338/2338
f 2312/2312/2312 2311/2311/2311 2354/2354/2354
f 2359/2359/2359 2358/2358/2358 2361/2361/2361
f 2335/2335/2335 2296/2296/2296 2359/2359/2359
f 2414/2414/2414 2413/2413/2413 2365/2365/2365
f 2413/2413/2413 2270/2270/2270 2361/2361/2361
f 2355/2355/2355 2352/2352/2352 2540/2540/2540
f 2541/2541/2541 2540/2540/2540 2539/2539/2539
f 2722/2722/2722 2721/2721/2721 2739/2739/2739
f 3114/3114/3114 2722/2722/2722 2738/2738/2738
f 3110/3110/3110 3112/3112/3112 3121/3121/3121
f 3108/3108/3108 3110/3110/3110 3120/3120/3120
f 3122/3122/3122 1754/1754/1754 3127/3127/3127
f 3112/3112/3112 3122/3122/3122 3126/3126/3126
f 3127/3127/3127 1754/1754/1754 1753/1753/1753
f 3139/3139/3139 3133/3133/3133 2529/2529/2529
f 3744/3744/3744 3775/3775/3775 3133/3133/3133
f 3490/3490/3490 2789/2789/2789 2740/2740/2740
f 3491/3491/3491 2790/2790/2790 2789/2789/2789
f 228/228/228 229/229/229 91/91/91
f 245/245/245 244/244/244 243/243/243
f 248/248/248 7/7/7 247/247/247
f 2/2/2 297/297/297 296/296/296
f 145/145/145 146/146/146 300/300/300
f 327/327/327 213/213/213 210/210/210
f 329/329/329 332/332/332 331/331/331
f 239/239/239 241/241/241 240/240/240
f 373/373/373 376/376/376 375/375/375
f 178/178/178 177/177/177 176/176/176
f 1218/1218/1218 1225/1225/1225 1228/1228/1228
f 3862/3862/3862 1231/1231/1231 1295/1295/1295
f 808/808/808 809/809/809 824/824/824
f 3858/3858/3858 3859/3859/3859 1013/1013/1013
f 3813/3813/3813 3810/3810/3810 1411/1411/1411
f 2154/2154/2154 2149/2149/2149 2159/2159/2159
f 3845/3845/3845 3835/3835/3835 1758/1758/1758
f 306/306/306 807/807/807 1922/1922/1922
f 2157/2157/2157 2153/2153/2153 1976/1976/1976
f 708/708/708 709/709/709 2031/2031/2031
f 1450/1450/1450 1226/1226/1226 1227/1227/1227
f 1672/1672/1672 1604/1604/1604 1605/1605/1605
f 1813/1813/1813 1814/1814/1814 1821/1821/1821
f 1717/1717/1717 1716/1716/1716 1715/1715/1715
f 176/176/176 159/159/159 402/402/402
f 1710/1710/1710 1705/1705/1705 3916/3916/3916
f 1712/1712/1712 1580/1580/1580 1577/1577/1577
f 1705/1705/1705 1713/1713/1713 1711/1711/1711
f 971/971/971 978/978/978 979/979/979
f 822/822/822 823/823/823 1094/1094/1094
f 2909/2909/2909 2810/2810/2810 2793/2793/2793
f 2810/2810/2810 2769/2769/2769 2795/2795/2795
f 2799/2799/2799 2910/2910/2910 2249/2249/2249
f 3662/3662/3662 3643/3643/3643 2910/2910/2910
f 2769/2769/2769 2768/2768/2768 2801/2801/2801
f 3177/3177/3177 3176/3176/3176 3178/3178/3178
f 3178/3178/3178 3381/3381/3381 3180/3180/3180
f 3181/3181/3181 1394/1394/1394 1393/1393/1393
f 3181/3181/3181 1633/1633/1633 1632/1632/1632
f 3182/3182/3182 1632/1632/1632 2244/2244/2244
f 3183/3183/3183 2244/2244/2244 2243/2243/2243
f 3492/3492/3492 2791/2791/2791 2790/2790/2790
f 2808/2808/2808 3492/3492/3492 3491/3491/3491
f 2239/2239/2239 3574/3574/3574 3572/3572/3572
f 1149/1149/1149 1150/1150/1150 3571/3571/3571
f 1150/1150/1150 2009/2009/2009 3567/3567/3567
f 2202/2202/2202 3569/3569/3569 3566/3566/3566
f 2921/2921/2921 3564/3564/3564 3565/3565/3565
f 3568/3568/3568 3560/3560/3560 2133/2133/2133
f 1777/1777/1777 1579/1579/1579 1759/1759/1759
f 1201/1201/1201 1196/1196/1196 1183/1183/1183
f 3561/3561/3561 3554/3554/3554 2195/2195/2195
f 3553/3553/3553 3576/3576/3576 2770/2770/2770
f 3927/3927/3927 3925/3925/3925 1687/1687/1687
f 1516/1516/1516 152/152/152 154/154/154
f 3549/3549/3549 3562/3562/3562 2974/2974/2974
f 3550/3550/3550 3548/3548/3548 2779/2779/2779
f 2771/2771/2771 2772/2772/2772 3575/3575/3575
f 3070/3070/3070 2771/2771/2771 3546/3546/3546
f 3547/3547/3547 3544/3544/3544 2775/2775/2775
f 1376/1376/1376 1375/1375/1375 1370/1370/1370
f 2767/2767/2767 3543/3543/3543 3556/3556/3556
f 2195/2195/2195 3554/3554/3554 3543/3543/3543
f 2775/2775/2775 3544/3544/3544 3542/3542/3542
f 3377/3377/3377 3282/3282/3282 3545/3545/3545
f 3804/3804/3804 3802/3802/3802 3539/3539/3539
f 2776/2776/2776 3542/3542/3542 3538/3538/3538
f 2240/2240/2240 3572/3572/3572 3535/3535/3535
f 2920/2920/2920 3535/3535/3535 3669/3669/3669
f 3548/3548/3548 3534/3534/3534 2786/2786/2786
f 1805/1805/1805 1850/1850/1850 1851/1851/1851
f 3534/3534/3534 3532/3532/3532 2787/2787/2787
f 2951/2951/2951 2773/2773/2773 3540/3540/3540
f 2772/2772/2772 2951/2951/2951 3531/3531/3531
f 2973/2973/2973 2224/2224/2224 3530/3530/3530
f 2224/2224/2224 2223/2223/2223 3537/3537/3537
f 1957/1957/1957 1953/1953/1953 320/320/320
f 306/306/306 305/305/305 304/304/304
f 2770/2770/2770 3576/3576/3576 3528/3528/3528
f 2913/2913/2913 3528/3528/3528 3574/3574/3574
f 2923/2923/2923 3565/3565/3565 3527/3527/3527
f 308/308/308 1940/1940/1940 431/431/431
f 207/207/207 208/208/208 132/132/132
f 1879/1879/1879 1876/1876/1876 1881/1881/1881
f 3733/3733/3733 3787/3787/3787 3525/3525/3525
f 2475/2475/2475 3070/3070/3070 3558/3558/3558
f 2476/2476/2476 2475/2475/2475 3524/3524/3524
f 2223/2223/2223 2476/2476/2476 3523/3523/3523
f 3522/3522/3522 3549/3549/3549 2803/2803/2803
f 2037/2037/2037 3563/3563/3563 11/11/11
f 1959/1959/1959 1958/1958/1958 450/450/450
f 2003/2003/2003 3555/3555/3555 3520/3520/3520
f 9/9/9 10/10/10 334/334/334
f 2009/2009/2009 2008/2008/2008 3518/3518/3518
f 2008/2008/2008 2973/2973/2973 3536/3536/3536
f 3877/3877/3877 672/672/672 673/673/673
f 3515/3515/3515 3550/3550/3550 2778/2778/2778
f 2935/2935/2935 3514/3514/3514 3513/3513/3513
f 111/111/111 1149/1149/1149 3570/3570/3570
f 3510/3510/3510 3514/3514/3514 2935/2935/2935
f 683/683/683 3876/3876/3876 3885/3885/3885
f 3508/3508/3508 3557/3557/3557 2810/2810/2810
f 736/736/736 733/733/733 732/732/732
f 1795/1795/1795 1804/1804/1804 1803/1803/1803
f 3505/3505/3505 3510/3510/3510 2938/2938/2938
f 3507/3507/3507 3505/3505/3505 2939/2939/2939
f 2950/2950/2950 3512/3512/3512 3504/3504/3504
f 2940/2940/2940 2949/2949/2949 3504/3504/3504
f 3801/3801/3801 3791/3791/3791 3512/3512/3512
f 2868/2868/2868 3509/3509/3509 3502/3502/3502
f 2869/2869/2869 3502/3502/3502 3522/3522/3522
f 1024/1024/1024 1034/1034/1034 1023/1023/1023
f 3500/3500/3500 3503/3503/3503 2948/2948/2948
f 551/551/551 1939/1939/1939 442/442/442
f 2972/2972/2972 3499/3499/3499 3568/3568/3568
f 2032/2032/2032 3533/3533/3533 3499/3499/3499
f 216/216/216 93/93/93 1924/1924/1924
f 203/203/203 202/202/202 201/201/201
f 1828/1828/1828 1848/1848/1848 1847/1847/1847
f 1958/1958/1958 1957/1957/1957 449/449/449
f 272/272/272 271/271/271 178/178/178
f 2871/2871/2871 3545/3545/3545 3495/3495/3495
f 3619/3619/3619 3669/3669/3669 3564/3564/3564
f 2801/2801/2801 2768/2768/2768 3643/3643/3643
f 2005/2005/2005 3758/3758/3758 3654/3654/3654
f 960/960/960 886/886/886 899/899/899
f 3657/3657/3657 3655/3655/3655 3612/3612/3612
f 3780/3780/3780 3788/3788/3788 3646/3646/3646
f 3151/3151/3151 3646/3646/3646 3593/3593/3593
f 2193/2193/2193 3604/3604/3604 3623/3623/3623
f 3607/3607/3607 3603/3603/3603 3145/3145/3145
f 3603/3603/3603 3649/3649/3649 2761/2761/2761
f 3592/3592/3592 3607/3607/3607 3144/3144/3144
f 2926/2926/2926 3658/3658/3658 3634/3634/3634
f 3634/3634/3634 3592/3592/3592 3104/3104/3104
f 3755/3755/3755 3754/3754/3754 3746/3746/3746
f 566/566/566 567/567/567 3758/3758/3758
f 3488/3488/3488 3656/3656/3656 1864/1864/1864
f 1602/1602/1602 1586/1586/1586 2079/2079/2079
f 2868/2868/2868 3658/3658/3658 3611/3611/3611
f 2922/2922/2922 3611/3611/3611 3610/3610/3610
f 2923/2923/2923 3610/3610/3610 3618/3618/3618
f 3670/3670/3670 3613/3613/3613 2918/2918/2918
f 3619/3619/3619 3670/3670/3670 3614/3614/3614
f 2921/2921/2921 3618/3618/3618 3670/3670/3670
f 2920/2920/2920 3614/3614/3614 3586/3586/3586
f 3613/3613/3613 3642/3642/3642 2915/2915/2915
f 2917/2917/2917 2766/2766/2766 3622/3622/3622
f 2916/2916/2916 2917/2917/2917 3641/3641/3641
f 2239/2239/2239 3587/3587/3587 3652/3652/3652
f 2911/2911/2911 3640/3640/3640 3652/3652/3652
f 3643/3643/3643 3640/3640/3640 2911/2911/2911
f 2797/2797/2797 2801/2801/2801 3662/3662/3662
f 2797/2797/2797 3591/3591/3591 3598/3598/3598
f 3622/3622/3622 3628/3628/3628 2763/2763/2763
f 3608/3608/3608 3628/3628/3628 2764/2764/2764
f 2194/2194/2194 3623/3623/3623 3648/3648/3648
f 2221/2221/2221 3648/3648/3648 3649/3649/3649
f 2756/2756/2756 3608/3608/3608 3609/3609/3609
f 2750/2750/2750 3598/3598/3598 3609/3609/3609
f 3669/3669/3669 3535/3535/3535 1817/1817/1817
f 3763/3763/3763 3770/3770/3770 1691/1691/1691
f 2515/2515/2515 3621/3621/3621 3590/3590/3590
f 2548/2548/2548 3590/3590/3590 3593/3593/3593
f 2513/2513/2513 2489/2489/2489 3632/3632/3632
f 2513/2513/2513 3616/3616/3616 3621/3621/3621
f 2509/2509/2509 3633/3633/3633 3620/3620/3620
f 2510/2510/2510 3632/3632/3632 3633/3633/3633
f 2289/2289/2289 3620/3620/3620 3639/3639/3639
f 2283/2283/2283 3639/3639/3639 3617/3617/3617
f 2240/2240/2240 3586/3586/3586 3587/3587/3587
f 3659/3659/3659 3657/3657/3657 3624/3624/3624
f 716/716/716 2121/2121/2121 3887/3887/3887
f 727/727/727 1999/1999/1999 3761/3761/3761
f 2165/2165/2165 2171/2171/2171 2170/2170/2170
f 3660/3660/3660 3659/3659/3659 3626/3626/3626
f 3743/3743/3743 3581/3581/3581 3578/3578/3578
f 2175/2175/2175 2172/2172/2172 769/769/769
f 2100/2100/2100 500/500/500 2095/2095/2095
f 3758/3758/3758 567/567/567 3757/3757/3757
f 640/640/640 3560/3560/3560 3568/3568/3568
f 1653/1653/1653 3576/3576/3576 3553/3553/3553
f 1895/1895/1895 3536/3536/3536 3530/3530/3530
f 746/746/746 3530/3530/3530 3537/3537/3537
f 1653/1653/1653 1810/1810/1810 3528/3528/3528
f 3762/3762/3762 1603/1603/1603 1604/1604/1604
f 2093/2093/2093 2075/2075/2075 2073/2073/2073
f 959/959/959 996/996/996 995/995/995
f 962/962/962 899/899/899 919/919/919
f 1400/1400/1400 1401/1401/1401 1398/1398/1398
f 1000/1000/1000 817/817/817 1127/1127/1127
f 956/956/956 959/959/959 884/884/884
f 1662/1662/1662 3548/3548/3548 3550/3550/3550
f 2034/2034/2034 3558/3558/3558 3546/3546/3546
f 3926/3926/3926 1689/1689/1689 3539/3539/3539
f 3535/3535/3535 3572/3572/3572 766/766/766
f 3572/3572/3572 3574/3574/3574 765/765/765
f 334/334/334 3570/3570/3570 3571/3571/3571
f 1868/1868/1868 3531/3531/3531 3540/3540/3540
f 1684/1684/1684 1651/1651/1651 1652/1652/1652
f 1682/1682/1682 1683/1683/1683 775/775/775
f 1585/1585/1585 1603/1603/1603 3762/3762/3762
f 3763/3763/3763 3762/3762/3762 1672/1672/1672
f 2173/2173/2173 2174/2174/2174 490/490/490
f 1658/1658/1658 3544/3544/3544 3547/3547/3547
f 3556/3556/3556 3543/3543/3543 1650/1650/1650
f 1571/1571/1571 3754/3754/3754 2010/2010/2010
f 1587/1587/1587 3664/3664/3664 3671/3671/3671
f 2099/2099/2099 2095/2095/2095 2077/2077/2077
f 787/787/787 3761/3761/3761 1999/1999/1999
f 2000/2000/2000 3694/3694/3694 786/786/786
f 3155/3155/3155 339/339/339 3697/3697/3697
f 3713/3713/3713 3155/3155/3155 3683/3683/3683
f 2180/2180/2180 2179/2179/2179 3685/3685/3685
f 3496/3496/3496 2180/2180/2180 3684/3684/3684
f 1684/1684/1684 3846/3846/3846 3840/3840/3840
f 1760/1760/1760 464/464/464 3495/3495/3495
f 2607/2607/2607 3689/3689/3689 3693/3693/3693
f 2581/2581/2581 3676/3676/3676 3689/3689/3689
f 2371/2371/2371 2502/2502/2502 3700/3700/3700
f 2371/2371/2371 3695/3695/3695 3693/3693/3693
f 2587/2587/2587 3676/3676/3676 3675/3675/3675
f 2586/2586/2586 3675/3675/3675 3697/3697/3697
f 2497/2497/2497 3691/3691/3691 3687/3687/3687
f 2502/2502/2502 2503/2503/2503 3687/3687/3687
f 2494/2494/2494 3691/3691/3691 3690/3690/3690
f 3690/3690/3690 3688/3688/3688 2472/2472/2472
f 3688/3688/3688 3701/3701/3701 2468/2468/2468
f 3701/3701/3701 3703/3703/3703 2469/2469/2469
f 726/726/726 3908/3908/3908 3892/3892/3892
f 581/581/581 3567/3567/3567 3518/3518/3518
f 10/10/10 3511/3511/3511 3570/3570/3570
f 1837/1837/1837 3514/3514/3514 3510/3510/3510
f 741/741/741 3537/3537/3537 3523/3523/3523
f 1299/1299/1299 3524/3524/3524 3558/3558/3558
f 1851/1851/1851 3507/3507/3507 3504/3504/3504
f 3527/3527/3527 3565/3565/3565 1820/1820/1820
f 580/580/580 3518/3518/3518 3536/3536/3536
f 1758/1758/1758 1685/1685/1685 3522/3522/3522
f 1693/1693/1693 3557/3557/3557 3508/3508/3508
f 3504/3504/3504 3512/3512/3512 1867/1867/1867
f 1894/1894/1894 1826/1826/1826 3568/3568/3568
f 2126/2126/2126 1418/1418/1418 3813/3813/3813
f 3906/3906/3906 2126/2126/2126 3841/3841/3841
f 2113/2113/2113 3911/3911/3911 3867/3867/3867
f 2179/2179/2179 3713/3713/3713 3789/3789/3789
f 624/624/624 3903/3903/3903 3904/3904/3904
f 2192/2192/2192 3604/3604/3604 3788/3788/3788
f 2177/2177/2177 3541/3541/3541 3787/3787/3787
f 1364/1364/1364 3824/3824/3824 3833/3833/3833
f 3858/3858/3858 3855/3855/3855 1470/1470/1470
f 3135/3135/3135 1753/1753/1753 3775/3775/3775
f 2069/2069/2069 3812/3812/3812 3835/3835/3835
f 1351/1351/1351 3861/3861/3861 3853/3853/3853
f 2108/2108/2108 3882/3882/3882 3901/3901/3901
f 2089/2089/2089 2092/2092/2092 3736/3736/3736
f 3828/3828/3828 3834/3834/3834 1358/1358/1358
f 2001/2001/2001 3749/3749/3749 3783/3783/3783
f 2187/2187/2187 3783/3783/3783 3719/3719/3719
f 2130/2130/2130 3756/3756/3756 3752/3752/3752
f 2004/2004/2004 3752/3752/3752 3749/3749/3749
f 2014/2014/2014 3724/3724/3724 3779/3779/3779
f 2201/2201/2201 3779/3779/3779 3756/3756/3756
f 3167/3167/3167 3720/3720/3720 3759/3759/3759
f 3168/3168/3168 3724/3724/3724 3720/3720/3720
f 3159/3159/3159 3709/3709/3709 3764/3764/3764
f 3160/3160/3160 3764/3764/3764 3765/3765/3765
f 3730/3730/3730 3707/3707/3707 3158/3158/3158
f 3158/3158/3158 3707/3707/3707 3709/3709/3709
f 2200/2200/2200 3069/3069/3069 3730/3730/3730
f 3685/3685/3685 3789/3789/3789 3742/3742/3742
f 3722/3722/3722 3774/3774/3774 2197/2197/2197
f 3790/3790/3790 3736/3736/3736 2092/2092/2092
f 3774/3774/3774 3790/3790/3790 3721/3721/3721
f 3154/3154/3154 3706/3706/3706 3790/3790/3790
f 3155/3155/3155 3713/3713/3713 3706/3706/3706
f 2091/2091/2091 3719/3719/3719 3721/3721/3721
f 2196/2196/2196 3148/3148/3148 3750/3750/3750
f 2193/2193/2193 2196/2196/2196 3776/3776/3776
f 3604/3604/3604 2193/2193/2193 3781/3781/3781
f 2086/2086/2086 2192/2192/2192 3780/3780/3780
f 2087/2087/2087 2086/2086/2086 3778/3778/3778
f 2204/2204/2204 3742/3742/3742 3751/3751/3751
f 2205/2205/2205 3751/3751/3751 3750/3750/3750
f 3909/3909/3909 3886/3886/3886 574/574/574
f 2124/2124/2124 2087/2087/2087 3777/3777/3777
f 2208/2208/2208 2124/2124/2124 3760/3760/3760
f 3711/3711/3711 3785/3785/3785 3140/3140/3140
f 3785/3785/3785 3745/3745/3745 3138/3138/3138
f 3745/3745/3745 3744/3744/3744 3139/3139/3139
f 3771/3771/3771 3712/3712/3712 3136/3136/3136
f 3712/3712/3712 3711/3711/3711 3137/3137/3137
f 3775/3775/3775 3767/3767/3767 3131/3131/3131
f 3767/3767/3767 3782/3782/3782 3132/3132/3132
f 1813/1813/1813 3839/3839/3839 3838/3838/3838
f 1293/1293/1293 3854/3854/3854 3856/3856/3856
f 2184/2184/2184 2321/2321/2321 3748/3748/3748
f 2181/2181/2181 2184/2184/2184 3732/3732/3732
f 3765/3765/3765 3768/3768/3768 3079/3079/3079
f 3768/3768/3768 3734/3734/3734 3080/3080/3080
f 709/709/709 3873/3873/3873 3875/3875/3875
f 2774/2774/2774 2961/2961/2961 3737/3737/3737
f 3786/3786/3786 3769/3769/3769 2134/2134/2134
f 3809/3809/3809 3808/3808/3808 766/766/766
f 2968/2968/2968 3784/3784/3784 3766/3766/3766
f 2969/2969/2969 3759/3759/3759 3784/3784/3784
f 2958/2958/2958 3747/3747/3747 3737/3737/3737
f 2132/2132/2132 3747/3747/3747 3766/3766/3766
f 2321/2321/2321 2185/2185/2185 3771/3771/3771
f 3860/3860/3860 3848/3848/3848 1449/1449/1449
f 3905/3905/3905 3874/3874/3874 582/582/582
f 3886/3886/3886 3889/3889/3889 577/577/577
f 3847/3847/3847 3826/3826/3826 1818/1818/1818
f 705/705/705 3902/3902/3902 3887/3887/3887
f 3816/3816/3816 3912/3912/3912 3907/3907/3907
f 2111/2111/2111 3883/3883/3883 3911/3911/3911
f 3810/3810/3810 3829/3829/3829 1366/1366/1366
f 1812/1812/1812 3839/3839/3839 3822/3822/3822
f 675/675/675 3851/3851/3851 3852/3852/3852
f 3496/3496/3496 3705/3705/3705 3851/3851/3851
f 2110/2110/2110 3867/3867/3867 3868/3868/3868
f 2104/2104/2104 3896/3896/3896 3901/3901/3901
f 2109/2109/2109 3868/3868/3868 3899/3899/3899
f 3842/3842/3842 3831/3831/3831 703/703/703
f 1680/1680/1680 3811/3811/3811 3846/3846/3846
f 1639/1639/1639 1627/1627/1627 3819/3819/3819
f 623/623/623 3904/3904/3904 3906/3906/3906
f 2139/2139/2139 2140/2140/2140 3866/3866/3866
f 1808/1808/1808 1640/1640/1640 3844/3844/3844
f 3820/3820/3820 3821/3821/3821 1819/1819/1819
f 3872/3872/3872 3914/3914/3914 3900/3900/3900
f 1646/1646/1646 3832/3832/3832 3830/3830/3830
f 3889/3889/3889 3890/3890/3890 633/633/633
f 2139/2139/2139 3865/3865/3865 3875/3875/3875
f 2156/2156/2156 2155/2155/2155 3871/3871/3871
f 674/674/674 3852/3852/3852 3913/3913/3913
f 2117/2117/2117 3817/3817/3817 3812/3812/3812
f 1815/1815/1815 3822/3822/3822 3847/3847/3847
f 3855/3855/3855 3849/3849/3849 1444/1444/1444
f 697/697/697 3906/3906/3906 3912/3912/3912
f 866/866/866 842/842/842 3836/3836/3836
f 3864/3864/3864 3869/3869/3869 2136/2136/2136
f 3585/3585/3585 3731/3731/3731 3726/3726/3726
f 3583/3583/3583 3740/3740/3740 3731/3731/3731
f 3753/3753/3753 3746/3746/3746 3738/3738/3738
f 3740/3740/3740 3583/3583/3583 3581/3581/3581
f 1088/1088/1088 3738/3738/3738 3746/3746/3746
f 3739/3739/3739 3740/3740/3740 3743/3743/3743
f 2791/2791/2791 3492/3492/3492 3493/3493/3493
f 3492/3492/3492 2808/2808/2808 2807/2807/2807
f 2792/2792/2792 3493/3493/3493 3494/3494/3494
f 3493/3493/3493 2807/2807/2807 2806/2806/2806
f 3508/3508/3508 2909/2909/2909 3494/3494/3494
f 3516/3516/3516 3494/3494/3494 2806/2806/2806
f 2948/2948/2948 3503/3503/3503 3791/3791/3791
f 2105/2105/2105 3908/3908/3908 3896/3896/3896
f 3538/3538/3538 3802/3802/3802 3804/3804/3804
f 680/680/680 3878/3878/3878 3876/3876/3876
f 1891/1891/1891 1890/1890/1890 3910/3910/3910
f 2905/2905/2905 3799/3799/3799 3801/3801/3801
f 2900/2900/2900 3797/3797/3797 3799/3799/3799
f 2901/2901/2901 3797/3797/3797 3807/3807/3807
f 2734/2734/2734 2878/2878/2878 3806/3806/3806
f 2877/2877/2877 3807/3807/3807 3806/3806/3806
f 2820/2820/2820 3800/3800/3800 3794/3794/3794
f 2818/2818/2818 3796/3796/3796 3792/3792/3792
f 2823/2823/2823 3793/3793/3793 3792/3792/3792
f 2822/2822/2822 3793/3793/3793 3798/3798/3798
f 2819/2819/2819 2735/2735/2735 3800/3800/3800
f 2817/2817/2817 3796/3796/3796 3795/3795/3795
f 2809/2809/2809 3805/3805/3805 3795/3795/3795
f 2808/2808/2808 3805/3805/3805 3803/3803/3803
f 2805/2805/2805 3804/3804/3804 3803/3803/3803
f 1702/1702/1702 3921/3921/3921 3923/3923/3923
f 3922/3922/3922 3920/3920/3920 1797/1797/1797
f 3915/3915/3915 3916/3916/3916 1706/1706/1706
f 3918/3918/3918 3927/3927/3927 1692/1692/1692
f 1657/1657/1657 3898/3898/3898 3880/3880/3880
f 1890/1890/1890 1877/1877/1877 3895/3895/3895
f 3772/3772/3772 3770/3770/3770 1674/1674/1674
f 1689/1689/1689 1690/1690/1690 3772/3772/3772
f 3926/3926/3926 3802/3802/3802 3538/3538/3538
f 3516/3516/3516 3539/3539/3539 1689/1689/1689
f 3917/3917/3917 3923/3923/3923 1703/1703/1703
f 1598/1598/1598 3917/3917/3917 3928/3928/3928
f 3880/3880/3880 3884/3884/3884 1876/1876/1876
f 1691/1691/1691 1690/1690/1690 3925/3925/3925
f 3925/3925/3925 3926/3926/3926 1688/1688/1688
f 3934/3934/3934 3933/3933/3933 3937/3937/3937
f 3934/3934/3934 3938/3938/3938 3939/3939/3939
f 3932/3932/3932 3936/3936/3936 3937/3937/3937
f 3938/3938/3938 3942/3942/3942 3943/3943/3943
f 3937/3937/3937 3936/3936/3936 3940/3940/3940
f 3937/3937/3937 3941/3941/3941 3942/3942/3942
f 3942/3942/3942 3946/3946/3946 3947/3947/3947
f 3941/3941/3941 3940/3940/3940 3944/3944/3944
f 3942/3942/3942 3941/3941/3941 3945/3945/3945
f 3947/3947/3947 3946/3946/3946 3950/3950/3950
f 3944/3944/3944 3948/3948/3948 3949/3949/3949
f 3945/3945/3945 3949/3949/3949 3950/3950/3950
f 3950/3950/3950 3954/3954/3954 3955/3955/3955
f 3949/3949/3949 3948/3948/3948 3952/3952/3952
f 3950/3950/3950 3949/3949/3949 3953/3953/3953
f 3955/3955/3955 3954/3954/3954 3958/3958/3958
f 3953/3953/3953 3952/3952/3952 3956/3956/3956
f 3953/3953/3953 3957/3957/3957 3958/3958/3958
f 3959/3959/3959 3958/3958/3958 3962/3962/3962
f 3957/3957/3957 3956/3956/3956 3960/3960/3960
f 3958/3958/3958 3957/3957/3957 3961/3961/3961
f 3962/3962/3962 3966/3966/3966 3967/3967/3967
f 3960/3960/3960 3964/3964/3964 3965/3965/3965
f 3961/3961/3961 3965/3965/3965 3966/3966/3966
f 3966/3966/3966 3970/3970/3970 3971/3971/3971
f 3965/3965/3965 3964/3964/3964 3968/3968/3968
f 3966/3966/3966 3965/3965/3965 3969/3969/3969
f 3970/3970/3970 3974/3974/3974 3975/3975/3975
f 3968/3968/3968 3972/3972/3972 3973/3973/3973
f 3969/3969/3969 3973/3973/3973 3974/3974/3974
f 3974/3974/3974 3978/3978/3978 3979/3979/3979
f 3973/3973/3973 3972/3972/3972 3976/3976/3976
f 3974/3974/3974 3973/3973/3973 3977/3977/3977
f 3979/3979/3979 3978/3978/3978 3982/3982/3982
f 3976/3976/3976 3980/3980/3980 3981/3981/3981
f 3977/3977/3977 3981/3981/3981 3982/3982/3982
f 3982/3982/3982 3986/3986/3986 3987/3987/3987
f 3981/3981/3981 3980/3980/3980 3984/3984/3984
f 3982/3982/3982 3981/3981/3981 3985/3985/3985
f 3987/3987/3987 3986/3986/3986 3990/3990/3990
f 3984/3984/3984 3988/3988/3988 3989/3989/3989
f 3985/3985/3985 3989/3989/3989 3990/3990/3990
f 3991/3991/3991 3990/3990/3990 3994/3994/3994
f 3989/3989/3989 3988/3988/3988 3992/3992/3992
f 3990/3990/3990 3989/3989/3989 3993/3993/3993
f 3995/3995/3995 3994/3994/3994 3998/3998/3998
f 3992/3992/3992 3996/3996/3996 3997/3997/3997
f 3993/3993/3993 3997/3997/3997 3998/3998/3998
f 3998/3998/3998 4002/4002/4002 4003/4003/4003
f 3997/3997/3997 3996/3996/3996 4000/4000/4000
f 3998/3998/3998 3997/3997/3997 4001/4001/4001
f 4002/4002/4002 4006/4006/4006 4007/4007/4007
f 4000/4000/4000 4004/4004/4004 4005/4005/4005
f 4001/4001/4001 4005/4005/4005 4006/4006/4006
f 4006/4006/4006 4010/4010/4010 4011/4011/4011
f 4005/4005/4005 4004/4004/4004 4008/4008/4008
f 4006/4006/4006 4005/4005/4005 4009/4009/4009
f 4011/4011/4011 4010/4010/4010 4014/4014/4014
f 4008/4008/4008 4012/4012/4012 4013/4013/4013
f 4009/4009/4009 4013/4013/4013 4014/4014/4014
f 4014/4014/4014 4018/4018/4018 4019/4019/4019
f 4013/4013/4013 4012/4012/4012 4016/4016/4016
f 4014/4014/4014 4013/4013/4013 4017/4017/4017
f 4019/4019/4019 4018/4018/4018 4022/4022/4022
f 4016/4016/4016 4020/4020/4020 4021/4021/4021
f 4017/4017/4017 4021/4021/4021 4022/4022/4022
f 4023/4023/4023 4022/4022/4022 4026/4026/4026
f 4021/4021/4021 4020/4020/4020 4024/4024/4024
f 4022/4022/4022 4021/4021/4021 4025/4025/4025
f 4027/4027/4027 4026/4026/4026 4030/4030/4030
f 4024/4024/4024 4028/4028/4028 4029/4029/4029
f 4025/4025/4025 4029/4029/4029 4030/4030/4030
f 4031/4031/4031 4030/4030/4030 4034/4034/4034
f 4029/4029/4029 4028/4028/4028 4032/4032/4032
f 4030/4030/4030 4029/4029/4029 4033/4033/4033
f 4034/4034/4034 4038/4038/4038 4039/4039/4039
f 4032/4032/4032 4036/4036/4036 4037/4037/4037
f 4033/4033/4033 4037/4037/4037 4038/4038/4038
f 4038/4038/4038 4042/4042/4042 4043/4043/4043
f 4037/4037/4037 4036/4036/4036 4040/4040/4040
f 4038/4038/4038 4037/4037/4037 4041/4041/4041
f 4043/4043/4043 4042/4042/4042 4046/4046/4046
f 4040/4040/4040 4044/4044/4044 4045/4045/4045
f 4041/4041/4041 4045/4045/4045 4046/4046/4046
f 4046/4046/4046 4050/4050/4050 4051/4051/4051
f 4045/4045/4045 4044/4044/4044 4048/4048/4048
f 4046/4046/4046 4045/4045/4045 4049/4049/4049
f 4051/4051/4051 4050/4050/4050 4055/4055/4055
f 4048/4048/4048 4053/4053/4053 4054/4054/4054
f 4049/4049/4049 4054/4054/4054 4055/4055/4055
f 4056/4056/4056 4055/4055/4055 4059/4059/4059
f 4053/4053/4053 4057/4057/4057 4058/4058/4058
f 4055/4055/4055 4054/4054/4054 4058/4058/4058
f 4060/4060/4060 4059/4059/4059 3934/3934/3934
f 4058/4058/4058 4057/4057/4057 3932/3932/3932
f 4058/4058/4058 3933/3933/3933 3934/3934/3934
f 4069/4069/4069 4068/4068/4068 4081/4081/4081
f 4066/4066/4066 4079/4079/4079 4080/4080/4080
f 4065/4065/4065 4064/4064/4064 4077/4077/4077
f 4063/4063/4063 4062/4062/4062 4075/4075/4075
f 4071/4071/4071 4084/4084/4084 4085/4085/4085
f 4069/4069/4069 4082/4082/4082 4083/4083/4083
f 4067/4067/4067 4080/4080/4080 4081/4081/4081
f 4066/4066/4066 4065/4065/4065 4078/4078/4078
f 4063/4063/4063 4076/4076/4076 4077/4077/4077
f 4061/4061/4061 4074/4074/4074 4075/4075/4075
f 4072/4072/4072 4085/4085/4085 4086/4086/4086
f 4071/4071/4071 4070/4070/4070 4083/4083/4083
f 4076/4076/4076 4089/4089/4089 4090/4090/4090
f 4074/4074/4074 4087/4087/4087 4088/4088/4088
f 4086/4086/4086 4085/4085/4085 4098/4098/4098
f 4083/4083/4083 4096/4096/4096 4097/4097/4097
f 4082/4082/4082 4081/4081/4081 4094/4094/4094
f 4079/4079/4079 4092/4092/4092 4093/4093/4093
f 4078/4078/4078 4077/4077/4077 4090/4090/4090
f 4076/4076/4076 4075/4075/4075 4088/4088/4088
f 4085/4085/4085 4084/4084/4084 4097/4097/4097
f 4082/4082/4082 4095/4095/4095 4096/4096/4096
f 4080/4080/4080 4093/4093/4093 4094/4094/4094
f 4079/4079/4079 4078/4078/4078 4091/4091/4091
f 4089/4089/4089 4102/4102/4102 4103/4103/4103
f 4088/4088/4088 4087/4087/4087 4100/4100/4100
f 4098/4098/4098 4111/4111/4111 4112/4112/4112
f 4096/4096/4096 4109/4109/4109 4110/4110/4110
f 4095/4095/4095 4094/4094/4094 4107/4107/4107
f 4092/4092/4092 4105/4105/4105 4106/4106/4106
f 4090/4090/4090 4103/4103/4103 4104/4104/4104
f 4089/4089/4089 4088/4088/4088 4101/4101/4101
f 4097/4097/4097 4110/4110/4110 4111/4111/4111
f 4095/4095/4095 4108/4108/4108 4109/4109/4109
f 4094/4094/4094 4093/4093/4093 4106/4106/4106
f 4092/4092/4092 4091/4091/4091 4104/4104/4104
f 4103/4103/4103 4102/4102/4102 4115/4115/4115
f 4100/4100/4100 4113/4113/4113 4114/4114/4114
f 4112/4112/4112 4111/4111/4111 4124/4124/4124
f 4110/4110/4110 4109/4109/4109 4122/4122/4122
f 4107/4107/4107 4120/4120/4120 4121/4121/4121
f 4105/4105/4105 4118/4118/4118 4119/4119/4119
f 4103/4103/4103 4116/4116/4116 4117/4117/4117
f 4101/4101/4101 4114/4114/4114 4115/4115/4115
f 4110/4110/4110 4123/4123/4123 4124/4124/4124
f 4109/4109/4109 4108/4108/4108 4121/4121/4121
f 4107/4107/4107 4106/4106/4106 4119/4119/4119
f 4105/4105/4105 4104/4104/4104 4117/4117/4117
f 4115/4115/4115 4128/4128/4128 4129/4129/4129
f 4114/4114/4114 4113/4113/4113 4126/4126/4126
f 4124/4124/4124 4137/4137/4137 4138/4138/4138
f 4123/4123/4123 4122/4122/4122 4135/4135/4135
f 4120/4120/4120 4133/4133/4133 4134/4134/4134
f 4119/4119/4119 4118/4118/4118 4131/4131/4131
f 4117/4117/4117 4116/4116/4116 4129/4129/4129
f 4114/4114/4114 4127/4127/4127 4128/4128/4128
f 4124/4124/4124 4123/4123/4123 4136/4136/4136
f 4122/4122/4122 4121/4121/4121 4134/4134/4134
f 4119/4119/4119 4132/4132/4132 4133/4133/4133
f 4117/4117/4117 4130/4130/4130 4131/4131/4131
f 4129/4129/4129 4128/4128/4128 4141/4141/4141
f 4126/4126/4126 4139/4139/4139 4140/4140/4140
f 4138/4138/4138 4137/4137/4137 4150/4150/4150
f 4136/4136/4136 4135/4135/4135 4148/4148/4148
f 4133/4133/4133 4146/4146/4146 4147/4147/4147
f 4131/4131/4131 4144/4144/4144 4145/4145/4145
f 4130/4130/4130 4129/4129/4129 4142/4142/4142
f 4127/4127/4127 4140/4140/4140 4141/4141/4141
f 4137/4137/4137 4136/4136/4136 4149/4149/4149
f 4135/4135/4135 4134/4134/4134 4147/4147/4147
f 4132/4132/4132 4145/4145/4145 4146/4146/4146
f 4131/4131/4131 4130/4130/4130 4143/4143/4143
f 4142/4142/4142 4141/4141/4141 4154/4154/4154
f 4140/4140/4140 4139/4139/4139 4152/4152/4152
f 4150/4150/4150 4163/4163/4163 4164/4164/4164
f 4149/4149/4149 4148/4148/4148 4161/4161/4161
f 4146/4146/4146 4159/4159/4159 4160/4160/4160
f 4144/4144/4144 4157/4157/4157 4158/4158/4158
f 4142/4142/4142 4155/4155/4155 4156/4156/4156
f 4140/4140/4140 4153/4153/4153 4154/4154/4154
f 4149/4149/4149 4162/4162/4162 4163/4163/4163
f 4148/4148/4148 4147/4147/4147 4160/4160/4160
f 4146/4146/4146 4145/4145/4145 4158/4158/4158
f 4144/4144/4144 4143/4143/4143 4156/4156/4156
f 4155/4155/4155 4154/4154/4154 4167/4167/4167
f 4153/4153/4153 4152/4152/4152 4165/4165/4165
f 4163/4163/4163 4176/4176/4176 4177/4177/4177
f 4161/4161/4161 4174/4174/4174 4175/4175/4175
f 4159/4159/4159 4172/4172/4172 4173/4173/4173
f 4158/4158/4158 4157/4157/4157 4170/4170/4170
f 4155/4155/4155 4168/4168/4168 4169/4169/4169
f 4153/4153/4153 4166/4166/4166 4167/4167/4167
f 4163/4163/4163 4162/4162/4162 4175/4175/4175
f 4161/4161/4161 4160/4160/4160 4173/4173/4173
f 4159/4159/4159 4158/4158/4158 4171/4171/4171
f 4156/4156/4156 4169/4169/4169 4170/4170/4170
f 4167/4167/4167 4180/4180/4180 4181/4181/4181
f 4165/4165/4165 4178/4178/4178 4179/4179/4179
f 4176/4176/4176 4189/4189/4189 4190/4190/4190
f 4175/4175/4175 4174/4174/4174 4187/4187/4187
f 4173/4173/4173 4172/4172/4172 4185/4185/4185
f 4170/4170/4170 4183/4183/4183 4184/4184/4184
f 4169/4169/4169 4168/4168/4168 4181/4181/4181
f 4167/4167/4167 4166/4166/4166 4179/4179/4179
f 4175/4175/4175 4188/4188/4188 4189/4189/4189
f 4173/4173/4173 4186/4186/4186 4187/4187/4187
f 4171/4171/4171 4184/4184/4184 4185/4185/4185
f 4170/4170/4170 4169/4169/4169 4182/4182/4182
f 4180/4180/4180 4193/4193/4193 4194/4194/4194
f 4178/4178/4178 4191/4191/4191 4192/4192/4192
f 4190/4190/4190 4189/4189/4189 4202/4202/4202
f 4187/4187/4187 4200/4200/4200 4201/4201/4201
f 4186/4186/4186 4185/4185/4185 4198/4198/4198
f 4183/4183/4183 4196/4196/4196 4197/4197/4197
f 4182/4182/4182 4181/4181/4181 4194/4194/4194
f 4180/4180/4180 4179/4179/4179 4192/4192/4192
f 4189/4189/4189 4188/4188/4188 4201/4201/4201
f 4186/4186/4186 4199/4199/4199 4200/4200/4200
f 4184/4184/4184 4197/4197/4197 4198/4198/4198
f 4183/4183/4183 4182/4182/4182 4195/4195/4195
f 4193/4193/4193 4206/4206/4206 4207/4207/4207
f 4192/4192/4192 4191/4191/4191 4204/4204/4204
f 4202/4202/4202 4215/4215/4215 4216/4216/4216
f 4200/4200/4200 4213/4213/4213 4214/4214/4214
f 4199/4199/4199 4198/4198/4198 4211/4211/4211
f 4196/4196/4196 4209/4209/4209 4210/4210/4210
f 4194/4194/4194 4207/4207/4207 4208/4208/4208
f 4193/4193/4193 4192/4192/4192 4205/4205/4205
f 4201/4201/4201 4214/4214/4214 4215/4215/4215
f 4199/4199/4199 4212/4212/4212 4213/4213/4213
f 4198/4198/4198 4197/4197/4197 4210/4210/4210
f 4196/4196/4196 4195/4195/4195 4208/4208/4208
f 4207/4207/4207 4206/4206/4206 4219/4219/4219
f 4204/4204/4204 4217/4217/4217 4218/4218/4218
f 4216/4216/4216 4215/4215/4215 4228/4228/4228
f 4213/4213/4213 4226/4226/4226 4227/4227/4227
f 4211/4211/4211 4224/4224/4224 4225/4225/4225
f 4209/4209/4209 4222/4222/4222 4223/4223/4223
f 4207/4207/4207 4220/4220/4220 4221/4221/4221
f 4205/4205/4205 4218/4218/4218 4219/4219/4219
f 4214/4214/4214 4227/4227/4227 4228/4228/4228
f 4213/4213/4213 4212/4212/4212 4225/4225/4225
f 4211/4211/4211 4210/4210/4210 4223/4223/4223
f 4209/4209/4209 4208/4208/4208 4221/4221/4221
f 4219/4219/4219 4232/4232/4232 4233/4233/4233
f 4218/4218/4218 4217/4217/4217 4230/4230/4230
f 4228/4228/4228 4241/4241/4241 4242/4242/4242
f 4226/4226/4226 4239/4239/4239 4240/4240/4240
f 4225/4225/4225 4224/4224/4224 4237/4237/4237
f 4223/4223/4223 4222/4222/4222 4235/4235/4235
f 4221/4221/4221 4220/4220/4220 4233/4233/4233
f 4218/4218/4218 4231/4231/4231 4232/4232/4232
f 4228/4228/4228 4227/4227/4227 4240/4240/4240
f 4226/4226/4226 4225/4225/4225 4238/4238/4238
f 4223/4223/4223 4236/4236/4236 4237/4237/4237
f 4221/4221/4221 4234/4234/4234 4235/4235/4235
f 4233/4233/4233 4232/4232/4232 4245/4245/4245
f 4230/4230/4230 4243/4243/4243 4244/4244/4244
f 4242/4242/4242 4241/4241/4241 4254/4254/4254
f 4240/4240/4240 4239/4239/4239 4252/4252/4252
f 4237/4237/4237 4250/4250/4250 4251/4251/4251
f 4235/4235/4235 4248/4248/4248 4249/4249/4249
f 4234/4234/4234 4233/4233/4233 4246/4246/4246
f 4231/4231/4231 4244/4244/4244 4245/4245/4245
f 4241/4241/4241 4240/4240/4240 4253/4253/4253
f 4239/4239/4239 4238/4238/4238 4251/4251/4251
f 4236/4236/4236 4249/4249/4249 4250/4250/4250
f 4235/4235/4235 4234/4234/4234 4247/4247/4247
f 4246/4246/4246 4245/4245/4245 4258/4258/4258
f 4244/4244/4244 4243/4243/4243 4256/4256/4256
f 4254/4254/4254 4267/4267/4267 4268/4268/4268
f 4253/4253/4253 4252/4252/4252 4265/4265/4265
f 4250/4250/4250 4263/4263/4263 4264/4264/4264
f 4248/4248/4248 4261/4261/4261 4262/4262/4262
f 4246/4246/4246 4259/4259/4259 4260/4260/4260
f 4244/4244/4244 4257/4257/4257 4258/4258/4258
f 4253/4253/4253 4266/4266/4266 4267/4267/4267
f 4252/4252/4252 4251/4251/4251 4264/4264/4264
f 4250/4250/4250 4249/4249/4249 4262/4262/4262
f 4248/4248/4248 4247/4247/4247 4260/4260/4260
f 4259/4259/4259 4258/4258/4258 4271/4271/4271
f 4257/4257/4257 4256/4256/4256 4269/4269/4269
f 4267/4267/4267 4280/4280/4280 4281/4281/4281
f 4265/4265/4265 4278/4278/4278 4279/4279/4279
f 4263/4263/4263 4276/4276/4276 4277/4277/4277
f 4262/4262/4262 4261/4261/4261 4274/4274/4274
f 4259/4259/4259 4272/4272/4272 4273/4273/4273
f 4257/4257/4257 4270/4270/4270 4271/4271/4271
f 4266/4266/4266 4279/4279/4279 4280/4280/4280
f 4265/4265/4265 4264/4264/4264 4277/4277/4277
f 4263/4263/4263 4262/4262/4262 4275/4275/4275
f 4260/4260/4260 4273/4273/4273 4274/4274/4274
f 4271/4271/4271 4284/4284/4284 4285/4285/4285
f 4269/4269/4269 4282/4282/4282 4283/4283/4283
f 4281/4281/4281 4280/4280/4280 4293/4293/4293
f 4279/4279/4279 4278/4278/4278 4291/4291/4291
f 4277/4277/4277 4276/4276/4276 4289/4289/4289
f 4274/4274/4274 4287/4287/4287 4288/4288/4288
f 4273/4273/4273 4272/4272/4272 4285/4285/4285
f 4271/4271/4271 4270/4270/4270 4283/4283/4283
f 4280/4280/4280 4279/4279/4279 4292/4292/4292
f 4277/4277/4277 4290/4290/4290 4291/4291/4291
f 4275/4275/4275 4288/4288/4288 4289/4289/4289
f 4274/4274/4274 4273/4273/4273 4286/4286/4286
f 4284/4284/4284 4297/4297/4297 4298/4298/4298
f 4282/4282/4282 4295/4295/4295 4296/4296/4296
f 4294/4294/4294 4293/4293/4293 4306/4306/4306
f 4291/4291/4291 4304/4304/4304 4305/4305/4305
f 4290/4290/4290 4289/4289/4289 4302/4302/4302
f 4287/4287/4287 4300/4300/4300 4301/4301/4301
f 4286/4286/4286 4285/4285/4285 4298/4298/4298
f 4284/4284/4284 4283/4283/4283 4296/4296/4296
f 4293/4293/4293 4292/4292/4292 4305/4305/4305
f 4290/4290/4290 4303/4303/4303 4304/4304/4304
f 4288/4288/4288 4301/4301/4301 4302/4302/4302
f 4287/4287/4287 4286/4286/4286 4299/4299/4299
f 4297/4297/4297 4310/4310/4310 4311/4311/4311
f 4296/4296/4296 4295/4295/4295 4308/4308/4308
f 4306/4306/4306 4319/4319/4319 4320/4320/4320
f 4304/4304/4304 4317/4317/4317 4318/4318/4318
f 4303/4303/4303 4302/4302/4302 4315/4315/4315
f 4300/4300/4300 4313/4313/4313 4314/4314/4314
f 4298/4298/4298 4311/4311/4311 4312/4312/4312
f 4297/4297/4297 4296/4296/4296 4309/4309/4309
f 4305/4305/4305 4318/4318/4318 4319/4319/4319
f 4304/4304/4304 4303/4303/4303 4316/4316/4316
f 4302/4302/4302 4301/4301/4301 4314/4314/4314
f 4300/4300/4300 4299/4299/4299 4312/4312/4312
f 4310/4310/4310 4323/4323/4323 4324/4324/4324
f 4308/4308/4308 4321/4321/4321 4322/4322/4322
f 4320/4320/4320 4319/4319/4319 4332/4332/4332
f 4318/4318/4318 4317/4317/4317 4330/4330/4330
f 4316/4316/4316 4315/4315/4315 4328/4328/4328
f 4313/4313/4313 4326/4326/4326 4327/4327/4327
f 4311/4311/4311 4324/4324/4324 4325/4325/4325
f 4310/4310/4310 4309/4309/4309 4322/4322/4322
f 4318/4318/4318 4331/4331/4331 4332/4332/4332
f 4316/4316/4316 4329/4329/4329 4330/4330/4330
f 4315/4315/4315 4314/4314/4314 4327/4327/4327
f 4312/4312/4312 4325/4325/4325 4326/4326/4326
f 4323/4323/4323 4336/4336/4336 4337/4337/4337
f 4322/4322/4322 4321/4321/4321 4334/4334/4334
f 4332/4332/4332 4345/4345/4345 4346/4346/4346
f 4330/4330/4330 4343/4343/4343 4344/4344/4344
f 4329/4329/4329 4328/4328/4328 4341/4341/4341
f 4327/4327/4327 4326/4326/4326 4339/4339/4339
f 4325/4325/4325 4324/4324/4324 4337/4337/4337
f 4322/4322/4322 4335/4335/4335 4336/4336/4336
f 4332/4332/4332 4331/4331/4331 4344/4344/4344
f 4330/4330/4330 4329/4329/4329 4342/4342/4342
f 4327/4327/4327 4340/4340/4340 4341/4341/4341
f 4325/4325/4325 4338/4338/4338 4339/4339/4339
f 4337/4337/4337 4336/4336/4336 4350/4350/4350
f 4334/4334/4334 4348/4348/4348 4349/4349/4349
f 4346/4346/4346 4345/4345/4345 4359/4359/4359
f 4344/4344/4344 4343/4343/4343 4357/4357/4357
f 4341/4341/4341 4355/4355/4355 4356/4356/4356
f 4340/4340/4340 4339/4339/4339 4353/4353/4353
f 4338/4338/4338 4337/4337/4337 4351/4351/4351
f 4335/4335/4335 4349/4349/4349 4350/4350/4350
f 4345/4345/4345 4344/4344/4344 4358/4358/4358
f 4343/4343/4343 4342/4342/4342 4356/4356/4356
f 4340/4340/4340 4354/4354/4354 4355/4355/4355
f 4338/4338/4338 4352/4352/4352 4353/4353/4353
f 4351/4351/4351 4350/4350/4350 4363/4363/4363
f 4349/4349/4349 4348/4348/4348 4361/4361/4361
f 4359/4359/4359 4372/4372/4372 4373/4373/4373
f 4358/4358/4358 4357/4357/4357 4370/4370/4370
f 4355/4355/4355 4368/4368/4368 4369/4369/4369
f 4354/4354/4354 4353/4353/4353 4366/4366/4366
f 4351/4351/4351 4364/4364/4364 4365/4365/4365
f 4349/4349/4349 4362/4362/4362 4363/4363/4363
f 4358/4358/4358 4371/4371/4371 4372/4372/4372
f 4357/4357/4357 4356/4356/4356 4369/4369/4369
f 4355/4355/4355 4354/4354/4354 4367/4367/4367
f 4352/4352/4352 4365/4365/4365 4366/4366/4366
f 4364/4364/4364 4363/4363/4363 4376/4376/4376
f 4362/4362/4362 4361/4361/4361 4374/4374/4374
f 4373/4373/4373 4372/4372/4372 4385/4385/4385
f 4370/4370/4370 4383/4383/4383 4384/4384/4384
f 4368/4368/4368 4381/4381/4381 4382/4382/4382
f 4367/4367/4367 4366/4366/4366 4379/4379/4379
f 4364/4364/4364 4377/4377/4377 4378/4378/4378
f 4362/4362/4362 4375/4375/4375 4376/4376/4376
f 4372/4372/4372 4371/4371/4371 4384/4384/4384
f 4370/4370/4370 4369/4369/4369 4382/4382/4382
f 4368/4368/4368 4367/4367/4367 4380/4380/4380
f 4365/4365/4365 4378/4378/4378 4379/4379/4379
f 4376/4376/4376 4389/4389/4389 4390/4390/4390
f 4374/4374/4374 4387/4387/4387 4388/4388/4388
f 4385/4385/4385 4398/4398/4398 4399/4399/4399
f 4384/4384/4384 4383/4383/4383 4396/4396/4396
f 4382/4382/4382 4381/4381/4381 4394/4394/4394
f 4379/4379/4379 4392/4392/4392 4393/4393/4393
f 4378/4378/4378 4377/4377/4377 4390/4390/4390
f 4376/4376/4376 4375/4375/4375 4388/4388/4388
f 4384/4384/4384 4397/4397/4397 4398/4398/4398
f 4382/4382/4382 4395/4395/4395 4396/4396/4396
f 4380/4380/4380 4393/4393/4393 4394/4394/4394
f 4379/4379/4379 4378/4378/4378 4391/4391/4391
f 4389/4389/4389 4402/4402/4402 4403/4403/4403
f 4387/4387/4387 4400/4400/4400 4401/4401/4401
f 4399/4399/4399 4398/4398/4398 4411/4411/4411
f 4396/4396/4396 4409/4409/4409 4410/4410/4410
f 4395/4395/4395 4394/4394/4394 4407/4407/4407
f 4393/4393/4393 4392/4392/4392 4405/4405/4405
f 4391/4391/4391 4390/4390/4390 4403/4403/4403
f 4389/4389/4389 4388/4388/4388 4401/4401/4401
f 4398/4398/4398 4397/4397/4397 4410/4410/4410
f 4395/4395/4395 4408/4408/4408 4409/4409/4409
f 4393/4393/4393 4406/4406/4406 4407/4407/4407
f 4391/4391/4391 4404/4404/4404 4405/4405/4405
f 4402/4402/4402 4415/4415/4415 4416/4416/4416
f 4401/4401/4401 4400/4400/4400 4413/4413/4413
f 4411/4411/4411 4424/4424/4424 4425/4425/4425
f 4409/4409/4409 4422/4422/4422 4423/4423/4423
f 4408/4408/4408 4407/4407/4407 4420/4420/4420
f 4406/4406/4406 4405/4405/4405 4418/4418/4418
f 4403/4403/4403 4416/4416/4416 4417/4417/4417
f 4402/4402/4402 4401/4401/4401 4414/4414/4414
f 4410/4410/4410 4423/4423/4423 4424/4424/4424
f 4408/4408/4408 4421/4421/4421 4422/4422/4422
f 4407/4407/4407 4406/4406/4406 4419/4419/4419
f 4404/4404/4404 4417/4417/4417 4418/4418/4418
f 4416/4416/4416 4415/4415/4415 4428/4428/4428
f 4413/4413/4413 4426/4426/4426 4427/4427/4427
f 4425/4425/4425 4424/4424/4424 4437/4437/4437
f 4423/4423/4423 4422/4422/4422 4435/4435/4435
f 4421/4421/4421 4420/4420/4420 4433/4433/4433
f 4418/4418/4418 4431/4431/4431 4432/4432/4432
f 4416/4416/4416 4429/4429/4429 4430/4430/4430
f 4415/4415/4415 4414/4414/4414 4427/4427/4427
f 4423/4423/4423 4436/4436/4436 4437/4437/4437
f 4421/4421/4421 4434/4434/4434 4435/4435/4435
f 4420/4420/4420 4419/4419/4419 4432/4432/4432
f 4418/4418/4418 4417/4417/4417 4430/4430/4430
f 4428/4428/4428 4441/4441/4441 4442/4442/4442
f 4426/4426/4426 4439/4439/4439 4440/4440/4440
f 4437/4437/4437 4450/4450/4450 4451/4451/4451
f 4435/4435/4435 4448/4448/4448 4449/4449/4449
f 4434/4434/4434 4433/4433/4433 4446/4446/4446
f 4432/4432/4432 4431/4431/4431 4444/4444/4444
f 4430/4430/4430 4429/4429/4429 4442/4442/4442
f 4427/4427/4427 4440/4440/4440 4441/4441/4441
f 4437/4437/4437 4436/4436/4436 4449/4449/4449
f 4435/4435/4435 4434/4434/4434 4447/4447/4447
f 4432/4432/4432 4445/4445/4445 4446/4446/4446
f 4430/4430/4430 4443/4443/4443 4444/4444/4444
f 4442/4442/4442 4441/4441/4441 4454/4454/4454
f 4439/4439/4439 4452/4452/4452 4453/4453/4453
f 4451/4451/4451 4450/4450/4450 4463/4463/4463
f 4449/4449/4449 4448/4448/4448 4461/4461/4461
f 4446/4446/4446 4459/4459/4459 4460/4460/4460
f 4444/4444/4444 4457/4457/4457 4458/4458/4458
f 4443/4443/4443 4442/4442/4442 4455/4455/4455
f 4440/4440/4440 4453/4453/4453 4454/4454/4454
f 4450/4450/4450 4449/4449/4449 4462/4462/4462
f 4447/4447/4447 4460/4460/4460 4461/4461/4461
f 4445/4445/4445 4458/4458/4458 4459/4459/4459
f 4444/4444/4444 4443/4443/4443 4456/4456/4456
f 4455/4455/4455 4454/4454/4454 4467/4467/4467
f 4453/4453/4453 4452/4452/4452 4465/4465/4465
f 4463/4463/4463 4476/4476/4476 4477/4477/4477
f 4462/4462/4462 4461/4461/4461 4474/4474/4474
f 4459/4459/4459 4472/4472/4472 4473/4473/4473
f 4457/4457/4457 4470/4470/4470 4471/4471/4471
f 4455/4455/4455 4468/4468/4468 4469/4469/4469
f 4453/4453/4453 4466/4466/4466 4467/4467/4467
f 4462/4462/4462 4475/4475/4475 4476/4476/4476
f 4461/4461/4461 4460/4460/4460 4473/4473/4473
f 4459/4459/4459 4458/4458/4458 4471/4471/4471
f 4457/4457/4457 4456/4456/4456 4469/4469/4469
f 4468/4468/4468 4467/4467/4467 4063/4063/4063
f 4466/4466/4466 4465/4465/4465 4061/4061/4061
f 4477/4477/4477 4476/4476/4476 4072/4072/4072
f 4474/4474/4474 4070/4070/4070 4071/4071/4071
f 4472/4472/4472 4068/4068/4068 4069/4069/4069
f 4471/4471/4471 4470/4470/4470 4066/4066/4066
f 4468/4468/4468 4064/4064/4064 4065/4065/4065
f 4466/4466/4466 4062/4062/4062 4063/4063/4063
f 4476/4476/4476 4475/4475/4475 4071/4071/4071
f 4474/4474/4474 4473/4473/4473 4069/4069/4069
f 4472/4472/4472 4471/4471/4471 4067/4067/4067
f 4469/4469/4469 4065/4065/4065 4066/4066/4066
f 3935/3935/3935 4061/4061/4061 4465/4465/4465
f 4465/4465/4465 4452/4452/4452 4056/4056/4056
f 4452/4452/4452 4439/4439/4439 4051/4051/4051
f 4439/4439/4439 4426/4426/4426 4047/4047/4047
f 4047/4047/4047 4426/4426/4426 4413/4413/4413
f 4043/4043/4043 4413/4413/4413 4400/4400/4400
f 4039/4039/4039 4400/4400/4400 4387/4387/4387
f 4387/4387/4387 4374/4374/4374 4031/4031/4031
f 4031/4031/4031 4374/4374/4374 4361/4361/4361
f 4361/4361/4361 4348/4348/4348 4023/4023/4023
f 4348/4348/4348 4334/4334/4334 4019/4019/4019
f 4334/4334/4334 4321/4321/4321 4015/4015/4015
f 4015/4015/4015 4321/4321/4321 4308/4308/4308
f 4011/4011/4011 4308/4308/4308 4295/4295/4295
f 4007/4007/4007 4295/4295/4295 4282/4282/4282
f 4282/4282/4282 4269/4269/4269 3999/3999/3999
f 3999/3999/3999 4269/4269/4269 4256/4256/4256
f 4256/4256/4256 4243/4243/4243 3991/3991/3991
f 4243/4243/4243 4230/4230/4230 3987/3987/3987
f 4230/4230/4230 4217/4217/4217 3983/3983/3983
f 3983/3983/3983 4217/4217/4217 4204/4204/4204
f 3979/3979/3979 4204/4204/4204 4191/4191/4191
f 3975/3975/3975 4191/4191/4191 4178/4178/4178
f 4178/4178/4178 4165/4165/4165 3967/3967/3967
f 3967/3967/3967 4165/4165/4165 4152/4152/4152
f 4152/4152/4152 4139/4139/4139 3959/3959/3959
f 4139/4139/4139 4126/4126/4126 3955/3955/3955
f 4126/4126/4126 4113/4113/4113 3951/3951/3951
f 3951/3951/3951 4113/4113/4113 4100/4100/4100
f 3947/3947/3947 4100/4100/4100 4087/4087/4087
f 3943/3943/3943 4087/4087/4087 4074/4074/4074
f 4074/4074/4074 4061/4061/4061 3935/3935/3935
f 4480/4480/4480 4479/4479/4479 4483/4483/4483
f 4480/4480/4480 4484/4484/4484 4485/4485/4485
f 4479/4479/4479 4478/4478/4478 4482/4482/4482
f 4484/4484/4484 4488/4488/4488 4489/4489/4489
f 4482/4482/4482 4486/4486/4486 4487/4487/4487
f 4483/4483/4483 4487/4487/4487 4488/4488/4488
f 4488/4488/4488 4492/4492/4492 4493/4493/4493
f 4487/4487/4487 4486/4486/4486 4490/4490/4490
f 4488/4488/4488 4487/4487/4487 4491/4491/4491
f 4493/4493/4493 4492/4492/4492 4496/4496/4496
f 4490/4490/4490 4494/4494/4494 4495/4495/4495
f 4491/4491/4491 4495/4495/4495 4496/4496/4496
f 4496/4496/4496 4500/4500/4500 4501/4501/4501
f 4495/4495/4495 4494/4494/4494 4498/4498/4498
f 4496/4496/4496 4495/4495/4495 4499/4499/4499
f 4501/4501/4501 4500/4500/4500 4504/4504/4504
f 4498/4498/4498 4502/4502/4502 4503/4503/4503
f 4499/4499/4499 4503/4503/4503 4504/4504/4504
f 4505/4505/4505 4504/4504/4504 4508/4508/4508
f 4503/4503/4503 4502/4502/4502 4506/4506/4506
f 4504/4504/4504 4503/4503/4503 4507/4507/4507
f 4509/4509/4509 4508/4508/4508 4512/4512/4512
f 4506/4506/4506 4510/4510/4510 4511/4511/4511
f 4507/4507/4507 4511/4511/4511 4512/4512/4512
f 4513/4513/4513 4512/4512/4512 4516/4516/4516
f 4511/4511/4511 4510/4510/4510 4514/4514/4514
f 4512/4512/4512 4511/4511/4511 4515/4515/4515
f 4516/4516/4516 4520/4520/4520 4521/4521/4521
f 4514/4514/4514 4518/4518/4518 4519/4519/4519
f 4515/4515/4515 4519/4519/4519 4520/4520/4520
f 4520/4520/4520 4524/4524/4524 4525/4525/4525
f 4518/4518/4518 4522/4522/4522 4523/4523/4523
f 4520/4520/4520 4519/4519/4519 4523/4523/4523
f 4525/4525/4525 4524/4524/4524 4528/4528/4528
f 4522/4522/4522 4526/4526/4526 4527/4527/4527
f 4523/4523/4523 4527/4527/4527 4528/4528/4528
f 4528/4528/4528 4532/4532/4532 4533/4533/4533
f 4527/4527/4527 4526/4526/4526 4530/4530/4530
f 4528/4528/4528 4527/4527/4527 4531/4531/4531
f 4533/4533/4533 4532/4532/4532 4536/4536/4536
f 4530/4530/4530 4534/4534/4534 4535/4535/4535
f 4531/4531/4531 4535/4535/4535 4536/4536/4536
f 4537/4537/4537 4536/4536/4536 4540/4540/4540
f 4534/4534/4534 4538/4538/4538 4539/4539/4539
f 4536/4536/4536 4535/4535/4535 4539/4539/4539
f 4541/4541/4541 4540/4540/4540 4544/4544/4544
f 4539/4539/4539 4538/4538/4538 4542/4542/4542
f 4539/4539/4539 4543/4543/4543 4544/4544/4544
f 4544/4544/4544 4548/4548/4548 4549/4549/4549
f 4542/4542/4542 4546/4546/4546 4547/4547/4547
f 4544/4544/4544 4543/4543/4543 4547/4547/4547
f 4548/4548/4548 4552/4552/4552 4553/4553/4553
f 4547/4547/4547 4546/4546/4546 4550/4550/4550
f 4547/4547/4547 4551/4551/4551 4552/4552/4552
f 4552/4552/4552 4556/4556/4556 4557/4557/4557
f 4551/4551/4551 4550/4550/4550 4554/4554/4554
f 4552/4552/4552 4551/4551/4551 4555/4555/4555
f 4557/4557/4557 4556/4556/4556 4560/4560/4560
f 4554/4554/4554 4558/4558/4558 4559/4559/4559
f 4555/4555/4555 4559/4559/4559 4560/4560/4560
f 4560/4560/4560 4564/4564/4564 4565/4565/4565
f 4559/4559/4559 4558/4558/4558 4562/4562/4562
f 4560/4560/4560 4559/4559/4559 4563/4563/4563
f 4565/4565/4565 4564/4564/4564 4568/4568/4568
f 4562/4562/4562 4566/4566/4566 4567/4567/4567
f 4563/4563/4563 4567/4567/4567 4568/4568/4568
f 4569/4569/4569 4568/4568/4568 4572/4572/4572
f 4567/4567/4567 4566/4566/4566 4570/4570/4570
f 4568/4568/4568 4567/4567/4567 4571/4571/4571
f 4572/4572/4572 4576/4576/4576 4577/4577/4577
f 4570/4570/4570 4574/4574/4574 4575/4575/4575
f 4571/4571/4571 4575/4575/4575 4576/4576/4576
f 4576/4576/4576 4580/4580/4580 4581/4581/4581
f 4575/4575/4575 4574/4574/4574 4578/4578/4578
f 4576/4576/4576 4575/4575/4575 4579/4579/4579
f 4580/4580/4580 4584/4584/4584 4585/4585/4585
f 4578/4578/4578 4582/4582/4582 4583/4583/4583
f 4579/4579/4579 4583/4583/4583 4584/4584/4584
f 4584/4584/4584 4588/4588/4588 4589/4589/4589
f 4583/4583/4583 4582/4582/4582 4586/4586/4586
f 4584/4584/4584 4583/4583/4583 4587/4587/4587
f 4589/4589/4589 4588/4588/4588 4592/4592/4592
f 4586/4586/4586 4590/4590/4590 4591/4591/4591
f 4587/4587/4587 4591/4591/4591 4592/4592/4592
f 4592/4592/4592 4596/4596/4596 4597/4597/4597
f 4591/4591/4591 4590/4590/4590 4594/4594/4594
f 4592/4592/4592 4591/4591/4591 4595/4595/4595
f 4597/4597/4597 4596/4596/4596 4601/4601/4601
f 4594/4594/4594 4599/4599/4599 4600/4600/4600
f 4595/4595/4595 4600/4600/4600 4601/4601/4601
f 4602/4602/4602 4601/4601/4601 4605/4605/4605
f 4600/4600/4600 4599/4599/4599 4603/4603/4603
f 4601/4601/4601 4600/4600/4600 4604/4604/4604
f 4606/4606/4606 4605/4605/4605 4480/4480/4480
f 4603/4603/4603 4478/4478/4478 4479/4479/4479
f 4604/4604/4604 4479/4479/4479 4480/4480/4480
f 4615/4615/4615 4614/4614/4614 4627/4627/4627
f 4612/4612/4612 4625/4625/4625 4626/4626/4626
f 4611/4611/4611 4610/4610/4610 4623/4623/4623
f 4609/4609/4609 4608/4608/4608 4621/4621/4621
f 4618/4618/4618 4617/4617/4617 4630/4630/4630
f 4615/4615/4615 4628/4628/4628 4629/4629/4629
f 4613/4613/4613 4626/4626/4626 4627/4627/4627
f 4612/4612/4612 4611/4611/4611 4624/4624/4624
f 4609/4609/4609 4622/4622/4622 4623/4623/4623
f 4607/4607/4607 4620/4620/4620 4621/4621/4621
f 4619/4619/4619 4618/4618/4618 4631/4631/4631
f 4617/4617/4617 4616/4616/4616 4629/4629/4629
f 4622/4622/4622 4635/4635/4635 4636/4636/4636
f 4620/4620/4620 4633/4633/4633 4634/4634/4634
f 4632/4632/4632 4631/4631/4631 4644/4644/4644
f 4629/4629/4629 4642/4642/4642 4643/4643/4643
f 4628/4628/4628 4627/4627/4627 4640/4640/4640
f 4626/4626/4626 4625/4625/4625 4638/4638/4638
f 4624/4624/4624 4623/4623/4623 4636/4636/4636
f 4622/4622/4622 4621/4621/4621 4634/4634/4634
f 4631/4631/4631 4630/4630/4630 4643/4643/4643
f 4628/4628/4628 4641/4641/4641 4642/4642/4642
f 4626/4626/4626 4639/4639/4639 4640/4640/4640
f 4624/4624/4624 4637/4637/4637 4638/4638/4638
f 4635/4635/4635 4648/4648/4648 4649/4649/4649
f 4634/4634/4634 4633/4633/4633 4646/4646/4646
f 4644/4644/4644 4657/4657/4657 4658/4658/4658
f 4642/4642/4642 4655/4655/4655 4656/4656/4656
f 4641/4641/4641 4640/4640/4640 4653/4653/4653
f 4639/4639/4639 4638/4638/4638 4651/4651/4651
f 4636/4636/4636 4649/4649/4649 4650/4650/4650
f 4635/4635/4635 4634/4634/4634 4647/4647/4647
f 4643/4643/4643 4656/4656/4656 4657/4657/4657
f 4642/4642/4642 4641/4641/4641 4654/4654/4654
f 4640/4640/4640 4639/4639/4639 4652/4652/4652
f 4637/4637/4637 4650/4650/4650 4651/4651/4651
f 4648/4648/4648 4661/4661/4661 4662/4662/4662
f 4646/4646/4646 4659/4659/4659 4660/4660/4660
f 4658/4658/4658 4657/4657/4657 4670/4670/4670
f 4656/4656/4656 4655/4655/4655 4668/4668/4668
f 4653/4653/4653 4666/4666/4666 4667/4667/4667
f 4651/4651/4651 4664/4664/4664 4665/4665/4665
f 4649/4649/4649 4662/4662/4662 4663/4663/4663
f 4648/4648/4648 4647/4647/4647 4660/4660/4660
f 4656/4656/4656 4669/4669/4669 4670/4670/4670
f 4654/4654/4654 4667/4667/4667 4668/4668/4668
f 4653/4653/4653 4652/4652/4652 4665/4665/4665
f 4651/4651/4651 4650/4650/4650 4663/4663/4663
f 4661/4661/4661 4674/4674/4674 4675/4675/4675
f 4660/4660/4660 4659/4659/4659 4672/4672/4672
f 4670/4670/4670 4683/4683/4683 4684/4684/4684
f 4668/4668/4668 4681/4681/4681 4682/4682/4682
f 4667/4667/4667 4666/4666/4666 4679/4679/4679
f 4665/4665/4665 4664/4664/4664 4677/4677/4677
f 4663/4663/4663 4662/4662/4662 4675/4675/4675
f 4661/4661/4661 4660/4660/4660 4673/4673/4673
f 4670/4670/4670 4669/4669/4669 4682/4682/4682
f 4667/4667/4667 4680/4680/4680 4681/4681/4681
f 4665/4665/4665 4678/4678/4678 4679/4679/4679
f 4663/4663/4663 4676/4676/4676 4677/4677/4677
f 4675/4675/4675 4674/4674/4674 4687/4687/4687
f 4672/4672/4672 4685/4685/4685 4686/4686/4686
f 4684/4684/4684 4683/4683/4683 4696/4696/4696
f 4682/4682/4682 4681/4681/4681 4694/4694/4694
f 4679/4679/4679 4692/4692/4692 4693/4693/4693
f 4678/4678/4678 4677/4677/4677 4690/4690/4690
f 4676/4676/4676 4675/4675/4675 4688/4688/4688
f 4673/4673/4673 4686/4686/4686 4687/4687/4687
f 4683/4683/4683 4682/4682/4682 4695/4695/4695
f 4681/4681/4681 4680/4680/4680 4693/4693/4693
f 4678/4678/4678 4691/4691/4691 4692/4692/4692
f 4676/4676/4676 4689/4689/4689 4690/4690/4690
f 4688/4688/4688 4687/4687/4687 4700/4700/4700
f 4686/4686/4686 4685/4685/4685 4698/4698/4698
f 4696/4696/4696 4709/4709/4709 4710/4710/4710
f 4695/4695/4695 4694/4694/4694 4707/4707/4707
f 4692/4692/4692 4705/4705/4705 4706/4706/4706
f 4691/4691/4691 4690/4690/4690 4703/4703/4703
f 4688/4688/4688 4701/4701/4701 4702/4702/4702
f 4686/4686/4686 4699/4699/4699 4700/4700/4700
f 4695/4695/4695 4708/4708/4708 4709/4709/4709
f 4694/4694/4694 4693/4693/4693 4706/4706/4706
f 4692/4692/4692 4691/4691/4691 4704/4704/4704
f 4689/4689/4689 4702/4702/4702 4703/4703/4703
f 4701/4701/4701 4700/4700/4700 4713/4713/4713
f 4699/4699/4699 4698/4698/4698 4711/4711/4711
f 4710/4710/4710 4709/4709/4709 4722/4722/4722
f 4707/4707/4707 4720/4720/4720 4721/4721/4721
f 4705/4705/4705 4718/4718/4718 4719/4719/4719
f 4704/4704/4704 4703/4703/4703 4716/4716/4716
f 4701/4701/4701 4714/4714/4714 4715/4715/4715
f 4699/4699/4699 4712/4712/4712 4713/4713/4713
f 4709/4709/4709 4708/4708/4708 4721/4721/4721
f 4707/4707/4707 4706/4706/4706 4719/4719/4719
f 4705/4705/4705 4704/4704/4704 4717/4717/4717
f 4702/4702/4702 4715/4715/4715 4716/4716/4716
f 4713/4713/4713 4726/4726/4726 4727/4727/4727
f 4711/4711/4711 4724/4724/4724 4725/4725/4725
f 4723/4723/4723 4722/4722/4722 4735/4735/4735
f 4721/4721/4721 4720/4720/4720 4733/4733/4733
f 4719/4719/4719 4718/4718/4718 4731/4731/4731
f 4716/4716/4716 4729/4729/4729 4730/4730/4730
f 4715/4715/4715 4714/4714/4714 4727/4727/4727
f 4713/4713/4713 4712/4712/4712 4725/4725/4725
f 4721/4721/4721 4734/4734/4734 4735/4735/4735
f 4719/4719/4719 4732/4732/4732 4733/4733/4733
f 4717/4717/4717 4730/4730/4730 4731/4731/4731
f 4716/4716/4716 4715/4715/4715 4728/4728/4728
f 4726/4726/4726 4739/4739/4739 4740/4740/4740
f 4724/4724/4724 4737/4737/4737 4738/4738/4738
f 4736/4736/4736 4735/4735/4735 4748/4748/4748
f 4733/4733/4733 4746/4746/4746 4747/4747/4747
f 4732/4732/4732 4731/4731/4731 4744/4744/4744
f 4730/4730/4730 4729/4729/4729 4742/4742/4742
f 4728/4728/4728 4727/4727/4727 4740/4740/4740
f 4726/4726/4726 4725/4725/4725 4738/4738/4738
f 4735/4735/4735 4734/4734/4734 4747/4747/4747
f 4732/4732/4732 4745/4745/4745 4746/4746/4746
f 4730/4730/4730 4743/4743/4743 4744/4744/4744
f 4728/4728/4728 4741/4741/4741 4742/4742/4742
f 4739/4739/4739 4752/4752/4752 4753/4753/4753
f 4738/4738/4738 4737/4737/4737 4750/4750/4750
f 4748/4748/4748 4761/4761/4761 4762/4762/4762
f 4746/4746/4746 4759/4759/4759 4760/4760/4760
f 4745/4745/4745 4744/4744/4744 4757/4757/4757
f 4743/4743/4743 4742/4742/4742 4755/4755/4755
f 4740/4740/4740 4753/4753/4753 4754/4754/4754
f 4739/4739/4739 4738/4738/4738 4751/4751/4751
f 4747/4747/4747 4760/4760/4760 4761/4761/4761
f 4745/4745/4745 4758/4758/4758 4759/4759/4759
f 4744/4744/4744 4743/4743/4743 4756/4756/4756
f 4741/4741/4741 4754/4754/4754 4755/4755/4755
f 4753/4753/4753 4752/4752/4752 4765/4765/4765
f 4750/4750/4750 4763/4763/4763 4764/4764/4764
f 4762/4762/4762 4761/4761/4761 4774/4774/4774
f 4759/4759/4759 4772/4772/4772 4773/4773/4773
f 4758/4758/4758 4757/4757/4757 4770/4770/4770
f 4755/4755/4755 4768/4768/4768 4769/4769/4769
f 4753/4753/4753 4766/4766/4766 4767/4767/4767
f 4752/4752/4752 4751/4751/4751 4764/4764/4764
f 4760/4760/4760 4773/4773/4773 4774/4774/4774
f 4758/4758/4758 4771/4771/4771 4772/4772/4772
f 4757/4757/4757 4756/4756/4756 4769/4769/4769
f 4755/4755/4755 4754/4754/4754 4767/4767/4767
f 4765/4765/4765 4778/4778/4778 4779/4779/4779
f 4764/4764/4764 4763/4763/4763 4776/4776/4776
f 4774/4774/4774 4787/4787/4787 4788/4788/4788
f 4772/4772/4772 4785/4785/4785 4786/4786/4786
f 4771/4771/4771 4770/4770/4770 4783/4783/4783
f 4769/4769/4769 4768/4768/4768 4781/4781/4781
f 4767/4767/4767 4766/4766/4766 4779/4779/4779
f 4765/4765/4765 4764/4764/4764 4777/4777/4777
f 4774/4774/4774 4773/4773/4773 4786/4786/4786
f 4771/4771/4771 4784/4784/4784 4785/4785/4785
f 4769/4769/4769 4782/4782/4782 4783/4783/4783
f 4767/4767/4767 4780/4780/4780 4781/4781/4781
f 4779/4779/4779 4778/4778/4778 4791/4791/4791
f 4776/4776/4776 4789/4789/4789 4790/4790/4790
f 4788/4788/4788 4787/4787/4787 4800/4800/4800
f 4786/4786/4786 4785/4785/4785 4798/4798/4798
f 4783/4783/4783 4796/4796/4796 4797/4797/4797
f 4782/4782/4782 4781/4781/4781 4794/4794/4794
f 4780/4780/4780 4779/4779/4779 4792/4792/4792
f 4777/4777/4777 4790/4790/4790 4791/4791/4791
f 4787/4787/4787 4786/4786/4786 4799/4799/4799
f 4785/4785/4785 4784/4784/4784 4797/4797/4797
f 4782/4782/4782 4795/4795/4795 4796/4796/4796
f 4780/4780/4780 4793/4793/4793 4794/4794/4794
f 4792/4792/4792 4791/4791/4791 4804/4804/4804
f 4790/4790/4790 4789/4789/4789 4802/4802/4802
f 4800/4800/4800 4813/4813/4813 4814/4814/4814
f 4799/4799/4799 4798/4798/4798 4811/4811/4811
f 4796/4796/4796 4809/4809/4809 4810/4810/4810
f 4795/4795/4795 4794/4794/4794 4807/4807/4807
f 4792/4792/4792 4805/4805/4805 4806/4806/4806
f 4790/4790/4790 4803/4803/4803 4804/4804/4804
f 4799/4799/4799 4812/4812/4812 4813/4813/4813
f 4798/4798/4798 4797/4797/4797 4810/4810/4810
f 4796/4796/4796 4795/4795/4795 4808/4808/4808
f 4793/4793/4793 4806/4806/4806 4807/4807/4807
f 4805/4805/4805 4804/4804/4804 4817/4817/4817
f 4803/4803/4803 4802/4802/4802 4815/4815/4815
f 4814/4814/4814 4813/4813/4813 4826/4826/4826
f 4811/4811/4811 4824/4824/4824 4825/4825/4825
f 4809/4809/4809 4822/4822/4822 4823/4823/4823
f 4808/4808/4808 4807/4807/4807 4820/4820/4820
f 4805/4805/4805 4818/4818/4818 4819/4819/4819
f 4803/4803/4803 4816/4816/4816 4817/4817/4817
f 4813/4813/4813 4812/4812/4812 4825/4825/4825
f 4811/4811/4811 4810/4810/4810 4823/4823/4823
f 4809/4809/4809 4808/4808/4808 4821/4821/4821
f 4806/4806/4806 4819/4819/4819 4820/4820/4820
f 4817/4817/4817 4830/4830/4830 4831/4831/4831
f 4815/4815/4815 4828/4828/4828 4829/4829/4829
f 4826/4826/4826 4839/4839/4839 4840/4840/4840
f 4825/4825/4825 4824/4824/4824 4837/4837/4837
f 4823/4823/4823 4822/4822/4822 4835/4835/4835
f 4820/4820/4820 4833/4833/4833 4834/4834/4834
f 4819/4819/4819 4818/4818/4818 4831/4831/4831
f 4817/4817/4817 4816/4816/4816 4829/4829/4829
f 4825/4825/4825 4838/4838/4838 4839/4839/4839
f 4823/4823/4823 4836/4836/4836 4837/4837/4837
f 4821/4821/4821 4834/4834/4834 4835/4835/4835
f 4820/4820/4820 4819/4819/4819 4832/4832/4832
f 4830/4830/4830 4843/4843/4843 4844/4844/4844
f 4828/4828/4828 4841/4841/4841 4842/4842/4842
f 4840/4840/4840 4839/4839/4839 4852/4852/4852
f 4837/4837/4837 4850/4850/4850 4851/4851/4851
f 4836/4836/4836 4835/4835/4835 4848/4848/4848
f 4834/4834/4834 4833/4833/4833 4846/4846/4846
f 4832/4832/4832 4831/4831/4831 4844/4844/4844
f 4830/4830/4830 4829/4829/4829 4842/4842/4842
f 4839/4839/4839 4838/4838/4838 4851/4851/4851
f 4836/4836/4836 4849/4849/4849 4850/4850/4850
f 4834/4834/4834 4847/4847/4847 4848/4848/4848
f 4832/4832/4832 4845/4845/4845 4846/4846/4846
f 4843/4843/4843 4856/4856/4856 4857/4857/4857
f 4842/4842/4842 4841/4841/4841 4854/4854/4854
f 4852/4852/4852 4865/4865/4865 4866/4866/4866
f 4850/4850/4850 4863/4863/4863 4864/4864/4864
f 4849/4849/4849 4848/4848/4848 4861/4861/4861
f 4847/4847/4847 4846/4846/4846 4859/4859/4859
f 4844/4844/4844 4857/4857/4857 4858/4858/4858
f 4843/4843/4843 4842/4842/4842 4855/4855/4855
f 4851/4851/4851 4864/4864/4864 4865/4865/4865
f 4849/4849/4849 4862/4862/4862 4863/4863/4863
f 4848/4848/4848 4847/4847/4847 4860/4860/4860
f 4845/4845/4845 4858/4858/4858 4859/4859/4859
f 4857/4857/4857 4856/4856/4856 4869/4869/4869
f 4855/4855/4855 4854/4854/4854 4867/4867/4867
f 4866/4866/4866 4865/4865/4865 4878/4878/4878
f 4864/4864/4864 4863/4863/4863 4876/4876/4876
f 4862/4862/4862 4861/4861/4861 4874/4874/4874
f 4859/4859/4859 4872/4872/4872 4873/4873/4873
f 4857/4857/4857 4870/4870/4870 4871/4871/4871
f 4856/4856/4856 4855/4855/4855 4868/4868/4868
f 4864/4864/4864 4877/4877/4877 4878/4878/4878
f 4862/4862/4862 4875/4875/4875 4876/4876/4876
f 4861/4861/4861 4860/4860/4860 4873/4873/4873
f 4859/4859/4859 4858/4858/4858 4871/4871/4871
f 4869/4869/4869 4882/4882/4882 4883/4883/4883
f 4868/4868/4868 4867/4867/4867 4880/4880/4880
f 4878/4878/4878 4891/4891/4891 4892/4892/4892
f 4877/4877/4877 4876/4876/4876 4889/4889/4889
f 4874/4874/4874 4887/4887/4887 4888/4888/4888
f 4873/4873/4873 4872/4872/4872 4885/4885/4885
f 4871/4871/4871 4870/4870/4870 4883/4883/4883
f 4868/4868/4868 4881/4881/4881 4882/4882/4882
f 4878/4878/4878 4877/4877/4877 4890/4890/4890
f 4876/4876/4876 4875/4875/4875 4888/4888/4888
f 4873/4873/4873 4886/4886/4886 4887/4887/4887
f 4871/4871/4871 4884/4884/4884 4885/4885/4885
f 4883/4883/4883 4882/4882/4882 4896/4896/4896
f 4880/4880/4880 4894/4894/4894 4895/4895/4895
f 4892/4892/4892 4891/4891/4891 4905/4905/4905
f 4890/4890/4890 4889/4889/4889 4903/4903/4903
f 4887/4887/4887 4901/4901/4901 4902/4902/4902
f 4885/4885/4885 4899/4899/4899 4900/4900/4900
f 4884/4884/4884 4883/4883/4883 4897/4897/4897
f 4881/4881/4881 4895/4895/4895 4896/4896/4896
f 4891/4891/4891 4890/4890/4890 4904/4904/4904
f 4889/4889/4889 4888/4888/4888 4902/4902/4902
f 4886/4886/4886 4900/4900/4900 4901/4901/4901
f 4885/4885/4885 4884/4884/4884 4898/4898/4898
f 4897/4897/4897 4896/4896/4896 4909/4909/4909
f 4895/4895/4895 4894/4894/4894 4907/4907/4907
f 4905/4905/4905 4918/4918/4918 4919/4919/4919
f 4904/4904/4904 4903/4903/4903 4916/4916/4916
f 4901/4901/4901 4914/4914/4914 4915/4915/4915
f 4899/4899/4899 4912/4912/4912 4913/4913/4913
f 4897/4897/4897 4910/4910/4910 4911/4911/4911
f 4895/4895/4895 4908/4908/4908 4909/4909/4909
f 4904/4904/4904 4917/4917/4917 4918/4918/4918
f 4903/4903/4903 4902/4902/4902 4915/4915/4915
f 4901/4901/4901 4900/4900/4900 4913/4913/4913
f 4899/4899/4899 4898/4898/4898 4911/4911/4911
f 4910/4910/4910 4909/4909/4909 4922/4922/4922
f 4908/4908/4908 4907/4907/4907 4920/4920/4920
f 4919/4919/4919 4918/4918/4918 4931/4931/4931
f 4916/4916/4916 4929/4929/4929 4930/4930/4930
f 4914/4914/4914 4927/4927/4927 4928/4928/4928
f 4913/4913/4913 4912/4912/4912 4925/4925/4925
f 4910/4910/4910 4923/4923/4923 4924/4924/4924
f 4908/4908/4908 4921/4921/4921 4922/4922/4922
f 4918/4918/4918 4917/4917/4917 4930/4930/4930
f 4916/4916/4916 4915/4915/4915 4928/4928/4928
f 4914/4914/4914 4913/4913/4913 4926/4926/4926
f 4911/4911/4911 4924/4924/4924 4925/4925/4925
f 4922/4922/4922 4935/4935/4935 4936/4936/4936
f 4920/4920/4920 4933/4933/4933 4934/4934/4934
f 4931/4931/4931 4944/4944/4944 4945/4945/4945
f 4930/4930/4930 4929/4929/4929 4942/4942/4942
f 4928/4928/4928 4927/4927/4927 4940/4940/4940
f 4925/4925/4925 4938/4938/4938 4939/4939/4939
f 4924/4924/4924 4923/4923/4923 4936/4936/4936
f 4922/4922/4922 4921/4921/4921 4934/4934/4934
f 4930/4930/4930 4943/4943/4943 4944/4944/4944
f 4928/4928/4928 4941/4941/4941 4942/4942/4942
f 4926/4926/4926 4939/4939/4939 4940/4940/4940
f 4925/4925/4925 4924/4924/4924 4937/4937/4937
f 4935/4935/4935 4948/4948/4948 4949/4949/4949
f 4933/4933/4933 4946/4946/4946 4947/4947/4947
f 4945/4945/4945 4944/4944/4944 4957/4957/4957
f 4942/4942/4942 4955/4955/4955 4956/4956/4956
f 4941/4941/4941 4940/4940/4940 4953/4953/4953
f 4938/4938/4938 4951/4951/4951 4952/4952/4952
f 4937/4937/4937 4936/4936/4936 4949/4949/4949
f 4935/4935/4935 4934/4934/4934 4947/4947/4947
f 4944/4944/4944 4943/4943/4943 4956/4956/4956
f 4941/4941/4941 4954/4954/4954 4955/4955/4955
f 4939/4939/4939 4952/4952/4952 4953/4953/4953
f 4938/4938/4938 4937/4937/4937 4950/4950/4950
f 4948/4948/4948 4961/4961/4961 4962/4962/4962
f 4947/4947/4947 4946/4946/4946 4959/4959/4959
f 4957/4957/4957 4970/4970/4970 4971/4971/4971
f 4955/4955/4955 4968/4968/4968 4969/4969/4969
f 4954/4954/4954 4953/4953/4953 4966/4966/4966
f 4951/4951/4951 4964/4964/4964 4965/4965/4965
f 4949/4949/4949 4962/4962/4962 4963/4963/4963
f 4948/4948/4948 4947/4947/4947 4960/4960/4960
f 4956/4956/4956 4969/4969/4969 4970/4970/4970
f 4954/4954/4954 4967/4967/4967 4968/4968/4968
f 4953/4953/4953 4952/4952/4952 4965/4965/4965
f 4951/4951/4951 4950/4950/4950 4963/4963/4963
f 4962/4962/4962 4961/4961/4961 4974/4974/4974
f 4959/4959/4959 4972/4972/4972 4973/4973/4973
f 4971/4971/4971 4970/4970/4970 4983/4983/4983
f 4968/4968/4968 4981/4981/4981 4982/4982/4982
f 4966/4966/4966 4979/4979/4979 4980/4980/4980
f 4964/4964/4964 4977/4977/4977 4978/4978/4978
f 4962/4962/4962 4975/4975/4975 4976/4976/4976
f 4960/4960/4960 4973/4973/4973 4974/4974/4974
f 4969/4969/4969 4982/4982/4982 4983/4983/4983
f 4967/4967/4967 4980/4980/4980 4981/4981/4981
f 4966/4966/4966 4965/4965/4965 4978/4978/4978
f 4964/4964/4964 4963/4963/4963 4976/4976/4976
f 4975/4975/4975 4974/4974/4974 4987/4987/4987
f 4973/4973/4973 4972/4972/4972 4985/4985/4985
f 4983/4983/4983 4996/4996/4996 4997/4997/4997
f 4981/4981/4981 4994/4994/4994 4995/4995/4995
f 4979/4979/4979 4992/4992/4992 4993/4993/4993
f 4978/4978/4978 4977/4977/4977 4990/4990/4990
f 4976/4976/4976 4975/4975/4975 4988/4988/4988
f 4973/4973/4973 4986/4986/4986 4987/4987/4987
f 4983/4983/4983 4982/4982/4982 4995/4995/4995
f 4981/4981/4981 4980/4980/4980 4993/4993/4993
f 4978/4978/4978 4991/4991/4991 4992/4992/4992
f 4976/4976/4976 4989/4989/4989 4990/4990/4990
f 4988/4988/4988 4987/4987/4987 5000/5000/5000
f 4985/4985/4985 4998/4998/4998 4999/4999/4999
f 4997/4997/4997 4996/4996/4996 5009/5009/5009
f 4995/4995/4995 4994/4994/4994 5007/5007/5007
f 4992/4992/4992 5005/5005/5005 5006/5006/5006
f 4991/4991/4991 4990/4990/4990 5003/5003/5003
f 4989/4989/4989 4988/4988/4988 5001/5001/5001
f 4986/4986/4986 4999/4999/4999 5000/5000/5000
f 4996/4996/4996 4995/4995/4995 5008/5008/5008
f 4994/4994/4994 4993/4993/4993 5006/5006/5006
f 4991/4991/4991 5004/5004/5004 5005/5005/5005
f 4989/4989/4989 5002/5002/5002 5003/5003/5003
f 5001/5001/5001 5000/5000/5000 5013/5013/5013
f 4999/4999/4999 4998/4998/4998 5011/5011/5011
f 5009/5009/5009 5022/5022/5022 5023/5023/5023
f 5008/5008/5008 5007/5007/5007 5020/5020/5020
f 5005/5005/5005 5018/5018/5018 5019/5019/5019
f 5004/5004/5004 5003/5003/5003 5016/5016/5016
f 5001/5001/5001 5014/5014/5014 5015/5015/5015
f 4999/4999/4999 5012/5012/5012 5013/5013/5013
f 5008/5008/5008 5021/5021/5021 5022/5022/5022
f 5007/5007/5007 5006/5006/5006 5019/5019/5019
f 5005/5005/5005 5004/5004/5004 5017/5017/5017
f 5002/5002/5002 5015/5015/5015 5016/5016/5016
f 5014/5014/5014 5013/5013/5013 4609/4609/4609
f 5012/5012/5012 5011/5011/5011 4607/4607/4607
f 5022/5022/5022 4618/4618/4618 4619/4619/4619
f 5020/5020/5020 4616/4616/4616 4617/4617/4617
f 5018/5018/5018 4614/4614/4614 4615/4615/4615
f 5017/5017/5017 5016/5016/5016 4612/4612/4612
f 5014/5014/5014 4610/4610/4610 4611/4611/4611
f 5012/5012/5012 4608/4608/4608 4609/4609/4609
f 5021/5021/5021 4617/4617/4617 4618/4618/4618
f 5020/5020/5020 5019/5019/5019 4615/4615/4615
f 5018/5018/5018 5017/5017/5017 4613/4613/4613
f 5015/5015/5015 4611/4611/4611 4612/4612/4612
f 4481/4481/4481 4607/4607/4607 5011/5011/5011
f 5011/5011/5011 4998/4998/4998 4602/4602/4602
f 4998/4998/4998 4985/4985/4985 4597/4597/4597
f 4985/4985/4985 4972/4972/4972 4593/4593/4593
f 4593/4593/4593 4972/4972/4972 4959/4959/4959
f 4589/4589/4589 4959/4959/4959 4946/4946/4946
f 4585/4585/4585 4946/4946/4946 4933/4933/4933
f 4933/4933/4933 4920/4920/4920 4577/4577/4577
f 4577/4577/4577 4920/4920/4920 4907/4907/4907
f 4907/4907/4907 4894/4894/4894 4569/4569/4569
f 4894/4894/4894 4880/4880/4880 4565/4565/4565
f 4880/4880/4880 4867/4867/4867 4561/4561/4561
f 4561/4561/4561 4867/4867/4867 4854/4854/4854
f 4557/4557/4557 4854/4854/4854 4841/4841/4841
f 4553/4553/4553 4841/4841/4841 4828/4828/4828
f 4828/4828/4828 4815/4815/4815 4545/4545/4545
f 4545/4545/4545 4815/4815/4815 4802/4802/4802
f 4802/4802/4802 4789/4789/4789 4537/4537/4537
f 4789/4789/4789 4776/4776/4776 4533/4533/4533
f 4776/4776/4776 4763/4763/4763 4529/4529/4529
f 4529/4529/4529 4763/4763/4763 4750/4750/4750
f 4525/4525/4525 4750/4750/4750 4737/4737/4737
f 4521/4521/4521 4737/4737/4737 4724/4724/4724
f 4724/4724/4724 4711/4711/4711 4513/4513/4513
f 4513/4513/4513 4711/4711/4711 4698/4698/4698
f 4698/4698/4698 4685/4685/4685 4505/4505/4505
f 4685/4685/4685 4672/4672/4672 4501/4501/4501
f 4672/4672/4672 4659/4659/4659 4497/4497/4497
f 4497/4497/4497 4659/4659/4659 4646/4646/4646
f 4493/4493/4493 4646/4646/4646 4633/4633/4633
f 4489/4489/4489 4633/4633/4633 4620/4620/4620
f 4620/4620/4620 4607/4607/4607 4481/4481/4481
